frame,pump_rpm,time_s,area_um2,area_mm2,r_eff_um,coverage
0,4,0.0,84023.13334067787,0.0840231333406778,163.54019081093384,0.8333333333333334
1,4,0.01,84525.4523329298,0.0845254523329298,164.02831192122994,0.8277777777777777
2,4,0.02,84834.59451344529,0.0848345945134452,164.32799555773448,0.8305555555555556
3,4,0.03,83526.24573193262,0.0835262457319326,163.05590995818216,0.8194444444444444
4,4,0.04,82473.26000470055,0.0824732600047005,162.0248561341821,0.825
5,4,0.05,84586.35581171063,0.0845863558117106,164.08739528412056,0.825
6,4,0.06,83943.25913063473,0.0839432591306347,163.46243990522345,0.8305555555555556
7,4,0.07,85640.24306494062,0.0856402430649406,165.10643846547418,0.8222222222222222
8,4,0.08,84060.60415470481,0.0840606041547048,163.5766527993062,0.8222222222222222
9,4,0.09,84287.37102378158,0.0842873710237815,163.79714123668597,0.8333333333333334
10,4,0.1,83398.7656740888,0.0833987656740888,162.93143223327976,0.8277777777777777
11,4,0.11,83749.47040018889,0.0837494704001888,163.2736487956243,0.825
12,4,0.12,84814.79370065646,0.0848147937006564,164.30881695623532,0.8194444444444444
13,4,0.13,83433.37026929352,0.0834333702692935,162.96523124381127,0.825
14,4,0.14,82652.39488026369,0.0826523948802636,162.20072258517982,0.8194444444444444
15,4,0.15,84297.97985676983,0.0842979798567698,163.80744907888618,0.8222222222222222
16,4,0.16,84492.22712639916,0.0844922271263991,163.99607068469388,0.8333333333333334
17,4,0.17,84395.90396863676,0.0843959039686367,163.90256430768522,0.8277777777777777
18,4,0.18,83520.01241324362,0.0835200124132436,163.04982565255435,0.8277777777777777
19,4,0.19,80993.78821546846,0.0809937882154684,160.56501333870904,0.8222222222222222
20,4,0.2,82522.6377185015,0.0825226377185015,162.07335197299523,0.8166666666666667
21,4,0.21,84708.19901229098,0.0847081990122909,164.2055333612002,0.8277777777777777
22,4,0.22,81563.25881390405,0.081563258813904,161.1284941586461,0.8333333333333334
23,4,0.23,82363.42714795031,0.0823634271479503,161.9169327808892,0.8388888888888889
24,4,0.24,81926.83705784875,0.0819268370578487,161.48721986362202,0.8277777777777777
25,4,0.25,82039.06818277767,0.0820390681827776,161.59779223703583,0.8305555555555556
26,4,0.26,84843.38459837055,0.0848433845983705,164.33650870988745,0.8305555555555556
27,4,0.27,83312.35962429635,0.0833123596242963,162.84700706403174,0.8361111111111111
28,4,0.28,84271.84292791375,0.0842718429279137,163.78205252982545,0.825
29,4,0.29,83189.39375669695,0.0831893937566969,162.7267846987482,0.8277777777777777
30,4,0.3,83646.99573414764,0.0836469957341476,163.17372855871304,0.8194444444444444
31,4,0.31,84298.65262704097,0.0842986526270409,163.8081027396396,0.8277777777777777
32,4,0.32,84018.10818001826,0.0840181081800182,163.53530032430007,0.8361111111111111
33,4,0.33,82333.15503140852,0.0823331550314085,161.8871743134707,0.8277777777777777
34,4,0.34,83206.13927931985,0.0832061392793198,162.74316183420098,0.8277777777777777
35,4,0.35,84081.03953720818,0.0840810395372081,163.59653457608306,0.8305555555555556
36,4,0.36,84497.82382540753,0.0844978238254075,164.00150208044883,0.8305555555555556
37,4,0.37,83915.9021367981,0.0839159021367981,163.43580164142224,0.825
38,4,0.38,84643.56605636074,0.0846435660563607,164.14287641439196,0.825
39,4,0.39,83737.95935053058,0.0837379593505305,163.26242773562532,0.825
40,4,0.4,81315.97986820168,0.0813159798682016,160.88405855388746,0.8277777777777777
41,4,0.41,80945.21380550793,0.0809452138055079,160.51685828458588,0.8305555555555556
42,4,0.42,85537.08665880229,0.0855370866588022,165.00697051596455,0.825
43,4,0.43,84596.27457509741,0.0845962745750974,164.09701560836493,0.8333333333333334
44,4,0.44,84600.26319867787,0.0846002631986778,164.10088406187788,0.8416666666666667
45,4,0.45,85276.20394180481,0.0852762039418048,164.7551479344473,0.8277777777777777
46,4,0.46,83831.12162817358,0.0838311216281735,163.35322091750575,0.8361111111111111
47,4,0.47,84401.2396814606,0.0844012396814606,163.90774538372665,0.8333333333333334
48,4,0.48,84478.74184035395,0.0844787418403539,163.98298295906469,0.8333333333333334
49,4,0.49,82876.86365719374,0.0828768636571937,162.42082698345945,0.8194444444444444
50,4,0.5,83845.1028727598,0.0838451028727598,163.36684226762904,0.8277777777777777
51,4,0.51,84939.37679856124,0.0849393767985612,164.429447974723,0.825
52,4,0.52,85302.2875255877,0.0853022875255877,164.78034298267133,0.8305555555555556
53,4,0.53,84630.72893529572,0.0846307289352957,164.13042891263404,0.8277777777777777
54,4,0.54,83284.25567127162,0.0832842556712716,162.81953796649893,0.8277777777777777
55,4,0.55,84028.77209553283,0.0840287720955328,163.54567827335805,0.8305555555555556
56,4,0.56,85128.8483945363,0.0851288483945363,164.61273961459366,0.825
57,4,0.57,80757.29400176762,0.0807572940017676,160.3304246305534,0.825
58,4,0.58,84151.82009941853,0.0841518200994185,163.66537898408674,0.825
59,4,0.59,84612.64710652095,0.0846126471065209,164.1128942837397,0.825
60,4,0.6,84143.95635070727,0.0841439563507072,163.65773177289086,0.8333333333333334
61,4,0.61,85237.01475588155,0.0852370147558815,164.71728648077817,0.8305555555555556
62,4,0.62,85902.82584096916,0.0859028258409691,165.35936234850715,0.8277777777777777
63,4,0.63,84391.62628545894,0.0843916262854589,163.89841047975247,0.8277777777777777
64,4,0.64,83936.83991485205,0.083936839914852,163.4561897265552,0.8333333333333334
65,4,0.65,84036.88930694803,0.084036889306948,163.55357737003015,0.8222222222222222
66,4,0.66,83535.09998495139,0.0835350999849513,163.0645521520893,0.8222222222222222
67,4,0.67,85888.46324711558,0.0858884632471155,165.34553807312142,0.8305555555555556
68,4,0.68,85425.556232501,0.0854255562325009,164.89936046435838,0.8194444444444444
69,4,0.69,84666.00664729155,0.0846660066472915,164.16463364420315,0.825
70,4,0.7,83521.90560630553,0.0835219056063055,163.0516736111483,0.8277777777777777
71,4,0.71,85129.35866487381,0.0851293586648738,164.61323296598934,0.8277777777777777
72,4,0.72,84392.20550182475,0.0843922055018247,163.8989729317573,0.8166666666666667
73,4,0.73,84035.31012761765,0.0840353101276176,163.55204065416467,0.8333333333333334
74,4,0.74,83815.21198792291,0.0838152119879229,163.33771942924275,0.825
75,4,0.75,85483.0571700054,0.0854830571700054,164.95484896912515,0.8222222222222222
76,4,0.76,85607.19971794682,0.0856071997179468,165.0745831396605,0.8277777777777777
77,4,0.77,83206.45867611845,0.0832064586761184,162.74347418852636,0.825
78,4,0.78,83714.55314254113,0.0837145531425411,163.23960880475414,0.8305555555555556
79,4,0.79,85608.27504230777,0.0856082750423077,165.07561989920748,0.8305555555555556
80,4,0.8,84202.69865329844,0.0842026986532984,163.7148479054342,0.8305555555555556
81,4,0.81,84329.84445257472,0.0843298444525747,163.83840572221104,0.8222222222222222
82,4,0.82,84443.13046238397,0.0844431304623839,163.94841641956907,0.8305555555555556
83,4,0.83,83319.19834609314,0.0833191983460931,162.85369060131734,0.8277777777777777
84,4,0.84,84476.74319010666,0.0844767431901066,163.9810431422491,0.8194444444444444
85,4,0.85,83425.1857524831,0.0834251857524831,162.95723789305737,0.8305555555555556
86,4,0.86,84730.8571341369,0.0847308571341368,164.2274931021665,0.8194444444444444
87,4,0.87,83022.22731830321,0.0830222273183032,162.5632053338451,0.8222222222222222
88,4,0.88,85259.79996080053,0.0852597999608005,164.73930078027882,0.8277777777777777
89,4,0.89,84423.36457239072,0.0844233645723907,163.9292273156021,0.825
90,4,0.9,85735.3621867214,0.0857353621867214,165.1981034382095,0.8305555555555556
91,4,0.91,84013.41217235773,0.0840134121723577,163.5307300371862,0.8277777777777777
92,4,0.92,84298.15282042866,0.0842981528204286,163.8076171298955,0.8305555555555556
93,4,0.93,85462.44046042138,0.0854624404604213,164.9349559552059,0.8305555555555556
94,4,0.94,84090.15774897522,0.0840901577489752,163.60540499095166,0.8222222222222222
95,4,0.95,85757.6687936708,0.0857576687936708,165.21959264294466,0.8222222222222222
96,4,0.96,85216.35388551756,0.0852163538855175,164.6973220981347,0.8277777777777777
97,4,0.97,84761.8307210625,0.0847618307210625,164.25750725477096,0.8305555555555556
98,4,0.98,84418.08098296195,0.0844180809829619,163.92409752547258,0.825
99,4,0.99,84470.60619554437,0.0844706061955443,163.9750866564172,0.8361111111111111
100,4,1.0,84737.16157127928,0.0847371615712792,164.23360269838628,0.8361111111111111
101,4,1.01,83835.93039247018,0.0838359303924701,163.35790602642828,0.8277777777777777
102,4,1.02,83610.31883113671,0.0836103188311367,163.13795104429127,0.8361111111111111
103,4,1.03,83867.41996446399,0.083867419964464,163.38858253689793,0.8361111111111111
104,4,1.04,84090.04749519039,0.0840900474951903,163.6052977363007,0.8305555555555556
105,4,1.05,84647.8037696035,0.0846478037696035,164.14698530162025,0.8333333333333334
106,4,1.06,84667.18842884594,0.0846671884288459,164.165779358207,0.8277777777777777
107,4,1.07,84492.47039564703,0.084492470395647,163.9963067725176,0.8333333333333334
108,4,1.08,84114.68640904863,0.0841146864090486,163.62926467245862,0.8277777777777777
109,4,1.09,84120.35336613774,0.0841203533661377,163.63477657794982,0.8305555555555556
110,4,1.1,83686.880469608,0.083686880469608,163.21262634170623,0.8333333333333334
111,4,1.11,83740.00158513729,0.0837400015851373,163.26441857794825,0.8388888888888889
112,4,1.12,83762.17469787078,0.0837621746978707,163.2860321478418,0.8361111111111111
113,4,1.13,84066.43851303618,0.0840664385130361,163.58232934813338,0.8305555555555556
114,4,1.14,84228.02805624474,0.0842280280562447,163.73946996392894,0.825
115,4,1.15,83780.81832714769,0.0837808183271476,163.30420308767074,0.8333333333333334
116,4,1.16,84244.56254234066,0.0842445625423406,163.75554071375933,0.8277777777777777
117,4,1.17,84161.5197412749,0.0841615197412748,163.67481104281154,0.8305555555555556
118,4,1.18,84153.333545669,0.0841533335456689,163.66685071482397,0.825
119,4,1.19,84508.36881313488,0.0845083688131348,164.01173512430984,0.8361111111111111
120,4,1.2,84989.9629557566,0.0849899629557565,164.4784041605811,0.8305555555555556
121,4,1.21,85611.82157123434,0.0856118215712343,165.0790391913116,0.8277777777777777
122,4,1.22,84280.70581532024,0.0842807058153202,163.79066479981125,0.8277777777777777
123,4,1.23,84963.74962947938,0.0849637496294793,164.45303729122082,0.8194444444444444
124,4,1.24,84916.48844379387,0.0849164884437938,164.4072923311834,0.8277777777777777
125,4,1.25,83059.89215049158,0.0830598921504915,162.6000763125925,0.8277777777777777
126,4,1.26,83970.92250927386,0.0839709225092738,163.48937209089425,0.8277777777777777
127,4,1.27,85010.93134998911,0.0850109313499891,164.49869264645562,0.8222222222222222
128,4,1.28,84520.12322321035,0.0845201232232103,164.02314106070537,0.8305555555555556
129,4,1.29,85494.13719226721,0.0854941371922672,164.96553906513918,0.8166666666666667
130,4,1.3,83865.58705128105,0.083865587051281,163.38679710744702,0.8222222222222222
131,4,1.31,83908.3990367373,0.0839083990367373,163.42849490602285,0.825
132,4,1.32,84159.54370657878,0.0841595437065787,163.6728895648905,0.8277777777777777
133,4,1.33,82441.27820579137,0.0824412782057913,161.99343777613856,0.825
134,4,1.34,84113.38846850226,0.0841133884685022,163.62800221826922,0.8305555555555556
135,4,1.35,84471.67370343141,0.0844716737034314,163.97612278101207,0.825
136,4,1.36,84327.76597895194,0.0843277659789519,163.83638665111462,0.8222222222222222
137,4,1.37,84358.04846002925,0.0843580484600292,163.86580120329745,0.8333333333333334
138,4,1.38,84243.85105241084,0.0842438510524108,163.7548492111825,0.8305555555555556
139,4,1.39,81659.10157415268,0.0816591015741526,161.2231352130926,0.8333333333333334
140,4,1.4,82266.62396769659,0.0822666239676965,161.82175290078342,0.8333333333333334
141,4,1.41,83968.78770784728,0.0839687877078472,163.4872938740982,0.8277777777777777
142,4,1.42,82672.04983225686,0.0826720498322568,162.22000731317436,0.8305555555555556
143,4,1.43,83005.69085333923,0.0830056908533392,162.54701476229368,0.8277777777777777
144,4,1.44,84312.84603453078,0.0843128460345307,163.82189238646637,0.8277777777777777
145,4,1.45,84035.26619897854,0.0840352661989785,163.55199790654166,0.8194444444444444
146,4,1.46,83988.5286752345,0.0839885286752345,163.5065105840068,0.8277777777777777
147,4,1.47,84366.86357806266,0.0843668635780626,163.8743626782924,0.825
148,4,1.48,84604.20912825939,0.0846042091282593,164.104711017953,0.8333333333333334
149,4,1.49,84802.88034692159,0.0848028803469215,164.29727688335626,0.8305555555555556
150,4,1.5,86256.56851405163,0.0862565685140516,165.69948251673003,0.8305555555555556
151,4,1.51,84384.9647455179,0.0843849647455178,163.89194160717292,0.825
152,4,1.52,84341.99384732041,0.0843419938473204,163.85020739094148,0.8361111111111111
153,4,1.53,82330.81359888332,0.0823308135988833,161.88487238182398,0.8277777777777777
154,4,1.54,84137.66432196464,0.0841376643219646,163.65161274516834,0.8277777777777777
155,4,1.55,83442.39408739508,0.083442394087395,162.97404383785087,0.8305555555555556
156,4,1.56,84362.90135044928,0.0843629013504492,163.87051451373392,0.8333333333333334
157,4,1.57,82857.27364495522,0.0828572736449552,162.40162974374638,0.8277777777777777
158,4,1.58,83685.6088311132,0.0836856088311132,163.21138631312732,0.8305555555555556
159,4,1.59,84191.57666234061,0.0841915766623406,163.70403533518507,0.8222222222222222
160,4,1.6,84056.98473373009,0.08405698473373,163.57313117852289,0.8277777777777777
161,4,1.61,84396.8868791292,0.0843968868791292,163.90351874429626,0.8277777777777777
162,4,1.62,84192.18838248288,0.0841921883824828,163.70463005545196,0.825
163,4,1.63,84016.24670443253,0.0840162467044325,163.53348869903436,0.825
164,4,1.64,84528.16128481094,0.0845281612848109,164.03094036764304,0.8166666666666667
165,4,1.65,83367.6357069228,0.0833676357069228,162.90102097065662,0.825
166,4,1.66,84581.46994517714,0.0845814699451771,164.08265621785577,0.8305555555555556
167,4,1.67,84289.73275545043,0.0842897327554504,163.7994360181059,0.8277777777777777
168,4,1.68,83233.85766474935,0.0832338576647493,162.77026681769675,0.8305555555555556
169,4,1.69,81062.6827008818,0.0810626827008818,160.6332882819449,0.8222222222222222
170,4,1.7,84251.62678754287,0.0842516267875428,163.76240634999837,0.8361111111111111
171,4,1.71,84721.3524793618,0.0847213524793618,164.2182817625445,0.8333333333333334
172,4,1.72,80873.8726172427,0.0808738726172427,160.4461068023681,0.8166666666666667
173,4,1.73,81740.68029058742,0.0817406802905874,161.30364732355713,0.825
174,4,1.74,83961.48488419062,0.0839614848841906,163.48018441789446,0.8305555555555556
175,4,1.75,83233.52656073052,0.0832335265607305,162.76994306757513,0.8416666666666667
176,4,1.76,83643.06045525846,0.0836430604552584,163.169890156172,0.8416666666666667
177,4,1.77,85385.37946070725,0.0853853794607072,164.86057872607844,0.8333333333333334
178,4,1.78,81751.18218809341,0.0817511821880934,161.31400899389473,0.8222222222222222
179,4,1.79,85631.59868536152,0.0856315986853615,165.09810547451312,0.8138888888888889
180,4,1.8,82794.43297208167,0.0827944329720816,162.34003368237546,0.8166666666666667
181,4,1.81,82191.61493982057,0.0821916149398205,161.74796319198654,0.8138888888888889
182,4,1.82,82590.10952156958,0.0825901095215695,162.1395952928143,0.8194444444444444
183,4,1.83,83761.7457913397,0.0837617457913397,163.2856140919859,0.8027777777777778
184,4,1.84,85817.02863879515,0.0858170286387951,165.27676369848842,0.8111111111111111
185,4,1.85,84161.52104347969,0.0841615210434797,163.67481230905602,0.8
186,4,1.86,83642.41414407163,0.0836424141440716,163.1692597468559,0.8
187,4,1.87,82373.73014021605,0.082373730140216,161.9270597073462,0.7805555555555556
188,4,1.88,82740.20652772163,0.0827402065277216,162.28686244629418,0.775
189,4,1.89,84732.42489559342,0.0847324248955934,164.22901243261782,0.7833333333333333
190,4,1.9,84085.59343063922,0.0840855934306392,163.60096477283764,0.7944444444444444
191,4,1.91,83922.0812994226,0.0839220812994226,163.44181884305505,0.7833333333333333
192,4,1.92,83426.12288922783,0.0834261228892278,162.95815316094203,0.775
193,4,1.93,83107.96576346201,0.083107965763462,162.6471245461596,0.7805555555555556
194,4,1.94,83511.66674307325,0.0835116667430732,163.04167913759443,0.7861111111111111
195,4,1.95,83666.39847721717,0.0836663984772171,163.19265233671115,0.7888888888888889
196,4,1.96,83862.08399520899,0.0838620839952089,163.3833847478086,0.7777777777777778
197,4,1.97,83865.22333441938,0.0838652233344193,163.38644281077063,0.7833333333333333
198,4,1.98,84293.50977181512,0.0842935097718151,163.8031058969845,0.7777777777777778
199,4,1.99,85036.74358312729,0.0850367435831273,164.5236644722741,0.7694444444444445
200,4,2.0,84737.98798880717,0.0847379879888071,164.2344035583307,0.7722222222222223
201,4,2.01,86508.09588332396,0.0865080958833239,165.9408995835484,0.7722222222222223
202,4,2.02,85954.73497421274,0.0859547349742127,165.40931626301932,0.7666666666666667
203,4,2.03,87171.14659940595,0.0871711465994059,166.5756217234906,0.7638888888888888
204,4,2.04,85749.7837675962,0.0857497837675961,165.21199687476755,0.7611111111111111
205,4,2.05,87747.03074695796,0.0877470307469579,167.12494538527085,0.7694444444444445
206,4,2.06,88876.14746527738,0.0888761474652773,168.19677875668796,0.7694444444444445
207,4,2.07,87104.73792490196,0.0871047379249019,166.51215936064386,0.7638888888888888
208,4,2.08,87755.9814569073,0.0877559814569073,167.13346902848335,0.7611111111111111
209,4,2.09,87388.01259367715,0.0873880125936771,166.7826979711056,0.7611111111111111
210,4,2.1,88697.21368266788,0.0886972136826678,168.0273786980841,0.7694444444444445
211,4,2.11,88018.61016951442,0.0880186101695144,167.38337368183724,0.7638888888888888
212,4,2.12,89743.83929143655,0.0897438392914365,169.0158314198808,0.7666666666666667
213,4,2.13,88567.39310143018,0.0885673931014301,167.9043680721597,0.75
214,4,2.14,92091.51396304516,0.0920915139630451,171.2122639534618,0.7555555555555555
215,4,2.15,89058.03543950543,0.0890580354395054,168.36880092374884,0.7555555555555555
216,4,2.16,89855.48573745826,0.0898554857374582,169.12093140140746,0.7555555555555555
217,4,2.17,89250.53048294972,0.0892505304829497,168.55066359961526,0.7611111111111111
218,4,2.18,90957.63902625456,0.0909576390262545,170.15497561339018,0.7583333333333333
219,4,2.19,89744.49298912344,0.0897444929891234,169.0164469777716,0.7555555555555555
220,4,2.2,91475.23641806468,0.0914752364180646,170.6384250187205,0.7472222222222222
221,4,2.21,92374.55314993153,0.0923745531499315,171.47516875464277,0.75
222,4,2.22,91383.99484725196,0.0913839948472519,170.5533025152222,0.75
223,4,2.23,91695.28896716108,0.091695288967161,170.8435453703968,0.75
224,4,2.24,91418.8030117606,0.0914188030117606,170.58578130000137,0.7611111111111111
225,4,2.25,93518.41178509255,0.0935184117850925,172.53357647542603,0.7555555555555555
226,4,2.26,92974.13856987718,0.0929741385698771,172.03077476490537,0.7444444444444445
227,4,2.27,91128.4176174796,0.0911284176174795,170.3146389478276,0.7583333333333333
228,4,2.28,93222.84421927466,0.0932228442192746,172.26071209990565,0.7527777777777778
229,4,2.29,93550.7194363335,0.0935507194363335,172.56337634675285,0.7611111111111111
230,4,2.3,93372.87300165898,0.0933728730016589,172.399270815777,0.7555555555555555
231,4,2.31,91486.40171611017,0.0914864017161101,170.6488386061258,0.75
232,4,2.32,91177.99001801884,0.0911779900180188,170.36095686835753,0.75
233,4,2.33,91447.35327455425,0.0914473532745542,170.6124163495502,0.75
234,4,2.34,93392.28249111226,0.0933922824911122,172.4171882678475,0.7555555555555555
235,4,2.35,95006.99583188804,0.095006995831888,173.9013111793932,0.7472222222222222
236,4,2.36,93360.47181682316,0.0933604718168231,172.3878219540985,0.7527777777777778
237,4,2.37,95055.08543160274,0.0950550854316027,173.9453173411804,0.7416666666666667
238,4,2.38,92700.23829393052,0.0927002382939305,171.77718795157668,0.7416666666666667
239,4,2.39,92471.79248564845,0.0924717924856484,171.5653978555054,0.75
240,4,2.4,93989.4596410227,0.0939894596410226,172.96755245077017,0.7583333333333333
241,4,2.41,92718.72340475443,0.0927187234047544,171.79431391659548,0.75
242,4,2.42,92969.45605480128,0.0929694560548012,172.02644266325083,0.7416666666666667
243,4,2.43,97076.97706880709,0.097076977068807,175.7855554982787,0.7527777777777778
244,4,2.44,92486.89411549889,0.0924868941154988,171.57940651312657,0.75
245,4,2.45,94679.4779724486,0.0946794779724485,173.6013071879092,0.7611111111111111
246,4,2.46,92161.60682544608,0.092161606825446,171.2774082566729,0.7444444444444445
247,4,2.47,95058.70452705328,0.0950587045270532,173.94862867750615,0.7444444444444445
248,4,2.48,93614.67409614798,0.0936146740961479,172.62235155586754,0.7527777777777778
249,4,2.49,92897.31487258774,0.0928973148725877,171.95968633337628,0.7416666666666667
250,4,2.5,94440.0045235098,0.0944400045235098,173.38162270285474,0.7555555555555555
251,4,2.51,93683.13366322652,0.0936831336632265,172.68545860518333,0.7444444444444445
252,4,2.52,93728.07891782044,0.0937280789178204,172.72687727321647,0.7527777777777778
253,4,2.53,93274.91379915972,0.0932749137991597,172.3088134577376,0.7416666666666667
254,4,2.54,92707.24625850465,0.0927072462585046,171.7836808458745,0.7555555555555555
255,4,2.55,95623.02055187724,0.0956230205518772,174.4641876959805,0.7472222222222222
256,4,2.56,93859.45551981036,0.0938594555198103,172.84788862981057,0.75
257,4,2.57,93276.9315506652,0.0932769315506652,172.3106771661741,0.7527777777777778
258,4,2.58,93623.19698951211,0.0936231969895121,172.6302093432497,0.7472222222222222
259,4,2.59,95939.05730774911,0.0959390573077491,174.7522543837698,0.75
260,4,2.6,93695.78558828442,0.0936957855882844,172.69711881356812,0.7472222222222222
261,4,2.61,97420.34883298568,0.0974203488329857,176.09616733198044,0.7444444444444445
262,4,2.62,95865.1971554097,0.0958651971554097,174.68497358251827,0.7416666666666667
263,4,2.63,96414.865149766,0.096414865149766,175.1850585873337,0.7472222222222222
264,4,2.64,94784.06941596828,0.0947840694159682,173.69716850839387,0.7472222222222222
265,4,2.65,96553.94740907988,0.0965539474090798,175.3113687425317,0.7472222222222222
266,4,2.66,97276.66951631072,0.0972766695163107,175.9662626814444,0.75
267,4,2.67,94949.69398109624,0.0949496939810962,173.8488604630715,0.7611111111111111
268,4,2.68,93588.4127840324,0.0935884127840323,172.59813736366615,0.7444444444444445
269,4,2.69,96808.76684586814,0.0968087668458681,175.54255198185257,0.7527777777777778
270,4,2.7,95876.39454409613,0.0958763945440961,174.6951751910837,0.7527777777777778
271,4,2.71,94306.04692513825,0.0943060469251382,173.2586132438557,0.75
272,4,2.72,93405.975690133,0.093405975690133,172.4298277294626,0.7444444444444445
273,4,2.73,93873.42149614,0.09387342149614,172.86074774835188,0.75
274,4,2.74,95682.69769383156,0.0956826976938315,174.5186196733219,0.7472222222222222
275,4,2.75,95143.45974568553,0.0951434597456855,174.02615850147708,0.7527777777777778
276,4,2.76,92459.042645389,0.092459042645389,171.55356988741454,0.75
277,4,2.77,93879.6671212278,0.0938796671212277,172.8664980738899,0.7472222222222222
278,4,2.78,92294.971425686,0.0922949714256859,171.40128893869587,0.7472222222222222
279,4,2.79,93328.7377482154,0.0933287377482154,172.35852137423117,0.7527777777777778
280,4,2.8,90210.41167722794,0.0902104116772279,169.4546130194493,0.75
281,4,2.81,93495.88833021469,0.0934958883302146,172.5127982876721,0.7472222222222222
282,4,2.82,99039.37959791618,0.0990393795979161,177.55341068964557,0.7583333333333333
283,4,2.83,98082.97994568586,0.0980829799456858,176.6940355051021,0.7916666666666666
284,4,2.84,86772.36619517744,0.0867723661951774,166.1941695953415,0.8166666666666667
285,4,2.85,85250.57734359406,0.085250577343594,164.7303905517797,0.7555555555555555
286,4,2.86,90276.9500854353,0.0902769500854352,169.5170956178599,0.8166666666666667
287,4,2.87,93462.13158027505,0.093462131580275,172.48165254835604,0.7333333333333333
288,4,2.88,87074.32150132139,0.0870743215013214,166.48308432575487,0.7944444444444444
289,4,2.89,84515.41916880842,0.0845154191688084,164.01857655887264,0.7555555555555555
290,4,2.9,84826.69498267409,0.084826694982674,164.32034452642228,0.7444444444444445
291,4,2.91,85697.5188048896,0.0856975188048896,165.16164039212512,0.7611111111111111
292,4,2.92,89672.64721498088,0.0896726472149808,168.94877960139215,0.7444444444444445
293,4,2.93,87597.1945650988,0.0875971945650988,166.98219375740626,0.7555555555555555
294,4,2.94,90618.99728319264,0.0906189972831926,169.83793072014944,0.7472222222222222
295,4,2.95,93412.31667220646,0.0934123166722064,172.43568043793678,0.7638888888888888
296,4,2.96,92662.38722212784,0.0926623872221278,171.74211460848457,0.7916666666666666
297,4,2.97,83470.66411441656,0.0834706641144165,163.00164905284046,0.9277777777777778
298,4,2.98,82149.28561426213,0.0821492856142621,161.70630709392722,0.9361111111111112
299,4,2.99,87253.33945516543,0.0872533394551654,166.654134515557,0.7583333333333333
300,4,3.0,87227.76057552526,0.0872277605755252,166.62970485739447,0.7666666666666667
301,4,3.01,83389.43732509755,0.0833894373250975,162.92231984563116,0.7805555555555556
302,4,3.02,87430.0920015827,0.0874300920015827,166.82284805763908,0.775
303,4,3.03,87537.20711937359,0.0875372071193735,166.9250084169976,0.7638888888888888
304,4,3.04,82485.43297798926,0.0824854329779892,162.03681304890085,0.7805555555555556
305,4,3.05,84930.0391184528,0.0849300391184528,164.42040957672987,0.7916666666666666
306,4,3.06,84876.15001369418,0.0848761500136941,164.3682379615275,0.7833333333333333
307,4,3.07,85824.78883005767,0.0858247888300576,165.28423628478166,0.7666666666666667
308,4,3.08,84348.19905317633,0.0843481990531763,163.85623467059247,0.7722222222222223
309,4,3.09,84562.42082488966,0.0845624208248896,164.06417813830183,0.7777777777777778
310,4,3.1,83558.38747188977,0.0835583874718897,163.08727971818743,0.7694444444444445
311,4,3.11,83115.37085758234,0.0831153708575823,162.65437048478157,0.7805555555555556
312,4,3.12,84869.42631991088,0.0848694263199108,164.3617273953229,0.775
313,4,3.13,84899.74419423213,0.0848997441942321,164.39108221402697,0.7694444444444445
314,4,3.14,83589.66605355767,0.0835896660535576,163.11780125924028,0.775
315,4,3.15,83821.12488501299,0.0838211248850129,163.34348080638478,0.7722222222222223
316,4,3.16,85391.9265955505,0.0853919265955504,164.86689915093413,0.7638888888888888
317,4,3.17,83747.76938362431,0.0837477693836243,163.27199068011578,0.7722222222222223
318,4,3.18,84376.5414788842,0.0843765414788842,163.8837615956063,0.7861111111111111
319,4,3.19,84856.2666290129,0.0848562666290129,164.34898409379502,0.7722222222222223
320,4,3.2,83930.18694244149,0.0839301869424414,163.449711694554,0.7722222222222223
321,4,3.21,85257.1953406569,0.0852571953406569,164.73678443272377,0.775
322,4,3.22,83482.41407641127,0.0834824140764112,163.01312132159958,0.7722222222222223
323,4,3.23,85102.28224082355,0.0851022822408235,164.587052267356,0.775
324,4,3.24,83743.13813945955,0.0837431381394595,163.26747615445285,0.775
325,4,3.25,86192.4625424837,0.0861924625424837,165.6378970580061,0.7722222222222223
326,4,3.26,84270.10416943839,0.0842701041694383,163.78036288539025,0.7722222222222223
327,4,3.27,84881.34974730034,0.0848813497473003,164.37327269720492,0.7805555555555556
328,4,3.28,84397.504799857,0.084397504799857,163.90411876166627,0.7722222222222223
329,4,3.29,84035.23998146097,0.0840352399814609,163.55197239387357,0.7805555555555556
330,4,3.3,83624.07131673025,0.0836240713167302,163.1513672117203,0.7833333333333333
331,4,3.31,83400.38088522127,0.0834003808852212,162.93300999877093,0.7722222222222223
332,4,3.32,83498.8794762473,0.0834988794762473,163.0291962274191,0.7777777777777778
333,4,3.33,84499.50196910162,0.0844995019691016,164.00313062369185,0.7777777777777778
334,4,3.34,83352.02776746605,0.083352027767466,162.88577123816026,0.7833333333333333
335,4,3.35,85037.73103861982,0.0850377310386198,164.52461970243505,0.775
336,4,3.36,85530.19308582878,0.0855301930858287,165.00032129189265,0.7722222222222223
337,4,3.37,84556.94056755643,0.0845569405675564,164.05886177865688,0.7777777777777778
338,4,3.38,83174.45869351234,0.0831744586935123,162.71217680349037,0.7805555555555556
339,4,3.39,83524.88106504726,0.0835248810650472,163.0545779342912,0.775
340,4,3.4,83349.11836847097,0.0833491183684709,162.8829284528839,0.7861111111111111
341,4,3.41,83468.59538402258,0.0834685953840225,162.99962913028085,0.7833333333333333
342,4,3.42,86355.52830132181,0.0863555283013218,165.7945064980588,0.7638888888888888
343,4,3.43,83857.12749233618,0.0838571274923361,163.37855645030393,0.7722222222222223
344,4,3.44,83312.16699308602,0.083312166993086,162.84681880004342,0.7722222222222223
345,4,3.45,83519.59730566153,0.0835195973056615,163.04942046042714,0.7722222222222223
346,4,3.46,85514.828361938,0.085514828361938,164.98550022021595,0.775
347,4,3.47,83424.68992527224,0.0834246899252722,162.95675363430456,0.7805555555555556
348,4,3.48,83273.00302627096,0.0832730030262709,162.8085382142926,0.7888888888888889
349,4,3.49,84077.41035215986,0.0840774103521598,163.59300388410216,0.7833333333333333
350,4,3.5,83277.15353186625,0.0832771535318662,162.8125955276139,0.7833333333333333
351,4,3.51,82510.95631080872,0.0825109563108087,162.06188050312525,0.775
352,4,3.52,84619.34089213803,0.084619340892138,164.11938571760447,0.7805555555555556
353,4,3.53,84402.24037964524,0.0844022403796452,163.9087170619727,0.775
354,4,3.54,83523.62737308188,0.0835236273730818,163.05335422119666,0.775
355,4,3.55,84993.77453320644,0.0849937745332064,164.4820923322527,0.7833333333333333
356,4,3.56,84301.74374977445,0.0843017437497744,163.81110602790577,0.7805555555555556
357,4,3.57,85481.2084234066,0.0854812084234066,164.95306521585903,0.7722222222222223
358,4,3.58,83667.68756284197,0.0836676875628419,163.19390952296345,0.7777777777777778
359,4,3.59,85120.3728500784,0.0851203728500784,164.60454487598537,0.7805555555555556
360,4,3.6,84916.0702088906,0.0849160702088906,164.40688745720703,0.775
361,4,3.61,87118.58460930907,0.087118584609309,166.52539371363787,0.7777777777777778
362,4,3.62,84366.37040329321,0.0843663704032932,163.8738837057687,0.775
363,4,3.63,85249.26205853077,0.0852492620585307,164.7291197788147,0.7694444444444445
364,4,3.64,85650.35940458385,0.0856503594045838,165.11618985936494,0.7777777777777778
365,4,3.65,86594.53193623669,0.0865945319362366,166.02378023874206,0.7777777777777778
366,4,3.66,85263.08267354967,0.0852630826735496,164.74247218460914,0.775
367,4,3.67,85912.41838830692,0.0859124183883069,165.36859471784894,0.7611111111111111
368,4,3.68,87371.68561644769,0.0873716856164476,166.76711697531204,0.7694444444444445
369,4,3.69,88087.2168068847,0.0880872168068847,167.44859496587708,0.7694444444444445
370,4,3.7,89337.23707135397,0.0893372370713539,168.6325169241004,0.7694444444444445
371,4,3.71,89045.34093506313,0.0890453409350631,168.35680068900328,0.7666666666666667
372,4,3.72,86551.6790039272,0.0865516790039272,165.98269516053787,0.7555555555555555
373,4,3.73,88652.77997361141,0.0886527799736114,167.98528597254247,0.7583333333333333
374,4,3.74,90143.58194900362,0.0901435819490036,169.39183365908332,0.7666666666666667
375,4,3.75,89350.90300177147,0.0893509030017714,168.64541430146508,0.7666666666666667
376,4,3.76,89631.40906686406,0.089631409066864,168.90992753111428,0.7611111111111111
377,4,3.77,87491.71551118065,0.0874917155111806,166.88162872643744,0.7527777777777778
378,4,3.78,89958.79567771571,0.0899587956777157,169.2181255463036,0.7555555555555555
379,4,3.79,87780.55899909318,0.0877805589990931,167.15687166297076,0.7527777777777778
380,4,3.8,90217.94312751248,0.0902179431275124,169.4616865508372,0.7527777777777778
381,4,3.81,90516.73924949324,0.0905167392494932,169.74207777753296,0.7638888888888888
382,4,3.82,89080.118386761,0.089080118386761,168.38967410422913,0.7555555555555555
383,4,3.83,93200.97542752668,0.0932009754275266,172.24050592283538,0.7527777777777778
384,4,3.84,94120.08990931135,0.0941200899093113,173.0877092882133,0.7416666666666667
385,4,3.85,92561.17450922416,0.0925611745092241,171.64829426204363,0.7333333333333333
386,4,3.86,88638.00721179825,0.0886380072117982,167.97128917510133,0.8722222222222222
387,4,3.87,89335.98977838874,0.0893359897783887,168.63133972804462,0.8527777777777777
388,4,3.88,93485.24690156826,0.0934852469015682,172.50298055715376,0.7861111111111111
389,4,3.89,91995.24625604764,0.0919952462560476,171.1227523306364,0.7611111111111111
390,4,3.9,92051.14350467018,0.0920511435046701,171.17473239955524,0.7472222222222222
391,4,3.91,88206.82083260966,0.0882068208326096,167.56223649695653,0.7361111111111112
392,4,3.92,87611.76874054105,0.087611768740541,166.99608419409782,0.7527777777777778
393,4,3.93,87264.46116041986,0.0872644611604198,166.66475542196395,0.7527777777777778
394,4,3.94,90995.36929722589,0.0909953692972258,170.19026307122266,0.7361111111111112
395,4,3.95,87600.13367994397,0.0876001336799439,166.98499507844355,0.7638888888888888
396,4,3.96,89362.77259379953,0.0893627725937995,168.65661556369585,0.7555555555555555
397,4,3.97,93349.8967596163,0.0933498967596163,172.378058385695,0.7527777777777778
398,4,3.98,91453.58388184063,0.0914535838818406,170.6182284415368,0.7305555555555555
399,4,3.99,93330.81782041406,0.093330817820414,172.36044209114834,0.7638888888888888
400,4,4.0,89639.96622435548,0.0896399662243554,168.91799029823147,0.7888888888888889
401,4,4.01,91657.06608253212,0.0916570660825321,170.80793386921752,0.7944444444444444
402,4,4.02,87945.20065710219,0.0879452006571022,167.31355836145747,0.7638888888888888
403,4,4.03,89120.47461242155,0.0891204746124215,168.42781281761427,0.7833333333333333
404,4,4.04,89736.04106179738,0.0897360410617973,169.00848800271748,0.7722222222222223
405,4,4.05,89137.72796752478,0.0891377279675247,168.4441154924223,0.7555555555555555
406,4,4.06,91374.28900038282,0.0913742890003828,170.54424508565705,0.7694444444444445
407,4,4.07,90596.4853460882,0.0905964853460881,169.8168334976388,0.7666666666666667
408,4,4.08,91955.980740732,0.091955980740732,171.08622902940274,0.7666666666666667
409,4,4.09,91521.80265255849,0.0915218026525584,170.68185195172694,0.7638888888888888
410,4,4.1,92207.25912511336,0.0922072591251133,171.31982418107404,0.7611111111111111
411,4,4.11,91636.54317075537,0.0916365431707553,170.7888100168133,0.7555555555555555
412,4,4.12,90564.59572641295,0.0905645957264129,169.78694342603475,0.75
413,4,4.13,92343.47700029744,0.0923434770002974,171.4463229520545,0.7555555555555555
414,4,4.14,91136.56685300265,0.0911365668530026,170.32225404262562,0.7555555555555555
415,4,4.15,91161.90116292828,0.0911619011629282,170.3459256438782,0.7472222222222222
416,4,4.16,94305.50979461645,0.0943055097946164,173.2581198363549,0.7611111111111111
417,4,4.17,93347.89708191958,0.0933478970819195,172.3762120933223,0.7666666666666667
418,4,4.18,92792.66441981633,0.0927926644198163,171.8628012402987,0.7555555555555555
419,4,4.19,92645.15501979178,0.0926451550197917,171.7261446310071,0.7527777777777778
420,4,4.2,94644.76123944655,0.0946447612394465,173.56947651594817,0.7527777777777778
421,4,4.21,92310.21204771475,0.0923102120477147,171.41544005867635,0.7555555555555555
422,4,4.22,95053.36285861475,0.0950533628586147,173.94374122949125,0.7583333333333333
423,4,4.23,93034.32543901476,0.0930343254390147,172.0864478733829,0.75
424,4,4.24,93074.8342420668,0.0930748342420667,172.12390854895045,0.7555555555555555
425,4,4.25,94862.56570565848,0.0948625657056584,173.76907806877068,0.7611111111111111
426,4,4.26,95395.52505692892,0.0953955250569289,174.25653136486446,0.75
427,4,4.27,92921.59334133506,0.092921593341335,171.98215547113264,0.7472222222222222
428,4,4.28,95696.71253885924,0.0956967125388592,174.53140025911443,0.7638888888888888
429,4,4.29,95674.44855491264,0.0956744485549126,174.51109658188267,0.7611111111111111
430,4,4.3,95270.86977592486,0.0952708697759248,174.14264186294344,0.7555555555555555
431,4,4.31,96915.0962381152,0.0969150962381151,175.63892863783235,0.7444444444444445
432,4,4.32,95109.42714162834,0.0951094271416283,173.99503133267123,0.7555555555555555
433,4,4.33,95384.05525874071,0.0953840552587407,174.2460552585285,0.7611111111111111
434,4,4.34,96330.10655018242,0.0963301065501824,175.10803879908252,0.7666666666666667
435,4,4.35,95103.72133601725,0.0951037213360172,173.98981209864732,0.7527777777777778
436,4,4.36,93860.19242517998,0.0938601924251799,172.84856715647874,0.75
437,4,4.37,94851.5450180987,0.0948515450180987,173.7589839377167,0.7583333333333333
438,4,4.38,95443.5931888222,0.0954435931888222,174.3004282407419,0.7555555555555555
439,4,4.39,96870.40616873757,0.0968704061687375,175.5984281312006,0.7583333333333333
440,4,4.4,98926.5041310164,0.0989265041310164,177.45220277726656,0.75
441,4,4.41,97024.82103974138,0.0970248210397413,175.73832747059683,0.7583333333333333
442,4,4.42,95810.77480885244,0.0958107748088524,174.6353825104942,0.7583333333333333
443,4,4.43,94906.37985239492,0.0949063798523949,173.80920277399417,0.7472222222222222
444,4,4.44,97526.683183447,0.097526683183447,176.19224564096348,0.7555555555555555
445,4,4.45,97257.11678890623,0.0972571167889062,175.9485770776234,0.7638888888888888
446,4,4.46,95963.46309356696,0.0959634630935669,174.77448044584682,0.7611111111111111
447,4,4.47,95098.51640026271,0.0950985164002627,173.98505088545676,0.7472222222222222
448,4,4.48,96628.4705816654,0.0966284705816654,175.37901092480732,0.7555555555555555
449,4,4.49,96977.90498194734,0.0969779049819473,175.6958334655268,0.7555555555555555
450,4,4.5,95470.14867536968,0.0954701486753696,174.32467455528635,0.7527777777777778
451,4,4.51,96457.91654518482,0.0964579165451848,175.22416624719136,0.7527777777777778
452,4,4.52,97328.01298021348,0.0973280129802134,176.01269480985246,0.7583333333333333
453,4,4.53,95194.19586656107,0.095194195866561,174.07255283829934,0.7444444444444445
454,4,4.54,98321.31009297736,0.0983213100929773,176.9085781558848,0.7583333333333333
455,4,4.55,97703.65224872265,0.0977036522487226,176.3520298353029,0.7555555555555555
456,4,4.56,97901.12814832274,0.0979011281483227,176.53015877791907,0.7527777777777778
457,4,4.57,97870.49228776632,0.0978704922877663,176.50253613155382,0.7583333333333333
458,4,4.58,96491.97806665688,0.0964919780666568,175.2551013695361,0.75
459,4,4.59,97798.03331451598,0.0977980333145159,176.4371867077407,0.7444444444444445
460,4,4.6,96590.83795593985,0.0965908379559398,175.344856315069,0.7555555555555555
461,4,4.61,95686.6977442756,0.0956866977442755,174.52226754280707,0.7555555555555555
462,4,4.62,97721.68632971084,0.0977216863297108,176.36830455979992,0.7555555555555555
463,4,4.63,97012.20487764927,0.0970122048776492,175.72690144950238,0.7527777777777778
464,4,4.64,97087.31436192855,0.0970873143619285,175.79491455794556,0.75
465,4,4.65,98569.75530005131,0.0985697553000513,177.13194966104626,0.7555555555555555
466,4,4.66,98822.56752273587,0.0988225675227358,177.35895867012758,0.7555555555555555
467,4,4.67,98026.98769688644,0.0980269876968864,176.64359398725944,0.75
468,4,4.68,98441.06244473692,0.0984410624447369,177.01627999310017,0.7527777777777778
469,4,4.69,96460.88162116696,0.0964608816211669,175.22685938526024,0.7472222222222222
470,4,4.7,98473.4040194177,0.0984734040194177,177.04535584293444,0.7555555555555555
471,4,4.71,96642.72257502934,0.0966427225750293,175.39194400926527,0.7527777777777778
472,4,4.72,96625.43373182043,0.0966254337318204,175.37625498805468,0.7527777777777778
473,4,4.73,98560.92711832968,0.0985609271183296,177.12401726814014,0.7583333333333333
474,4,4.74,98184.30331327122,0.0981843033132712,176.78527770343928,0.7555555555555555
475,4,4.75,97241.03588185886,0.0972410358818588,175.9340304317172,0.7527777777777778
476,4,4.76,96831.5660713845,0.0968315660713845,175.5632215903451,0.7583333333333333
477,4,4.77,96723.58463463074,0.0967235846346307,175.4653048791628,0.7527777777777778
478,4,4.78,98865.0000065402,0.0988650000065402,177.3970318230896,0.7583333333333333
479,4,4.79,97553.44835654002,0.09755344835654,176.21642103733282,0.7472222222222222
480,4,4.8,96647.26938071042,0.0966472693807104,175.39606984350615,0.7527777777777778
481,4,4.81,98685.185587149,0.0986851855871489,177.23563465700587,0.7555555555555555
482,4,4.82,98632.91464910652,0.0986329146491065,177.18868992103486,0.7527777777777778
483,4,4.83,98697.375956231,0.0986973759562309,177.24658108766633,0.7611111111111111
484,4,4.84,98795.8887638628,0.0987958887638628,177.335016586831,0.7527777777777778
485,4,4.85,97242.33276269917,0.0972423327626991,175.935203623212,0.7527777777777778
486,4,4.86,98689.90684660668,0.0986899068466066,177.239874226519,0.75
487,4,4.87,98539.9022641784,0.0985399022641784,177.10512435915706,0.7555555555555555
488,4,4.88,98795.7035021492,0.0987957035021492,177.3348503177439,0.7555555555555555
489,4,4.89,98999.9722327486,0.0989999722327485,177.5180832861955,0.7555555555555555
490,4,4.9,97470.03882333238,0.0974700388233323,176.14107120199023,0.75
491,4,4.91,96567.3599392084,0.0965673599392083,175.3235447717122,0.7472222222222222
492,4,4.92,96520.25828435576,0.0965202582843557,175.28078168733543,0.75
493,4,4.93,98809.28293242346,0.0988092829324234,177.34703720141954,0.7527777777777778
494,4,4.94,98708.14696497872,0.0987081469649787,177.25625243086702,0.7555555555555555
495,4,4.95,97879.69577574173,0.0978796957757417,176.51083485746815,0.7527777777777778
496,4,4.96,95868.2326857395,0.0958682326857394,174.68773922298868,0.75
497,4,4.97,96976.20670717245,0.0969762067071724,175.69429506815473,0.7444444444444445
498,4,4.98,97597.27782743944,0.0975972778274394,176.2560024427538,0.7583333333333333
499,4,4.99,98344.2226011415,0.0983442226011415,176.92919008180286,0.75
500,4,5.0,96575.72237232776,0.0965757223723277,175.3311358443018,0.7472222222222222
501,4,5.01,97087.56779843102,0.097087567798431,175.79514400511647,0.75
502,4,5.02,98792.8235585472,0.0987928235585472,177.3322655996265,0.7527777777777778
503,4,5.03,98552.8004386708,0.0985528004386707,177.11671488238238,0.7555555555555555
504,4,5.04,98670.22777495584,0.0986702277749558,177.22220225686985,0.7527777777777778
505,4,5.05,97025.84573093666,0.0970258457309366,175.73925546530714,0.7527777777777778
506,4,5.06,97119.56644999156,0.0971195664499915,175.82411138099323,0.7583333333333333
507,4,5.07,98343.26729427945,0.0983432672942794,176.9283307426603,0.75
508,4,5.08,96956.72725404402,0.096956727254044,175.6766484681091,0.7444444444444445
509,4,5.09,99033.2558247684,0.0990332558247684,177.5479213902327,0.7555555555555555
510,4,5.1,97071.67747182604,0.097071677471826,175.78075721684266,0.7444444444444445
511,4,5.11,97080.11719524964,0.0970801171952496,175.7883985225674,0.7555555555555555
512,4,5.12,96680.59601969091,0.0966805960196909,175.42630793358464,0.7555555555555555
513,4,5.13,98326.90735038134,0.0983269073503813,176.9136136296583,0.75
514,4,5.14,95594.34264985488,0.0955943426498548,174.43802432007072,0.7527777777777778
515,4,5.15,97650.42263817156,0.0976504226381715,176.30398440124785,0.7472222222222222
516,4,5.16,97628.14153864878,0.0976281415386487,176.28386943081975,0.7527777777777778
517,4,5.17,96883.46510153038,0.0968834651015303,175.61026379331986,0.7527777777777778
518,4,5.18,98444.10034074455,0.0984441003407445,177.0190113375625,0.7583333333333333
519,4,5.19,97285.48277183493,0.0972854827718349,175.97423376289467,0.75
520,4,5.2,98484.12671691588,0.0984841267169158,177.05499475070312,0.7527777777777778
521,4,5.21,97524.36185853186,0.0975243618585318,176.19014876926605,0.7527777777777778
522,4,5.22,96998.19136572356,0.0969981913657235,175.71420902606883,0.75
523,4,5.23,97244.87553207246,0.0972448755320724,175.93750385455309,0.7583333333333333
524,4,5.24,98509.08144718628,0.0985090814471862,177.0774251662917,0.7555555555555555
525,4,5.25,98628.87621294428,0.0986288762129442,177.1850624679673,0.7555555555555555
526,4,5.26,96802.29383605764,0.0968022938360576,175.53668315564516,0.7611111111111111
527,4,5.27,98647.27388233648,0.0986472738823364,177.20158724409822,0.7555555555555555
528,4,5.28,97355.48232231972,0.0973554823223197,176.0375315021931,0.7555555555555555
529,4,5.29,97294.19152504051,0.0972941915250405,175.9821099733708,0.7555555555555555
530,4,5.3,97996.9988176068,0.0979969988176067,176.61657209895532,0.7583333333333333
531,4,5.31,96031.36217959633,0.0960313621795963,174.83630047979648,0.7527777777777778
532,4,5.32,96330.88313799696,0.0963308831379969,175.10874463498345,0.7472222222222222
533,4,5.33,95790.42802847132,0.0957904280284713,174.6168383725902,0.7527777777777778
534,4,5.34,92876.2818652904,0.0928762818652904,171.9402184182463,0.7527777777777778
535,4,5.35,93893.29532740195,0.0938932953274019,172.8790448524238,0.7583333333333333
536,4,5.36,92848.35765058556,0.0928483576505855,171.9143686726324,0.7583333333333333
537,4,5.37,91380.54039283772,0.0913805403928377,170.55007889724786,0.75
538,4,5.38,92264.46943782612,0.0922644694378261,171.37296392827622,0.7583333333333333
539,4,5.39,90393.08357188308,0.090393083571883,169.62609511383553,0.7555555555555555
540,4,5.4,91150.31897842744,0.0911503189784274,170.3351040145262,0.7611111111111111
541,4,5.41,90322.17556820516,0.0903221755682051,169.55955126440898,0.75
542,4,5.42,91676.50361743996,0.0916765036174399,170.8260443614942,0.7555555555555555
543,4,5.43,92211.32617467096,0.0922113261746709,171.32360240059134,0.7638888888888888
544,4,5.44,91659.78347702128,0.0916597834770212,170.81046585675463,0.7638888888888888
545,4,5.45,91063.442811196,0.091063442811196,170.25391072376553,0.7555555555555555
546,4,5.46,91073.72201188069,0.0910737220118806,170.2635195452506,0.7555555555555555
547,4,5.47,92131.5410480237,0.0921315410480237,171.2494681595644,0.7611111111111111
548,4,5.48,90394.76071533008,0.09039476071533,169.62766871860177,0.7611111111111111
549,4,5.49,91364.8845308012,0.0913648845308012,170.53546844042302,0.7583333333333333
550,4,5.5,92388.90909519183,0.0923889090951918,171.48849272978958,0.7583333333333333
551,4,5.51,91577.4627137984,0.0915774627137984,170.73374515141845,0.7638888888888888
552,4,5.52,91109.71642014476,0.0911097164201447,170.29716223100644,0.7555555555555555
553,4,5.53,90913.53243667474,0.0909135324366747,170.11371538616248,0.7583333333333333
554,4,5.54,91302.09804826073,0.0913020980482607,170.47686188478235,0.7666666666666667
555,4,5.55,90874.47882763528,0.0908744788276352,170.07717369663655,0.7638888888888888
556,4,5.56,91403.3655370582,0.0914033655370582,170.57137767197756,0.7666666666666667
557,4,5.57,90913.60790532996,0.0909136079053299,170.11378599309154,0.7555555555555555
558,4,5.58,91042.3139213989,0.0910423139213989,170.2341580947532,0.7638888888888888
559,4,5.59,91534.07189948032,0.0915340718994803,170.69329221812583,0.7638888888888888
560,4,5.6,90902.78079558587,0.0909027807955858,170.10365607132908,0.7638888888888888
561,4,5.61,90726.3052653992,0.0907263052653992,169.93845916361917,0.7638888888888888
562,4,5.62,90931.75248042772,0.0909317524804277,170.13076083571005,0.7694444444444445
563,4,5.63,90254.19502355628,0.0902541950235562,169.4957301691044,0.7611111111111111
564,4,5.64,90696.49140325302,0.090696491403253,169.91053485831483,0.7666666666666667
565,4,5.65,91350.80709805018,0.0913508070980501,170.5223299458982,0.7611111111111111
566,4,5.66,91045.99453173044,0.0910459945317304,170.23759912805733,0.7694444444444445
567,4,5.67,90654.96544772832,0.0906549654477283,169.87163310471198,0.7638888888888888
568,4,5.68,90863.3459954081,0.0908633459954081,170.066755487593,0.7555555555555555
569,4,5.69,90559.00968380849,0.0905590096838084,169.78170709876218,0.7583333333333333
570,4,5.7,89360.98794235113,0.0893609879423511,168.65493144643258,0.7638888888888888
571,4,5.71,89659.43175511273,0.0896594317551127,168.93632977330032,0.7583333333333333
572,4,5.72,89026.29852838053,0.0890262985283805,168.3387981183571,0.7555555555555555
573,4,5.73,90037.78861836523,0.0900377886183652,169.2924045766733,0.7666666666666667
574,4,5.74,90078.26152410348,0.0900782615241034,169.3304496343499,0.7555555555555555
575,4,5.75,89941.30192495986,0.0899413019249598,169.20167132435753,0.7666666666666667
576,4,5.76,90188.7414934892,0.0901887414934892,169.43425875498693,0.7722222222222223
577,4,5.77,89032.85233169621,0.0890328523316962,168.34499425976543,0.7638888888888888
578,4,5.78,87517.45560201479,0.0875174556020148,166.9061752355864,0.7555555555555555
579,4,5.79,90027.96038354658,0.0900279603835465,169.28316461788376,0.7583333333333333
580,4,5.8,89702.68313653099,0.0897026831365309,168.977071993717,0.7694444444444445
581,4,5.81,88796.3382463209,0.0887963382463209,168.12124291928066,0.7638888888888888
582,4,5.82,89388.8661311172,0.0893888661311172,168.68123726216265,0.7611111111111111
583,4,5.83,88431.14724885118,0.0884311472488511,167.77517222725135,0.7638888888888888
584,4,5.84,89451.9730852925,0.0894519730852925,168.7407697377695,0.7638888888888888
585,4,5.85,92517.890528322,0.0925178905283219,171.60815599508834,0.7694444444444445
586,4,5.86,87648.22078161928,0.0876482207816192,167.03082105171185,0.7638888888888888
587,4,5.87,88283.49108558818,0.0882834910855881,167.63504406704843,0.7611111111111111
588,4,5.88,87456.1002214524,0.0874561002214524,166.84765898138548,0.7611111111111111
589,4,5.89,89313.26044809952,0.0893132604480995,168.60988632917648,0.7666666666666667
590,4,5.9,89362.558775932,0.089362558775932,168.6564137916469,0.7555555555555555
591,4,5.91,89577.28988699144,0.0895772898869914,168.85892617383502,0.7722222222222223
592,4,5.92,88203.81009700974,0.0882038100970097,167.5593767980648,0.7611111111111111
593,4,5.93,88146.80365404164,0.0881468036540416,167.50522092932786,0.7583333333333333
594,4,5.94,88182.73549512641,0.0881827354951264,167.53935805902145,0.7666666666666667
595,4,5.95,88851.0036753524,0.0888510036753524,168.17298495066618,0.7638888888888888
596,4,5.96,88491.45257079549,0.0884914525707954,167.83236933335664,0.7638888888888888
597,4,5.97,87295.23912276715,0.0872952391227671,166.6941439569933,0.7666666666666667
598,4,5.98,88818.55292502692,0.0888185529250269,168.1422715219891,0.7583333333333333
599,4,5.99,89595.56522625008,0.08959556522625,168.87615038761413,0.7638888888888888
600,4,6.0,87336.14821650891,0.0873361482165089,166.73319824956164,0.7666666666666667
601,4,6.01,87157.86261921468,0.0871578626192146,166.56292903988177,0.7666666666666667
602,4,6.02,88738.61953697275,0.0887386195369727,168.06659360182348,0.7638888888888888
603,4,6.03,87756.96050402022,0.0877569605040202,167.1344013357815,0.7638888888888888
604,4,6.04,88102.33209012685,0.0881023320901268,167.4629609798382,0.7666666666666667
605,4,6.05,89558.85826210926,0.0895588582621092,168.84155288364957,0.7611111111111111
606,4,6.06,88596.1701452992,0.0885961701452992,167.93164334118194,0.7694444444444445
607,4,6.07,89188.50598613518,0.0891885059861351,168.49208642944933,0.7666666666666667
608,4,6.08,87974.16871971021,0.0879741687197102,167.34111160227354,0.7638888888888888
609,4,6.09,88998.31812766074,0.0889983181276607,168.3123421314209,0.7666666666666667
610,4,6.1,89087.91939308663,0.0890879193930866,168.39704713077398,0.7694444444444445
611,4,6.11,89782.73529073232,0.0897827352907323,169.0524541426785,0.7638888888888888
612,4,6.12,88810.3600237616,0.0888103600237616,168.134516358495,0.7694444444444445
613,4,6.13,90082.10183754122,0.0900821018375412,169.3340591349076,0.7638888888888888
614,4,6.14,91146.28605579928,0.0911462860557992,170.33133575621574,0.7611111111111111
615,4,6.15,89910.49818126543,0.0899104981812654,169.1726941406518,0.7611111111111111
616,4,6.16,90339.44133282668,0.0903394413328266,169.5757567830947,0.7694444444444445
617,4,6.17,90235.83787117548,0.0902358378711754,169.47849209404967,0.7583333333333333
618,4,6.18,89864.95386748142,0.0898649538674814,169.12984135707575,0.7527777777777778
619,4,6.19,91355.26850496903,0.091355268504969,170.52649389495562,0.7666666666666667
620,4,6.2,90805.67686214988,0.0908056768621498,170.01277795163807,0.7638888888888888
621,4,6.21,91972.43906797218,0.0919724390679721,171.1015388936401,0.7722222222222223
622,4,6.22,89815.55549951227,0.0898155554995122,169.08335000402516,0.7555555555555555
623,4,6.23,90990.97485525496,0.0909909748552549,170.18615351998636,0.7555555555555555
624,4,6.24,91184.75675307147,0.0911847567530714,170.3672783833997,0.7583333333333333
625,4,6.25,91348.60889295871,0.0913486088929587,170.52027826556375,0.7527777777777778
626,4,6.26,91977.41831596446,0.0919774183159644,171.10617041951923,0.7583333333333333
627,4,6.27,92501.15584679664,0.0925011558467966,171.59263500938178,0.7555555555555555
628,4,6.28,91982.62489327662,0.0919826248932766,171.11101326526352,0.7555555555555555
629,4,6.29,92151.4983608016,0.0921514983608016,171.268014979133,0.7527777777777778
630,4,6.3,92085.67007280936,0.0920856700728093,171.20683152267625,0.7583333333333333
631,4,6.31,91398.61115159314,0.0913986111515931,170.5669414424148,0.7527777777777778
632,4,6.32,93016.9158826866,0.0930169158826866,172.070345811779,0.7583333333333333
633,4,6.33,92803.54574332964,0.0928035457433296,171.87287768293012,0.75
634,4,6.34,95089.82898756696,0.0950898289875669,173.9771037874483,0.7527777777777778
635,4,6.35,92977.61381069243,0.0929776138106924,172.03398986747345,0.7527777777777778
636,4,6.36,93373.5845710012,0.0933735845710011,172.39992771856936,0.7555555555555555
637,4,6.37,93758.48350940594,0.0937584835094059,172.75489056650125,0.7555555555555555
638,4,6.38,93868.18847633,0.09386818847633,172.85592957772442,0.7611111111111111
639,4,6.39,93926.227318542,0.093926227318542,172.9093598607026,0.7527777777777778
640,4,6.4,94089.58682951692,0.0940895868295169,173.05965929350327,0.7527777777777778
641,4,6.41,92309.13007197142,0.0923091300719714,171.4144354683524,0.7472222222222222
642,4,6.42,94520.86147343984,0.0945208614734398,173.45582912547067,0.7527777777777778
643,4,6.43,92776.6252399036,0.0927766252399035,171.84794738555917,0.7527777777777778
644,4,6.44,92332.06063711908,0.092332060637119,171.4357247265465,0.75
645,4,6.45,93887.50935275968,0.0938875093527596,172.87371811862124,0.75
646,4,6.46,96369.9576052647,0.0963699576052647,175.14425550633553,0.7472222222222222
647,4,6.47,95186.3517079011,0.0951863517079011,174.06538075789877,0.7555555555555555
648,4,6.48,95068.99237414064,0.0950689923741406,173.95804132669568,0.7583333333333333
649,4,6.49,94861.787730432,0.094861787730432,173.76836552049605,0.7444444444444445
650,4,6.5,95719.11563735236,0.0957191156373523,174.55182841820567,0.7611111111111111
651,4,6.51,95351.71841072672,0.0953517184107267,174.21651653832157,0.75
652,4,6.52,95237.8908332892,0.0952378908332892,174.1124986654564,0.7555555555555555
653,4,6.53,95285.56014082428,0.0952855601408242,174.15606737459512,0.7527777777777778
654,4,6.54,95447.02991552892,0.0954470299155289,174.303566311745,0.75
655,4,6.55,96118.06629263372,0.0961180662926337,174.91521014998747,0.7527777777777778
656,4,6.56,95619.83150757206,0.095619831507572,174.4612784662789,0.7527777777777778
657,4,6.57,98365.40470865056,0.0983654047086505,176.94824321601234,0.75
658,4,6.58,96758.20434312918,0.0967582043431291,175.49670370639276,0.7611111111111111
659,4,6.59,96881.40840136848,0.0968814084013684,175.6083998035542,0.7555555555555555
660,4,6.6,96324.07776332591,0.0963240777633259,175.10255917491006,0.7444444444444445
661,4,6.61,98313.97044903792,0.0983139704490379,176.9019749576296,0.75
662,4,6.62,96263.67378955656,0.0962636737895565,175.04764793503313,0.7527777777777778
663,4,6.63,97130.96133870848,0.0971309613387084,175.83442566416412,0.7555555555555555
664,4,6.64,97043.86079192208,0.097043860791922,175.75556970836612,0.7583333333333333
665,4,6.65,98362.24189928576,0.0983622418992857,176.94539842489303,0.75
666,4,6.66,97438.62697582768,0.0974386269758277,176.1126862624625,0.75
667,4,6.67,97070.96416280784,0.0970709641628078,175.78011137331262,0.7583333333333333
668,4,6.68,97514.22878641912,0.0975142287864191,176.1809951904722,0.7527777777777778
669,4,6.69,97355.02165120534,0.0973550216512053,176.03711501048764,0.7555555555555555
670,4,6.7,96844.25261790586,0.0968442526179058,175.57472206544963,0.7472222222222222
671,4,6.71,97900.91345439757,0.0979009134543975,176.52996521542292,0.7583333333333333
672,4,6.72,97184.7442132686,0.0971847442132686,175.8831000105648,0.7472222222222222
673,4,6.73,96912.5185035912,0.0969125185035911,175.63659281215467,0.7444444444444445
674,4,6.74,99049.0983787668,0.0990490983787668,177.56212217573977,0.7472222222222222
675,4,6.75,96101.16604957702,0.096101166049577,174.89983198211033,0.7527777777777778
676,4,6.76,96322.62855166108,0.096322628551661,175.10124194648876,0.7527777777777778
677,4,6.77,95707.45495469827,0.0957074549546982,174.54119597840014,0.7444444444444445
678,4,6.78,97190.4439102876,0.0971904439102876,175.88825753652725,0.7527777777777778
679,4,6.79,96985.25587364218,0.0969852558736421,175.70249218108674,0.75
680,4,6.8,98117.01664884496,0.0981170166488449,176.72469098059537,0.7583333333333333
681,4,6.81,98284.17229710576,0.0982841722971057,176.87516416263705,0.75
682,4,6.82,99812.82471873888,0.0998128247187389,178.2453614428842,0.75
683,4,6.83,96856.23605843012,0.0968562360584301,175.58558447648616,0.7472222222222222
684,4,6.84,96365.80108367128,0.0963658010836712,175.14047840220493,0.75
685,4,6.85,98258.92053185472,0.0982589205318547,176.852440783374,0.7472222222222222
686,4,6.86,98951.7018939728,0.0989517018939727,177.4748009368171,0.7583333333333333
687,4,6.87,99933.27492243184,0.0999332749224318,178.35287877276534,0.7472222222222222
688,4,6.88,98633.3461003886,0.0986333461003886,177.18907746004302,0.75
689,4,6.89,96893.1436110897,0.0968931436110897,175.61903517226042,0.7555555555555555
690,4,6.9,96938.9185848334,0.0969389185848333,175.66051389403955,0.75
691,4,6.91,96306.46028407793,0.0963064602840779,175.08654549047623,0.7472222222222222
692,4,6.92,96682.21936222073,0.0966822193622207,175.42778069959374,0.7527777777777778
693,4,6.93,98206.08130815571,0.0982060813081557,176.8048827486253,0.7583333333333333
694,4,6.94,99426.95410794884,0.0994269541079488,177.90048466966627,0.7472222222222222
695,4,6.95,96759.7241431146,0.0967597241431146,175.49808198145584,0.75
696,4,6.96,98551.20652551486,0.0985512065255148,177.11528260545975,0.7555555555555555
697,4,6.97,97122.97271092776,0.0971229727109277,175.82719468116082,0.7555555555555555
698,4,6.98,99143.5171283404,0.0991435171283404,177.64673273939698,0.7472222222222222
699,4,6.99,96278.83355504928,0.0962788335550492,175.06143079163914,0.7444444444444445
700,4,7.0,97677.74194536888,0.0976777419453688,176.32864464210016,0.75
701,4,7.01,96289.85169375494,0.0962898516937549,175.0714475101329,0.7472222222222222
702,4,7.02,97640.72674201951,0.0976407267420195,176.295231405035,0.7527777777777778
703,4,7.03,97259.12916251375,0.0972591291625137,175.95039736827636,0.7472222222222222
704,4,7.04,96512.70167226698,0.0965127016722669,175.27392014954606,0.7388888888888889
705,4,7.05,97531.90126655895,0.0975319012665589,176.19695908683298,0.7444444444444445
706,4,7.06,94105.8915603848,0.0941058915603848,173.07465334880854,0.7388888888888889
707,4,7.07,98759.33849964688,0.0987593384996468,177.3022103568059,0.7416666666666667
708,4,7.08,96910.4076761493,0.0969104076761493,175.63468005328514,0.7472222222222222
709,4,7.09,97659.91085069344,0.0976599108506934,176.3125494898289,0.7277777777777777
710,4,7.1,98155.90606038072,0.0981559060603807,176.75971058571756,0.7361111111111112
711,4,7.11,98810.49038958602,0.098810490389586,177.34812079543914,0.7305555555555555
712,4,7.12,96993.48886467688,0.0969934888646768,175.70994963599549,0.7333333333333333
713,4,7.13,96962.56437238792,0.0969625643723879,175.68193654859135,0.7277777777777777
714,4,7.14,97713.07341084236,0.0977130734108423,176.36053208151085,0.725
715,4,7.15,95831.18817653495,0.0958311881765349,174.65398535770743,0.7277777777777777
716,4,7.16,95699.85798710871,0.0956998579871087,174.53426856546398,0.7305555555555555
717,4,7.17,96798.77766710172,0.0967987776671017,175.53349509978207,0.725
718,4,7.18,96355.1948907189,0.0963551948907189,175.13083999936077,0.7277777777777777
719,4,7.19,97762.970709675,0.0977629707096749,176.40555569365128,0.7305555555555555
720,4,7.2,94923.50130244638,0.0949235013024463,173.82487996759443,0.7194444444444444
721,4,7.21,97345.45447756162,0.0973454544775616,176.0284651278367,0.725
722,4,7.22,98931.8508779404,0.0989318508779403,177.45699815140838,0.7277777777777777
723,4,7.23,98168.28318923556,0.0981682831892355,176.77085463623155,0.7222222222222222
724,4,7.24,95115.63560674909,0.095115635606749,174.00071018327256,0.7194444444444444
725,4,7.25,95750.21803981434,0.0957502180398143,174.58018503348666,0.725
726,4,7.26,96983.2234337206,0.0969832234337206,175.7006511454205,0.7194444444444444
727,4,7.27,94667.33702171466,0.0946673370217146,173.59017619872546,0.7166666666666667
728,4,7.28,97287.66668430154,0.0972876666843015,175.97620892997605,0.725
729,4,7.29,96306.29570642364,0.0963062957064236,175.08639588812775,0.725
730,4,7.3,98000.82919469028,0.0980008291946902,176.62002374271998,0.7194444444444444
731,4,7.31,97161.73434265389,0.0971617343426538,175.86227736507297,0.725
732,4,7.32,95517.67035909135,0.0955176703590913,174.36805550485215,0.7138888888888889
733,4,7.33,96428.79572714734,0.0964287957271473,175.19771400548655,0.725
734,4,7.34,97742.7506996522,0.0977427506996522,176.3873120451041,0.7194444444444444
735,4,7.35,92967.00945315986,0.0929670094531598,172.02417910829482,0.7166666666666667
736,4,7.36,98283.2308948953,0.0982832308948953,176.87431707268678,0.725
737,4,7.37,98866.45367244056,0.0988664536724405,177.39833600084745,0.725
738,4,7.38,98268.45979385063,0.0982684597938506,176.86102524987524,0.725
739,4,7.39,97493.72617262916,0.0974937261726291,176.16247296641598,0.7277777777777777
740,4,7.4,95361.18394359376,0.0953611839435937,174.22516353109518,0.7222222222222222
741,4,7.41,99137.90651417682,0.0991379065141768,177.6417060800388,0.7305555555555555
742,4,7.42,95990.58460087802,0.095990584600878,174.79917636825698,0.7305555555555555
743,4,7.43,96995.52640910518,0.0969955264091051,175.7117951977588,0.7361111111111112
744,4,7.44,95231.99805415473,0.0952319980541547,174.10711203645002,0.7166666666666667
745,4,7.45,97070.39990179754,0.0970703999017975,175.7796004789982,0.7333333333333333
746,4,7.46,95739.24235351173,0.0957392423535117,174.57017883037372,0.7388888888888889
747,4,7.47,97220.22276323612,0.0972202227632361,175.91520128325598,0.7416666666666667
748,4,7.48,97218.73222060857,0.0972187322206085,175.9138527463779,0.7333333333333333
749,4,7.49,95712.9298782549,0.0957129298782549,174.54618820204712,0.7305555555555555
750,4,7.5,97059.05194344996,0.0970590519434499,175.76932547297943,0.7333333333333333
751,4,7.51,97643.34879608075,0.0976433487960807,176.29759851423003,0.7416666666666667
752,4,7.52,96799.7422552624,0.0967997422552624,175.5343696826717,0.7388888888888889
753,4,7.53,96554.95983093152,0.0965549598309315,175.3122878587359,0.7333333333333333
754,4,7.54,95708.51224895712,0.0957085122489571,174.54216006680298,0.7416666666666667
755,4,7.55,95259.23212164135,0.0952592321216413,174.1320054860535,0.7333333333333333
756,4,7.56,97439.95018885606,0.097439950188856,176.11388206035605,0.7361111111111112
757,4,7.57,95695.4094030156,0.0956954094030156,174.5302119272911,0.7388888888888889
758,4,7.58,98587.86081456086,0.0985878608145608,177.14821691167614,0.7444444444444445
759,4,7.59,97482.14824039336,0.0974821482403933,176.15201251007898,0.7361111111111112
760,4,7.6,96518.09417993136,0.0965180941799313,175.27881666958598,0.7361111111111112
761,4,7.61,93778.50232095178,0.0937785023209517,172.7733324337657,0.7333333333333333
762,4,7.62,95882.43814941034,0.0958824381494103,174.7006810930145,0.7361111111111112
763,4,7.63,96279.44695441448,0.0962794469544144,175.06198845522684,0.7361111111111112
764,4,7.64,96125.59135551256,0.0961255913555125,174.92205705319947,0.7305555555555555
765,4,7.65,98785.35523733911,0.0987853552373391,177.32556268689166,0.7388888888888889
766,4,7.66,97669.1973453928,0.0976691973453928,176.32093208315956,0.7388888888888889
767,4,7.67,97094.44942778928,0.0970944494277892,175.80137413125476,0.7444444444444445
768,4,7.68,98261.51622944955,0.0982615162294495,176.85477671593375,0.75
769,4,7.69,96565.82485110112,0.0965658248511011,175.32215124620691,0.75
770,4,7.7,97212.26146478637,0.0972122614647863,175.90799834721855,0.7444444444444445
771,4,7.71,94379.91168501988,0.0943799116850198,173.32645195265175,0.7361111111111112
772,4,7.72,93682.34614538554,0.0936823461453855,172.6847327906209,0.7333333333333333
773,4,7.73,97801.54541639074,0.0978015454163907,176.44035476639175,0.7444444444444445
774,4,7.74,98256.52497085964,0.0982565249708596,176.85028493132012,0.7472222222222222
775,4,7.75,98198.40100895092,0.0981984010089509,176.79796901715076,0.75
776,4,7.76,98865.21877383642,0.0988652187738364,177.3972280940022,0.7416666666666667
777,4,7.77,98364.23743756236,0.0983642374375623,176.9471933185317,0.7416666666666667
778,4,7.78,98516.31456657742,0.0985163145665774,177.0839260828994,0.7472222222222222
779,4,7.79,99204.46196941874,0.0992044619694187,177.7013252578885,0.7444444444444445
780,4,7.8,98894.42192662878,0.0988944219266287,177.42342626518345,0.7472222222222222
781,4,7.81,98883.99135777156,0.0988839913577715,177.41406943783008,0.75
782,4,7.82,98304.0815799816,0.0983040815799816,176.89307792880427,0.7555555555555555
783,4,7.83,98125.63914094536,0.0981256391409453,176.73245606471392,0.75
784,4,7.84,95223.57656754414,0.0952235765675441,174.09941360966283,0.75
785,4,7.85,96419.5664435078,0.0964195664435078,175.1893296423141,0.75
786,4,7.86,97563.56429227516,0.0975635642922751,176.2255572996126,0.7444444444444445
787,4,7.87,94908.06557680533,0.0949080655768053,173.81074636418958,0.7555555555555555
788,4,7.88,92666.33156486052,0.0926663315648605,171.74576982703292,0.7472222222222222
789,4,7.89,94218.5480948217,0.0942185480948217,173.17821837767215,0.7444444444444445
790,4,7.9,93325.5451195356,0.0933255451195356,172.35557329265453,0.7527777777777778
791,4,7.91,93240.71016342692,0.0932407101634269,172.27721799418586,0.7555555555555555
792,4,7.92,94339.80420146698,0.0943398042014669,173.28961982175977,0.7638888888888888
793,4,7.93,94169.98776921302,0.094169987769213,173.13358452000915,0.7555555555555555
794,4,7.94,92955.13828999644,0.0929551382899964,172.0131956836082,0.7583333333333333
795,4,7.95,92423.10477600394,0.0924231047760039,171.52022610177022,0.7638888888888888
796,4,7.96,91724.74635000534,0.0917247463500053,170.87098516397472,0.7583333333333333
797,4,7.97,91868.2820401576,0.0918682820401576,171.0046268382904,0.7555555555555555
798,4,7.98,91874.4936478602,0.0918744936478602,171.01040791789185,0.7583333333333333
799,4,7.99,90992.02926296931,0.0909920292629693,170.18713957972244,0.7555555555555555
800,4,8.0,91140.4449543129,0.0911404449543129,170.32587783465954,0.7666666666666667
801,4,8.01,90704.22549461402,0.090704225494614,169.9177792156532,0.7583333333333333
802,4,8.02,91099.25077293086,0.0910992507729308,170.28738105027108,0.7638888888888888
803,4,8.03,90863.60675312889,0.0908636067531288,170.06699951441834,0.7583333333333333
804,4,8.04,89368.45715303389,0.0893684571530338,168.66197978442915,0.7611111111111111
805,4,8.05,89185.37541711915,0.0891853754171191,168.48912931783417,0.7583333333333333
806,4,8.06,91059.39373603545,0.0910593937360354,170.2501255684777,0.7722222222222223
807,4,8.07,91132.62509449862,0.0911326250944986,170.3185706887535,0.7583333333333333
808,4,8.08,90839.8568417796,0.0908398568417796,170.04477202271966,0.7611111111111111
809,4,8.09,90661.342727333,0.0906613427273329,169.87760795586627,0.7666666666666667
810,4,8.1,89466.40912024115,0.0894664091202411,168.7543851410576,0.7555555555555555
811,4,8.11,90484.01044715066,0.0904840104471506,169.71138755807007,0.7583333333333333
812,4,8.12,90770.33728187696,0.0907703372818769,169.97969210778845,0.7638888888888888
813,4,8.13,91136.25418970906,0.091136254189709,170.3219618790933,0.7611111111111111
814,4,8.14,90963.6492011364,0.0909636492011364,170.16059715479372,0.7666666666666667
815,4,8.15,90069.9809444369,0.0900699809444369,169.32266647735003,0.7638888888888888
816,4,8.16,89759.86862488877,0.0897598686248887,169.03092488021338,0.7638888888888888
817,4,8.17,90355.0783668175,0.0903550783668175,169.59043225096505,0.7611111111111111
818,4,8.18,90580.55676450276,0.0905805567645027,169.801904330232,0.7666666666666667
819,4,8.19,90319.62869258366,0.0903196286925836,169.55716065474363,0.7611111111111111
820,4,8.2,90026.3421499214,0.0900263421499214,169.28164319643307,0.7638888888888888
821,4,8.21,90477.16397855604,0.090477163978556,169.70496683434558,0.7638888888888888
822,4,8.22,89936.12616683234,0.0899361261668323,169.19680281842042,0.7666666666666667
823,4,8.23,89545.54979018406,0.089545549790184,168.82900746607035,0.7666666666666667
824,4,8.24,92291.94837750251,0.0922919483775025,171.3984818594468,0.7583333333333333
825,4,8.25,90683.83371621348,0.0906838337162134,169.89867800815202,0.775
826,4,8.26,90456.65633944416,0.0904566563394441,169.68573300067018,0.7666666666666667
827,4,8.27,91643.97573433272,0.0916439757343327,170.79573614533098,0.7666666666666667
828,4,8.28,92869.88819690591,0.0928698881969059,171.93430007377378,0.7666666666666667
829,4,8.29,89257.36066932176,0.0892573606693217,168.55711291938218,0.7666666666666667
830,4,8.3,89292.02246918798,0.0892920224691879,168.58983809615486,0.7583333333333333
831,4,8.31,88712.05073727945,0.0887120507372794,168.04143171644927,0.7666666666666667
832,4,8.32,90302.06369737876,0.0903020636973787,169.5406724584813,0.7694444444444445
833,4,8.33,88908.78917738823,0.0889087891773882,168.22766289701906,0.7722222222222223
834,4,8.34,87984.9443562016,0.0879849443562015,167.3513597910387,0.7611111111111111
835,4,8.35,88656.49054485337,0.0886564905448533,167.98880145648576,0.775
836,4,8.36,89297.69082344454,0.0892976908234445,168.595189143955,0.7694444444444445
837,4,8.37,90603.7041903456,0.0906037041903456,169.82359897452045,0.7638888888888888
838,4,8.38,89163.73730126412,0.0891637373012641,168.4686886993746,0.7805555555555556
839,4,8.39,91599.4579590531,0.0915994579590531,170.7542474945883,0.7694444444444445
840,4,8.4,88820.18938345935,0.0888201893834593,168.14382050337645,0.7694444444444445
841,4,8.41,89644.89942798858,0.0896448994279885,168.9226383107972,0.7722222222222223
842,4,8.42,88215.84744760723,0.0882158474476072,167.57080998985026,0.775
843,4,8.43,89114.8409934492,0.0891148409934492,168.42248927596165,0.775
844,4,8.44,92924.19125107664,0.0929241912510766,171.98455960013098,0.7722222222222223
845,4,8.45,87675.35574207528,0.0876753557420752,167.0566745370664,0.7722222222222223
846,4,8.46,91335.6294997456,0.0913356294997456,170.50816353063243,0.7777777777777778
847,4,8.47,89042.61515404333,0.0890426151540433,168.35422387095196,0.7722222222222223
848,4,8.48,87866.40008470307,0.087866400084703,167.23858349777197,0.7638888888888888
849,4,8.49,91936.84975494472,0.0919368497549447,171.06843128290126,0.775
850,4,8.5,88166.02656358863,0.0881660265635886,167.52348456480053,0.7777777777777778
851,4,8.51,87691.96116809099,0.0876919611680909,167.0724937823352,0.775
852,4,8.52,92704.98887361964,0.0927049888736196,171.7815894007022,0.7833333333333333
853,4,8.53,88884.82534831122,0.0888848253483112,168.20498993813192,0.7666666666666667
854,4,8.54,90336.3614489172,0.0903363614489171,169.57286614037812,0.7777777777777778
855,4,8.55,89011.47461638381,0.0890114746163838,168.3247823530228,0.7777777777777778
856,4,8.56,88902.6495640861,0.0889026495640861,168.22185430015233,0.7694444444444445
857,4,8.57,89061.84774905337,0.0890618477490533,168.3724045689176,0.7694444444444445
858,4,8.58,89236.96275438291,0.0892369627543829,168.5378517061814,0.775
859,4,8.59,91546.14679276932,0.0915461467927693,170.70455051395376,0.775
860,4,8.6,88716.17188302682,0.0887161718830268,168.04533487945412,0.7722222222222223
861,4,8.61,90064.05203610922,0.0900640520361092,169.3170935046575,0.7638888888888888
862,4,8.62,88883.15585700015,0.0888831558570001,168.20341026417344,0.7611111111111111
863,4,8.63,88668.5064941346,0.0886685064941346,168.00018514940595,0.7666666666666667
864,4,8.64,89532.14493659961,0.0895321449365996,168.81637025051708,0.7694444444444445
865,4,8.65,89469.83140696975,0.0894698314069697,168.7576127232057,0.7583333333333333
866,4,8.66,89925.43419606955,0.0899254341960695,169.18674511905138,0.7611111111111111
867,4,8.67,89525.09919489152,0.0895250991948915,168.8097276086852,0.7611111111111111
868,4,8.68,90219.41375662926,0.0902194137566292,169.4630677299363,0.7638888888888888
869,4,8.69,91110.24744582572,0.0911102474458257,170.29765851196484,0.7611111111111111
870,4,8.7,90493.7995482622,0.0904937995482622,169.7205675059629,0.7583333333333333
871,4,8.71,90787.64647816366,0.0907876464781636,169.99589823686483,0.7583333333333333
872,4,8.72,91600.246673629,0.091600246673629,170.75498263034666,0.7638888888888888
873,4,8.73,90990.75528999673,0.0909907552899967,170.18594818649396,0.7611111111111111
874,4,8.74,91606.54294208335,0.0916065429420833,170.76085106834378,0.7583333333333333
875,4,8.75,91854.0970118975,0.0918540970118974,170.99142424511226,0.7611111111111111
876,4,8.76,93049.31949687169,0.0930493194968716,172.10031463808656,0.7583333333333333
877,4,8.77,92222.05227823649,0.0922220522782364,171.33356636783418,0.8
878,4,8.78,92543.34541257756,0.0925433454125775,171.63176205278785,0.75
879,4,8.79,92940.709852738,0.092940709852738,171.99984527628433,0.7555555555555555
880,4,8.8,93091.23469087388,0.0930912346908738,172.13907261037687,0.7527777777777778
881,4,8.81,91504.33110718004,0.09150433110718,170.6655595603588,0.7472222222222222
882,4,8.82,91853.14637709326,0.0918531463770932,170.99053941348808,0.7416666666666667
883,4,8.83,93393.73224020516,0.0933937322402051,172.41852649776106,0.7472222222222222
884,4,8.84,91990.36557564016,0.0919903655756401,171.11821293008907,0.7416666666666667
885,4,8.85,92829.77536360578,0.0928297753636057,171.89716469580353,0.7472222222222222
886,4,8.86,94343.73920703828,0.0943437392070382,173.29323382390203,0.7472222222222222
887,4,8.87,93054.17691957092,0.0930541769195709,172.10480662722625,0.7416666666666667
888,4,8.88,95865.31427813663,0.0958653142781366,174.68508029264262,0.7444444444444445
889,4,8.89,94045.22238700512,0.0940452223870051,173.01885456255016,0.7472222222222222
890,4,8.9,95023.41601150048,0.0950234160115004,173.91633832223962,0.75
891,4,8.91,96439.18917529272,0.0964391891752927,175.20715547615197,0.7444444444444445
892,4,8.92,96001.17744603955,0.0960011774460395,174.80882090546444,0.7388888888888889
893,4,8.93,95880.102264599,0.095880102264599,174.69855305392403,0.7416666666666667
894,4,8.94,94609.13816918412,0.0946091381691841,173.53680878297698,0.75
895,4,8.95,94837.28623161685,0.0948372862316168,173.7459230784007,0.7527777777777778
896,4,8.96,95464.05872448633,0.0954640587244863,174.3191144631992,0.7416666666666667
897,4,8.97,95057.53713750366,0.0950575371375036,173.94756056682783,0.7472222222222222
898,4,8.98,97942.30536611249,0.0979423053661124,176.5672791704775,0.7472222222222222
899,4,8.99,95079.0156900367,0.0950790156900367,173.9672114588333,0.7472222222222222
900,4,9.0,97486.12256547144,0.0974861225654714,176.15560331228264,0.75
901,4,9.01,95549.69328466292,0.0955496932846629,174.39728207267785,0.7472222222222222
902,4,9.02,97414.8986144824,0.0974148986144823,176.09124137952287,0.7444444444444445
903,4,9.03,95894.54604235264,0.0958945460423526,174.71171121704333,0.75
904,4,9.04,96026.4779003743,0.0960264779003743,174.83185422313184,0.7555555555555555
905,4,9.05,96247.7191548316,0.0962477191548316,175.03314123223606,0.7472222222222222
906,4,9.06,97807.50017980296,0.0978075001798029,176.44572607505734,0.7472222222222222
907,4,9.07,95877.82076314656,0.0958778207631465,174.6964745341676,0.7472222222222222
908,4,9.08,96268.95645014817,0.0962689564501481,175.05245091308765,0.7444444444444445
909,4,9.09,98678.63889335394,0.0986786388933539,177.22975572661286,0.75
910,4,9.1,94738.0878648383,0.0947380878648383,173.65503150075045,0.75
911,4,9.11,97647.96809479273,0.0976479680947927,176.30176859672136,0.7472222222222222
912,4,9.12,97124.0829602797,0.0971240829602797,175.82819965179553,0.75
913,4,9.13,97008.56632406966,0.0970085663240696,175.72360599949943,0.7527777777777778
914,4,9.14,96638.86332449176,0.0966388633244917,175.388441995902,0.7444444444444445
915,4,9.15,97901.12164342092,0.0979011216434209,176.53015291327074,0.7527777777777778
916,4,9.16,94697.25553912332,0.0946972555391233,173.61760461593656,0.75
917,4,9.17,98235.12155767184,0.0982351215576718,176.83102205855556,0.7472222222222222
918,4,9.18,97350.78483083764,0.0973507848308376,176.03328446463362,0.7527777777777778
919,4,9.19,97795.21260382156,0.0977952126038215,176.43464227084783,0.75
920,4,9.2,98560.08057355211,0.0985600805735521,177.12325660294476,0.75
921,4,9.21,95516.91186393968,0.0955169118639396,174.3673631848512,0.7472222222222222
922,4,9.22,98005.8518592855,0.0980058518592855,176.62454968286434,0.7472222222222222
923,4,9.23,97295.69695565123,0.0972956969556512,175.98347145151425,0.7555555555555555
924,4,9.24,98003.59649914796,0.0980035964991479,176.62251738452247,0.7555555555555555
925,4,9.25,98588.44495059612,0.0985884449505961,177.14874171515066,0.75
926,4,9.26,96130.48490184514,0.0961304849018451,174.9265094486794,0.7416666666666667
927,4,9.27,97525.6885211716,0.0975256885211716,176.19134715748658,0.75
928,4,9.28,96453.1994050506,0.0964531994050506,175.219881647843,0.75
929,4,9.29,96571.87453537156,0.0965718745353715,175.32764297711137,0.75
930,4,9.3,96264.40758819524,0.0962644075881952,175.04831511028166,0.7527777777777778
931,4,9.31,98042.37298374932,0.0980423729837493,176.65745550541024,0.7444444444444445
932,4,9.32,99039.51269103229,0.0990395126910322,177.55352999132563,0.7416666666666667
933,4,9.33,98940.5304174983,0.0989405304174983,177.46478235457806,0.7444444444444445
934,4,9.34,98497.34657137998,0.0984973465713799,177.066877694676,0.7361111111111112
935,4,9.35,95210.5132866966,0.0952105132866966,174.08747125450665,0.7416666666666667
936,4,9.36,98593.29877040313,0.0985932987704031,177.15310245686211,0.75
937,4,9.37,98310.51272209467,0.0983105127220946,176.89886408691282,0.7388888888888889
938,4,9.38,96281.75615906404,0.096281756159064,175.06408782090963,0.7416666666666667
939,4,9.39,94539.12225404177,0.0945391222540417,173.47258355313528,0.7333333333333333
940,4,9.4,96986.76694195064,0.0969867669419506,175.70386093261055,0.7472222222222222
941,4,9.41,98624.2877287805,0.0986242877287805,177.18094085399122,0.7555555555555555
942,4,9.42,97282.85159197066,0.0972828515919706,175.9718540502281,0.75
943,4,9.43,95326.95889230235,0.0953269588923023,174.1938960906945,0.7305555555555555
944,4,9.44,94915.06291731748,0.0949150629173174,173.8171535675885,0.7333333333333333
945,4,9.45,98814.53231989848,0.0988145323198984,177.3517480490435,0.7333333333333333
946,4,9.46,99579.88267417307,0.099579882674173,178.03724644076942,0.7277777777777777
947,4,9.47,95031.09608892987,0.0950310960889298,173.92336640022853,0.7138888888888889
948,4,9.48,98556.75484032492,0.0985567548403249,177.12026822435533,0.7194444444444444
949,4,9.49,95612.05500067223,0.0956120550006722,174.45418408585763,0.725
950,4,9.5,94139.46135791886,0.0941394613579188,173.1055205077022,0.7138888888888889
951,4,9.51,95303.48897038026,0.0953034889703802,174.17245111406078,0.7138888888888889
952,4,9.52,98314.98631614582,0.0983149863161458,176.902888909292,0.7194444444444444
953,4,9.53,96198.55273408449,0.0961985527340844,174.98842925128451,0.6944444444444444
954,4,9.54,95646.21011269955,0.0956462101126995,174.48534108882706,0.7055555555555556
955,4,9.55,94690.57335240504,0.094690573352405,173.61147895943378,0.7055555555555556
956,4,9.56,94476.20250327,0.0944762025032699,173.41484730521958,0.7027777777777777
957,4,9.57,94768.88190393252,0.0947688819039325,173.683251963469,0.7055555555555556
958,4,9.58,95379.59992531998,0.0953795999253199,174.24198574535384,0.7083333333333334
959,4,9.59,94438.4052840974,0.0944384052840974,173.38015468143908,0.7055555555555556
960,4,9.6,94734.11145850556,0.0947341114585055,173.65138708366092,0.6972222222222222
961,4,9.61,93556.77103876822,0.0935567710387682,172.56895764033945,0.6916666666666667
962,4,9.62,96246.9249880896,0.0962469249880896,175.03241910714323,0.6888888888888889
963,4,9.63,95963.25554136066,0.0959632555413606,174.77429144241017,0.6888888888888889
964,4,9.64,94312.52353828656,0.0943125235382865,173.2645625428872,0.6888888888888889
965,4,9.65,93075.20059512512,0.0930752005951251,172.12424729818792,0.6888888888888889
966,4,9.66,94586.05825643396,0.0945860582564339,173.51564032725952,0.7027777777777777
967,4,9.67,94086.54462502275,0.0940865446250227,173.05686149649523,0.6888888888888889
968,4,9.68,92579.67778667166,0.0925796777866716,171.66544992865474,0.6861111111111111
969,4,9.69,96332.29534941116,0.0963322953494111,175.11002817798405,0.6777777777777778
970,4,9.7,97005.24202896544,0.0970052420289654,175.72059512040997,0.7
971,4,9.71,95060.77477487436,0.0950607747748743,173.95052284811683,0.6944444444444444
972,4,9.72,95414.66515034798,0.0954146651503479,174.2740118441983,0.6833333333333333
973,4,9.73,94865.05070990024,0.0948650507099002,173.77135406702646,0.6972222222222222
974,4,9.74,93331.60885673724,0.0933316088567372,172.36117252019986,0.6888888888888889
975,4,9.75,93913.37075180533,0.0939133707518053,172.89752558999592,0.7
976,4,9.76,95688.23511180644,0.0956882351118064,174.5236695338684,0.6916666666666667
977,4,9.77,93758.08161361254,0.0937580816136125,172.75452030913564,0.6972222222222222
978,4,9.78,95656.45949325804,0.095656459493258,174.49468970155897,0.6916666666666667
979,4,9.79,94700.2858727068,0.0947002858727067,173.62038249501046,0.6972222222222222
980,4,9.8,93052.98028458036,0.0930529802845803,172.1037000283471,0.6833333333333333
981,4,9.81,92232.535260024,0.0922325352600239,171.3433039282851,0.6861111111111111
982,4,9.82,93868.8913302432,0.0938688913302431,172.85657672049484,0.6916666666666667
983,4,9.83,91110.8812496435,0.0911108812496435,170.29825084444903,0.6861111111111111
984,4,9.84,93506.89473577746,0.0935068947357774,172.5229521563581,0.6972222222222222
985,4,9.85,93899.51094303202,0.093899510943032,172.88476694315818,0.6916666666666667
986,4,9.86,93160.14711214745,0.0931601471121474,172.2027753090317,0.6972222222222222
987,4,9.87,94897.2164504694,0.0948972164504693,173.80081175733173,0.6944444444444444
988,4,9.88,94969.8183093782,0.0949698183093782,173.86728288252928,0.6944444444444444
989,4,9.89,94870.74841846892,0.0948707484184689,173.7765724465006,0.7027777777777777
990,4,9.9,94871.72752413162,0.0948717275241316,173.77746916751303,0.6916666666666667
991,4,9.91,93164.16912956529,0.0931641691295652,172.2064925374167,0.7
992,4,9.92,94082.1709636439,0.0940821709636439,173.05283913117816,0.6861111111111111
993,4,9.93,95212.67214395184,0.0952126721439518,174.08944492241878,0.7055555555555556
994,4,9.94,93868.34573791076,0.0938683457379107,172.85607437430448,0.6972222222222222
995,4,9.95,94358.7406368538,0.0943587406368537,173.3070108003792,0.6916666666666667
996,4,9.96,95865.37204575444,0.0958653720457544,174.68513292450172,0.7055555555555556
997,4,9.97,93680.70430163004,0.09368070430163,172.68321957813157,0.7027777777777777
998,4,9.98,93987.5784139254,0.0939875784139254,172.9658214435057,0.6972222222222222
999,4,9.99,96593.08745722596,0.0965930874572259,175.34689810387445,0.6972222222222222
1000,4,10.0,95954.41096687308,0.095954410966873,174.76623711031272,0.7083333333333334
1001,4,10.01,95467.90790786334,0.0954679079078633,174.32262876734214,0.7111111111111111
1002,4,10.02,95544.302414428,0.095544302414428,174.39236229561843,0.7083333333333334
1003,4,10.03,98382.64614176066,0.0983826461417606,176.96375023106847,0.6916666666666667
1004,4,10.04,95931.35916942898,0.0959313591694289,174.7452431932763,0.7138888888888889
1005,4,10.05,93850.79879703064,0.0938507987970306,172.83991750559434,0.7027777777777777
1006,4,10.06,95101.54026315812,0.0951015402631581,173.9878169788593,0.7055555555555556
1007,4,10.07,93521.07422023482,0.0935210742202348,172.5360324420055,0.7027777777777777
1008,4,10.08,96801.36413855122,0.0968013641385512,175.53584021896472,0.7
1009,4,10.09,93878.2107822377,0.0938782107822377,172.86515724469172,0.7111111111111111
1010,4,10.1,93727.53503212603,0.093727535032126,172.72637612236093,0.7055555555555556
1011,4,10.11,95388.77603288264,0.0953887760328826,174.2503671222473,0.7055555555555556
1012,4,10.12,98290.36727849,0.09829036727849,176.8807384125788,0.7166666666666667
1013,4,10.13,95105.353941832,0.095105353941832,173.9913054974118,0.7083333333333334
1014,4,10.14,97821.19087299245,0.0978211908729924,176.4580747178918,0.7111111111111111
1015,4,10.15,95950.29500593472,0.0959502950059347,174.7624887744513,0.7194444444444444
1016,4,10.16,95833.21700493588,0.0958332170049358,174.65583413521475,0.7277777777777777
1017,4,10.17,97797.37149877108,0.097797371498771,176.43658971666764,0.7166666666666667
1018,4,10.18,98043.95995383603,0.098043959953836,176.65888523907785,0.7194444444444444
1019,4,10.19,94461.81573652654,0.0944618157365265,173.4016430597126,0.7166666666666667
1020,4,10.2,95054.99294915907,0.095054992949159,173.9452327223941,0.7138888888888889
1021,4,10.21,97636.10406525116,0.0976361040652511,176.2910581182121,0.7166666666666667
1022,4,10.22,97033.59508119887,0.0970335950811988,175.74627337813013,0.7083333333333334
1023,4,10.23,95268.10509385377,0.0952681050938537,174.14011510668644,0.7138888888888889
1024,4,10.24,94968.30838512877,0.0949683083851287,173.8659007198866,0.725
1025,4,10.25,98284.33227494684,0.0982843322749468,176.87530811305513,0.7222222222222222
1026,4,10.26,94082.9564887464,0.0940829564887464,173.05356156914942,0.7166666666666667
1027,4,10.27,94196.9097739725,0.0941969097739724,173.1583310990782,0.7166666666666667
1028,4,10.28,94167.62158880658,0.0941676215888065,173.13140936910116,0.7222222222222222
1029,4,10.29,96798.42026054426,0.0967984202605442,175.5331710415572,0.7333333333333333
1030,4,10.3,97504.4844916522,0.0975044844916522,176.17219236005153,0.7416666666666667
1031,4,10.31,94191.33522595189,0.0941913352259518,173.15320729132338,0.7361111111111112
1032,4,10.32,98390.2852935847,0.0983902852935847,176.97062048089123,0.7444444444444445
1033,4,10.33,94966.01015428896,0.0949660101542889,173.8637969317949,0.7472222222222222
1034,4,10.34,93878.48607178104,0.093878486071781,172.865410700392,0.7444444444444445
1035,4,10.35,93132.74609544231,0.0931327460954423,172.17744860934638,0.7416666666666667
1036,4,10.36,94326.64140314893,0.0943266414031489,173.27753024883395,0.7472222222222222
1037,4,10.37,93806.7425909226,0.0938067425909226,172.7993447828687,0.7527777777777778
1038,4,10.38,93176.77079413658,0.0931767707941365,172.2181387266009,0.7555555555555555
1039,4,10.39,92889.07607060828,0.0928890760706082,171.95206085346226,0.7555555555555555
1040,4,10.4,92697.78444527093,0.0926977844452709,171.7749143974863,0.7527777777777778
1041,4,10.41,92245.73467832692,0.0922457346783269,171.35556397852508,0.7666666666666667
1042,4,10.42,90324.1166342126,0.0903241166342126,169.56137321184812,0.7527777777777778
1043,4,10.43,94281.5774111148,0.0942815774111147,173.2361341492017,0.7555555555555555
1044,4,10.44,91878.40008014315,0.0918784000801431,171.0140434942673,0.7638888888888888
1045,4,10.45,91988.16647608568,0.0919881664760856,171.11616756244402,0.7555555555555555
1046,4,10.46,91664.219219137,0.0916642192191369,170.81459886897704,0.7583333333333333
1047,4,10.47,91015.85371801592,0.0910158537180159,170.20941818213876,0.7611111111111111
1048,4,10.48,91806.21886189442,0.0918062188618944,170.9468545393386,0.7611111111111111
1049,4,10.49,91461.30126675256,0.0914613012667525,170.62542716852428,0.7611111111111111
1050,4,10.5,89373.13532275963,0.0893731353227596,168.66639420013738,0.7472222222222222
1051,4,10.51,92022.35588608886,0.0920223558860888,171.14796413765848,0.7638888888888888
1052,4,10.52,91007.43379784492,0.0910074337978449,170.20154492269123,0.7666666666666667
1053,4,10.53,91219.8859661464,0.0912198859661464,170.40009248701253,0.7722222222222223
1054,4,10.54,91402.6517161741,0.0914026517161741,170.570711626211,0.7611111111111111
1055,4,10.55,91283.35129194109,0.091283351291941,170.45935926259006,0.7611111111111111
1056,4,10.56,91370.34008355404,0.091370340083554,170.5405598459508,0.7611111111111111
1057,4,10.57,90905.9308298775,0.0909059308298775,170.10660332829488,0.7666666666666667
1058,4,10.58,90785.82484444452,0.0907858248444445,169.99419276356676,0.7444444444444445
1059,4,10.59,90981.84915794052,0.0909818491579405,170.1776191226533,0.7583333333333333
1060,4,10.6,91807.38126316865,0.0918073812631686,170.94793675476487,0.7527777777777778
1061,4,10.61,90640.0179865381,0.0906400179865381,169.8576280565335,0.7583333333333333
1062,4,10.62,91525.740407419,0.091525740407419,170.68552373289515,0.7583333333333333
1063,4,10.63,91008.86365751304,0.091008863657513,170.20288197483347,0.7555555555555555
1064,4,10.64,90382.88583795026,0.0903828858379502,169.61652662414855,0.7722222222222223
1065,4,10.65,90025.72259221459,0.0900257225922145,169.28106070066238,0.7638888888888888
1066,4,10.66,90920.35807769957,0.0909203580776995,170.12010119765986,0.7694444444444445
1067,4,10.67,90731.03426509105,0.090731034265091,169.94288802494424,0.7527777777777778
1068,4,10.68,90765.678083555,0.090765678083555,169.97532956335448,0.7583333333333333
1069,4,10.69,89739.66508610029,0.0897396650861002,169.01190070444176,0.7722222222222223
1070,4,10.7,90298.1278863709,0.0902981278863709,169.53697770728397,0.7527777777777778
1071,4,10.71,89553.89709543656,0.0895538970954365,168.83687627933452,0.7638888888888888
1072,4,10.72,90067.16550033218,0.0900671655003321,169.32002007827478,0.7611111111111111
1073,4,10.73,89796.10198319492,0.0897961019831949,169.0650377872931,0.7694444444444445
1074,4,10.74,89661.75539179657,0.0896617553917965,168.93851885760586,0.7611111111111111
1075,4,10.75,92396.16635107932,0.0923961663510793,171.4952279074571,0.7694444444444445
1076,4,10.76,89229.1074835856,0.0892291074835856,168.5304335939991,0.7722222222222223
1077,4,10.77,89042.50848171666,0.0890425084817166,168.35412302742824,0.7638888888888888
1078,4,10.78,90299.92038870548,0.0902999203887054,169.53866043275855,0.7638888888888888
1079,4,10.79,89504.11860816074,0.0895041186081607,168.78994581178154,0.7666666666666667
1080,4,10.8,89084.25782181058,0.0890842578218105,168.39358648127902,0.7611111111111111
1081,4,10.81,87863.47698388572,0.0878634769838857,167.23580166475352,0.7611111111111111
1082,4,10.82,91486.15462265127,0.0914861546226512,170.6486081552639,0.775
1083,4,10.83,93412.63335094263,0.0934126333509426,172.43597272630416,0.7638888888888888
1084,4,10.84,89974.57864183167,0.0899745786418316,169.23296926697222,0.775
1085,4,10.85,89581.8731820236,0.0895818731820236,168.86324602085764,0.7722222222222223
1086,4,10.86,89817.34757034428,0.0898173475703442,169.08503683781797,0.7694444444444445
1087,4,10.87,88017.9708437809,0.0880179708437809,167.38276578373325,0.7666666666666667
1088,4,10.88,90346.74239568652,0.0903467423956865,169.58260904068916,0.7666666666666667
1089,4,10.89,88374.59268250289,0.0883745926825028,167.72151483428223,0.7694444444444445
1090,4,10.9,88379.07837222572,0.0883790783722257,167.7257713581651,0.7638888888888888
1091,4,10.91,89541.17547069337,0.0895411754706933,168.82488374892853,0.775
1092,4,10.92,89835.66141180685,0.0898356614118068,169.1022742580294,0.7916666666666666
1093,4,10.93,88511.92099706175,0.0885119209970617,167.85177835960926,0.7666666666666667
1094,4,10.94,88309.60910445532,0.0883096091044553,167.65983902823663,0.7722222222222223
1095,4,10.95,93742.56184065036,0.0937425618406503,172.7402216916326,0.8361111111111111
1096,4,10.96,91154.1335366153,0.0911541335366153,170.3386681620532,0.7722222222222223
1097,4,10.97,88222.49544358607,0.088222495443586,167.5771239862347,0.775
1098,4,10.98,87686.69304302956,0.0876866930430295,167.06747523788025,0.7694444444444445
1099,4,10.99,89161.7331355335,0.0891617331355335,168.4667953227614,0.775
1100,4,11.0,92913.37089059874,0.0929133708905987,171.97454611988024,0.7666666666666667
1101,4,11.01,89440.45736881615,0.0894404573688161,168.72990785659206,0.7638888888888888
1102,4,11.02,90270.13250333282,0.0902701325033328,169.51069465650707,0.7666666666666667
1103,4,11.03,89275.33825875078,0.0892753382587507,168.5740868584563,0.7694444444444445
1104,4,11.04,89215.96436953444,0.0892159643695344,168.5180211854021,0.775
1105,4,11.05,87624.77778642972,0.0876247777864297,167.00848195249964,0.7694444444444445
1106,4,11.06,92125.4429991658,0.0921254429991658,171.24380069274264,0.7805555555555556
1107,4,11.07,89430.48806570093,0.0894304880657009,168.72050402234493,0.7722222222222223
1108,4,11.08,88605.451424841,0.088605451424841,167.94043931794548,0.7638888888888888
1109,4,11.09,89498.5578392054,0.0894985578392054,168.78470238564535,0.7611111111111111
1110,4,11.1,88926.93012316247,0.0889269301231624,168.24482460443693,0.7611111111111111
1111,4,11.11,89122.06197384691,0.0891220619738469,168.42931277945638,0.7611111111111111
1112,4,11.12,89561.9663617749,0.0895619663617749,168.84448264309097,0.7583333333333333
1113,4,11.13,89331.90558222908,0.089331905582229,168.62748500306964,0.7694444444444445
1114,4,11.14,91539.61322520976,0.0915396132252097,170.69845888883924,0.75
1115,4,11.15,90349.6261024292,0.0903496261024292,169.58531540617625,0.7666666666666667
1116,4,11.16,90693.35980923857,0.0906933598092385,169.90760147357827,0.7611111111111111
1117,4,11.17,90979.97151563836,0.0909799715156383,170.1758630891801,0.7666666666666667
1118,4,11.18,90852.90613263224,0.0908529061326322,170.0569851859805,0.7638888888888888
1119,4,11.19,90935.7034119188,0.0909357034119187,170.13445683661735,0.7638888888888888
1120,4,11.2,90113.85700869288,0.0901138570086928,169.3639027892881,0.7472222222222222
1121,4,11.21,91459.7449024681,0.0914597449024681,170.62397542638357,0.7583333333333333
1122,4,11.22,92052.47123223604,0.092052471232236,171.1759668904187,0.7638888888888888
1123,4,11.23,92031.26446273952,0.0920312644627395,171.15624825429236,0.7555555555555555
1124,4,11.24,90578.97387505656,0.0905789738750565,169.8004206850319,0.75
1125,4,11.25,90845.24652832908,0.090845246528329,170.04981647379347,0.7527777777777778
1126,4,11.26,94640.488516,0.094640488516,173.56555858783247,0.7416666666666667
1127,4,11.27,92565.20647905784,0.0925652064790578,171.65203272588406,0.7527777777777778
1128,4,11.28,92683.52923879978,0.0926835292387997,171.76170598568936,0.75
1129,4,11.29,93484.0218735914,0.0934840218735914,172.5018503164122,0.7444444444444445
1130,4,11.3,93419.25635894747,0.0934192563589474,172.4420855214612,0.75
1131,4,11.31,95794.14816476298,0.0957941481647629,174.62022906696373,0.7472222222222222
1132,4,11.32,93893.49159367666,0.0938934915936766,172.87922553789372,0.75
1133,4,11.33,92055.51280671504,0.092055512806715,171.17879484356683,0.7361111111111112
1134,4,11.34,94250.06354689732,0.0942500635468973,173.20717941363725,0.75
1135,4,11.35,92443.56314884296,0.0924435631488429,171.53920853359523,0.7444444444444445
1136,4,11.36,94380.6590574208,0.0943806590574208,173.3271382170685,0.7444444444444445
1137,4,11.37,92818.04232830727,0.0928180423283072,171.88630105196208,0.7444444444444445
1138,4,11.38,94331.48664828532,0.0943314866482853,173.28198053624465,0.7444444444444445
1139,4,11.39,95051.88406845037,0.0950518840684503,173.9423881616649,0.7416666666666667
1140,4,11.4,97159.77200436774,0.0971597720043677,175.86050144462044,0.7472222222222222
1141,4,11.41,93673.36358878083,0.0936733635887808,172.67645381579297,0.7444444444444445
1142,4,11.42,92907.38016814303,0.092907380168143,171.9690018781169,0.7527777777777778
1143,4,11.43,93433.57204166838,0.0934335720416683,172.4552976348609,0.7444444444444445
1144,4,11.44,93963.41392934082,0.0939634139293408,172.9435850018407,0.75
1145,4,11.45,95179.10719202276,0.0951791071920227,174.05875668109195,0.7527777777777778
1146,4,11.46,94061.33731716484,0.0940613373171648,173.033677576713,0.7472222222222222
1147,4,11.47,95823.209257195,0.095823209257195,174.6467143476318,0.75
1148,4,11.48,95518.85495672432,0.0955188549567243,174.36913674638907,0.7472222222222222
1149,4,11.49,97150.96252334146,0.0971509625233414,175.85252862398804,0.7444444444444445
1150,4,11.5,94336.9668627558,0.0943369668627558,173.28701389604427,0.7472222222222222
1151,4,11.51,95657.80293907112,0.0956578029390711,174.49591504137626,0.7527777777777778
1152,4,11.52,97661.4334246854,0.0976614334246854,176.3139238913293,0.7416666666666667
1153,4,11.53,94640.1755439818,0.0946401755439818,173.5652716006829,0.7444444444444445
1154,4,11.54,94491.48719887862,0.0944914871988786,173.4288745728697,0.75
1155,4,11.55,94627.62880277733,0.0946276288027773,173.55376617651962,0.7444444444444445
1156,4,11.56,94966.17749743328,0.0949661774974332,173.86395011766427,0.7472222222222222
1157,4,11.57,94835.87701957716,0.0948358770195771,173.7446322055492,0.75
1158,4,11.58,91883.9434551071,0.0918839434551071,171.01920238181734,0.7444444444444445
1159,4,11.59,95345.27593685914,0.0953452759368591,174.21063093744812,0.75
1160,4,11.6,95027.92688812106,0.095027926888121,173.92046628283683,0.7444444444444445
1161,4,11.61,96077.52757840954,0.0960775275784095,174.87832017806997,0.7416666666666667
1162,4,11.62,93602.39935771308,0.093602399357713,172.611034079758,0.75
1163,4,11.63,96657.49991510189,0.0966574999151018,175.4053528167993,0.75
1164,4,11.64,94894.24776769492,0.0948942477676949,173.79809321862945,0.7444444444444445
1165,4,11.65,94713.2010583486,0.0947132010583486,173.6322212291988,0.7472222222222222
1166,4,11.66,94080.58495102322,0.0940805849510232,173.05138048529014,0.7444444444444445
1167,4,11.67,95161.25434927268,0.0951612543492726,174.0424317257827,0.75
1168,4,11.68,92387.09652620475,0.0923870965262047,171.486810513541,0.7444444444444445
1169,4,11.69,94265.17083695297,0.0942651708369529,173.22106049844538,0.7472222222222222
1170,4,11.7,97616.32935417363,0.0976163293541736,176.27320467503404,0.7527777777777778
1171,4,11.71,95505.55271068694,0.0955055527106869,174.35699473568238,0.75
1172,4,11.72,97781.86137257484,0.0977818613725748,176.42259822467045,0.7527777777777778
1173,4,11.73,95008.3537049851,0.0950083537049851,173.90255390402734,0.7444444444444445
1174,4,11.74,96330.35139625634,0.0963303513962563,175.1082613384843,0.7472222222222222
1175,4,11.75,98958.8109258702,0.0989588109258702,177.48117602353497,0.7472222222222222
1176,4,11.76,94615.07536323083,0.0946150753632308,173.54225384655112,0.7472222222222222
1177,4,11.77,95569.04426222124,0.0955690442622212,174.41494087893187,0.7388888888888889
1178,4,11.78,95188.88761859204,0.095188887618592,174.0676994270783,0.7416666666666667
1179,4,11.79,94359.34686962974,0.0943593468696297,173.3075675279319,0.7277777777777777
1180,4,11.8,95265.82029227212,0.0952658202922721,174.13802690520697,0.7361111111111112
1181,4,11.81,97638.22418056772,0.0976382241805677,176.292972140423,0.7444444444444445
1182,4,11.82,95122.62456070755,0.0951226245607075,174.00710272118857,0.7388888888888889
1183,4,11.83,96688.68230941084,0.0966886823094108,175.4336440400451,0.7388888888888889
1184,4,11.84,95131.1811604838,0.0951311811604837,174.01492880705138,0.7444444444444445
1185,4,11.85,97146.69850292645,0.0971466985029264,175.84866943937206,0.7472222222222222
1186,4,11.86,95267.28908457636,0.0952672890845763,174.1393693153555,0.7388888888888889
1187,4,11.87,96662.96061219645,0.0966629606121964,175.41030753823017,0.7388888888888889
1188,4,11.88,95875.46155412444,0.0958754615541244,174.69432519435696,0.7305555555555555
1189,4,11.89,97246.76599695891,0.0972467659969589,175.93921398094773,0.7194444444444444
1190,4,11.9,98222.01883046023,0.0982220188304602,176.81922869039428,0.725
1191,4,11.91,96034.49626034354,0.0960344962603435,174.83915343637312,0.7277777777777777
1192,4,11.92,97026.65711250372,0.0970266571125037,175.73999027618828,0.7222222222222222
1193,4,11.93,96138.44752113652,0.0961384475211365,174.93375399944773,0.7222222222222222
1194,4,11.94,95038.86472635764,0.0950388647263576,173.93047523100594,0.7166666666666667
1195,4,11.95,96129.50071388562,0.0961295007138856,174.92561399389615,0.7194444444444444
1196,4,11.96,92211.28829166586,0.0922112882916658,171.32356720831163,0.7138888888888889
1197,4,11.97,94406.28465774751,0.0944062846577475,173.3506669281724,0.7138888888888889
1198,4,11.98,94988.03453012128,0.0949880345301212,173.88395687959505,0.7083333333333334
1199,4,11.99,95540.98884463288,0.0955409888446328,174.38933822060883,0.7055555555555556
1200,4,12.0,95832.55812005316,0.0958325581200531,174.65523372603417,0.7166666666666667
1201,4,12.01,93510.62777910534,0.0935106277791053,172.5263959089792,0.7027777777777777
1202,4,12.02,94068.21934829689,0.0940682193482968,173.04000749615167,0.7055555555555556
1203,4,12.03,92846.6189721115,0.0928466189721115,171.91275903074384,0.7
1204,4,12.04,95344.33744877724,0.0953443374487772,174.20977355357883,0.7083333333333334
1205,4,12.05,94875.24754660684,0.0948752475466068,173.78069296737016,0.7
1206,4,12.06,95590.78291101874,0.0955907829110187,174.43477643126622,0.6944444444444444
1207,4,12.07,96227.31718557616,0.0962273171855761,175.0145890522052,0.6888888888888889
1208,4,12.08,93355.2611467362,0.0933552611467362,172.38301119969933,0.6944444444444444
1209,4,12.09,92246.45342569108,0.092246453425691,171.35623154933722,0.6944444444444444
1210,4,12.1,95853.76424073771,0.0958537642407377,174.67455677847624,0.6916666666666667
1211,4,12.11,95514.3698741611,0.0955143698741611,174.3650429517359,0.6861111111111111
1212,4,12.12,95357.7798931652,0.0953577798931652,174.22205389827195,0.6944444444444444
1213,4,12.13,94840.77044144212,0.0948407704414421,173.74911465903492,0.6944444444444444
1214,4,12.14,94344.5433572135,0.0943445433572135,173.2939723651585,0.6916666666666667
1215,4,12.15,95425.60252274852,0.0954256025227485,174.28400006321786,0.6888888888888889
1216,4,12.16,96245.3963016269,0.0962453963016269,175.03102908480165,0.6944444444444444
1217,4,12.17,95142.3690331928,0.0951423690331928,174.025160991771,0.6833333333333333
1218,4,12.18,94143.1457153653,0.0941431457153653,173.1089079095641,0.6972222222222222
1219,4,12.19,95644.49757266458,0.0956444975726645,174.4837790067051,0.6888888888888889
1220,4,12.2,95143.35430439992,0.0951433543043999,174.02606207053472,0.6944444444444444
1221,4,12.21,94332.10051085996,0.0943321005108599,173.28254435196214,0.6972222222222222
1222,4,12.22,94703.5278724396,0.0947035278724396,173.6233543572975,0.6861111111111111
1223,4,12.23,94608.10978661408,0.094608109786614,173.5358656250652,0.6916666666666667
1224,4,12.24,94226.5687304809,0.0942265687304809,173.185589377663,0.6916666666666667
1225,4,12.25,94466.76873184976,0.0944667687318497,173.40618905675072,0.6888888888888889
1226,4,12.26,91237.09792179974,0.0912370979217997,170.41616782226808,0.6805555555555556
1227,4,12.27,96211.08406301322,0.0962110840630132,174.99982633624768,0.6833333333333333
1228,4,12.28,94314.00633887264,0.0943140063388726,173.26592458779612,0.6861111111111111
1229,4,12.29,94248.51738276768,0.0942485173827676,173.20575868342192,0.6888888888888889
1230,4,12.3,94258.16702194775,0.0942581670219477,173.2146252966213,0.6916666666666667
1231,4,12.31,96506.18839359855,0.0965061883935985,175.26800576145612,0.6805555555555556
1232,4,12.32,94779.65228496684,0.0947796522849668,173.6931211400355,0.6888888888888889
1233,4,12.33,95447.75534628968,0.0954477553462896,174.3042286944748,0.6888888888888889
1234,4,12.34,94646.32398756388,0.0946463239875638,173.57090947562506,0.6888888888888889
1235,4,12.35,95191.43622341377,0.0951914362234137,174.07002967181455,0.6861111111111111
1236,4,12.36,94612.66503030952,0.0946126650303095,173.54004332528828,0.6916666666666667
1237,4,12.37,94323.0066211403,0.0943230066211403,173.27419167922298,0.7
1238,4,12.38,94480.62433853227,0.0944806243385322,173.41890548545075,0.7055555555555556
1239,4,12.39,95264.93564487938,0.0952649356448793,174.13721837225864,0.7027777777777777
1240,4,12.4,95320.15483214948,0.0953201548321494,174.18767934513284,0.6972222222222222
1241,4,12.41,93333.87100608768,0.0933338710060876,172.36326133210747,0.6944444444444444
1242,4,12.42,94660.51375520756,0.0946605137552075,173.58392022165896,0.6916666666666667
1243,4,12.43,95067.07506124984,0.0950670750612498,173.95628716022978,0.6916666666666667
1244,4,12.44,92788.09078375604,0.092788090783756,171.8585657352831,0.6888888888888889
1245,4,12.45,94614.9505205597,0.0946149505205597,173.5421393537729,0.6916666666666667
1246,4,12.46,94520.13295628408,0.094520132956284,173.45516067096864,0.7027777777777777
1247,4,12.47,92628.03759261014,0.0926280375926101,171.7102795511428,0.6944444444444444
1248,4,12.48,95728.11393764606,0.095728113937646,174.56003280270392,0.6916666666666667
1249,4,12.49,93570.10414977097,0.0935701041497709,172.5812539128136,0.6972222222222222
1250,4,12.5,95020.25110448056,0.0950202511044805,173.91344201706323,0.7111111111111111
1251,4,12.51,94426.3356836879,0.0944263356836879,173.36907499386132,0.7055555555555556
1252,4,12.52,94787.53234338525,0.0947875323433852,173.7003414845962,0.7027777777777777
1253,4,12.53,95799.05415138474,0.0957990541513847,174.62470049635613,0.7027777777777777
1254,4,12.54,95367.4258412528,0.0953674258412528,174.23086542048247,0.7027777777777777
1255,4,12.55,95082.4059768473,0.0950824059768472,173.9703130553349,0.7055555555555556
1256,4,12.56,95067.93502266762,0.0950679350226676,173.9570739486996,0.7
1257,4,12.57,95800.52778472925,0.0958005277847292,174.6260435774236,0.7083333333333334
1258,4,12.58,95567.56517786146,0.0955675651778614,174.41359119812617,0.6972222222222222
1259,4,12.59,93709.75194895917,0.0937097519489591,172.7099895118532,0.7111111111111111
1260,4,12.6,94816.65135269857,0.0948166513526985,173.72702006425382,0.7111111111111111
1261,4,12.61,94743.7887335984,0.0947437887335984,173.66025627187364,0.7027777777777777
1262,4,12.62,95303.43583897398,0.0953034358389739,174.17240256374717,0.7055555555555556
1263,4,12.63,93281.8779099204,0.0932818779099204,172.3152458156765,0.7027777777777777
1264,4,12.64,94088.98209412678,0.0940889820941267,173.05910314551562,0.6944444444444444
1265,4,12.65,93463.14721567664,0.0934631472156766,172.4825897086454,0.6944444444444444
1266,4,12.66,96525.49232487098,0.0965254923248709,175.28553413149658,0.7
1267,4,12.67,94984.99555039984,0.0949849955503998,173.88117529743013,0.7083333333333334
1268,4,12.68,94908.34474524164,0.0949083447452416,173.81100199282503,0.7083333333333334
1269,4,12.69,94044.02007881876,0.0940440200788187,173.0177485911631,0.7027777777777777
1270,4,12.7,94519.19079972642,0.0945191907997264,173.4542961867619,0.7055555555555556
1271,4,12.71,95706.43240580654,0.0957064324058065,174.5402635673183,0.7
1272,4,12.72,93919.3423887152,0.0939193423887151,172.9030224900895,0.7111111111111111
1273,4,12.73,94481.6138449919,0.0944816138449918,173.4198136011576,0.7083333333333334
1274,4,12.74,93748.22892470456,0.0937482289247045,172.745443004887,0.7138888888888889
1275,4,12.75,95466.28249745312,0.0954662824974531,174.321144776398,0.7138888888888889
1276,4,12.76,95198.78880391686,0.0951987888039168,174.07675212103857,0.7055555555555556
1277,4,12.77,93908.88107339428,0.0939088810733942,172.89339271967356,0.7027777777777777
1278,4,12.78,93538.67569811236,0.0935386756981123,172.55226806752978,0.7055555555555556
1279,4,12.79,95327.21463962569,0.0953272146396256,174.19412975802896,0.7083333333333334
1280,4,12.8,94273.42352137904,0.094273423521379,173.22864287191786,0.7027777777777777
1281,4,12.81,94441.43941344223,0.0944414394134422,173.38293984912747,0.7111111111111111
1282,4,12.82,95548.9324628938,0.0955489324628938,174.39658774542124,0.7083333333333334
1283,4,12.83,97731.4474896948,0.0977314474896948,176.37711282085854,0.7194444444444444
1284,4,12.84,96454.72175828223,0.0964547217582822,175.2212644194991,0.7305555555555555
1285,4,12.85,96171.42029832715,0.0961714202983271,174.96375010068232,0.7416666666666667
1286,4,12.86,96809.60417712116,0.0968096041771211,175.54331114319697,0.7444444444444445
1287,4,12.87,94420.76240055745,0.0944207624005574,173.3639585759052,0.7416666666666667
1288,4,12.88,96405.05265080616,0.0964050526508061,175.17614374343458,0.7444444444444445
1289,4,12.89,94118.77833688632,0.0941187783368863,173.08650328714745,0.7472222222222222
1290,4,12.9,94251.7468819704,0.0942517468819704,173.20872617343343,0.7527777777777778
1291,4,12.91,93770.163476344,0.093770163476344,172.76565070519803,0.7472222222222222
1292,4,12.92,94859.69439419475,0.0948596943941947,173.76644821727032,0.7444444444444445
1293,4,12.93,92971.00866325192,0.0929710086632519,172.02787909519765,0.7416666666666667
1294,4,12.94,94064.53369868171,0.0940645336986817,173.0366175569747,0.7472222222222222
1295,4,12.95,93803.55067024835,0.0938035506702483,172.79640487429762,0.7416666666666667
1296,4,12.96,93034.45591612754,0.0930344559161275,172.08656854569867,0.7527777777777778
1297,4,12.97,92694.13171284345,0.0926941317128434,171.771529990917,0.7583333333333333
1298,4,12.98,92267.35981137876,0.0922673598113787,171.3756482118706,0.7555555555555555
1299,4,12.99,92201.41688209276,0.0922014168820927,171.31439669135568,0.7555555555555555
1300,4,13.0,92084.1870030115,0.0920841870030114,171.2054528461506,0.7583333333333333
1301,4,13.01,91763.29769490375,0.0917632976949037,170.9068894021365,0.7583333333333333
1302,4,13.02,91683.8662941578,0.0916838662941578,170.83290387095587,0.7638888888888888
1303,4,13.03,91887.0239613574,0.0918870239613574,171.0220691574831,0.7611111111111111
1304,4,13.04,91183.76829084606,0.091183768290846,170.36635497206703,0.7638888888888888
1305,4,13.05,90996.9527638956,0.0909969527638956,170.19174385776586,0.7638888888888888
1306,4,13.06,90351.77803672676,0.0903517780367267,169.58733497338062,0.7638888888888888
1307,4,13.07,90507.78325403688,0.0905077832540368,169.73368017673943,0.7666666666666667
1308,4,13.08,89605.20715091868,0.0896052071509186,168.88523703889547,0.7611111111111111
1309,4,13.09,90634.36284066908,0.090634362840669,169.85232915728227,0.7638888888888888
1310,4,13.1,90026.44986842782,0.0900264498684278,169.28174447101495,0.7638888888888888
1311,4,13.11,89941.46242168284,0.0899414624216828,169.2018222911608,0.7638888888888888
1312,4,13.12,89782.52042333272,0.0897825204233327,169.0522518549957,0.7694444444444445
1313,4,13.13,90587.91738043162,0.0905879173804316,169.80880327884012,0.7666666666666667
1314,4,13.14,88671.93101345758,0.0886719310134575,168.00342933580438,0.7555555555555555
1315,4,13.15,89557.63180186407,0.089557631801864,168.84039678270477,0.7611111111111111
1316,4,13.16,89339.77091891186,0.0893397709189118,168.6349083460621,0.7666666666666667
1317,4,13.17,93450.26288462216,0.0934502628846221,172.47070053388603,0.7638888888888888
1318,4,13.18,89186.96013344999,0.0891869601334499,168.49062623527973,0.7666666666666667
1319,4,13.19,89366.11422878678,0.0893661142287867,168.6597689102317,0.7694444444444445
1320,4,13.2,89226.01181170568,0.0892260118117056,168.52751011160638,0.7666666666666667
1321,4,13.21,89517.1873675056,0.0895171873675056,168.80226811996266,0.7694444444444445
1322,4,13.22,88711.23207805096,0.0887112320780509,168.04065634836184,0.7611111111111111
1323,4,13.23,89699.54271334119,0.0896995427133411,168.9741140879919,0.7583333333333333
1324,4,13.24,89328.84509902804,0.089328845099028,168.62459641582862,0.7694444444444445
1325,4,13.25,88081.07990188667,0.0880810799018866,167.44276191736364,0.7638888888888888
1326,4,13.26,89345.40404432369,0.0893454040443236,168.64022471638688,0.7611111111111111
1327,4,13.27,88396.94547836436,0.0883969454783643,167.7427245939832,0.7611111111111111
1328,4,13.28,91672.35120993856,0.0916723512099385,170.82217560912878,0.7722222222222223
1329,4,13.29,88325.26059773065,0.0883252605977306,167.67469590852784,0.7666666666666667
1330,4,13.3,87750.84978608125,0.0877508497860812,167.12858225910503,0.7694444444444445
1331,4,13.31,87484.99181551696,0.0874849918155169,166.87521621734925,0.7666666666666667
1332,4,13.32,88329.98978555096,0.0883299897855509,167.67918474054588,0.7694444444444445
1333,4,13.33,88908.15625653512,0.0889081562565351,168.22706410928166,0.7555555555555555
1334,4,13.34,90802.60292168784,0.0908026029216878,170.00990030346586,0.7666666666666667
1335,4,13.35,89769.08236631294,0.0897690823663129,169.0396000670979,0.7777777777777778
1336,4,13.36,88000.96474945507,0.088000964749455,167.36659485531402,0.7694444444444445
1337,4,13.37,89632.02963421312,0.0896320296342131,168.91051225808457,0.7777777777777778
1338,4,13.38,87657.3602967168,0.0876573602967168,167.03952939115777,0.7694444444444445
1339,4,13.39,91417.88433831005,0.09141788433831,170.5849241840861,0.7722222222222223
1340,4,13.4,86589.38768656633,0.0865893876865663,166.0188487468669,0.7694444444444445
1341,4,13.41,87177.9510836545,0.0871779510836544,166.5821229519366,0.7638888888888888
1342,4,13.42,90337.66123171848,0.0903376612317184,169.57408606499445,0.7666666666666667
1343,4,13.43,87474.85734934252,0.0874748573493425,166.8655503296368,0.7694444444444445
1344,4,13.44,86826.86391815772,0.0868268639181577,166.246350851633,0.7666666666666667
1345,4,13.45,89894.95643923138,0.0898949564392313,169.1580720884125,0.7777777777777778
1346,4,13.46,88651.86106693446,0.0886518610669344,167.98441536701293,0.7833333333333333
1347,4,13.47,87038.94148015004,0.08703894148015,166.44925820232476,0.7638888888888888
1348,4,13.48,86427.06372272196,0.0864270637227219,165.86316292890007,0.7694444444444445
1349,4,13.49,86889.07922558443,0.0868890792255844,166.30590163584137,0.7694444444444445
1350,4,13.5,90429.50124770796,0.0904295012477079,169.660261257063,0.775
1351,4,13.51,89341.86344349876,0.0893418634434987,168.63688322590602,0.7777777777777778
1352,4,13.52,89464.34114063568,0.0894643411406356,168.7524347853493,0.7805555555555556
1353,4,13.53,92129.09049142207,0.0921290904914221,171.2471906588272,0.7666666666666667
1354,4,13.54,87688.59738350341,0.0876885973835034,167.06928937647163,0.7666666666666667
1355,4,13.55,87873.54494280029,0.0878735449428003,167.2453828639493,0.7777777777777778
1356,4,13.56,87818.67509187467,0.0878186750918746,167.19315917018233,0.7722222222222223
1357,4,13.57,88066.96197501862,0.0880669619750186,167.42934223970542,0.7666666666666667
1358,4,13.58,87076.85949470467,0.0870768594947046,166.48551058576052,0.7666666666666667
1359,4,13.59,91770.71755518748,0.0917707175551874,170.91379891628563,0.7722222222222223
1360,4,13.6,87906.0001806596,0.0879060001806596,167.2762652392085,0.7638888888888888
1361,4,13.61,89566.51861891322,0.0895665186189132,168.84877360367364,0.7666666666666667
1362,4,13.62,89903.40107448978,0.0899034010744897,169.16601716525847,0.7638888888888888
1363,4,13.63,90609.54815650392,0.0906095481565039,169.8290757228027,0.7722222222222223
1364,4,13.64,88715.1472322985,0.0887151472322985,168.044364434786,0.7611111111111111
1365,4,13.65,89067.50058455326,0.0890675005845532,168.37774785803452,0.7694444444444445
1366,4,13.66,89296.1934125763,0.0892961934125762,168.59377557253686,0.7666666666666667
1367,4,13.67,89912.78428892657,0.0899127842889265,169.17484486020945,0.7694444444444445
1368,4,13.68,89740.10010618455,0.0897401001061845,169.01231035318577,0.7638888888888888
1369,4,13.69,90690.74138572675,0.0906907413857267,169.90514874015523,0.7583333333333333
1370,4,13.7,90885.3489692294,0.0908853489692294,170.0873454615878,0.7638888888888888
1371,4,13.71,92137.8494952449,0.0921378494952449,171.25533097118654,0.7555555555555555
1372,4,13.72,90986.421833075,0.090986421833075,170.1818955645884,0.7527777777777778
1373,4,13.73,91497.78931893932,0.0914977893189393,170.65945887696947,0.7638888888888888
1374,4,13.74,91849.07911390436,0.0918490791139043,170.98675363557516,0.7583333333333333
1375,4,13.75,91580.63411205552,0.0915806341120555,170.73670144654827,0.7611111111111111
1376,4,13.76,90782.5548291652,0.0907825548291652,169.991131224971,0.7527777777777778
1377,4,13.77,92111.84105717916,0.0921118410571791,171.23115850536698,0.7583333333333333
1378,4,13.78,90819.19336797085,0.0908191933679708,170.02543075746783,0.7472222222222222
1379,4,13.79,91387.99337077484,0.0913879933707748,170.55703376998662,0.75
1380,4,13.8,93004.10867497428,0.0930041086749742,172.05849949059754,0.75
1381,4,13.81,91102.78100998604,0.091102781009986,170.2906804681791,0.7444444444444445
1382,4,13.82,93415.1602996936,0.0934151602996936,172.43830503352794,0.75
1383,4,13.83,92658.99390775252,0.0926589939077525,171.73896996512252,0.7527777777777778
1384,4,13.84,93071.4248499948,0.0930714248499947,172.12075601438968,0.75
1385,4,13.85,92425.91638042992,0.0924259163804299,171.5228349914005,0.7444444444444445
1386,4,13.86,92089.09035646432,0.0920890903564643,171.21001101026476,0.7472222222222222
1387,4,13.87,93852.58359697282,0.0938525835969728,172.841560982326,0.7444444444444445
1388,4,13.88,92490.40007272034,0.0924904000727203,171.5826585650219,0.7472222222222222
1389,4,13.89,92444.29965775882,0.0924442996577588,171.539891868922,0.7472222222222222
1390,4,13.9,94647.93010003654,0.0946479301000365,173.57238218585928,0.75
1391,4,13.91,92867.51905340406,0.092867519053404,171.93210700756285,0.7444444444444445
1392,4,13.92,92802.35533558013,0.0928023553355801,171.8717753572593,0.7444444444444445
1393,4,13.93,94878.0638819841,0.0948780638819841,173.78327225487718,0.7388888888888889
1394,4,13.94,92821.1590125577,0.0928211590125577,171.88918686390593,0.7416666666666667
1395,4,13.95,93067.15072857044,0.0930671507285704,172.11680381607414,0.7527777777777778
1396,4,13.96,93362.3678443492,0.0933623678443492,172.38957242937863,0.75
1397,4,13.97,95885.21145409242,0.0958852114540924,174.70320759694383,0.75
1398,4,13.98,93612.29819203074,0.0936122981920307,172.62016099780573,0.7388888888888889
1399,4,13.99,94041.15243711536,0.0940411524371153,173.01511069513754,0.75
1400,4,14.0,94051.20329403738,0.0940512032940373,173.02435613512216,0.75
1401,4,14.01,97637.76134227878,0.0976377613422787,176.29255429569588,0.7444444444444445
1402,4,14.02,95644.24398733092,0.0956442439873309,174.48354769932325,0.75
1403,4,14.03,95627.37850624725,0.0956273785062472,174.46816319425682,0.75
1404,4,14.04,93924.34834828398,0.0939243483482839,172.9076303481977,0.7444444444444445
1405,4,14.05,95524.49741166893,0.0955244974116689,174.37428680534336,0.7444444444444445
1406,4,14.06,93984.65529500584,0.0939846552950058,172.96313170724017,0.7527777777777778
1407,4,14.07,96496.40211181575,0.0964964021118157,175.25911894494214,0.7527777777777778
1408,4,14.08,94332.41064689204,0.094332410646892,173.28282920259238,0.75
1409,4,14.09,96102.46756139674,0.0961024675613967,174.9010163248048,0.75
1410,4,14.1,94729.85494481324,0.0947298549448132,173.64748586055168,0.7472222222222222
1411,4,14.11,95715.71969679905,0.095715719696799,174.54873199965593,0.7416666666666667
1412,4,14.12,94925.84489486532,0.0949258448948653,173.82702575947374,0.7472222222222222
1413,4,14.13,94697.84835033704,0.094697848350337,173.61814804404997,0.75
1414,4,14.14,94822.09436463087,0.0948220943646308,173.7320064493423,0.7555555555555555
1415,4,14.15,93279.18586122878,0.0932791858612287,172.31275934998075,0.7444444444444445
1416,4,14.16,93781.21912432084,0.0937812191243208,172.77583507435205,0.7388888888888889
1417,4,14.17,96225.96255953088,0.0962259625595308,175.01335717667374,0.7444444444444445
1418,4,14.18,97263.9690693763,0.0972639690693763,175.95477522436525,0.7527777777777778
1419,4,14.19,95025.95525992793,0.0950259552599279,173.91866203284118,0.7472222222222222
1420,4,14.2,95210.50296974886,0.0952105029697488,174.08746182250525,0.7416666666666667
1421,4,14.21,95213.26088140631,0.0952132608814063,174.08998315339116,0.75
1422,4,14.22,96421.53196434009,0.09642153196434,175.19111525769742,0.7472222222222222
1423,4,14.23,94037.26286797164,0.0940372628679716,173.0115326807414,0.7416666666666667
1424,4,14.24,97083.19032374617,0.0970831903237461,175.79118084338282,0.7416666666666667
1425,4,14.25,96763.32952725586,0.0967633295272558,175.50135158620702,0.7444444444444445
1426,4,14.26,96111.5474414844,0.0961115474414844,174.90927856190734,0.7416666666666667
1427,4,14.27,96330.41377993392,0.0963304137799339,175.10831803865918,0.7472222222222222
1428,4,14.28,97496.9542443274,0.0974969542443274,176.16538936118553,0.7388888888888889
1429,4,14.29,96266.47520749604,0.096266475207496,175.05019499164453,0.7472222222222222
1430,4,14.3,95274.57665211213,0.0952745766521121,174.1460296714876,0.7444444444444445
1431,4,14.31,96662.11168307712,0.0966621116830771,175.40953727812277,0.75
1432,4,14.32,97004.64629973944,0.0970046462997394,175.72005555134828,0.7416666666666667
1433,4,14.33,96108.21653227332,0.0961082165322733,174.90624764631772,0.7416666666666667
1434,4,14.34,94487.76059495936,0.0944877605949593,173.42545465052925,0.7472222222222222
1435,4,14.35,96265.28791493714,0.0962652879149371,175.04911550663,0.7444444444444445
1436,4,14.36,97008.28771438716,0.0970082877143871,175.7233536592419,0.7444444444444445
1437,4,14.37,95104.3522728437,0.0951043522728437,173.9903892390382,0.7444444444444445
1438,4,14.38,99809.33036960378,0.0998093303696037,178.24224131790123,0.7388888888888889
1439,4,14.39,97257.90778933496,0.0972579077893349,175.94929257856316,0.7444444444444445
1440,4,14.4,95401.40368578724,0.0954014036857872,174.26190045158123,0.7277777777777777
1441,4,14.41,95062.65434233849,0.0950626543423384,173.95224253811386,0.7166666666666667
1442,4,14.42,95636.99379683162,0.0956369937968316,174.4769343220741,0.725
1443,4,14.43,95792.75001431996,0.0957927500143199,174.61895473942826,0.7333333333333333
1444,4,14.44,95195.151507047,0.095195151507047,174.07342658044286,0.7138888888888889
1445,4,14.45,94897.84247422716,0.0948978424742271,173.8013850262953,0.7166666666666667
1446,4,14.46,95911.56939827782,0.0959115693982778,174.72721808257165,0.7222222222222222
1447,4,14.47,95372.82609399749,0.0953728260939974,174.23579832803244,0.7138888888888889
1448,4,14.48,96125.59336884042,0.0961255933688404,174.92205888505012,0.7055555555555556
1449,4,14.49,94343.76648001037,0.0943437664800103,173.29325887178132,0.7083333333333334
1450,4,14.5,95035.97404873776,0.0950359740487377,173.9278300986343,0.7111111111111111
1451,4,14.51,98257.11264892587,0.0982571126489258,176.85081380651744,0.7
1452,4,14.52,96429.27027267207,0.096429270272672,175.19814509657414,0.7055555555555556
1453,4,14.53,95955.55852128816,0.0959555585212881,174.76728215433602,0.6972222222222222
1454,4,14.54,93966.01978198472,0.0939660197819847,172.94598307548912,0.7
1455,4,14.55,95280.55854910528,0.0952805585491052,174.151496540494,0.6972222222222222
1456,4,14.56,95182.26436016949,0.0951822643601695,174.0616434921865,0.6916666666666667
1457,4,14.57,96667.23248812847,0.0966672324881284,175.41418349437484,0.6916666666666667
1458,4,14.58,94254.69048221911,0.0942546904822191,173.2114309151783,0.6916666666666667
1459,4,14.59,95051.94916015622,0.0950519491601562,173.9424477196891,0.6944444444444444
1460,4,14.6,93164.56782490738,0.0931645678249073,172.2068610151997,0.6888888888888889
1461,4,14.61,94929.8961199688,0.0949298961199687,173.83073499639335,0.6805555555555556
1462,4,14.62,94526.67983315152,0.0945266798331515,173.46116769762065,0.7
1463,4,14.63,94408.54953916727,0.0944085495391672,173.3527463254883,0.6888888888888889
1464,4,14.64,93546.40998578908,0.093546409985789,172.5594017012076,0.7
1465,4,14.65,93012.33587636522,0.0930123358763652,172.0661095233292,0.6777777777777778
1466,4,14.66,94661.30029540868,0.0946613002954086,173.58464138005172,0.6916666666666667
1467,4,14.67,94515.35167807342,0.0945153516780734,173.45077352167817,0.7
1468,4,14.68,92939.74755463022,0.0929397475546302,171.99895484003554,0.6888888888888889
1469,4,14.69,95160.77265287148,0.0951607726528714,174.04199123285474,0.6944444444444444
1470,4,14.7,95254.28680295568,0.0952542868029556,174.12748545467187,0.6944444444444444
1471,4,14.71,94836.56687154778,0.0948365668715477,173.7452641281017,0.6805555555555556
1472,4,14.72,95759.42234794992,0.0957594223479499,174.5885758822767,0.6833333333333333
1473,4,14.73,94608.415958747,0.0946084159587469,173.5361464244769,0.6916666666666667
1474,4,14.74,94908.24913685162,0.0949082491368516,173.8109144462858,0.6916666666666667
1475,4,14.75,94225.1238579774,0.0942251238579774,173.1842615565467,0.6916666666666667
1476,4,14.76,95117.9211855991,0.0951179211855991,174.0028007436283,0.6833333333333333
1477,4,14.77,94276.8744630242,0.0942768744630241,173.23181341799997,0.6861111111111111
1478,4,14.78,95135.9757749659,0.0951359757749659,174.019313930705,0.6888888888888889
1479,4,14.79,94697.35630623056,0.0946973563062305,173.61769698893633,0.6916666666666667
1480,4,14.8,94594.96053437112,0.0945949605343711,173.52380563270228,0.6888888888888889
1481,4,14.81,96797.39703022593,0.0967973970302259,175.5322432819065,0.6833333333333333
1482,4,14.82,95985.57548141688,0.0959855754814168,174.79461549708975,0.6888888888888889
1483,4,14.83,94189.71426511214,0.0941897142651121,173.15171736778012,0.6861111111111111
1484,4,14.84,92541.50176897582,0.0925415017689758,171.63005242485872,0.6861111111111111
1485,4,14.85,94874.72798715786,0.0948747279871578,173.7802171344895,0.6805555555555556
1486,4,14.86,94805.97545580516,0.0948059754558051,173.71723937733003,0.6861111111111111
1487,4,14.87,94734.41346167524,0.0947344134616752,173.65166387533986,0.6972222222222222
1488,4,14.88,95304.13781621838,0.0953041378162183,174.17304401406312,0.6944444444444444
1489,4,14.89,94716.8025633748,0.0947168025633748,173.63552241301434,0.6944444444444444
1490,4,14.9,93681.78373764998,0.0936817837376499,172.684214446561,0.6805555555555556
1491,4,14.91,96123.78866617975,0.0961237886661797,174.92041684688047,0.6972222222222222
1492,4,14.92,96400.06402963592,0.0964000640296359,175.1716113112611,0.6916666666666667
1493,4,14.93,95622.39902080451,0.0956223990208045,174.46362070338134,0.6944444444444444
1494,4,14.94,95282.16253689946,0.0952821625368994,174.15296239933994,0.6944444444444444
1495,4,14.95,94641.6069376148,0.0946416069376148,173.56658414730416,0.7027777777777777
1496,4,14.96,92358.02577941564,0.0923580257794156,171.45982816393288,0.6861111111111111
1497,4,14.97,93963.4003330335,0.0939634003330334,172.94357248955467,0.7027777777777777
1498,4,14.98,94486.0299442152,0.0944860299442151,173.42386640108498,0.7027777777777777
1499,4,14.99,95380.19993145244,0.0953801999314524,174.24253379805927,0.6944444444444444
1500,4,15.0,94576.86877718753,0.0945768687771875,173.50721119332724,0.6944444444444444
1501,4,15.01,95873.09624279477,0.0958730962427947,174.69217026853724,0.7027777777777777
1502,4,15.02,94051.20200537556,0.0940512020053755,173.0243549497579,0.7
1503,4,15.03,94678.45530297625,0.0946784553029762,173.60036961811883,0.7
1504,4,15.04,95031.00539062664,0.0950310053906266,173.92328340340626,0.7083333333333334
1505,4,15.05,93455.55782213912,0.0934555578221391,172.47558660172103,0.7027777777777777
1506,4,15.06,95177.80612685515,0.0951778061268551,174.05756701580705,0.7055555555555556
1507,4,15.07,94123.53328053466,0.0941235332805346,173.09087545489862,0.7
1508,4,15.08,96908.05495510528,0.0969080549551052,175.63254807424528,0.7055555555555556
1509,4,15.09,93745.47323159056,0.0937454732315905,172.7429040933178,0.7027777777777777
1510,4,15.1,95375.92412970932,0.0953759241297093,174.23862819249248,0.7194444444444444
1511,4,15.11,93804.39012921276,0.0938043901292127,172.7971780602033,0.7083333333333334
1512,4,15.12,95873.42718562466,0.0958734271856246,174.6924717768517,0.7138888888888889
1513,4,15.13,95704.67918185708,0.095704679181857,174.53866487868277,0.7083333333333334
1514,4,15.14,93351.40998335573,0.0933514099833557,172.37945552442827,0.7027777777777777
1515,4,15.15,93597.3741902968,0.0935973741902968,172.60640059283736,0.7138888888888889
1516,4,15.16,95611.31538118364,0.0956113153811836,174.4535093280358,0.7111111111111111
1517,4,15.17,95649.93487151428,0.0956499348715142,174.48873855478095,0.7222222222222222
1518,4,15.18,93539.80570019936,0.0935398057001993,172.5533103307043,0.7111111111111111
1519,4,15.19,95762.64989965165,0.0957626498996516,174.59151809356692,0.7083333333333334
1520,4,15.2,94991.63699198274,0.0949916369919827,173.8872541600735,0.7027777777777777
1521,4,15.21,96887.58454953684,0.0968875845495368,175.6139971943736,0.7083333333333334
1522,4,15.22,93713.16661765084,0.0937131666176508,172.71313615352787,0.6972222222222222
1523,4,15.23,94651.08545706904,0.094651085457069,173.57527542542425,0.7055555555555556
1524,4,15.24,95146.21622054132,0.0951462162205413,174.0286794065244,0.7083333333333334
1525,4,15.25,95626.30738624476,0.0956263073862447,174.46718608463814,0.7138888888888889
1526,4,15.26,95008.44241427128,0.0950084424142712,173.90263509040315,0.7055555555555556
1527,4,15.27,95024.40067845955,0.0950244006784595,173.9172394118633,0.7138888888888889
1528,4,15.28,95525.4132092564,0.0955254132092564,174.37512267034532,0.7138888888888889
1529,4,15.29,95338.32690881666,0.0953383269088166,174.20428234489086,0.7138888888888889
1530,4,15.3,95100.28439255066,0.0951002843925506,173.9866681704059,0.7055555555555556
1531,4,15.31,93416.4139062274,0.0934164139062273,172.43946206767498,0.7
1532,4,15.32,95881.87944672468,0.0958818794467246,174.7001721057391,0.7138888888888889
1533,4,15.33,93954.86649500996,0.0939548664950099,172.9357188681386,0.7166666666666667
1534,4,15.34,96337.49668164992,0.0963374966816499,175.11475552895965,0.7166666666666667
1535,4,15.35,96997.10496771985,0.0969971049677198,175.71322500720342,0.7222222222222222
1536,4,15.36,95278.34773722535,0.0952783477372253,174.14947609457758,0.725
1537,4,15.37,93080.58881534752,0.0930805888153475,172.12922945198324,0.725
1538,4,15.38,96056.9314309804,0.0960569314309803,174.8595748335205,0.75
1539,4,15.39,95618.64939610852,0.0956186493961085,174.46020006386297,0.7388888888888889
1540,4,15.4,95130.74649243362,0.0951307464924336,174.01453125697745,0.7444444444444445
1541,4,15.41,93659.74467338568,0.0936597446733856,172.66390087968097,0.7388888888888889
1542,4,15.42,95711.23115690034,0.0957112311569003,174.54463926475492,0.7472222222222222
1543,4,15.43,95195.68829997323,0.0951956882999732,174.07391736831823,0.7444444444444445
1544,4,15.44,98547.74252288544,0.0985477425228854,177.11216984196534,0.7416666666666667
1545,4,15.45,95416.07125981004,0.09541607125981,174.27529596249315,0.7527777777777778
1546,4,15.46,93565.11290997616,0.0935651129099761,172.57665091531948,0.7472222222222222
1547,4,15.47,96007.4012207969,0.0960074012207969,174.8144872583316,0.7444444444444445
1548,4,15.48,94380.26674542871,0.0943802667454287,173.32677798232223,0.7444444444444445
1549,4,15.49,94405.39283995162,0.0944053928399516,173.34984813959616,0.75
1550,4,15.5,94872.617808803,0.094872617808803,173.77828453716063,0.7361111111111112
1551,4,15.51,94547.31808258938,0.0945473180825893,173.48010277219598,0.7472222222222222
1552,4,15.52,93617.96727227414,0.0936179672722741,172.62538778289658,0.7527777777777778
1553,4,15.53,91268.85303010116,0.0912688530301011,170.4458219497815,0.7527777777777778
1554,4,15.54,92325.55114481856,0.0923255511448185,171.42968143458398,0.7555555555555555
1555,4,15.55,90929.11922453158,0.0909291192245315,170.12829744387906,0.7527777777777778
1556,4,15.56,91380.16709013552,0.0913801670901355,170.5497305360428,0.7638888888888888
1557,4,15.57,90880.54903443206,0.090880549034432,170.0828539843757,0.7583333333333333
1558,4,15.58,90793.54161994746,0.0907935416199474,170.001417344882,0.7583333333333333
1559,4,15.59,90040.25444196323,0.0900402544419632,169.29472272749928,0.7583333333333333
1560,4,15.6,89907.2994729469,0.0899072994729469,169.16968482067264,0.7666666666666667
1561,4,15.61,90572.91230269131,0.0905729123026913,169.79473904218625,0.7555555555555555
1562,4,15.62,89416.3477357272,0.0894163477357272,168.70716484704965,0.7638888888888888
1563,4,15.63,89583.8667031045,0.0895838667031045,168.86512491976865,0.7722222222222223
1564,4,15.64,88618.97788198579,0.0886189778819857,167.95325767408846,0.7722222222222223
1565,4,15.65,89733.33606950488,0.0897333360695048,169.00594069788178,0.7694444444444445
1566,4,15.66,89502.15592616437,0.0895021559261643,168.7880951550235,0.7666666666666667
1567,4,15.67,88457.27896465406,0.088457278964654,167.79995947367465,0.7666666666666667
1568,4,15.68,90596.68690368676,0.0905966869036867,169.81702240040912,0.775
1569,4,15.69,89555.6411264231,0.0895556411264231,168.83852029104065,0.7638888888888888
1570,4,15.7,92285.9002357606,0.0922859002357606,171.3928656636956,0.7694444444444445
1571,4,15.71,91199.31417878652,0.0911993141787865,170.38087720248805,0.7666666666666667
1572,4,15.72,89448.16241464434,0.0894481624146443,168.73717550544296,0.7777777777777778
1573,4,15.73,87133.8204220357,0.0871338204220357,166.5399545493424,0.7722222222222223
1574,4,15.74,86738.71668574758,0.0867387166857475,166.16194220087937,0.7694444444444445
1575,4,15.75,90072.99552720146,0.0900729955272014,169.32550001253972,0.7694444444444445
1576,4,15.76,90101.17993888869,0.0901011799388886,169.35198945206665,0.7666666666666667
1577,4,15.77,85046.01132720918,0.0850460113272091,164.5326295479086,0.7611111111111111
1578,4,15.78,88552.88475303128,0.0885528847530312,167.8906151843626,0.7777777777777778
1579,4,15.79,86949.67054004608,0.086949670540046,166.36387748943628,0.7666666666666667
1580,4,15.8,90719.40621785496,0.0907194062178549,169.93199777518797,0.775
1581,4,15.81,89690.4158015519,0.0896904158015519,168.96551732696483,0.7694444444444445
1582,4,15.82,90281.84234326474,0.0902818423432647,169.52168876208003,0.7638888888888888
1583,4,15.83,90343.74463342494,0.0903437446334249,169.57979558804445,0.7777777777777778
1584,4,15.84,89425.53301394595,0.0894255330139459,168.71582983109187,0.7694444444444445
1585,4,15.85,87855.6584133957,0.0878556584133957,167.2283607232038,0.7833333333333333
1586,4,15.86,90280.57413294718,0.0902805741329471,169.5204981023407,0.775
1587,4,15.87,87447.41437244482,0.0874474143724448,166.8393733983669,0.7666666666666667
1588,4,15.88,90705.0624228696,0.0907050624228695,169.91856312986303,0.7694444444444445
1589,4,15.89,88377.04720668324,0.0883770472066832,167.72384397460854,0.7805555555555556
1590,4,15.9,88818.42669510086,0.0888184266951008,168.14215203910325,0.7638888888888888
1591,4,15.91,86192.89885704321,0.0861928988570432,165.63831629498168,0.7833333333333333
1592,4,15.92,90346.36063724072,0.0903463606372407,169.5822507562622,0.7722222222222223
1593,4,15.93,85753.63009063195,0.0857536300906319,165.2157021411583,0.7833333333333333
1594,4,15.94,88071.35525276989,0.0880713552527698,167.43351834851163,0.775
1595,4,15.95,85579.04919502452,0.0855790491950245,165.0474398740716,0.7694444444444445
1596,4,15.96,88570.28695513433,0.0885702869551343,167.90711110597576,0.7861111111111111
1597,4,15.97,86707.58837070457,0.0867075883707045,166.13212388201734,0.7722222222222223
1598,4,15.98,88858.31668298943,0.0888583166829894,168.17990566606227,0.7833333333333333
1599,4,15.99,86896.35416556124,0.0868963541655612,166.31286361621628,0.7722222222222223
1600,4,16.0,90161.79223246776,0.0901617922324677,169.40894257282696,0.775
1601,4,16.01,89629.32991568332,0.0896293299156833,168.90796844492144,0.775
1602,4,16.02,89353.88718230283,0.0893538871823028,168.6482305245984,0.7694444444444445
1603,4,16.03,86745.83546349581,0.0867458354634958,166.16876064201472,0.7722222222222223
1604,4,16.04,90918.96538012856,0.0909189653801285,170.1187982619696,0.775
1605,4,16.05,87982.68197055736,0.0879826819705573,167.34920819708935,0.7722222222222223
1606,4,16.06,89997.80748825686,0.0899978074882568,169.25481339795846,0.7722222222222223
1607,4,16.07,86794.77573361901,0.086794775733619,166.2156285826213,0.7722222222222223
1608,4,16.08,90456.43534716222,0.0904564353471622,169.68552572316423,0.7805555555555556
1609,4,16.09,90005.77022734357,0.0900057702273435,169.26230081429873,0.7666666666666667
1610,4,16.1,90384.43652507514,0.0903844365250751,169.61798166197687,0.7666666666666667
1611,4,16.11,87598.04300024093,0.0875980430002409,166.98300242039454,0.7638888888888888
1612,4,16.12,92252.05215330484,0.0922520521533048,171.36143154496455,0.7722222222222223
1613,4,16.13,89025.04880008505,0.089025048800085,168.33761656582132,0.7638888888888888
1614,4,16.14,88795.81026836662,0.0887958102683666,168.1207430988849,0.7666666666666667
1615,4,16.15,89161.66036044253,0.0891616603604425,168.4667265702348,0.7666666666666667
1616,4,16.16,89422.385926016,0.089422385926016,168.71286105805078,0.7722222222222223
1617,4,16.17,88858.69487434489,0.0888586948743448,168.1802635623244,0.7638888888888888
1618,4,16.18,89236.08197955176,0.0892360819795517,168.53701996415663,0.7666666666666667
1619,4,16.19,89768.46536482776,0.0897684653648277,169.03901914401857,0.7694444444444445
1620,4,16.2,89583.76055226766,0.0895837605522676,168.86502487285006,0.7638888888888888
1621,4,16.21,89239.73520300235,0.0892397352030023,168.54046978556602,0.7638888888888888
1622,4,16.22,91836.8101854041,0.0918368101854041,170.97533330161508,0.75
1623,4,16.23,90478.68600818976,0.0904786860081897,169.70639423818366,0.7638888888888888
1624,4,16.24,90386.53808602226,0.0903865380860222,169.61995357477437,0.7666666666666667
1625,4,16.25,91301.65571954988,0.0913016557195498,170.47644893204915,0.7611111111111111
1626,4,16.26,92034.08070358442,0.0920340807035844,171.15886700310844,0.7611111111111111
1627,4,16.27,91251.74014413916,0.0912517401441391,170.42984192726863,0.7583333333333333
1628,4,16.28,91658.3090152277,0.0916583090152277,170.80909200167258,0.7527777777777778
1629,4,16.29,90269.6950283894,0.0902696950283894,169.51028390729607,0.7555555555555555
1630,4,16.3,91474.6636803278,0.0914746636803277,170.6378908237724,0.7583333333333333
1631,4,16.31,93698.14063910463,0.0936981406391046,172.69928917765182,0.7527777777777778
1632,4,16.32,92643.04329140192,0.0926430432914019,171.72418748040752,0.75
1633,4,16.33,92295.8826741125,0.0922958826741125,171.40213507780243,0.7527777777777778
1634,4,16.34,92524.39796322164,0.0925243979632216,171.6141910941424,0.7583333333333333
1635,4,16.35,93005.36556098444,0.0930053655609844,172.05966211229986,0.75
1636,4,16.36,93341.3589045439,0.0933413589045439,172.3701752889569,0.7444444444444445
1637,4,16.37,92847.92997607175,0.0928479299760717,171.9139727395187,0.7472222222222222
1638,4,16.38,91833.8613268685,0.0918338613268685,170.97258829056057,0.7444444444444445
1639,4,16.39,92244.52723276896,0.0922445272327689,171.3544425001589,0.75
1640,4,16.4,93926.37585343048,0.0939263758534304,172.90949658003578,0.7416666666666667
1641,4,16.41,91840.25103796295,0.0918402510379629,170.97853624061926,0.7416666666666667
1642,4,16.42,94047.1254564032,0.0940471254564032,173.02060513112414,0.75
1643,4,16.43,94202.9702347525,0.0942029702347525,173.16390135821925,0.7416666666666667
1644,4,16.44,92455.9462814936,0.0924559462814936,171.55069728181488,0.7472222222222222
1645,4,16.45,96130.5408186836,0.0961305408186836,174.92656032398688,0.75
1646,4,16.46,93027.77539807092,0.0930277753980709,172.08038993125038,0.7416666666666667
1647,4,16.47,94805.64651911182,0.0948056465191118,173.7169380143432,0.7555555555555555
1648,4,16.48,94479.62998659094,0.0944796299865909,173.41799291803147,0.7472222222222222
1649,4,16.49,93315.86037126232,0.0933158603712623,172.34663006255448,0.75
1650,4,16.5,93029.76413279714,0.0930297641327971,172.08222927663255,0.7444444444444445
1651,4,16.51,93135.48957812224,0.0931354895781222,172.17998457220196,0.7472222222222222
1652,4,16.52,93498.47796634956,0.0934984779663495,172.5151873888974,0.7444444444444445
1653,4,16.53,93061.5625526434,0.0930615625526433,172.11163639980194,0.7472222222222222
1654,4,16.54,93799.29513557642,0.0937992951355764,172.79248524957652,0.7444444444444445
1655,4,16.55,95626.60803348808,0.095626608033488,174.46746034513586,0.75
1656,4,16.56,94283.3960999874,0.0942833960999874,173.23780500112625,0.7444444444444445
1657,4,16.57,93582.00425534928,0.0935820042553492,172.59222787649287,0.7444444444444445
1658,4,16.58,93932.3220688378,0.0939323220688378,172.9149697010381,0.7444444444444445
1659,4,16.59,93708.7502980564,0.0937087502980564,172.70906647249183,0.75
1660,4,16.6,96639.22062480576,0.0966392206248057,175.38876622512672,0.7472222222222222
1661,4,16.61,96290.48843340966,0.0962904884334096,175.0720263600677,0.7527777777777778
1662,4,16.62,94404.0082757811,0.0944040082757811,173.34857694702174,0.7472222222222222
1663,4,16.63,98085.94261275991,0.0980859426127599,176.69670407027246,0.7444444444444445
1664,4,16.64,94032.2478477284,0.0940322478477284,173.00691925474086,0.75
1665,4,16.65,95303.80374942874,0.0953038037494287,174.17273875197287,0.7416666666666667
1666,4,16.66,95012.61282604,0.0950126128260399,173.90645179141964,0.7444444444444445
1667,4,16.67,95207.5705170516,0.0952075705170516,174.0847808831028,0.75
1668,4,16.68,94985.16395771522,0.0949851639577152,173.8813294420336,0.75
1669,4,16.69,94758.72415711956,0.0947587241571195,173.67394364548164,0.75
1670,4,16.7,92240.0965035297,0.0922400965035297,171.35032716519802,0.7361111111111112
1671,4,16.71,93662.3606234596,0.0936623606234595,172.6663121450116,0.7416666666666667
1672,4,16.72,92499.8930492528,0.0924998930492528,171.5914637402469,0.7361111111111112
1673,4,16.73,94013.16680740488,0.0940131668074048,172.98936506688142,0.7472222222222222
1674,4,16.74,94060.710386175,0.0940607103861749,173.0331009298217,0.75
1675,4,16.75,94218.72491491937,0.0942187249149193,173.17838087951353,0.7416666666666667
1676,4,16.76,96128.36580292146,0.0961283658029214,174.92458139941832,0.7527777777777778
1677,4,16.77,94364.65424044651,0.0943646542404465,173.31244142025488,0.7444444444444445
1678,4,16.78,95572.05226146606,0.095572052261466,174.41768567922966,0.7472222222222222
1679,4,16.79,96747.7129454392,0.0967477129454392,175.48718898029225,0.7472222222222222
1680,4,16.8,95239.75295938492,0.0952397529593849,174.1142008127831,0.7444444444444445
1681,4,16.81,95708.9434200317,0.0957089434200317,174.54255322643004,0.7444444444444445
1682,4,16.82,95713.64430603624,0.0957136443060362,174.54683963134428,0.7527777777777778
1683,4,16.83,93862.3732188135,0.0938623732188135,172.8505751689042,0.7388888888888889
1684,4,16.84,94849.41560557437,0.0948494156055743,173.7570334864446,0.7444444444444445
1685,4,16.85,95275.44999204316,0.0952754499920431,174.14682782949765,0.7388888888888889
1686,4,16.86,99257.04172782305,0.099257041727823,177.74841111898334,0.7388888888888889
1687,4,16.87,96618.27153624003,0.09661827153624,175.36975513461593,0.75
1688,4,16.88,97681.94299939362,0.0976819429993936,176.33243648957074,0.7416666666666667
1689,4,16.89,94365.08245154808,0.0943650824515481,173.31283465132142,0.7277777777777777
1690,4,16.9,95176.8015563691,0.0951768015563691,174.05664845315468,0.7361111111111112
1691,4,16.91,95518.798951185,0.095518798951185,174.36908562748178,0.7361111111111112
1692,4,16.92,96730.07124624251,0.0967300712462425,175.47118842972887,0.7388888888888889
1693,4,16.93,96405.13843719012,0.0964051384371901,175.176221683979,0.7361111111111112
1694,4,16.94,96654.35455916027,0.0966543545591602,175.40249883879665,0.7388888888888889
1695,4,16.95,97037.70356253558,0.0970377035625355,175.74999395882526,0.7416666666666667
1696,4,16.96,97111.87273595433,0.0971118727359543,175.81714693873403,0.7416666666666667
1697,4,16.97,98153.50499028004,0.09815350499028,176.75754864219002,0.7305555555555555
1698,4,16.98,96393.12707806492,0.0963931270780649,175.16530852060438,0.7333333333333333
1699,4,16.99,94250.22104947524,0.0942502210494752,173.20732413802708,0.7111111111111111
1700,4,17.0,95530.55887906074,0.0955305588790607,174.37981914163043,0.7194444444444444
1701,4,17.01,95029.94246908333,0.0950299424690833,173.92231073495455,0.7111111111111111
1702,4,17.02,94229.31973148626,0.0942293197314862,173.18811748761922,0.7111111111111111
1703,4,17.03,96995.29444916488,0.0969952944491648,175.71158509465712,0.7083333333333334
1704,4,17.04,95996.7922996355,0.0959967922996355,174.80482839700386,0.7083333333333334
1705,4,17.05,96915.85497782644,0.0969158549778264,175.6396161673006,0.7027777777777777
1706,4,17.06,94882.194724644,0.094882194724644,173.78705533977407,0.7111111111111111
1707,4,17.07,95465.43932736346,0.0954654393273634,174.32037496167402,0.7083333333333334
1708,4,17.08,96379.55694058836,0.0963795569405883,175.15297827956806,0.7
1709,4,17.09,95102.51603061648,0.0951025160306165,173.988709557539,0.7027777777777777
1710,4,17.1,93086.62550388968,0.0930866255038896,172.13481103302803,0.6972222222222222
1711,4,17.11,94880.4225397312,0.0948804225397312,173.7854323575247,0.6944444444444444
1712,4,17.12,95936.18331025506,0.095936183310255,174.74963688201063,0.7027777777777777
1713,4,17.13,93374.53002797054,0.0933745300279705,172.40080053662234,0.7
1714,4,17.14,95151.2542021631,0.0951512542021631,174.0332867451956,0.6944444444444444
1715,4,17.15,95100.94308935874,0.0951009430893587,173.98727071468457,0.6944444444444444
1716,4,17.16,94979.8470869896,0.0949798470869896,173.87646280049952,0.7055555555555556
1717,4,17.17,95543.72890029964,0.0955437289002996,174.39183889112854,0.6944444444444444
1718,4,17.18,95371.41564566577,0.0953714156456657,174.2345099552866,0.7083333333333334
1719,4,17.19,95404.88310249912,0.0954048831024991,174.26507820482664,0.6972222222222222
1720,4,17.2,94516.19578024025,0.0945161957802402,173.4515480511291,0.6916666666666667
1721,4,17.21,96049.62175873596,0.0960496217587359,174.85292153698603,0.7027777777777777
1722,4,17.22,95912.2399431895,0.0959122399431895,174.72782886520702,0.7
1723,4,17.23,96109.89776620692,0.0961098977662069,174.90777746886235,0.6805555555555556
1724,4,17.24,95320.254842438,0.0953202548424379,174.18777072431453,0.6944444444444444
1725,4,17.25,94679.7114853996,0.0946797114853996,173.6015212687714,0.7
1726,4,17.26,94408.88949521536,0.0944088894952153,173.35305843843676,0.6888888888888889
1727,4,17.27,96282.64745345252,0.0962826474534525,175.0648981160487,0.6861111111111111
1728,4,17.28,94297.20603016044,0.0942972060301604,173.25049182876748,0.6861111111111111
1729,4,17.29,93352.77581280682,0.0933527758128068,172.3807165663128,0.6916666666666667
1730,4,17.3,95505.18857093662,0.0955051885709366,174.35666234467868,0.6972222222222222
1731,4,17.31,97419.91833499068,0.0974199183349906,176.0957782493523,0.6861111111111111
1732,4,17.32,93783.17152234224,0.0937831715223422,172.77763354448308,0.6833333333333333
1733,4,17.33,93779.39483934076,0.0937793948393407,172.7741545998571,0.6861111111111111
1734,4,17.34,94211.00796363622,0.0942110079636362,173.17128867732444,0.6916666666666667
1735,4,17.35,94094.71137966162,0.0940947113796616,173.06437204045417,0.7
1736,4,17.36,93844.3562633701,0.0938443562633701,172.83398497166127,0.6944444444444444
1737,4,17.37,95878.79091529966,0.0958787909152996,174.69735837638902,0.7027777777777777
1738,4,17.38,96830.47327931534,0.0968304732793153,175.5622309286979,0.6944444444444444
1739,4,17.39,96499.76984872042,0.0964997698487204,175.2621772012096,0.6944444444444444
1740,4,17.4,95609.8631251552,0.0956098631251552,174.452184421451,0.7055555555555556
1741,4,17.41,95036.70360461091,0.0950367036046109,173.92849768702754,0.7
1742,4,17.42,98583.2576362508,0.0985832576362508,177.14408123847184,0.6944444444444444
1743,4,17.43,96341.13387485105,0.096341133874851,175.11806120021194,0.7027777777777777
1744,4,17.44,96485.71391910866,0.0964857139191086,175.2494125980263,0.6916666666666667
1745,4,17.45,96084.90417098255,0.0960849041709825,174.8850334095113,0.7
1746,4,17.46,84316.95317862964,0.0843169531786296,163.82588247787226,0.8333333333333334
1747,4,17.47,82731.18278707766,0.0827311827870776,162.27801261047372,0.8277777777777777
1748,4,17.48,82900.77396321308,0.082900773963213,162.44425482231904,0.8277777777777777
