frame,pump_rpm,time_s,area_um2,area_mm2,r_eff_um,coverage,area_mm2_smoothed
0,2,0.0,90397.09732156152,0.0903970973215615,169.6298610497907,0.35,0.0856884872612683
1,2,0.01,92880.95740970389,0.0928809574097038,171.94454624013042,0.3527777777777778,0.0857102835592191
2,2,0.02,87146.3408129857,0.0871463408129857,166.551919309011,0.3611111111111111,0.0857574317586513
3,2,0.03,85666.69096331751,0.0856666909633175,165.1319310438643,0.3472222222222222,0.0858045799580836
4,2,0.04,82289.92511971992,0.0822899251197199,161.84466842911664,0.3611111111111111,0.0861086064862654
5,2,0.05,82167.17821461621,0.0821671782146162,161.72391643024767,0.3694444444444444,0.0858045799580836
6,2,0.06,81380.95323778952,0.0813809532377895,160.94832078232187,0.3555555555555555,0.0857574317586513
7,2,0.07,89447.99118931111,0.0894479911893111,168.73701400356217,0.3666666666666666,0.0858045799580836
8,2,0.08,87083.6001151265,0.0870836001151264,166.4919542834447,0.3666666666666666,0.0857574317586513
9,2,0.09,85710.28355921911,0.0857102835592191,165.17394045222588,0.3666666666666666,0.0857102835592191
10,2,0.1,82125.70299148689,0.0821257029914868,161.6830948862125,0.3611111111111111,0.0857574317586513
11,2,0.11,85804.57995808363,0.0858045799580836,165.26477567983312,0.3777777777777777,0.0858045799580836
12,2,0.12,86787.12962023399,0.086787129620234,166.20830710778137,0.3527777777777778,0.0857574317586513
13,2,0.13,80476.90412998146,0.0804769041299814,160.05184845554967,0.3861111111111111,0.0858045799580836
14,2,0.14,82830.37765589854,0.0828303776558985,162.37526931219992,0.3888888888888889,0.0857574317586513
15,2,0.15,82943.68333354472,0.0829436833335447,162.4862898879933,0.3777777777777777,0.0857102835592191
16,2,0.16,87726.7673074199,0.0877267673074198,167.1056471723703,0.4083333333333333,0.0856666909633175
17,2,0.17,86412.63301444735,0.0864126330144473,165.8493152824889,0.3944444444444444,0.0856666909633175
18,2,0.18,88904.65997286109,0.0889046599728611,168.22375634009018,0.3638888888888889,0.0856666909633175
19,2,0.19,87802.60531663288,0.0878026053166328,167.1778612884424,0.3722222222222222,0.0857102835592191
20,2,0.2,85438.87523707261,0.0854388752370726,164.9122149884103,0.3861111111111111,0.0858045799580836
21,2,0.21,82978.4709204545,0.0829784709204545,162.5203606764237,0.3777777777777777,0.0861069783862457
22,2,0.22,87197.83335679522,0.0871978333567952,166.60111767714716,0.3666666666666666,0.0861069783862457
23,2,0.23,80605.99608597436,0.0806059960859743,160.18016556321064,0.3805555555555555,0.0861069783862457
24,2,0.24,81458.3172661734,0.0814583172661734,161.02480460388318,0.3805555555555555,0.0858045799580836
25,2,0.25,88247.90557269161,0.0882479055726916,167.60125530198565,0.3611111111111111,0.0858045799580836
26,2,0.26,86106.9783862457,0.0861069783862457,165.5557383172084,0.3638888888888889,0.0858045799580836
27,2,0.27,80903.61784943113,0.0809036178494311,160.47560995213357,0.3722222222222222,0.0861069783862457
28,2,0.28,87929.1578398908,0.0879291578398908,167.2982971349446,0.3861111111111111,0.0861069783862457
29,2,0.29,84401.6617594458,0.0844016617594457,163.90815522228291,0.3861111111111111,0.0862613733576343
30,2,0.3,81157.14296051928,0.0811571429605192,160.72685195313358,0.3833333333333333,0.0864126330144473
31,2,0.31,80460.53047547887,0.0804605304754788,160.03556572817527,0.4194444444444444,0.0864126330144473
32,2,0.32,87963.53198038397,0.0879635319803839,167.33099489634387,0.4222222222222222,0.0862613733576343
33,2,0.33,87342.43156232328,0.0873424315623232,166.7391959007199,0.3861111111111111,0.0861069783862457
34,2,0.34,87194.07090752615,0.0871940709075261,166.59752335036683,0.3777777777777777,0.0861069783862457
35,2,0.35,90076.37764358315,0.0900763776435831,169.32867895184535,0.3666666666666666,0.0856425502100383
36,2,0.36,89973.05249413915,0.0899730524941391,169.23153399711785,0.3805555555555555,0.0861069783862457
37,2,0.37,83425.32761537746,0.0834253276153774,162.9573764457941,0.3583333333333333,0.0861069783862457
38,2,0.38,91092.23532753334,0.0910922353275333,170.2808241092761,0.3444444444444444,0.0856425502100383
39,2,0.39,85528.86645978577,0.0855288664597857,164.99904165855943,0.3694444444444444,0.0861069783862457
40,2,0.4,81087.49046644848,0.0810874904664484,160.65786585568856,0.425,0.0862613733576343
41,2,0.41,85642.55021003837,0.0856425502100383,165.10866243128157,0.3888888888888889,0.0862613733576343
42,2,0.42,88262.60130006027,0.0882626013000602,167.61520985312603,0.3833333333333333,0.0862613733576343
43,2,0.43,86261.37335763432,0.0862613733576343,165.7040975218357,0.3805555555555555,0.0864100860171877
44,2,0.44,88218.88300025903,0.088218883000259,167.5736930638983,0.4166666666666667,0.0862613733576343
45,2,0.45,87004.90329620388,0.0870049032962038,166.41670849300672,0.3916666666666666,0.0864100860171877
46,2,0.46,82340.99850397545,0.0823409985039754,161.89488522513645,0.4111111111111111,0.0870049032962038
47,2,0.47,84657.87236152333,0.0846578723615233,164.15674739698753,0.4222222222222222,0.0871940709075261
48,2,0.48,81328.55542266698,0.0813285554226669,160.89649847054233,0.4055555555555555,0.0870187771283005
49,2,0.49,91638.2278064014,0.0916382278064014,170.79037989049593,0.4055555555555555,0.0870187771283005
50,2,0.5,83055.4994764174,0.0830554994764174,162.59577665264345,0.3861111111111111,0.0870049032962038
51,2,0.51,89868.82372035383,0.0898688237203538,169.13348293551155,0.3777777777777777,0.0870049032962038
52,2,0.52,83259.64083090422,0.0832596408309042,162.7954753566217,0.4277777777777777,0.0870049032962038
53,2,0.53,82716.36571265303,0.082716365712653,162.2634800425881,0.4,0.0870049032962038
54,2,0.54,87918.9228656521,0.0879189228656521,167.2885600714143,0.4,0.0864100860171877
55,2,0.55,91161.44708078248,0.0911614470807824,170.3455013924158,0.3777777777777777,0.0864100860171877
56,2,0.56,86410.08601718773,0.0864100860171877,165.84687107468315,0.4,0.0864100860171877
57,2,0.57,82535.58924907894,0.0825355892490789,162.0860697900545,0.3777777777777777,0.0870049032962038
58,2,0.58,88943.9535135391,0.0889439535135391,168.26092748951257,0.3805555555555555,0.0864100860171877
59,2,0.59,85541.25163776155,0.0855412516377615,165.01098773365027,0.3583333333333333,0.0870049032962038
60,2,0.6,88646.34315713751,0.0886463431571375,167.97918740414747,0.3805555555555555,0.0864100860171877
61,2,0.61,88476.13151197607,0.088476131511976,167.81783978933586,0.375,0.0863938325763023
62,2,0.62,90195.5260223858,0.0901955260223857,169.44063155711132,0.3472222222222222,0.0863938325763023
63,2,0.63,87018.77712830053,0.0870187771283005,166.42997639716828,0.3666666666666666,0.0864100860171877
64,2,0.64,87393.90707585117,0.0873939070758511,166.78832277611932,0.3666666666666666,0.0864100860171877
65,2,0.65,86393.83257630232,0.0863938325763023,165.83127272726412,0.375,0.0864100860171877
66,2,0.66,90958.02607082143,0.0909580260708214,170.15533763624765,0.3638888888888889,0.0864100860171877
67,2,0.67,91217.34485695232,0.0912173448569523,170.3977190557552,0.3527777777777778,0.0863938325763023
68,2,0.68,84181.9130271197,0.0841819130271197,163.6946399684371,0.3527777777777778,0.0863938325763023
69,2,0.69,83800.51398870516,0.0838005139887051,163.32339719062878,0.3833333333333333,0.0864100860171877
70,2,0.7,86365.57705348282,0.0863655770534828,165.8041525477921,0.3722222222222222,0.0863938325763023
71,2,0.71,86064.98360689553,0.0860649836068955,165.51536223662362,0.3638888888888889,0.0863655770534828
72,2,0.72,88673.55755612513,0.0886735575561251,168.0049702038663,0.3361111111111111,0.0860649836068955
73,2,0.73,81213.7889781002,0.0812137889781002,160.78293418821994,0.3444444444444444,0.0860649836068955
74,2,0.74,87038.80354404719,0.0870388035440471,166.4491263109512,0.3277777777777778,0.0857999860398072
75,2,0.75,83619.77128863418,0.0836197712886341,163.14717245971428,0.3222222222222222,0.0860649836068955
76,2,0.76,84499.86760069328,0.0844998676006932,164.00348544626135,0.3083333333333333,0.0857999860398072
77,2,0.77,82566.33403070291,0.0825663340307029,162.11625577938162,0.3222222222222222,0.0854465997419388
78,2,0.78,87697.02272855489,0.0876970227285549,167.077315406322,0.2972222222222222,0.0844998676006932
79,2,0.79,84283.97411552348,0.0842839741155234,163.7938405674335,0.2805555555555555,0.084470024274862
80,2,0.8,86583.87713796248,0.0865838771379624,166.01356594307632,0.2861111111111111,0.084470024274862
81,2,0.81,77392.22951336225,0.0773922295133622,156.9544894799386,0.2972222222222222,0.0842839741155234
82,2,0.82,80868.93055973346,0.0808689305597334,160.44120444036074,0.275,0.0841819130271197
83,2,0.83,74446.39352195845,0.0744463935219584,153.93837419164942,0.2805555555555555,0.0841819130271197
84,2,0.84,87115.88333548912,0.0871158833354891,166.52281197877943,0.2555555555555555,0.0840906627420298
85,2,0.85,73893.34482389134,0.0738933448238913,153.36551822568345,0.2583333333333333,0.0842839741155234
86,2,0.86,82587.63466256582,0.0825876346625658,162.13716597261038,0.2972222222222222,0.0840906627420298
87,2,0.87,84470.02427486207,0.084470024274862,163.97452184066088,0.3555555555555555,0.0840906627420298
88,2,0.88,80189.71319135164,0.0801897131913516,159.76601165157112,0.2916666666666667,0.0836197712886341
89,2,0.89,85799.98603980722,0.0857999860398072,165.2603515393268,0.2805555555555555,0.0836197712886341
90,2,0.9,87068.25159147839,0.0870682515914784,166.47728149602017,0.3083333333333333,0.0833797060048175
91,2,0.91,84090.66274202989,0.0840906627420298,163.6058962462388,0.3222222222222222,0.0833797060048175
92,2,0.92,85446.59974193886,0.0854465997419388,164.91966965358762,0.2944444444444444,0.0833797060048175
93,2,0.93,82605.39988658176,0.0826053998865817,162.15460349945158,0.3111111111111111,0.0835873186887205
94,2,0.94,81708.55988924314,0.0817085598892431,161.2719516797215,0.3444444444444444,0.0833797060048175
95,2,0.95,86071.69445969848,0.0860716944596984,165.52181507919926,0.3666666666666666,0.0833797060048175
96,2,0.96,83379.70600481759,0.0833797060048175,162.9128132727178,0.3972222222222222,0.0833797060048175
97,2,0.97,82156.50413549444,0.0821565041354944,161.71341156696732,0.375,0.0835873186887205
98,2,0.98,91867.29472852136,0.0918672947285213,171.00370793947243,0.3944444444444444,0.0835873186887205
99,2,0.99,82475.68065879428,0.0824756806587942,162.02723389427925,0.3805555555555555,0.0840906627420298
100,2,1.0,87054.3858237589,0.0870543858237589,166.46402507256784,0.3805555555555555,0.0835873186887205
101,2,1.01,79230.86856998698,0.0792308685699869,158.80796188086867,0.3583333333333333,0.0840906627420298
102,2,1.02,85773.83283498503,0.085773832834985,165.2351626236122,0.3583333333333333,0.0840906627420298
103,2,1.03,82339.94975808944,0.0823399497580894,161.89385422515733,0.3111111111111111,0.0840906627420298
104,2,1.04,81341.1078657384,0.0813411078657384,160.90891456599485,0.3333333333333333,0.0840906627420298
105,2,1.05,83286.97050281166,0.0832869705028116,162.82219167344087,0.3555555555555555,0.0840906627420298
106,2,1.06,83587.31868872054,0.0835873186887205,163.11551090627424,0.3388888888888889,0.0835873186887205
107,2,1.07,85710.1838099444,0.0857101838099444,165.17384433782237,0.3194444444444444,0.0833797060048175
108,2,1.08,84855.8961239821,0.084855896123982,164.3486252977137,0.3527777777777778,0.0833797060048175
109,2,1.09,83091.91503683975,0.0830919150368397,162.63141768480548,0.3416666666666667,0.0833797060048175
110,2,1.1,84622.15652797528,0.0846221565279752,164.1221161606404,0.3305555555555555,0.0833797060048175
111,2,1.11,84253.79385751704,0.084253793857517,163.76451243581073,0.3388888888888889,0.0833797060048175
112,2,1.12,88560.70587793167,0.0885607058779316,167.89802919736906,0.3222222222222222,0.0835873186887205
113,2,1.13,82328.44774729396,0.0823284477472939,161.8825464098255,0.3638888888888889,0.0835873186887205
114,2,1.14,87606.39602729859,0.0876063960272985,166.990963672953,0.2861111111111111,0.0832869705028116
115,2,1.15,79022.53922410196,0.0790225392241019,158.59903992892905,0.3166666666666666,0.0832869705028116
116,2,1.16,84611.97913394785,0.0846119791339478,164.11224648974925,0.3222222222222222,0.0830919150368397
117,2,1.17,81939.89842377919,0.0819398984237791,161.5000920779444,0.3666666666666666,0.0830919150368397
118,2,1.18,84254.34034774991,0.0842543403477499,163.76504354282278,0.3888888888888889,0.0828768318008884
119,2,1.19,81824.50546014679,0.0818245054601467,161.38633467572242,0.425,0.0828768318008884
120,2,1.2,84243.01883836823,0.0842430188383682,163.75404037219946,0.3916666666666666,0.0828768318008884
121,2,1.21,81846.01040220658,0.0818460104022065,161.4075408886577,0.3888888888888889,0.0828768318008884
122,2,1.22,82211.66448934136,0.0822116644893413,161.76769011944947,0.3472222222222222,0.0828174814348226
123,2,1.23,84725.2013165581,0.0847252013165581,164.22201188626437,0.3638888888888889,0.0826153551166547
124,2,1.24,77799.02380649389,0.0777990238064939,157.36644627446822,0.3833333333333333,0.0826153551166547
125,2,1.25,79951.9859839794,0.0799519859839793,159.52901792065452,0.3972222222222222,0.0826153551166547
126,2,1.26,84542.94247606903,0.084542942476069,164.04528154506698,0.35,0.0826153551166547
127,2,1.27,87590.63647056646,0.0875906364705664,166.97594295500113,0.3527777777777778,0.0826153551166547
128,2,1.28,78079.15317553659,0.0780791531755365,157.64950479031583,0.3527777777777778,0.0826153551166547
129,2,1.29,72800.40989026686,0.0728004098902668,152.2271006959804,0.3583333333333333,0.0828174814348226
130,2,1.3,82876.83180088844,0.0828768318008884,162.4207957677032,0.3944444444444444,0.0828174814348226
131,2,1.31,78305.34653690545,0.0783053465369054,157.87769298968314,0.3972222222222222,0.0828174814348226
132,2,1.32,82228.0477514681,0.0822280477514681,161.78380796879867,0.375,0.0828174814348226
133,2,1.33,80312.53875959205,0.080312538759592,159.88832062316817,0.3722222222222222,0.0828174814348226
134,2,1.34,81565.21809139832,0.0815652180913983,161.13042942668858,0.3722222222222222,0.0826153551166547
135,2,1.35,82817.48143482268,0.0828174814348226,162.36262836486296,0.3805555555555555,0.0828174814348226
136,2,1.36,85197.63367693446,0.0851976336769344,164.67923086665576,0.3833333333333333,0.0826153551166547
137,2,1.37,81527.62577038423,0.0815276257703842,161.0932937145606,0.3555555555555555,0.0826153551166547
138,2,1.38,82615.35511665477,0.0826153551166547,162.16437427565845,0.3388888888888889,0.0828174814348226
139,2,1.39,83196.52705630657,0.0831965270563065,162.73376127337437,0.3888888888888889,0.0826153551166547
140,2,1.4,85044.61634987427,0.0850446163498742,164.53128015934425,0.4166666666666667,0.0826153551166547
141,2,1.41,82972.26291538816,0.0829722629153881,162.51428111094964,0.4055555555555555,0.0828174814348226
142,2,1.42,86709.2075212668,0.0867092075212668,166.1336750246052,0.3638888888888889,0.0828174814348226
143,2,1.43,83601.77320880926,0.0836017732088092,163.12961385002774,0.3916666666666666,0.0828174814348226
144,2,1.44,83335.78548792742,0.0833357854879274,162.86990020780073,0.3916666666666666,0.0828768318008884
145,2,1.45,83288.75938632966,0.0832887593863296,162.82394025649828,0.4,0.0828768318008884
146,2,1.46,81600.28305109253,0.0816002830510925,161.1650607624319,0.375,0.0828174814348226
147,2,1.47,88479.3130677091,0.088479313067709,167.82085708338658,0.3888888888888889,0.0828174814348226
148,2,1.48,81133.06413528303,0.081133064135283,160.7030068500404,0.3805555555555555,0.0828174814348226
149,2,1.49,82348.87383230923,0.0823488738323092,161.9026270846946,0.4055555555555555,0.0829722629153881
150,2,1.5,85312.61557807137,0.0853126155780713,164.79031814611375,0.4194444444444444,0.0830367775979129
151,2,1.51,82372.71024477955,0.0823727102447795,161.9260572689465,0.4166666666666667,0.0830788982279725
152,2,1.52,81567.02413305412,0.0815670241330541,161.13221331609316,0.4027777777777778,0.0830788982279725
153,2,1.53,83036.777597913,0.0830367775979129,162.57744993159545,0.3944444444444444,0.0831965270563065
154,2,1.54,79431.7162085861,0.0794317162085861,159.0091209514039,0.375,0.0831965270563065
155,2,1.55,81533.64973300515,0.0815336497330051,161.0992450840845,0.4055555555555555,0.0830788982279725
156,2,1.56,86500.6941418944,0.0865006941418944,165.93380037570793,0.3722222222222222,0.0830788982279725
157,2,1.57,88578.83295879372,0.0885788329587937,167.91521145330054,0.3972222222222222,0.0830788982279725
158,2,1.58,84883.22639460849,0.0848832263946084,164.37508975687513,0.3777777777777777,0.0830788982279725
159,2,1.59,86848.30115835286,0.0868483011583528,166.26687239787387,0.3694444444444444,0.0830788982279725
160,2,1.6,81007.14408038883,0.0810071440803888,160.5782513676821,0.3916666666666666,0.0830788982279725
161,2,1.61,81252.73991656868,0.0812527399165686,160.82148611104213,0.4055555555555555,0.0830367775979129
162,2,1.62,82056.22586261228,0.0820562258626122,161.61468966340755,0.3694444444444444,0.0830367775979129
163,2,1.63,82158.8182151987,0.0821588182151987,161.71568901957113,0.3861111111111111,0.0830367775979129
164,2,1.64,85701.00510942335,0.0857010051094233,165.16499987048408,0.3916666666666666,0.0830367775979129
165,2,1.65,88210.52387151711,0.0882105238715171,167.56575370210695,0.3861111111111111,0.0830367775979129
166,2,1.66,83078.89822797255,0.0830788982279725,162.61867862954938,0.375,0.0830367775979129
167,2,1.67,85316.50367512013,0.0853165036751201,164.7940732381673,0.3555555555555555,0.0830788982279725
168,2,1.68,88230.26285103646,0.0882302628510364,167.5845008527917,0.35,0.0830788982279725
169,2,1.69,80179.31355621303,0.080179313556213,159.75565145675642,0.3916666666666666,0.0839314401209348
170,2,1.7,80235.7056777129,0.0802357056777129,159.81182165956596,0.3805555555555555,0.0839314401209348
171,2,1.71,90239.67871465208,0.090239678714652,169.48209893945364,0.3805555555555555,0.0839314401209348
172,2,1.72,82130.36987316913,0.0821303698731691,161.68768872910854,0.4138888888888888,0.0839314401209348
173,2,1.73,87520.63490308315,0.0875206349030831,166.90920686029725,0.3972222222222222,0.0838654760476663
174,2,1.74,83931.4401209348,0.0839314401209348,163.45093194025048,0.3944444444444444,0.0838654760476663
175,2,1.75,87966.5694118585,0.0879665694118585,167.33388388926852,0.3722222222222222,0.0838654760476663
176,2,1.76,82875.05236562181,0.0828750523656218,162.41905210281448,0.375,0.0839314401209348
177,2,1.77,82411.27969806005,0.08241127969806,161.96396222910215,0.3777777777777777,0.0839314401209348
178,2,1.78,85293.58175064712,0.0852935817506471,164.77193419771564,0.4,0.0839314401209348
179,2,1.79,82468.25439684698,0.0824682543968469,162.01993911502456,0.4166666666666667,0.0839314401209348
180,2,1.8,82190.7428745669,0.0821907428745669,161.74710510474242,0.3861111111111111,0.0838654760476663
181,2,1.81,90094.5161630118,0.0900945161630118,169.3457268006252,0.3888888888888889,0.0837564813181118
182,2,1.82,85734.26933610333,0.0857342693361033,165.1970505621257,0.4083333333333333,0.0838654760476663
183,2,1.83,79715.23527840007,0.0797152352784,159.29264725209893,0.3833333333333333,0.0838654760476663
184,2,1.84,86596.17396932915,0.0865961739693291,166.0253543291774,0.3888888888888889,0.0838654760476663
185,2,1.85,81002.87754714227,0.0810028775471422,160.574022595781,0.3916666666666666,0.0838654760476663
186,2,1.86,82760.70914606802,0.082760709146068,162.3069681460864,0.3722222222222222,0.0838654760476663
187,2,1.87,85317.25676313089,0.0853172567631308,164.79480055446362,0.3777777777777777,0.0838654760476663
188,2,1.88,83865.4760476663,0.0838654760476663,163.3866889788825,0.3777777777777777,0.0838654760476663
189,2,1.89,86717.12607901849,0.0867171260790184,166.14126077647842,0.3888888888888889,0.0837564813181118
190,2,1.9,85661.79604193864,0.0856617960419386,165.12721322788855,0.3833333333333333,0.0837564813181118
191,2,1.91,84171.17086113323,0.0841711708611332,163.68419537867337,0.3861111111111111,0.0837564813181118
192,2,1.92,81151.39305729864,0.0811513930572986,160.72115818312406,0.3666666666666666,0.0838654760476663
193,2,1.93,81548.68224438999,0.0815486822443899,161.11409548406954,0.375,0.0841711708611332
194,2,1.94,77996.63399945386,0.0779966339994538,157.56617559325647,0.3944444444444444,0.0838654760476663
195,2,1.95,83756.48131811182,0.0837564813181118,163.28048271463115,0.4111111111111111,0.0841711708611332
196,2,1.96,80998.6879520023,0.0809986879520023,160.569869972664,0.4222222222222222,0.0841824429937921
197,2,1.97,85493.56379071233,0.0854935637907123,164.9649858596311,0.3777777777777777,0.0841824429937921
198,2,1.98,87707.42485509027,0.0877074248550902,167.08722399721992,0.375,0.0841824429937921
199,2,1.99,88410.80504901904,0.088410805049019,167.75587409259492,0.3722222222222222,0.0841824429937921
200,2,2.0,81684.58951178525,0.0816845895117852,161.24829422498092,0.3583333333333333,0.0841824429937921
201,2,2.01,83237.65040723125,0.0832376504072312,162.77397527655313,0.3722222222222222,0.084510665863124
202,2,2.02,84516.46421660882,0.0845164642166088,164.01959061479567,0.3638888888888889,0.084510665863124
203,2,2.03,82631.70195169601,0.082631701951696,162.1804169541356,0.3694444444444444,0.0841824429937921
204,2,2.04,80457.23442237104,0.080457234422371,160.0322877785839,0.375,0.0841824429937921
205,2,2.05,89093.05881784807,0.089093058817848,168.40190441938293,0.3666666666666666,0.0841824429937921
206,2,2.06,88698.56042436486,0.0886985604243648,168.02865432224843,0.3944444444444444,0.0841711708611332
207,2,2.07,84510.66586312409,0.084510665863124,164.01396413783613,0.3805555555555555,0.0837564813181118
208,2,2.08,84182.44299379214,0.0841824429937921,163.6951552368836,0.3666666666666666,0.0837564813181118
209,2,2.09,81086.21142806986,0.0810862114280698,160.65659877746606,0.3805555555555555,0.0837564813181118
210,2,2.1,88366.96900531066,0.0883669690053106,167.71428038925902,0.375,0.0837564813181118
211,2,2.11,86898.80144611809,0.086898801446118,166.3152055520531,0.3277777777777778,0.0841824429937921
212,2,2.12,89107.92330051906,0.089107923300519,168.4159521062722,0.3361111111111111,0.0841824429937921
213,2,2.13,87419.35720592376,0.0874193572059237,166.81260636557937,0.3555555555555555,0.0837063175875623
214,2,2.14,80293.2274126564,0.0802932274126564,159.86909669805445,0.4055555555555555,0.0835228767832722
215,2,2.15,84683.18930681558,0.0846831893068155,164.181291108131,0.4222222222222222,0.0832376504072312
216,2,2.16,89495.29006917388,0.0894952900691738,168.78162102522913,0.3611111111111111,0.0834405142496696
217,2,2.17,81396.64892899556,0.0813966489289955,160.9638408349234,0.3916666666666666,0.0834405142496696
218,2,2.18,83121.41095440609,0.083121410954406,162.66028052457398,0.3861111111111111,0.083121410954406
219,2,2.19,81954.55753401082,0.0819545575340108,161.514537676625,0.3805555555555555,0.083121410954406
220,2,2.2,84873.6811712851,0.0848736811712851,164.3658474064217,0.3944444444444444,0.083121410954406
221,2,2.21,83706.31758756239,0.0837063175875623,163.23157912659312,0.3611111111111111,0.0830740195681138
222,2,2.22,77484.6166023456,0.0774846166023456,157.04814386578175,0.3861111111111111,0.0830418652562335
223,2,2.23,83522.87678327221,0.0835228767832722,163.05262157544766,0.3833333333333333,0.0829725402403582
224,2,2.24,82025.94555318737,0.0820259455531873,161.5848674633639,0.3611111111111111,0.0829725402403582
225,2,2.25,80681.83655732077,0.0806818365573207,160.2555029060156,0.3833333333333333,0.0829725402403582
226,2,2.26,85727.12350112482,0.0857271235011248,165.190165943699,0.4194444444444444,0.0829725402403582
227,2,2.27,83041.86525623352,0.0830418652562335,162.58243041055013,0.4194444444444444,0.0829480736726522
228,2,2.28,82149.7305049051,0.0821497305049051,161.70674496459765,0.3722222222222222,0.0824100958296406
229,2,2.29,80202.70267544038,0.0802027026754403,159.77895092987634,0.4166666666666667,0.0824100958296406
230,2,2.3,82213.71252213689,0.0822137125221369,161.76970506144926,0.4194444444444444,0.0824100958296406
231,2,2.31,83440.51424966965,0.0834405142496696,162.97220804152258,0.4222222222222222,0.0824100958296406
232,2,2.32,80417.57705146179,0.0804175770514618,159.99284296001187,0.3777777777777777,0.0824100958296406
233,2,2.33,83074.01956811387,0.0830740195681138,162.613903813777,0.3944444444444444,0.0824100958296406
234,2,2.34,82410.09582964062,0.0824100958296406,161.96279888890592,0.3611111111111111,0.0823633887050376
235,2,2.35,80938.60131542862,0.0809386013154286,160.51030176468203,0.3861111111111111,0.0824100958296406
236,2,2.36,82948.07367265223,0.0829480736726522,162.49059015803536,0.4222222222222222,0.0824100958296406
237,2,2.37,79856.72348523686,0.0798567234852368,159.43395047353053,0.4083333333333333,0.0824100958296406
238,2,2.38,82972.54024035827,0.0829725402403582,162.5145527030993,0.4027777777777778,0.0824100958296406
239,2,2.39,83453.18279336464,0.0834531827933646,162.98457938293114,0.4138888888888888,0.0823633887050376
240,2,2.4,79448.33983502141,0.0794483398350214,159.02575895236842,0.4138888888888888,0.0823633887050376
241,2,2.41,83269.45506945823,0.0832694550694582,162.80506984042455,0.3666666666666666,0.0823633887050376
242,2,2.42,81848.54904566404,0.081848549045664,161.41004408348857,0.3833333333333333,0.0823633887050376
243,2,2.43,81480.99714885377,0.0814809971488537,161.04721956182112,0.3972222222222222,0.0823633887050376
244,2,2.44,84759.44898642875,0.0847594489864287,164.2551994911301,0.4333333333333333,0.0823633887050376
245,2,2.45,78746.79930670859,0.0787467993067086,158.32209171387365,0.4166666666666667,0.0823633887050376
246,2,2.46,84685.87487491357,0.0846858748749135,164.18389443793956,0.3777777777777777,0.0823633887050376
247,2,2.47,86336.13885744415,0.0863361388574441,165.77589249725364,0.3888888888888889,0.0820704828273718
248,2,2.48,81807.24017618463,0.0818072401761846,161.36930721017347,0.3972222222222222,0.0820704828273718
249,2,2.49,82363.38870503767,0.0823633887050376,161.91689499373388,0.3694444444444444,0.0819614065299677
250,2,2.5,82867.03961757387,0.0828670396175738,162.41120019585352,0.3722222222222222,0.0819614065299677
251,2,2.51,86319.2014162821,0.0863192014162821,165.75963072561564,0.3722222222222222,0.0820704828273718
252,2,2.52,84850.34453502888,0.0848503445350288,164.34324906000998,0.3527777777777778,0.0820704828273718
253,2,2.53,81569.04735680878,0.0815690473568087,161.13421170026567,0.3944444444444444,0.0820704828273718
254,2,2.54,78692.64400404223,0.0786926440040422,158.26764216487285,0.3527777777777778,0.0820704828273718
255,2,2.55,81063.2440139195,0.0810632440139195,160.63384442812657,0.35,0.0819614065299677
256,2,2.56,81339.95116991887,0.0813399511699188,160.9077704745547,0.3833333333333333,0.0820704828273718
257,2,2.57,86236.95520659063,0.0862369552065906,165.68064279404072,0.3777777777777777,0.0820704828273718
258,2,2.58,83224.76581955618,0.0832247658195561,162.76137667055892,0.3944444444444444,0.0820704828273718
259,2,2.59,81961.40652996776,0.0819614065299677,161.5212864733854,0.3833333333333333,0.0823633887050376
260,2,2.6,82070.48282737186,0.0820704828273718,161.62872902992677,0.3833333333333333,0.0823633887050376
261,2,2.61,80705.59944324552,0.0807055994432455,160.27910086213384,0.3694444444444444,0.0824815818848603
262,2,2.62,80258.4824661671,0.0802584824661671,159.83450321845223,0.3472222222222222,0.0823633887050376
263,2,2.63,79630.6721183272,0.0796306721183272,159.2081347755933,0.3333333333333333,0.0823633887050376
264,2,2.64,81435.4804550474,0.0814354804550474,161.00223139748232,0.375,0.0823633887050376
265,2,2.65,84525.3861103601,0.08452538611036,164.02824766615558,0.3805555555555555,0.0820704828273718
266,2,2.66,86188.26073878158,0.0861882607387815,165.6338596608207,0.3805555555555555,0.0820704828273718
267,2,2.67,85879.89710796093,0.0858798971079609,165.33729244762264,0.3777777777777777,0.0819614065299677
268,2,2.68,81868.5787650115,0.0818685787650115,161.42979275437207,0.3888888888888889,0.0819614065299677
269,2,2.69,82632.90459180991,0.0826329045918099,162.18159715471742,0.3944444444444444,0.0820704828273718
270,2,2.7,81345.32523510019,0.0813453252351001,160.91308591027698,0.3694444444444444,0.0824815818848603
271,2,2.71,86754.40034073575,0.0867544003407357,166.17696380185376,0.3888888888888889,0.0824815818848603
272,2,2.72,87254.25643992238,0.0872542564399223,166.65501023504507,0.35,0.0824815818848603
273,2,2.73,78773.25979166967,0.0787732597916696,158.34868915975446,0.3916666666666666,0.0820704828273718
274,2,2.74,83288.00886019187,0.0832880088601918,162.82320664070656,0.3888888888888889,0.0819614065299677
275,2,2.75,82481.5818848603,0.0824815818848603,162.03303040438664,0.3777777777777777,0.0818685787650115
276,2,2.76,83992.71962716986,0.0839927196271698,163.51058994692508,0.3611111111111111,0.0818685787650115
277,2,2.77,80640.62052722607,0.080640620527226,160.21456469937928,0.3722222222222222,0.0819199892463964
278,2,2.78,86239.68222242809,0.086239682222428,165.68326237959997,0.3694444444444444,0.0819199892463964
279,2,2.79,79586.62762785936,0.0795866276278593,159.1640989104504,0.3555555555555555,0.0819199892463964
280,2,2.8,75983.68757028402,0.075983687570284,155.51964166085844,0.3277777777777778,0.0824727386174274
281,2,2.81,90312.94659036676,0.0903129465903667,169.55088837898316,0.3138888888888889,0.0824727386174274
282,2,2.82,79298.43369835171,0.0792984336983517,158.87566020342828,0.3555555555555555,0.0824727386174274
283,2,2.83,84560.08704388041,0.0845600870438804,164.06191417458535,0.3527777777777778,0.0824062510084774
284,2,2.84,85925.9384165462,0.0859259384165462,165.38160622513686,0.3583333333333333,0.0824727386174274
285,2,2.85,82491.00298919498,0.0824910029891949,162.04228390354598,0.3555555555555555,0.0824727386174274
286,2,2.86,79160.24934981088,0.0791602493498108,158.7371725866969,0.3611111111111111,0.0824815818848603
287,2,2.87,80080.56863659421,0.0800805686365942,159.65724752809544,0.3527777777777778,0.0824815818848603
288,2,2.88,80751.20195965751,0.0807512019596575,160.3243771389207,0.3277777777777778,0.0824815818848603
289,2,2.89,77406.6317082285,0.0774066317082285,156.9690929097726,0.3222222222222222,0.0824910029891949
290,2,2.9,78959.51995673616,0.0789595199567361,158.53578716036148,0.3333333333333333,0.0824910029891949
291,2,2.91,82472.73861742749,0.0824727386174274,162.02434398132542,0.35,0.0824910029891949
292,2,2.92,81919.98924639644,0.0819199892463964,161.48047081055284,0.3527777777777778,0.0824910029891949
293,2,2.93,80195.63683128323,0.0801956368312832,159.77191252595802,0.3833333333333333,0.082526138041843
294,2,2.94,78997.12752745351,0.0789971275274535,158.57353711168244,0.3777777777777777,0.082526138041843
295,2,2.95,83263.52559297469,0.0832635255929746,162.79927320096033,0.3666666666666666,0.0830889072281315
296,2,2.96,83088.90722813156,0.0830889072281315,162.62847414558777,0.375,0.0831958528968118
297,2,2.97,86409.87720685398,0.0864098772068539,165.84667068973383,0.3444444444444444,0.0831958528968118
298,2,2.98,82406.25100847741,0.0824062510084774,161.9590206791253,0.3583333333333333,0.0832635255929746
299,2,2.99,85714.86089710078,0.0857148608971007,165.17835093139658,0.3611111111111111,0.0832635255929746
300,2,3.0,89242.93012882106,0.089242930128821,168.54348676829082,0.35,0.0832635255929746
301,2,3.01,82526.13804184305,0.082526138041843,162.0767892305584,0.3444444444444444,0.083570948843183
302,2,3.02,84531.02307014793,0.0845310230701479,164.03371705981112,0.3916666666666666,0.084456940791257
303,2,3.03,83195.85289681183,0.0831958528968118,162.73310193856554,0.3638888888888889,0.084456940791257
304,2,3.04,84542.63491938206,0.084542634919382,164.0449831566521,0.3388888888888889,0.084456940791257
305,2,3.05,88485.90920878813,0.0884859092087881,167.82711249711286,0.3694444444444444,0.0845310230701479
306,2,3.06,78638.61492987684,0.0786386149298768,158.2133008567233,0.3555555555555555,0.0845310230701479
307,2,3.07,87044.6243087061,0.0870446243087061,166.45469190327756,0.3194444444444444,0.0845310230701479
308,2,3.08,85340.05632939487,0.0853400563293948,164.81681836853895,0.3472222222222222,0.084542634919382
309,2,3.09,90011.64054214355,0.0900116405421435,169.26782049812653,0.3194444444444444,0.0853400563293948
310,2,3.1,90589.79579569082,0.0905897957956908,169.81056383258135,0.3111111111111111,0.0853400563293948
311,2,3.11,87620.33118771912,0.0876203311877191,167.00424440040112,0.3111111111111111,0.0855274586132478
312,2,3.12,90029.51605021798,0.0900295160502179,169.28462720260998,0.3333333333333333,0.0857148608971007
313,2,3.13,95866.74810567504,0.095866748105675,174.68638664282787,0.2972222222222222,0.0855274586132478
314,2,3.14,83570.948843183,0.083570948843183,163.09953775086234,0.3138888888888889,0.0857148608971007
315,2,3.15,90861.94255417532,0.0908619425541753,170.06544208879612,0.3222222222222222,0.0865290023795363
316,2,3.16,90498.04491830416,0.0904980449183041,169.72454854204497,0.3083333333333333,0.0865290023795363
317,2,3.17,84456.94079125706,0.084456940791257,163.96182241819642,0.2972222222222222,0.0870446243087061
318,2,3.18,82453.40916554705,0.082453409165547,162.00535573539167,0.2888888888888888,0.0876203311877191
319,2,3.19,81918.97587375194,0.0819189758737519,161.4794720286968,0.2777777777777778,0.0884859092087881
320,2,3.2,86529.00237953637,0.0865290023795363,165.9609499220439,0.2833333333333333,0.0894513112296173
321,2,3.21,83978.34795890622,0.0839783479589062,163.49660051726522,0.275,0.0899746250551227
322,2,3.22,80137.00971867693,0.0801370097186769,159.71350112830592,0.2972222222222222,0.0899746250551227
323,2,3.23,89451.31122961735,0.0894513112296173,168.74014547964077,0.2861111111111111,0.0899746250551227
324,2,3.24,90093.97013935252,0.0900939701393525,169.34521363446663,0.2833333333333333,0.0899746250551227
325,2,3.25,83195.85361452766,0.0831958536145276,162.7331026405003,0.275,0.0894513112296173
326,2,3.26,,,,0.2194444444444444,0.0894513112296173
327,2,3.27,,,,0.2333333333333333,0.0894513112296173
328,2,3.28,,,,0.2444444444444444,0.0890303859852858
329,2,3.29,,,,0.2444444444444444,0.0885975503378992
330,2,3.3,97126.49720002848,0.0971264972000284,175.83038494290835,0.3,0.0890303859852858
331,2,3.31,90472.5025924968,0.0904725025924968,169.700595175681,0.2916666666666667,0.0885975503378992
332,2,3.32,95073.31344964947,0.0950733134496494,173.96199465191754,0.2777777777777778,0.0885975503378992
333,2,3.33,101770.35094131612,0.1017703509413161,179.98474608981385,0.2944444444444444,0.0888605998735798
334,2,3.34,90463.20073007392,0.0904632007300739,169.6918711317995,0.2611111111111111,0.0890303859852858
335,2,3.35,90256.64791244996,0.0902566479124499,169.4980333937312,0.2833333333333333,0.0894513112296173
336,2,3.36,89974.62505512274,0.0899746250551227,169.23301291629053,0.2944444444444444,0.0894513112296173
337,2,3.37,81579.73995519405,0.081579739955194,161.14477261159007,0.2944444444444444,0.0894513112296173
338,2,3.38,89030.38598528581,0.0890303859852858,168.34266253649216,0.2944444444444444,0.0894513112296173
339,2,3.39,84935.77425454746,0.0849357742545474,164.42596095476267,0.3222222222222222,0.0890585880665179
340,2,3.4,87439.6127511109,0.0874396127511109,166.83193094477102,0.3222222222222222,0.0890585880665179
341,2,3.41,90843.27418076148,0.0908432741807614,170.04797048198216,0.3194444444444444,0.0899746250551227
342,2,3.42,85577.77774598343,0.0855777777459834,165.0462138135429,0.3333333333333333,0.0895166065608203
343,2,3.43,88597.55033789923,0.0885975503378992,167.93295139495217,0.3166666666666666,0.0891003511627259
344,2,3.44,83341.35703719791,0.0833413570371979,162.87534458263818,0.3222222222222222,0.0890794696146219
345,2,3.45,96041.96236649934,0.0960419623664993,174.84594965211036,0.3138888888888889,0.0890585880665179
346,2,3.46,87066.63190779938,0.0870666319077993,166.47573304532293,0.3166666666666666,0.0890303859852858
347,2,3.47,88860.5998735799,0.0888605998735798,168.1820663209445,0.3305555555555555,0.0890303859852858
348,2,3.48,90024.42284366942,0.0900244228436694,169.27983869654963,0.2916666666666667,0.0888605998735798
349,2,3.49,91769.88943637047,0.0917698894363704,170.913027770238,0.3138888888888889,0.0888605998735798
350,2,3.5,91001.31813164592,0.0910013181316459,170.19582608589184,0.3222222222222222,0.0885975503378992
351,2,3.51,88382.92662206381,0.0883829266220638,167.7294229217386,0.3138888888888889,0.0885975503378992
352,2,3.52,79365.43707773708,0.079365437077737,158.9427671935445,0.3055555555555556,0.0885975503378992
353,2,3.53,86149.83685988642,0.0861498368598864,165.59693465044143,0.3166666666666666,0.0885975503378992
354,2,3.54,89058.58806651793,0.0890585880665179,168.3693233078473,0.3083333333333333,0.0885975503378992
355,2,3.55,91284.63128226668,0.0912846312822666,170.46055436313588,0.3,0.0888605998735798
356,2,3.56,91624.05301494904,0.091624053014949,170.77717027426712,0.2972222222222222,0.0890585880665179
357,2,3.57,88264.46217372797,0.0882644621737279,167.61697679111398,0.3194444444444444,0.0890585880665179
358,2,3.58,89100.35116272591,0.0891003511627259,168.4087962000295,0.3,0.0890585880665179
359,2,3.59,84026.19717749873,0.0840261971774987,163.5431724653352,0.3111111111111111,0.0891003511627259
360,2,3.6,87413.86999608985,0.0874138699960898,166.807370968252,0.3055555555555556,0.0891003511627259
361,2,3.61,86533.41566920668,0.0865334156692066,165.96518217011612,0.2805555555555555,0.0891003511627259
362,2,3.62,89637.87592369862,0.0896378759236986,168.91602080036475,0.3055555555555556,0.0896099425632179
363,2,3.63,87419.05241753292,0.0874190524175329,166.8123155684847,0.3333333333333333,0.0896099425632179
364,2,3.64,90447.22434388525,0.0904472243438852,169.676886129319,0.3111111111111111,0.0896099425632179
365,2,3.65,87599.43314848622,0.0875994331484862,166.98432739409776,0.3222222222222222,0.0896099425632179
366,2,3.66,90389.27737334125,0.0903892773733412,169.62252383732337,0.3083333333333333,0.0896099425632179
367,2,3.67,91040.4841310114,0.0910404841310114,170.23244738256992,0.2944444444444444,0.0896099425632179
368,2,3.68,86374.51589233006,0.08637451589233,165.81273269223806,0.3083333333333333,0.0896099425632179
369,2,3.69,94037.40038785333,0.0940374003878533,173.01165918653328,0.2916666666666667,0.0896099425632179
370,2,3.7,90937.09780317388,0.0909370978031738,170.13576123676208,0.3111111111111111,0.0896378759236986
371,2,3.71,89789.87953334984,0.0897898795333498,169.05917997765414,0.2861111111111111,0.0896099425632179
372,2,3.72,90929.66318816808,0.090929663188168,170.1288063208468,0.2944444444444444,0.0896099425632179
373,2,3.73,89018.11824375649,0.0890181182437564,168.33106393789993,0.2916666666666667,0.0896099425632179
374,2,3.74,90386.94236242356,0.0903869423624235,169.62033290818613,0.3083333333333333,0.0896099425632179
375,2,3.75,86847.11804723043,0.0868471180472304,166.26573988950386,0.2944444444444444,0.0896099425632179
376,2,3.76,89609.94256321792,0.0896099425632179,168.88969956227027,0.2694444444444444,0.0896378759236986
377,2,3.77,91686.0972957272,0.0916860972957271,170.8349823509192,0.2722222222222222,0.0897898795333498
378,2,3.78,87964.22070743926,0.0879642207074392,167.33164996984533,0.2833333333333333,0.0902820574408185
379,2,3.79,90282.05744081856,0.0902820574408185,169.5218907056708,0.2777777777777778,0.0902820574408185
380,2,3.8,90710.29425074832,0.0907102942507483,169.923463472982,0.3027777777777777,0.0897898795333498
381,2,3.81,90946.33866983358,0.0909463386698335,170.1444054643796,0.3027777777777777,0.0897898795333498
382,2,3.82,88784.88982950897,0.0887848898295089,168.11040472401282,0.2722222222222222,0.0897898795333498
383,2,3.83,88934.31549918107,0.088934315499181,168.25181082050102,0.3083333333333333,0.0896099425632179
384,2,3.84,89314.55727766891,0.0893145572776689,168.61111043347782,0.2861111111111111,0.0897898795333498
385,2,3.85,91833.57708077268,0.0918335770807726,170.97232369138322,0.2777777777777778,0.0897898795333498
386,2,3.86,86903.0055971072,0.0869030055971072,166.3192286557526,0.2944444444444444,0.0897898795333498
387,2,3.87,91803.54697751916,0.0918035469775191,170.94436694340763,0.3,0.0898975243344557
388,2,3.88,85084.75658968683,0.0850847565896868,164.57010416852373,0.2833333333333333,0.0898975243344557
389,2,3.89,88005.3050079826,0.0880053050079826,167.37072211310056,0.3,0.090233572829517
390,2,3.9,86438.5254650909,0.0864385254650909,165.87416074448657,0.3027777777777777,0.0898975243344557
391,2,3.91,93501.75211389462,0.0935017521138946,172.51820794733175,0.3083333333333333,0.090233572829517
392,2,3.92,93642.74014437028,0.0936427401443702,172.64822604733823,0.3166666666666666,0.090233572829517
393,2,3.93,93316.09244675848,0.0933160924467584,172.34684437448738,0.2944444444444444,0.0898975243344557
394,2,3.94,87256.52772329056,0.0872565277232905,166.65717928848244,0.3027777777777777,0.0898975243344557
395,2,3.95,84373.54038109037,0.0843735403810903,163.88084706770448,0.3,0.0898975243344557
396,2,3.96,88906.63440784841,0.0889066344078484,168.22562432443553,0.3083333333333333,0.0893477632455266
397,2,3.97,90233.57282951708,0.090233572829517,169.47636501093703,0.2916666666666667,0.0893145572776689
398,2,3.98,85158.99810643127,0.0851589981064312,164.64188712105977,0.3,0.0893145572776689
399,2,3.99,91091.53201896496,0.0910915320189649,170.28016675251365,0.2888888888888888,0.0893477632455266
400,2,4.0,89897.52433445572,0.0898975243344557,169.16048811440913,0.2916666666666667,0.0893477632455266
401,2,4.01,90289.44501776902,0.090289445017769,169.5288263606036,0.2972222222222222,0.0893117880560757
402,2,4.02,90258.84131781456,0.0902588413178145,169.50009294084288,0.2805555555555555,0.0893477632455266
403,2,4.03,90855.44781917254,0.0908554478191725,170.05936391301168,0.2861111111111111,0.0893117880560757
404,2,4.04,92100.235758519,0.092100235758519,171.220371339962,0.2694444444444444,0.0893477632455266
405,2,4.05,86646.31491146577,0.0866463149114657,166.07341339815218,0.2777777777777778,0.0895240679261421
406,2,4.06,91279.794875694,0.091279794875694,170.45603866616727,0.2833333333333333,0.0895240679261421
407,2,4.07,88177.52823933282,0.0881775282393328,167.53441132445005,0.2722222222222222,0.0893477632455266
408,2,4.08,89347.76324552667,0.0893477632455266,168.64245120805103,0.3055555555555556,0.0893117880560757
409,2,4.09,85692.37735906964,0.0856923773590696,165.15668585916796,0.3083333333333333,0.089130783741723
410,2,4.1,91465.47955871184,0.0914654795587118,170.62932452564945,0.3083333333333333,0.089130783741723
411,2,4.11,88933.10495947789,0.0889331049594778,168.2506657271302,0.2972222222222222,0.089130783741723
412,2,4.12,88291.78692296435,0.0882917869229643,167.64292006050326,0.3,0.089130783741723
413,2,4.13,85034.11522066966,0.0850341152206696,164.52112185865587,0.3027777777777777,0.089130783741723
414,2,4.14,90192.26612911886,0.0901922661291188,169.4375695240521,0.2861111111111111,0.089130783741723
415,2,4.15,89311.78805607575,0.0893117880560757,168.6084964970636,0.2888888888888888,0.089130783741723
416,2,4.16,89130.78374172303,0.089130783741723,168.43755409141963,0.3361111111111111,0.0889655637995156
417,2,4.17,90232.82803494816,0.0902328280349481,169.47566557428206,0.3166666666666666,0.0889331049594778
418,2,4.18,88965.56379951561,0.0889655637995156,168.28136702350793,0.3361111111111111,0.0885128639848898
419,2,4.19,89524.0679261421,0.0895240679261421,168.80875531879332,0.325,0.088364155239258
420,2,4.2,91031.99783788266,0.0910319978378826,170.2245131315097,0.3388888888888889,0.088364155239258
421,2,4.21,86225.16849873925,0.0862251684987392,165.66931994491878,0.3166666666666666,0.0885128639848898
422,2,4.22,82552.80047605452,0.0825528004760545,162.10296889226333,0.3305555555555555,0.0885128639848898
423,2,4.23,86437.39634951539,0.0864373963495153,165.87307736349936,0.3111111111111111,0.0887838972596915
424,2,4.24,86140.81324016704,0.086140813240167,165.5882618371747,0.3111111111111111,0.0887838972596915
425,2,4.25,84631.48731569943,0.0846314873156994,164.1311643016804,0.3111111111111111,0.0889331049594778
426,2,4.26,85611.71525918372,0.0856117152591837,165.07893669438832,0.3138888888888889,0.0889331049594778
427,2,4.27,87631.01930337571,0.0876310193033757,167.01442985750384,0.3166666666666666,0.0889655637995156
428,2,4.28,89766.91932481511,0.0897669193248151,169.03756349803265,0.3194444444444444,0.089130783741723
429,2,4.29,88512.86398488987,0.0885128639848898,167.8526724864148,0.3277777777777778,0.0892753762004883
430,2,4.3,93345.7334588578,0.0933457334588578,172.37421440874354,0.3138888888888889,0.089130783741723
431,2,4.31,85015.4463863418,0.0850154463863418,164.5030609535902,0.3,0.089130783741723
432,2,4.32,88364.15523925808,0.088364155239258,167.71161020315512,0.3138888888888889,0.0889655637995156
433,2,4.33,84237.3008546348,0.0842373008546348,163.7484828860058,0.3333333333333333,0.0889655637995156
434,2,4.34,88228.18418606457,0.0882281841860645,167.58252673375208,0.3305555555555555,0.0892753762004883
435,2,4.35,88783.89725969151,0.0887838972596915,168.10946502706437,0.3194444444444444,0.0892753762004883
436,2,4.36,89275.37620048835,0.0892753762004883,168.5741226801805,0.3166666666666666,0.0892753762004883
437,2,4.37,93784.83810014748,0.0937848381001475,172.7791687137752,0.3083333333333333,0.0897669193248151
438,2,4.38,92534.5794020427,0.0925345794020427,171.6236330973364,0.3222222222222222,0.0898143194705072
439,2,4.39,94460.09898167224,0.0944600989816722,173.40006734648543,0.3194444444444444,0.0902273266591259
440,2,4.4,96624.77651617162,0.0966247765161716,175.3756585601229,0.3222222222222222,0.0907606603165625
441,2,4.41,91873.70959483348,0.0918737095948334,171.00967821855605,0.3222222222222222,0.0907606603165625
442,2,4.42,92211.82896086144,0.0922118289608614,171.32406947458077,0.3138888888888889,0.0907606603165625
443,2,4.43,91989.28520255824,0.0919892852025582,171.1172080854365,0.3055555555555556,0.0908451312025842
444,2,4.44,94313.7191732213,0.0943137191732213,173.26566080905374,0.2944444444444444,0.0908451312025842
445,2,4.45,85887.67713182289,0.0858876771318228,165.34478138852978,0.3166666666666666,0.0913158374024572
446,2,4.46,91350.8037999702,0.0913508037999702,170.52232686767536,0.3305555555555555,0.0913158374024572
447,2,4.47,84461.08239690498,0.0844610823969049,163.96584255484004,0.3222222222222222,0.0913449186285358
448,2,4.48,90760.66031656256,0.0907606603165625,169.97063115529906,0.35,0.0913508037999702
449,2,4.49,94803.41400000964,0.0948034140000096,173.71489262633142,0.3333333333333333,0.0918737095948334
450,2,4.5,90227.3266591259,0.0902273266591259,169.47049914228157,0.2916666666666667,0.0919892852025582
451,2,4.51,90845.1312025842,0.0908451312025842,170.04970853678674,0.3222222222222222,0.0919892852025582
452,2,4.52,89814.31947050727,0.0898143194705072,169.08218654941678,0.3194444444444444,0.0919892852025582
453,2,4.53,91344.91862853587,0.0913449186285358,170.51683392591147,0.325,0.0918737095948334
454,2,4.54,92494.2760066042,0.0924942760066042,171.58625372772232,0.3444444444444444,0.0913508037999702
455,2,4.55,91315.83740245728,0.0913158374024572,170.4896882815899,0.3305555555555555,0.0913449186285358
456,2,4.56,85839.84052977055,0.0858398405297705,165.29872918164253,0.325,0.0913158374024572
457,2,4.57,87759.85200912076,0.0877598520091207,167.1371547697565,0.3222222222222222,0.0908451312025842
458,2,4.58,95544.27824106035,0.0955442782410603,174.39234023438172,0.3027777777777777,0.0908158789576388
459,2,4.59,90274.00319396498,0.0902740031939649,169.51432883985396,0.3361111111111111,0.0908158789576388
460,2,4.6,102124.46959606746,0.1021244695960674,180.2976103383077,0.325,0.0907606603165625
461,2,4.61,95638.304759088,0.0956383047590879,174.4781301558335,0.3194444444444444,0.0907606603165625
462,2,4.62,92881.41231392608,0.092881412313926,171.94496730708795,0.3444444444444444,0.0907606603165625
463,2,4.63,93310.98900425466,0.0933109890042546,172.34213149906566,0.3305555555555555,0.0908158789576388
464,2,4.64,92052.8375952552,0.0920528375952552,171.17630752484598,0.3361111111111111,0.0908451312025842
465,2,4.65,96348.95045666194,0.0963489504566619,175.1251651070963,0.3333333333333333,0.0908158789576388
466,2,4.66,90451.5595986215,0.0904515595986215,169.6809524990462,0.3583333333333333,0.0908158789576388
467,2,4.67,85568.92850716396,0.0855689285071639,165.03768022480284,0.3361111111111111,0.0907487956815778
468,2,4.68,89062.47576285814,0.0890624757628581,168.37299820138023,0.3611111111111111,0.0907487956815778
469,2,4.69,88885.15785722803,0.088885157857228,168.2053045565523,0.3611111111111111,0.0907006831779078
470,2,4.7,88007.09661141856,0.0880070966114185,167.37242576286724,0.3333333333333333,0.0904515595986215
471,2,4.71,90180.79601758692,0.0901807960175869,169.42679515449066,0.3444444444444444,0.0904515595986215
472,2,4.72,90391.16825831008,0.09039116825831,169.62429802455353,0.3611111111111111,0.0907006831779078
473,2,4.73,90815.87895763882,0.0908158789576388,170.02232822393336,0.3638888888888889,0.0907006831779078
474,2,4.74,96137.76076666146,0.0961377607666614,174.93312918827152,0.3444444444444444,0.0904515595986215
475,2,4.75,87037.87113075389,0.0870378711307539,166.44823475576337,0.3583333333333333,0.0904764235482022
476,2,4.76,90426.31781522272,0.0904263178152227,169.65727491558627,0.35,0.0904515595986215
477,2,4.77,94641.1593702006,0.0946411593702006,173.56617374197816,0.3611111111111111,0.0904263178152227
478,2,4.78,91624.09782963146,0.0916240978296314,170.77721203908467,0.3583333333333333,0.09039116825831
479,2,4.79,93213.11062710904,0.093213110627109,172.25171881450754,0.3472222222222222,0.09039116825831
480,2,4.8,90748.79568157782,0.0907487956815778,169.95952113582547,0.3472222222222222,0.09039116825831
481,2,4.81,87873.02902670488,0.0878730290267048,167.24489190440275,0.35,0.09039116825831
482,2,4.82,88531.33933501312,0.0885313393350131,167.8701895734516,0.3444444444444444,0.0902245030993989
483,2,4.83,90700.6831779078,0.0907006831779078,169.91446124197873,0.375,0.0902245030993989
484,2,4.84,86929.94981943334,0.0869299498194333,166.34501024372946,0.3638888888888889,0.09039116825831
485,2,4.85,87897.41036381015,0.0878974103638101,167.26809226135853,0.3638888888888889,0.09039116825831
486,2,4.86,95323.15378784394,0.0953231537878439,174.1904194635531,0.3527777777777778,0.0904263178152227
487,2,4.87,91884.43435080595,0.0918844343508059,171.01965922158493,0.3583333333333333,0.0904263178152227
488,2,4.88,82601.91956512243,0.0826019195651224,162.1511875236711,0.3638888888888889,0.0904764235482022
489,2,4.89,81533.13464838511,0.0815331346483851,161.09873621520168,0.3694444444444444,0.0904764235482022
490,2,4.9,90476.42354820226,0.0904764235482022,169.70427243279616,0.3611111111111111,0.0904764235482022
491,2,4.91,90084.7038311863,0.0900847038311863,169.33650469820554,0.3722222222222222,0.0904764235482022
492,2,4.92,87136.2455884309,0.0871362455884309,166.54227215856122,0.3638888888888889,0.0904764235482022
493,2,4.93,87264.1511352845,0.0872641511352845,166.66445936610936,0.3472222222222222,0.0902245030993989
494,2,4.94,93829.921182644,0.093829921182644,172.82069185222426,0.3527777777777778,0.0901482397956463
495,2,4.95,91128.29226402576,0.0911282922640257,170.3145218079928,0.3861111111111111,0.0900847038311863
496,2,4.96,94731.76175556328,0.0947317617555632,173.6492335209209,0.3333333333333333,0.0894934838374402
497,2,4.97,90224.50309939892,0.0902245030993989,169.4678474300029,0.3388888888888889,0.0894934838374402
498,2,4.98,88622.75535133222,0.0886227553513322,167.9568372206874,0.3444444444444444,0.0894934838374402
499,2,4.99,93561.70407320584,0.0935617040732058,172.57350716347997,0.3472222222222222,0.0894934838374402
500,2,5.0,88356.8000692981,0.0883568000692981,167.70463014962414,0.3527777777777778,0.0900847038311863
501,2,5.01,94374.065511038,0.0943740655110379,173.3210836901273,0.3833333333333333,0.0901482397956463
502,2,5.02,89354.37024636706,0.089354370246367,168.64868639614537,0.3638888888888889,0.0900847038311863
503,2,5.03,91106.98489307136,0.0911069848930713,170.29460940341556,0.3333333333333333,0.0894934838374402
504,2,5.04,95705.46324401312,0.0957054632440131,174.53937983265772,0.3444444444444444,0.0894934838374402
505,2,5.05,93353.51904967334,0.0933535190496733,172.3814027775556,0.3444444444444444,0.0894934838374402
506,2,5.06,89493.48383744022,0.0894934838374402,168.77991780566344,0.3666666666666666,0.089354370246367
507,2,5.07,90148.23979564634,0.0901482397956463,169.39620996061646,0.375,0.089354370246367
508,2,5.08,85223.66262979087,0.0852236626297908,164.70438473779168,0.375,0.089354370246367
509,2,5.09,84404.0875823515,0.0844040875823514,163.91051068124034,0.3638888888888889,0.089354370246367
510,2,5.1,87416.909288078,0.0874169092880779,166.8102708049683,0.3833333333333333,0.089354370246367
511,2,5.11,84319.31854869545,0.0843193185486954,163.8281803913174,0.3638888888888889,0.0890218388771204
512,2,5.12,84646.54831525282,0.0846465483152528,164.14576802366506,0.3833333333333333,0.0886227553513322
513,2,5.13,88467.57195946136,0.0884675719594613,167.80972189170822,0.3583333333333333,0.0884675719594613
514,2,5.14,96449.26593106968,0.0964492659310696,175.21630877583553,0.3305555555555555,0.0883568000692981
515,2,5.15,92238.27355359796,0.0922382735535979,171.3486339503035,0.3861111111111111,0.0883568000692981
516,2,5.16,92364.37003806113,0.0923643700380611,171.46571702312028,0.3694444444444444,0.0884675719594613
517,2,5.17,85324.5990046795,0.0853245990046795,164.8018913661403,0.3722222222222222,0.0877484837392789
518,2,5.18,87748.48373927893,0.0877484837392789,167.1263290802801,0.4027777777777778,0.0877484837392789
519,2,5.19,83111.53302898462,0.0831115330289846,162.65061518179527,0.3861111111111111,0.0877484837392789
520,2,5.2,84784.92863165586,0.0847849286316558,164.2798861176961,0.3861111111111111,0.0874169092880779
521,2,5.21,83853.51072193799,0.0838535107219379,163.3750331415769,0.3805555555555555,0.0869688854019252
522,2,5.22,90041.29323733352,0.0900412932373335,169.29569930218827,0.3833333333333333,0.086714523610523
523,2,5.23,86968.88540192528,0.0869688854019252,166.38225871113173,0.3833333333333333,0.086714523610523
524,2,5.24,85073.57405026529,0.0850735740502652,164.55928923396644,0.3722222222222222,0.086714523610523
525,2,5.25,89377.01880301829,0.0893770188030183,168.67005864300657,0.3694444444444444,0.0869688854019252
526,2,5.26,89021.83887712045,0.0890218388771204,168.33458171406124,0.3805555555555555,0.0869688854019252
527,2,5.27,85340.09776841772,0.0853400977684177,164.81685838402154,0.4166666666666667,0.0872128480399533
528,2,5.28,85075.202402271,0.085075202402271,164.5608641011885,0.3888888888888889,0.0877484837392789
529,2,5.29,86714.523610523,0.086714523610523,166.1387677242949,0.4027777777777778,0.0872128480399533
530,2,5.3,88603.33087272519,0.0886033308727251,167.9384296866024,0.3861111111111111,0.0869688854019252
531,2,5.31,89060.49027436409,0.089060490274364,168.37112140359886,0.3916666666666666,0.0869688854019252
532,2,5.32,85491.3284805301,0.0854913284805301,164.96282926265116,0.3888888888888889,0.0869688854019252
533,2,5.33,88948.73712129547,0.0889487371212954,168.26545215602485,0.3916666666666666,0.0869688854019252
534,2,5.34,87769.2930891819,0.0877692930891819,167.1461447166798,0.4083333333333333,0.086714523610523
535,2,5.35,84852.9054716851,0.0848529054716851,164.345729129345,0.4166666666666667,0.0869688854019252
536,2,5.36,85851.6475821547,0.0858516475821547,165.31009700126177,0.4083333333333333,0.0869688854019252
537,2,5.37,84529.97915936062,0.0845299791593606,164.03270419442055,0.4277777777777777,0.0869688854019252
538,2,5.38,87843.96245989416,0.0878439624598941,167.2172290541321,0.4222222222222222,0.086714523610523
539,2,5.39,79536.3702749992,0.0795363702749992,159.11383651243793,0.4,0.0858516475821547
540,2,5.4,87212.84803995336,0.0872128480399533,166.61546066725558,0.4111111111111111,0.0858516475821547
541,2,5.41,88814.01842470936,0.0888140184247093,168.13797933927458,0.4222222222222222,0.0858516475821547
542,2,5.42,87795.35993755465,0.0877953599375546,167.17096347508425,0.4111111111111111,0.0858516475821547
543,2,5.43,91078.28939117634,0.0910782893911763,170.26778887951676,0.375,0.086714523610523
544,2,5.44,81997.30375057069,0.0819973037505706,161.5566539150334,0.3694444444444444,0.086714523610523
545,2,5.45,82792.25502482837,0.0827922550248283,162.3378984521251,0.3472222222222222,0.0863054988144662
546,2,5.46,89914.6102441073,0.0899146102441073,169.17656265884375,0.3861111111111111,0.0858516475821547
547,2,5.47,88068.79884589995,0.0880687988458999,167.4310883228726,0.3916666666666666,0.0858516475821547
548,2,5.48,82496.41876516773,0.0824964187651677,162.04760309153258,0.3833333333333333,0.0863054988144662
549,2,5.49,83608.54683214199,0.0836085468321419,163.13622229943675,0.3972222222222222,0.0863054988144662
550,2,5.5,89600.29661859684,0.0896002966185968,168.8806093626484,0.3805555555555555,0.0858516475821547
551,2,5.51,83585.98937623226,0.0835859893762322,163.11421386534045,0.3861111111111111,0.0858516475821547
552,2,5.52,83643.94531160734,0.0836439453116073,163.170753237524,0.3861111111111111,0.0850625434109628
553,2,5.53,84995.02405587467,0.0849950240558746,164.48330138167222,0.3861111111111111,0.0855048228699099
554,2,5.54,84823.53804165633,0.0848235380416563,164.3172867952306,0.3944444444444444,0.0855048228699099
555,2,5.55,82214.34670263088,0.0822143467026308,161.77032899017405,0.3944444444444444,0.0858896880679522
556,2,5.56,87285.88844467638,0.0872858884446763,166.68521594993356,0.3916666666666666,0.0855048228699099
557,2,5.57,88555.41241887238,0.0885554124188723,167.89301131378255,0.375,0.0855048228699099
558,2,5.58,89356.71063053684,0.0893567106305368,168.65089501856815,0.3972222222222222,0.0850625434109628
559,2,5.59,86305.4988144662,0.0863054988144662,165.74647358139484,0.4111111111111111,0.0850625434109628
560,2,5.6,82768.76718343738,0.0827687671834373,162.3148695028666,0.4083333333333333,0.0855048228699099
561,2,5.61,81984.1957977397,0.0819841957977396,161.54374030970104,0.4055555555555555,0.0855048228699099
562,2,5.62,87194.03402359615,0.0871940340235961,166.59748811418632,0.4055555555555555,0.0855048228699099
563,2,5.63,86564.93585948762,0.0865649358594876,165.99540620433038,0.4055555555555555,0.0855048228699099
564,2,5.64,86993.02716068272,0.0869930271606827,166.4053501973429,0.4027777777777778,0.0856171582675058
565,2,5.65,83561.1042480639,0.0835611042480639,163.0899309663018,0.3944444444444444,0.0856171582675058
566,2,5.66,85062.5434109628,0.0850625434109628,164.54862050970624,0.3972222222222222,0.0856171582675058
567,2,5.67,83965.67408309618,0.0839656740830961,163.4842627311131,0.4,0.0858896880679522
568,2,5.68,85504.82286990996,0.0855048228699099,164.97584803808775,0.4083333333333333,0.085932089829563
569,2,5.69,85889.68806795224,0.0858896880679522,165.34671703203293,0.425,0.0862008728458437
570,2,5.7,86837.0914383451,0.0868370914383451,166.25614181819284,0.3916666666666666,0.0862008728458437
571,2,5.71,81735.46000448137,0.0817354600044813,161.29849649394205,0.3722222222222222,0.0863054988144662
572,2,5.72,86200.87284584377,0.0862008728458437,165.64597799072558,0.3805555555555555,0.0863054988144662
573,2,5.73,83780.06478021141,0.0837800647802114,163.3034686853274,0.3888888888888889,0.0863054988144662
574,2,5.74,89886.48102146007,0.08988648102146,169.15009767482377,0.375,0.0863054988144662
575,2,5.75,90670.60478151,0.09067060478151,169.8862851681027,0.4027777777777778,0.0862081089496612
576,2,5.76,83036.42725922217,0.0830364272592221,162.5771069677143,0.4027777777777778,0.0865649358594876
577,2,5.77,88108.44328814214,0.0881084432881421,167.46876889402247,0.4027777777777778,0.0865649358594876
578,2,5.78,85617.15826750583,0.0856171582675058,165.08418429246748,0.3944444444444444,0.0865649358594876
579,2,5.79,89797.79433011833,0.0897977943301183,169.06663092631675,0.375,0.0868370914383451
580,2,5.8,84452.48682996532,0.0844524868299653,163.9574989769737,0.4055555555555555,0.0862081089496612
581,2,5.81,89715.68626779801,0.089715686267798,168.9893188482735,0.4111111111111111,0.08624491244839
582,2,5.82,88980.84711809951,0.0889808471180995,168.295820859282,0.3833333333333333,0.0868370914383451
583,2,5.83,85932.08982956309,0.085932089829563,165.38752592980978,0.4027777777777778,0.0868370914383451
584,2,5.84,87893.27744771591,0.0878932774477159,167.26415976144676,0.4222222222222222,0.0868370914383451
585,2,5.85,84661.08907248713,0.0846610890724871,164.1598660661586,0.3805555555555555,0.0869888617193384
586,2,5.86,89315.34545452276,0.0893153454545227,168.61185440559947,0.3916666666666666,0.0869888617193384
587,2,5.87,90149.22040289252,0.0901492204028925,169.39713128032062,0.4083333333333333,0.0869888617193384
588,2,5.88,89146.84146819662,0.0891468414681966,168.45272619161167,0.3888888888888889,0.0873203279972469
589,2,5.89,89379.12655559681,0.0893791265555968,168.67204748006895,0.3833333333333333,0.0873203279972469
590,2,5.9,86208.10894966121,0.0862081089496612,165.65293039329697,0.4166666666666667,0.0871299006043985
591,2,5.91,89092.7328985413,0.0890927328985413,168.4015963960483,0.4111111111111111,0.0869888617193384
592,2,5.92,83787.57072331055,0.0837875707233105,163.31078378525189,0.4222222222222222,0.0871299006043985
593,2,5.93,92512.10123291722,0.0925121012329172,171.6027867316647,0.3972222222222222,0.0871299006043985
594,2,5.94,91093.74512914264,0.0910937451291426,170.28223525697746,0.3916666666666666,0.0871299006043985
595,2,5.95,85129.41926137295,0.0851294192613729,164.61329155320303,0.3777777777777777,0.0871299006043985
596,2,5.96,86244.91244839002,0.08624491244839,165.68828644589823,0.3861111111111111,0.0871299006043985
597,2,5.97,86988.86171933846,0.0869888617193384,166.4013661997405,0.3833333333333333,0.0869888617193384
598,2,5.98,81159.53605306109,0.081159536053061,160.72922162375804,0.3833333333333333,0.0868798395522146
599,2,5.99,83855.11779099524,0.0838551177909952,163.37659869142843,0.3944444444444444,0.0869888617193384
600,2,6.0,88167.28284956243,0.0881672828495624,167.52467808946326,0.3805555555555555,0.0869888617193384
601,2,6.01,81040.10376744453,0.0810401037674445,160.61091558962565,0.3777777777777777,0.0869888617193384
602,2,6.02,85113.22265896358,0.0851132226589635,164.59763126275644,0.3805555555555555,0.0868798395522146
603,2,6.03,87320.32799724696,0.0873203279972469,166.71809639728662,0.375,0.0868632512679425
604,2,6.04,87129.90060439856,0.0871299006043985,166.536208509114,0.3722222222222222,0.0867300943786404
605,2,6.05,85567.04546668923,0.0855670454666892,165.03586429496193,0.3944444444444444,0.0867300943786404
606,2,6.06,86863.25126794251,0.0868632512679425,166.28118241296215,0.3888888888888889,0.0868343917034167
607,2,6.07,87142.04075670711,0.0871420407567071,166.5478101780107,0.3805555555555555,0.0868343917034167
608,2,6.08,89645.02996066814,0.0896450299606681,168.92276129557786,0.3611111111111111,0.0868632512679425
609,2,6.09,84852.97044166127,0.0848529704416612,164.3457920472616,0.3694444444444444,0.0868632512679425
610,2,6.1,89283.77280820101,0.089283772808201,168.5820499360412,0.3611111111111111,0.0868632512679425
611,2,6.11,82339.05227982577,0.0823390522798257,161.8929719279763,0.3833333333333333,0.0868798395522146
612,2,6.12,86879.83955221466,0.0868798395522146,166.29705902249577,0.3888888888888889,0.0868798395522146
613,2,6.13,85399.98689763442,0.0853999868976344,164.8746800132853,0.3888888888888889,0.0868632512679425
614,2,6.14,92679.56604294774,0.0926795660429477,171.75803363654873,0.3916666666666666,0.0868798395522146
615,2,6.15,88085.9284582035,0.0880859284582035,167.44737042403588,0.4,0.0869571627590161
616,2,6.16,84999.79770339734,0.0849997977033973,164.48792032430111,0.3916666666666666,0.0869571627590161
617,2,6.17,83988.2823897162,0.0839882823897162,163.50627085296338,0.4,0.0870538259184375
618,2,6.18,86168.59532692721,0.0861685953269272,165.61496240114087,0.4055555555555555,0.0870538259184375
619,2,6.19,86730.09437864042,0.0867300943786404,166.15368328861825,0.4222222222222222,0.0869571627590161
620,2,6.2,86834.39170341671,0.0868343917034167,166.25355737533337,0.4083333333333333,0.0869571627590161
621,2,6.21,87053.82591843753,0.0870538259184375,166.46348975063984,0.4055555555555555,0.0869571627590161
622,2,6.22,89643.38685094917,0.0896433868509491,168.9212131902182,0.3972222222222222,0.0869571627590161
623,2,6.23,87641.81777815362,0.0876418177781536,167.02471985279485,0.3888888888888889,0.0868798395522146
624,2,6.24,90002.01053823868,0.0900020105382386,169.25876559498798,0.4111111111111111,0.0868343917034167
625,2,6.25,87350.20881551488,0.0873502088155148,166.7466192346846,0.4055555555555555,0.0868343917034167
626,2,6.26,87792.89783785494,0.0877928978378549,167.1686194191744,0.4,0.0868343917034167
627,2,6.27,85692.32277283387,0.0856923227728338,165.1566332565707,0.3972222222222222,0.0868343917034167
628,2,6.28,83565.741499043,0.083565741499043,163.0944562682143,0.3805555555555555,0.0867300943786404
629,2,6.29,90090.509848089,0.0900905098480889,169.3419615334158,0.3944444444444444,0.0868343917034167
630,2,6.3,86957.16275901618,0.0869571627590161,166.37104489870762,0.3805555555555555,0.0868343917034167
631,2,6.31,89642.78186102494,0.0896427818610249,168.9206431771476,0.375,0.0868343917034167
632,2,6.32,88001.26112555931,0.0880012611255593,167.3668766898242,0.3805555555555555,0.0869407822115033
633,2,6.33,85292.45311213088,0.0852924531121308,164.77084403030375,0.3861111111111111,0.0869571627590161
634,2,6.34,83301.94839420858,0.0833019483942085,162.83683155922844,0.3916666666666666,0.0870538259184375
635,2,6.35,87573.13948715435,0.0875731394871543,166.95926468127882,0.3972222222222222,0.0870538259184375
636,2,6.36,82966.80950074593,0.0829668095007459,162.50894033626176,0.3861111111111111,0.0870538259184375
637,2,6.37,86695.0631222679,0.0866950631222678,166.12012423287447,0.3861111111111111,0.0873502088155148
638,2,6.38,86277.58720783085,0.0862775872078308,165.719669817245,0.3916666666666666,0.0869571627590161
639,2,6.39,84563.4319954955,0.0845634319954955,164.0651590490708,0.3777777777777777,0.0869571627590161
640,2,6.4,83347.14044113779,0.0833471404411378,162.880995783925,0.3611111111111111,0.0869571627590161
641,2,6.41,86940.78221150338,0.0869407822115033,166.35537409555894,0.3638888888888889,0.0869571627590161
642,2,6.42,85926.58100425419,0.0859265810042541,165.3822246180841,0.3638888888888889,0.0869571627590161
643,2,6.43,86275.08447903063,0.0862750844790306,165.71726621271895,0.3833333333333333,0.0875731394871543
644,2,6.44,90613.8466597106,0.0906138466597106,169.83310400781096,0.3527777777777778,0.0875731394871543
645,2,6.45,87593.99681303136,0.0875939968130313,166.9791458713912,0.3638888888888889,0.0870337732543654
646,2,6.46,88587.134999556,0.088587134999556,167.92308018571114,0.3444444444444444,0.0870337732543654
647,2,6.47,90119.4094147388,0.0901194094147388,169.36912042564293,0.3583333333333333,0.0870010652892464
648,2,6.48,88244.08436478752,0.0882440843647875,167.5976266256427,0.3805555555555555,0.0869407822115033
649,2,6.49,89495.3636710236,0.0894953636710236,168.78169042908794,0.3722222222222222,0.0869407822115033
650,2,6.5,85245.00303678181,0.0852450030367818,164.72500482432807,0.3777777777777777,0.0870010652892464
651,2,6.51,83484.00428093472,0.0834840042809347,163.01467388192825,0.4,0.0869407822115033
652,2,6.52,88442.42293958909,0.0884424229395891,167.78586823603254,0.3722222222222222,0.0869407822115033
653,2,6.53,82971.42850312665,0.0829714285031266,162.51346394479677,0.3944444444444444,0.0870010652892464
654,2,6.54,88007.19719327145,0.0880071971932714,167.3725214064264,0.3805555555555555,0.0870010652892464
655,2,6.55,88193.01777037609,0.088193017770376,167.5491254787486,0.4055555555555555,0.0870337732543654
656,2,6.56,88676.63729193133,0.0886766372919313,168.00788768256072,0.3777777777777777,0.0870337732543654
657,2,6.57,89603.35274151895,0.0896033527415189,168.88348946193332,0.3722222222222222,0.0871993258167037
658,2,6.58,88216.61181631744,0.0882166118163174,167.5715359682892,0.3694444444444444,0.0875939968130313
659,2,6.59,84822.42594752852,0.0848224259475285,164.31620963614887,0.3916666666666666,0.0875939968130313
660,2,6.6,87033.7732543654,0.0870337732543654,166.44431639062626,0.3805555555555555,0.0875939968130313
661,2,6.61,87001.06528924641,0.0870010652892464,166.41303792097713,0.4,0.0871993258167037
662,2,6.62,85209.02132135576,0.0852090213213557,164.69023613630816,0.3972222222222222,0.0870337732543654
663,2,6.63,85130.65659773556,0.0851306565977355,164.61448785686082,0.375,0.0870010652892464
664,2,6.64,84120.32296158448,0.0841203229615844,163.63474700578013,0.4027777777777778,0.0865084889031113
665,2,6.65,88084.70692353991,0.0880847069235399,167.44620937890633,0.4027777777777778,0.0861619949153935
666,2,6.66,83650.79044427148,0.0836507904442714,163.1774297674166,0.3944444444444444,0.0865084889031113
667,2,6.67,86508.4889031113,0.0865084889031113,165.94127653082904,0.4055555555555555,0.0865084889031113
668,2,6.68,88196.86224822125,0.0881968622482212,167.55277730911763,0.3694444444444444,0.0861619949153935
669,2,6.69,85811.97269301387,0.0858119726930138,165.271894952287,0.3861111111111111,0.0861619949153935
670,2,6.7,88370.9025413472,0.0883709025413471,167.71801313483022,0.4111111111111111,0.0861619949153935
671,2,6.71,86091.21505331338,0.0860912150533133,165.54058374019476,0.3694444444444444,0.0860912150533133
672,2,6.72,87199.32581670377,0.0871993258167037,166.60254342601812,0.375,0.0860489501214752
673,2,6.73,95017.18207378758,0.0950171820737875,173.91063340524016,0.3888888888888889,0.0860179440484709
674,2,6.74,84415.4388595683,0.0844154388595683,163.92153225108632,0.375,0.0858119726930138
675,2,6.75,87807.82459365125,0.0878078245936512,167.1828300168752,0.4,0.0860179440484709
676,2,6.76,83564.26416917471,0.0835642641691747,163.09301461657464,0.3972222222222222,0.0860179440484709
677,2,6.77,86017.94404847092,0.0860179440484709,165.47012413070965,0.3777777777777777,0.0858119726930138
678,2,6.78,80981.35070417558,0.0809813507041755,160.5526845794108,0.3888888888888889,0.0860179440484709
679,2,6.79,86161.99491539354,0.0861619949153935,165.60861932546646,0.4166666666666667,0.0860179440484709
680,2,6.8,86048.95012147524,0.0860489501214752,165.4999441673666,0.3944444444444444,0.0860489501214752
681,2,6.81,89084.62263590298,0.0890846226359029,168.39393128007976,0.3916666666666666,0.0860179440484709
682,2,6.82,82257.34280914564,0.0822573428091456,161.81262443752712,0.4055555555555555,0.0860179440484709
683,2,6.83,85466.34371854311,0.0854663437185431,164.93872238378165,0.3944444444444444,0.0860179440484709
684,2,6.84,85648.42884173075,0.0856484288417307,165.11432898580247,0.3972222222222222,0.0860179440484709
685,2,6.85,87226.59896123831,0.0872265989612383,166.62859534771013,0.3861111111111111,0.0860489501214752
686,2,6.86,84171.5916838049,0.0841715916838049,163.68460455638592,0.3805555555555555,0.0860179440484709
687,2,6.87,84831.7281926016,0.0848317281926016,164.3252194453465,0.3555555555555555,0.0860179440484709
688,2,6.88,82464.1426292453,0.0824641426292453,162.01590000539747,0.3888888888888889,0.0860179440484709
689,2,6.89,83945.68324901603,0.083945683249016,163.46480012716756,0.3777777777777777,0.0860179440484709
690,2,6.9,87841.84627035078,0.0878418462703507,167.2152148833634,0.3888888888888889,0.0860489501214752
691,2,6.91,88067.75530858184,0.0880677553085818,167.43009636483106,0.4083333333333333,0.0860179440484709
692,2,6.92,84527.71939174256,0.0845277193917425,164.03051160976415,0.4111111111111111,0.0860489501214752
693,2,6.93,86355.33390361488,0.0863553339036148,165.794319885281,0.3916666666666666,0.0861619949153935
694,2,6.94,84834.28457763078,0.0848342845776307,164.32769537843873,0.3888888888888889,0.0861619949153935
695,2,6.95,86976.3344818428,0.0869763344818428,166.38938406520617,0.3888888888888889,0.0863553339036148
696,2,6.96,82565.8130224379,0.0825658130224379,162.11574428735892,0.3805555555555555,0.0865636884260088
697,2,6.97,84725.49289671317,0.0847254928967131,164.2222944694731,0.35,0.0863553339036148
698,2,6.98,88832.00937831112,0.0888320093783111,168.15500823551952,0.3638888888888889,0.0865636884260088
699,2,6.99,87681.60857339106,0.087681608573391,167.06263150509687,0.3666666666666666,0.0868280665897407
700,2,7.0,86563.68842600887,0.0865636884260088,165.99421017171653,0.4027777777777778,0.0868280665897407
701,2,7.01,83385.28313595358,0.0833852831359535,162.91826166642133,0.3944444444444444,0.0868280665897407
702,2,7.02,88599.14513323,0.08859914513323,167.9344628220771,0.3833333333333333,0.0868280665897407
703,2,7.03,87780.46598160843,0.0877804659816084,167.15678309828138,0.3833333333333333,0.0868280665897407
704,2,7.04,89264.94097507822,0.0892649409750782,168.56427024129383,0.3888888888888889,0.0868415825256023
705,2,7.05,91706.45963355748,0.0917064596335574,170.8539514564298,0.3972222222222222,0.0869763344818428
706,2,7.06,83212.52344484169,0.0832125234448416,162.74940511963038,0.3805555555555555,0.0869763344818428
707,2,7.07,86828.06658974072,0.0868280665897407,166.24750221804524,0.3805555555555555,0.0869763344818428
708,2,7.08,87022.77479699685,0.0870227747969968,166.4337992747558,0.4083333333333333,0.0869763344818428
709,2,7.09,85987.12261265944,0.0859871226126594,165.44047634151468,0.4222222222222222,0.0870227747969968
710,2,7.1,89617.55124913699,0.0896175512491369,168.89686953340143,0.3944444444444444,0.0870227747969968
711,2,7.11,92926.77030972486,0.0929267703097248,171.98694625091687,0.4,0.0871370035833108
712,2,7.12,84321.6313180514,0.0843216313180514,163.83042717297815,0.4055555555555555,0.0871370035833108
713,2,7.13,91145.00574289972,0.0911450057428997,170.3301394476132,0.3944444444444444,0.087681608573391
714,2,7.14,87964.71196949988,0.0879647119694998,167.3321172255985,0.3861111111111111,0.087681608573391
715,2,7.15,80647.83827500964,0.0806478382750096,160.22173455023847,0.3805555555555555,0.0871370035833108
716,2,7.16,86841.58252560231,0.0868415825256023,166.2604410247511,0.3777777777777777,0.0877217119599317
717,2,7.17,83592.93035131595,0.0835929303513159,163.12098622156782,0.3861111111111111,0.0877804659816084
718,2,7.18,82625.85547704817,0.0826258554770481,162.17467944391797,0.3944444444444444,0.0877804659816084
719,2,7.19,88828.34984953741,0.0888283498495374,168.15154453795597,0.4138888888888888,0.0877217119599317
720,2,7.2,87137.0035833108,0.0871370035833108,166.54299652942544,0.4138888888888888,0.0877217119599317
721,2,7.21,88830.80942618365,0.0888308094261836,168.15387250391382,0.4027777777777778,0.0874427179236077
722,2,7.22,89218.20863908085,0.0892182086390808,168.5201407471152,0.3944444444444444,0.0877217119599317
723,2,7.23,85356.44707047004,0.08535644707047,164.83264528622377,0.3944444444444444,0.0878245506969138
724,2,7.24,92851.0948819397,0.0928510948819397,171.9169027289364,0.4027777777777778,0.0878245506969138
725,2,7.25,83825.2819085774,0.0838252819085774,163.34753118319065,0.3861111111111111,0.0879647119694998
726,2,7.26,87721.71195993175,0.0877217119599317,167.10083228342444,0.3722222222222222,0.0879647119694998
727,2,7.27,84710.18242379033,0.0847101824237903,164.2074557562014,0.3833333333333333,0.0878245506969138
728,2,7.28,87824.5506969139,0.0878245506969138,167.19875219772786,0.4027777777777778,0.0878245506969138
729,2,7.29,87984.99313721307,0.087984993137213,167.35140618288182,0.3916666666666666,0.0878245506969138
730,2,7.3,86321.81020730898,0.0863218102073089,165.76213555051498,0.4083333333333333,0.0878245506969138
731,2,7.31,88202.09687195698,0.0882020968719569,167.55774949695495,0.3944444444444444,0.0879150572288203
732,2,7.32,90702.91734069018,0.0907029173406901,169.91655391765943,0.4027777777777778,0.087984993137213
733,2,7.33,89769.06569003323,0.0897690656900332,169.03958436596943,0.3916666666666666,0.0882020968719569
734,2,7.34,86658.96008620813,0.0866589600862081,166.08553134408356,0.3972222222222222,0.0888283498495374
735,2,7.35,94364.01314715722,0.0943640131471572,173.31185269541535,0.3861111111111111,0.0888308094261836
736,2,7.36,87442.71792360769,0.0874427179236077,166.83489320242597,0.4,0.0888308094261836
737,2,7.37,89959.76885190666,0.0899597688519066,169.21904084461218,0.3777777777777777,0.0892182086390808
738,2,7.38,89308.98530857911,0.0893089853085791,168.60585087346067,0.3944444444444444,0.0893089853085791
739,2,7.39,86023.74578428527,0.0860237457842852,165.47570434870246,0.3833333333333333,0.0893089853085791
740,2,7.4,89380.23766036508,0.089380237660365,168.67309588891456,0.3861111111111111,0.0882020968719569
741,2,7.41,91369.74999726328,0.0913697499972632,170.54000915407002,0.3972222222222222,0.0885268868982123
742,2,7.42,86163.2631323248,0.0861632631323248,165.60983811620102,0.4083333333333333,0.0885268868982123
743,2,7.43,87184.2621407977,0.0871842621407977,166.58815251708353,0.3916666666666666,0.0885268868982123
744,2,7.44,87915.05722882031,0.0879150572288203,167.2848823425095,0.4277777777777777,0.0893089853085791
745,2,7.45,94400.3869484089,0.0944003869484089,173.34525209896532,0.3694444444444444,0.089380237660365
746,2,7.46,89945.47542721883,0.0899454754272188,169.2055969700322,0.375,0.0897690656900332
747,2,7.47,91454.20211206644,0.0914542021120664,170.61880513390446,0.3611111111111111,0.0897690656900332
748,2,7.48,91722.75727757892,0.0917227572775789,170.86913246543276,0.3833333333333333,0.089380237660365
749,2,7.49,91833.68355075928,0.0918336835507592,170.97242280227664,0.3805555555555555,0.0893089853085791
750,2,7.5,90818.58587193245,0.0908185858719324,170.0248621004223,0.3833333333333333,0.089380237660365
751,2,7.51,87017.77426861945,0.0870177742686194,166.4290173720047,0.3638888888888889,0.0893089853085791
752,2,7.52,93340.13756193066,0.0933401375619306,172.3690475802356,0.3694444444444444,0.089380237660365
753,2,7.53,90315.7944862094,0.0903157944862094,169.55356163615065,0.3944444444444444,0.089380237660365
754,2,7.54,87113.90678047649,0.0871139067804765,166.52092286652396,0.3833333333333333,0.089380237660365
755,2,7.55,87149.48369519917,0.0871494836951991,166.55492258109624,0.4,0.0899454754272188
756,2,7.56,88526.8868982124,0.0885268868982123,167.8659682388759,0.4055555555555555,0.0899454754272188
757,2,7.57,82011.8655443229,0.0820118655443229,161.57099859545883,0.3777777777777777,0.0899454754272188
758,2,7.58,86165.67672887622,0.0861656767288762,165.61215762291695,0.4055555555555555,0.0899454754272188
759,2,7.59,94829.18977363803,0.094829189773638,173.7385063932225,0.3611111111111111,0.0899454754272188
760,2,7.6,92492.09005238948,0.0924920900523894,171.58422613246535,0.3722222222222222,0.0900201988013811
761,2,7.61,90319.5185604243,0.0903195185604243,169.5570572790865,0.3611111111111111,0.0899454754272188
762,2,7.62,86803.25629698733,0.0868032562969873,166.22374870119023,0.3972222222222222,0.0891581269629403
763,2,7.63,89119.62480089985,0.0891196248008998,168.4270097909375,0.3833333333333333,0.0891581269629403
764,2,7.64,84778.09761714935,0.0847780976171493,164.27326807302853,0.4,0.0891196248008998
765,2,7.65,90500.69588854095,0.0905006958885409,169.72703440476215,0.4,0.0891188747042426
766,2,7.66,89118.87470424267,0.0891188747042426,168.42630098632156,0.4111111111111111,0.0891188747042426
767,2,7.67,90546.01984746243,0.0905460198474624,169.76952986929376,0.3888888888888889,0.0891188747042426
768,2,7.68,91805.65979868364,0.0918056597986836,170.94633403950726,0.3916666666666666,0.0885268868982123
769,2,7.69,87435.703839142,0.087435703839142,166.8282018647834,0.3805555555555555,0.0879923529312208
770,2,7.7,90020.19880138114,0.0900201988013811,169.27586725434267,0.3972222222222222,0.0879923529312208
771,2,7.71,89158.12696294037,0.0891581269629403,168.46338844370166,0.4055555555555555,0.0879923529312208
772,2,7.72,92449.85208974588,0.0924498520897458,171.54504334545868,0.3916666666666666,0.0879923529312208
773,2,7.73,83327.6362839767,0.0833276362839767,162.86193668723496,0.3916666666666666,0.0879923529312208
774,2,7.74,86424.64159838692,0.0864246415983869,165.86083874940897,0.3944444444444444,0.0879923529312208
775,2,7.75,90287.94430610968,0.0902879443061096,169.52741747530456,0.4,0.087435703839142
776,2,7.76,85427.2310438149,0.0854272310438149,164.90097692419263,0.4083333333333333,0.087435703839142
777,2,7.77,86701.19425707041,0.0867011942570704,166.12599819404187,0.3833333333333333,0.0872325428902496
778,2,7.78,91350.45003105904,0.091350450031059,170.5219966814383,0.4055555555555555,0.0872325428902496
779,2,7.79,84332.8128349966,0.0843328128349965,163.84128922547788,0.3861111111111111,0.0871548237012919
780,2,7.8,86115.72056354479,0.0861157205635447,165.56414228696102,0.3777777777777777,0.0872325428902496
781,2,7.81,89854.72711995602,0.089854727119956,169.12021748634538,0.3777777777777777,0.0871548237012919
782,2,7.82,87992.35293122086,0.0879923529312208,167.3584053657923,0.3805555555555555,0.0870442810665995
783,2,7.83,87044.2810665995,0.0870442810665995,166.45436371347904,0.4055555555555555,0.0870442810665995
784,2,7.84,87232.5428902497,0.0872325428902496,166.63427258195722,0.3888888888888889,0.0870442810665995
785,2,7.85,87154.82370129193,0.0871548237012919,166.5600252543406,0.3833333333333333,0.0870442810665995
786,2,7.86,84623.15821171958,0.0846231582117195,164.1230875254465,0.3833333333333333,0.0870442810665995
787,2,7.87,89598.75537859582,0.0895987553785958,168.87915687487944,0.4111111111111111,0.0870442810665995
788,2,7.88,85807.16672849079,0.0858071667284907,165.26726679865996,0.3888888888888889,0.0869562932404355
789,2,7.89,83348.19932351144,0.0833481993235114,162.88203044010356,0.3833333333333333,0.0870442810665995
790,2,7.9,84274.11378271578,0.0842741137827157,163.78425921441928,0.3638888888888889,0.0870442810665995
791,2,7.91,91744.47329040885,0.0917444732904088,170.8893585073742,0.3666666666666666,0.0870442810665995
792,2,7.92,86116.58809071845,0.0861165880907184,165.5649762289506,0.3694444444444444,0.0870442810665995
793,2,7.93,85296.866392027,0.085296866392027,164.77510683680384,0.3833333333333333,0.0871548237012919
794,2,7.94,83927.9831460237,0.0839279831460237,163.44756579051858,0.3916666666666666,0.0871548237012919
795,2,7.95,88363.015845035,0.088363015845035,167.71052893748077,0.375,0.0871548237012919
796,2,7.96,86956.2932404356,0.0869562932404355,166.37021309214995,0.3861111111111111,0.0871548237012919
797,2,7.97,85208.20295314332,0.0852082029531433,164.6894452718218,0.3638888888888889,0.0870442810665995
798,2,7.98,89006.94383980121,0.0890069438398012,168.320498345312,0.3888888888888889,0.0869562932404355
799,2,7.99,89840.352156272,0.089840352156272,169.10668901487784,0.3638888888888889,0.0869562932404355
800,2,8.0,95937.91756218912,0.0959379175621891,174.7512163618048,0.3972222222222222,0.0869562932404355
801,2,8.01,90446.8282313296,0.0904468282313296,169.67651457994828,0.3777777777777777,0.0868137363975659
802,2,8.02,88255.97061131232,0.0882559706113123,167.60891372575267,0.3861111111111111,0.0868137363975659
803,2,8.03,86813.73639756592,0.0868137363975659,166.23378282376544,0.3888888888888889,0.0861165880907184
804,2,8.04,88599.18323266991,0.0885991832326699,167.9344989296957,0.3611111111111111,0.0861165880907184
805,2,8.05,80793.6471248168,0.0807936471248167,160.36650716615918,0.3861111111111111,0.0863573765132407
806,2,8.06,88992.34182096821,0.0889923418209682,168.30669088381896,0.3944444444444444,0.0863573765132407
807,2,8.07,85989.99193798835,0.0859899919379883,165.4432366303505,0.3888888888888889,0.0863573765132407
808,2,8.08,87739.53455534669,0.0877395345553467,167.11780652620823,0.3777777777777777,0.0863573765132407
809,2,8.09,88537.2081066651,0.0885372081066651,167.87575356633,0.3972222222222222,0.0863573765132407
810,2,8.1,85982.65704324779,0.0859826570432477,165.43618037544297,0.3916666666666666,0.0863573765132407
811,2,8.11,83155.88616218566,0.0831558861621856,162.69400929289796,0.3694444444444444,0.0859899919379883
812,2,8.12,83658.89375960527,0.0836588937596052,163.18533313653464,0.3944444444444444,0.0859826570432477
813,2,8.13,82881.38571693924,0.0828813857169392,162.4252580552476,0.3805555555555555,0.0859826570432477
814,2,8.14,87281.21304913123,0.0872812130491312,166.68075171312415,0.3611111111111111,0.0859826570432477
815,2,8.15,89638.08931387152,0.0896380893138715,168.9162218593315,0.3611111111111111,0.0857725104777359
816,2,8.16,82782.77689495603,0.082782776894956,162.3286058937598,0.3888888888888889,0.0857725104777359
817,2,8.17,85420.12795585302,0.085420127955853,164.8941212033722,0.3888888888888889,0.085420127955853
818,2,8.18,81607.33017259356,0.0816073301725935,161.1720198390567,0.3666666666666666,0.0850273292609187
819,2,8.19,80567.55471616873,0.0805675547161687,160.14196567986167,0.3666666666666666,0.084930706535228
820,2,8.2,86357.37651324077,0.0863573765132407,165.79628068524465,0.3555555555555555,0.0846692133881383
821,2,8.21,83008.27708950845,0.0830082770895084,162.54954700851675,0.35,0.0846692133881383
822,2,8.22,88134.1112771516,0.0881341112771516,167.49316084407644,0.3416666666666667,0.084307790942751
823,2,8.23,83933.49095192936,0.0839334909519293,163.4529288569552,0.3527777777777778,0.084307790942751
824,2,8.24,85772.51047773597,0.0857725104777359,165.2338889207239,0.3527777777777778,0.084307790942751
825,2,8.25,83168.173978054,0.083168173978054,162.7060293691296,0.3666666666666666,0.084307790942751
826,2,8.26,83164.35933127179,0.0831643593312717,162.7022979348632,0.3472222222222222,0.084307790942751
827,2,8.27,83698.03308185718,0.0836980330818571,163.22350132285823,0.3527777777777778,0.0845329921496312
828,2,8.28,84930.70653522802,0.084930706535228,164.42105561860785,0.3555555555555555,0.0845329921496312
829,2,8.29,87319.33567351622,0.0873193356735162,166.71714908755237,0.3388888888888889,0.0846692133881383
830,2,8.3,79539.63573732815,0.0795396357373281,159.11710278486436,0.3361111111111111,0.0846692133881383
831,2,8.31,86136.29114500884,0.0861362911450088,165.5839153742344,0.3472222222222222,0.0846692133881383
832,2,8.32,85027.32926091878,0.0850273292609187,164.51455710530527,0.35,0.084930706535228
833,2,8.33,82920.89606989762,0.0829208960698976,162.4639682830228,0.325,0.084930706535228
834,2,8.34,84669.21338813832,0.0846692133881383,164.16774249787744,0.3555555555555555,0.084930706535228
835,2,8.35,83911.98115957125,0.0839119811595712,163.43198332137902,0.3361111111111111,0.0850273292609187
836,2,8.36,84307.79094275107,0.084307790942751,163.81698123025558,0.3555555555555555,0.0850273292609187
837,2,8.37,82251.29354705321,0.0822512935470532,161.80667442176812,0.3472222222222222,0.0852939874042077
838,2,8.38,84532.99214963126,0.0845329921496312,164.03562756280843,0.3333333333333333,0.0850313122274975
839,2,8.39,89471.95804717219,0.0894719580471721,168.7596183411075,0.3222222222222222,0.0852939874042077
840,2,8.4,86840.72746123532,0.0868407274612353,166.25962250138605,0.325,0.0850313122274975
841,2,8.41,87396.91773106798,0.0873969177310679,166.79119561832505,0.3388888888888889,0.0852939874042077
842,2,8.42,87400.94392601428,0.0874009439260142,166.7950374365061,0.3416666666666667,0.0857799734262462
843,2,8.43,84337.10318687919,0.0843371031868791,163.84545680758475,0.3416666666666667,0.0861362911450088
844,2,8.44,89284.90235733728,0.0892849023573372,168.58311631742637,0.3194444444444444,0.0861362911450088
845,2,8.45,85293.98740420777,0.0852939874042077,164.77232602228767,0.3416666666666667,0.0861362911450088
846,2,8.46,85779.97342624629,0.0857799734262462,165.2410771514064,0.3472222222222222,0.086797724159825
847,2,8.47,87426.19446614929,0.0874261944661492,166.81912962847497,0.3333333333333333,0.0868407274612353
848,2,8.48,88289.63202351263,0.0882896320235126,167.64087425390343,0.3444444444444444,0.0868891044752827
849,2,8.49,83839.90161306414,0.0838399016130641,163.36177502743615,0.3305555555555555,0.0868891044752827
850,2,8.5,86797.72415982504,0.086797724159825,166.2184517384456,0.3277777777777778,0.0868891044752827
851,2,8.51,95516.9965452845,0.0955169965452845,174.36744047828148,0.3388888888888889,0.0868891044752827
852,2,8.52,91558.2182035422,0.0915582182035422,170.7158048206439,0.3361111111111111,0.0871549507783935
853,2,8.53,85031.31222749755,0.0850313122274975,164.5184102682527,0.35,0.0873969177310679
854,2,8.54,87643.48116529179,0.0876434811652917,167.0263048578733,0.3444444444444444,0.0874009439260142
855,2,8.55,81117.97441228072,0.0811179744122807,160.68806179250754,0.3444444444444444,0.0873969177310679
856,2,8.56,94154.67380929764,0.0941546738092976,173.11950642232512,0.3305555555555555,0.0873969177310679
857,2,8.57,87154.9507783935,0.0871549507783935,166.56014668168467,0.3138888888888889,0.0874009439260142
858,2,8.58,87877.49211318826,0.0878774921131882,167.24913904910215,0.3277777777777778,0.0871549507783935
859,2,8.59,79414.19458314563,0.0794141945831456,158.9915822901907,0.3277777777777778,0.0874261944661492
860,2,8.6,89000.39578801757,0.0890003957880175,168.31430674068142,0.3416666666666667,0.0871549507783935
861,2,8.61,88382.83110347699,0.0883828311034769,167.72933228612388,0.3194444444444444,0.0874261944661492
862,2,8.62,88166.9331159459,0.0881669331159459,167.5243458286306,0.3444444444444444,0.0874261944661492
863,2,8.63,86889.10447528274,0.0868891044752827,166.30592579983056,0.3305555555555555,0.0876434811652917
864,2,8.64,86138.28834406452,0.0861382883440645,165.58583501877726,0.3388888888888889,0.0875291952059151
865,2,8.65,82813.71178142703,0.082813711781427,162.35893314383193,0.3194444444444444,0.0875291952059151
866,2,8.66,84661.49787453879,0.0846614978745387,164.16026240413265,0.3277777777777778,0.0875291952059151
867,2,8.67,90644.32170469928,0.0906443217046992,169.86166055066613,0.3138888888888889,0.0871549507783935
868,2,8.68,91349.5304633166,0.0913495304633166,170.5211384102306,0.3277777777777778,0.0868891044752827
869,2,8.69,88566.1715682844,0.0885661715682843,167.9032101885925,0.3277777777777778,0.0868891044752827
870,2,8.7,83451.59912351573,0.0834515991235157,162.98303291711568,0.3305555555555555,0.0864390363113389
871,2,8.71,83985.9423721698,0.0839859423721698,163.50399309351369,0.3333333333333333,0.0864390363113389
872,2,8.72,88614.22412300808,0.088614224123008,167.94875288271604,0.3472222222222222,0.0861382883440645
873,2,8.73,83288.79006349604,0.083288790063496,162.8239702423972,0.35,0.0855171418294582
874,2,8.74,88229.11814635331,0.0882291181463533,167.58341372361988,0.3638888888888889,0.085511732513426
875,2,8.75,84769.14391926808,0.084769143919268,164.26459311987958,0.3361111111111111,0.085511732513426
876,2,8.76,95497.40630305746,0.0954974063030574,174.34955844846135,0.3527777777777778,0.085511732513426
877,2,8.77,86439.03631133896,0.0864390363113389,165.8746508966902,0.3638888888888889,0.0855073697026979
878,2,8.78,88426.56005161433,0.0884265600516143,167.77082066215652,0.3666666666666666,0.085380021003242
879,2,8.79,87529.19520591517,0.0875291952059151,166.91736926920953,0.3472222222222222,0.0853686845872754
880,2,8.8,85380.02100324209,0.085380021003242,164.85540563752116,0.3416666666666667,0.0853686845872754
881,2,8.81,82373.86796994737,0.0823738679699473,161.9271951774394,0.3444444444444444,0.0853686845872754
882,2,8.82,85368.68458727545,0.0853686845872754,164.8444608551818,0.3305555555555555,0.0853686845872754
883,2,8.83,83778.18755369821,0.0837781875536982,163.3016391372173,0.3611111111111111,0.0853686845872754
884,2,8.84,85507.36970269794,0.0855073697026979,164.97830499172028,0.3666666666666666,0.0849283322273116
885,2,8.85,85517.14182945828,0.0855171418294582,164.98773191512743,0.3583333333333333,0.084769143919268
886,2,8.86,83964.21447119095,0.0839642144711909,163.48284176584457,0.3583333333333333,0.0849283322273116
887,2,8.87,84008.26034119927,0.0840082603411992,163.5257159828551,0.3611111111111111,0.0853686845872754
888,2,8.88,85511.73251342608,0.085511732513426,164.98251375138943,0.3472222222222222,0.0849283322273116
889,2,8.89,79978.7602542363,0.0799787602542363,159.55572717281768,0.3555555555555555,0.0853686845872754
890,2,8.9,83762.49494908525,0.0837624949490852,163.2863442964955,0.3305555555555555,0.0853686845872754
891,2,8.91,86384.08649984385,0.0863840864998438,165.82191876183322,0.3388888888888889,0.0853686845872754
892,2,8.92,79606.86374159183,0.0796068637415918,159.18433257401503,0.3166666666666666,0.0853686845872754
893,2,8.93,84928.3322273117,0.0849283322273116,164.41875733946765,0.3055555555555556,0.0849283322273116
894,2,8.94,84539.7997588235,0.0845397997588235,164.0422324867336,0.3083333333333333,0.0849283322273116
895,2,8.95,90524.41047490697,0.0905244104749069,169.7492703817085,0.3333333333333333,0.0849283322273116
896,2,8.96,82535.41282398447,0.0825354128239844,162.08589655529772,0.3305555555555555,0.0849283322273116
897,2,8.97,83708.37242787411,0.0837083724278741,163.23358263588705,0.3222222222222222,0.0853686845872754
898,2,8.98,86735.94542048406,0.086735945420484,166.15928777783614,0.35,0.0849283322273116
899,2,8.99,82069.3843276025,0.0820693843276025,161.62764733947262,0.35,0.0849283322273116
900,2,9.0,84125.26474655415,0.0841252647465541,163.639553429655,0.3416666666666667,0.0849283322273116
901,2,9.01,88712.13505878733,0.0887121350587873,168.04151157878715,0.3277777777777778,0.0845397997588235
902,2,9.02,87448.92635253123,0.0874489263525312,166.840815732149,0.3305555555555555,0.0849283322273116
903,2,9.03,84261.08362993774,0.0842610836299377,163.7715968657824,0.3333333333333333,0.085511732513426
904,2,9.04,86281.07325536363,0.0862810732553636,165.72301773661408,0.3361111111111111,0.086078625336053
905,2,9.05,89165.91562270225,0.0891659156227022,168.4707465803361,0.3305555555555555,0.086078625336053
906,2,9.06,83887.70835374732,0.0838877083537473,163.40834402900097,0.3305555555555555,0.0862810732553636
907,2,9.07,86078.62533605308,0.086078625336053,165.52847922208494,0.3055555555555556,0.0862810732553636
908,2,9.08,82055.87004129887,0.0820558700412988,161.6143392572508,0.3055555555555556,0.0864005779583939
909,2,9.09,87176.50474078866,0.0871765047407886,166.58074108954227,0.3111111111111111,0.0865558303832663
910,2,9.1,89744.6721538423,0.0897446721538423,169.0166156887871,0.325,0.0865558303832663
911,2,9.11,88126.86751556292,0.0881268675155629,167.48627755315607,0.3472222222222222,0.0864005779583939
912,2,9.12,86555.83038326635,0.0865558303832663,165.98667572380924,0.2972222222222222,0.0865558303832663
913,2,9.13,82710.9574358873,0.0827109574358873,162.25817528731685,0.3333333333333333,0.0865558303832663
914,2,9.14,82735.52658692503,0.082735526586925,162.28227275719334,0.3138888888888889,0.0865558303832663
915,2,9.15,88576.71120401354,0.0885767112040135,167.91320038008934,0.325,0.0865558303832663
916,2,9.16,83727.14300594706,0.083727143005947,163.25188317663282,0.3333333333333333,0.0865558303832663
917,2,9.17,86400.57795839393,0.0864005779583939,165.83774641543496,0.3277777777777778,0.0865349687063809
918,2,9.18,89455.7388615128,0.0894557388615128,168.74432155037113,0.3194444444444444,0.0865349687063809
919,2,9.19,88887.87221942545,0.0888878722194254,168.20787285167316,0.325,0.0865349687063809
920,2,9.2,82528.33308909921,0.0825283330890992,162.078944692175,0.325,0.0865558303832663
921,2,9.21,91294.43472270203,0.091294434722702,170.46970735528586,0.3166666666666666,0.0865558303832663
922,2,9.22,87797.78587650789,0.0877977858765078,167.17327307180432,0.3277777777777778,0.0869499874043793
923,2,9.23,87069.57712536062,0.0870695771253606,166.47854872278387,0.3277777777777778,0.0870695771253606
924,2,9.24,87244.51050395801,0.087244510503958,166.6457026408884,0.3416666666666667,0.0870695771253606
925,2,9.25,84359.19839421877,0.0843591983942187,163.86691807506355,0.3333333333333333,0.0870449736772456
926,2,9.26,85628.53290966825,0.0856285329096682,165.09515003343216,0.3111111111111111,0.0869499874043793
927,2,9.27,87146.64970342691,0.0871466497034269,166.55221448061414,0.3138888888888889,0.0865558303832663
928,2,9.28,84438.26259764831,0.0844382625976483,163.9436908118591,0.3222222222222222,0.0865349687063809
929,2,9.29,87652.85687092884,0.0876528568709288,167.0352384805956,0.3138888888888889,0.0869499874043793
930,2,9.3,84302.28285333571,0.0843022828533357,163.811629807163,0.3111111111111111,0.0870449736772456
931,2,9.31,86534.96870638094,0.0865349687063809,165.96667147305814,0.3111111111111111,0.0869499874043793
932,2,9.32,85776.21963798873,0.0857762196379887,165.23746158254798,0.3361111111111111,0.0869499874043793
933,2,9.33,89069.3633501615,0.0890693633501615,168.37950858240615,0.3083333333333333,0.0870449736772456
934,2,9.34,86475.81102650685,0.0864758110265068,165.90993208816155,0.3305555555555555,0.0869499874043793
935,2,9.35,87825.9591456833,0.0878259591456833,167.20009288168683,0.3,0.0869499874043793
936,2,9.36,86949.98740437935,0.0869499874043793,166.3641806230236,0.3333333333333333,0.0869499874043793
937,2,9.37,88695.87002619011,0.0886958700261901,168.02610598656645,0.3388888888888889,0.0865795816361852
938,2,9.38,88642.75168212454,0.0886427516821245,167.97578456121312,0.325,0.0865349687063809
939,2,9.39,87044.97367724567,0.0870449736772456,166.45502595018007,0.325,0.0865349687063809
940,2,9.4,83926.25533091107,0.083926255330911,163.4458833443475,0.3527777777777778,0.0865349687063809
941,2,9.41,81924.12727074248,0.0819241272707424,161.48454919049195,0.3555555555555555,0.0865349687063809
942,2,9.42,81511.23997037506,0.081511239970375,161.07710426274036,0.3138888888888889,0.0865795816361852
943,2,9.43,86097.55263870957,0.0860975526387095,165.5466767444474,0.3305555555555555,0.0865349687063809
944,2,9.44,87073.16916907708,0.087073169169077,166.48198271245712,0.3277777777777778,0.0865795816361852
945,2,9.45,87397.12617920456,0.0873971261792045,166.79139452289797,0.3222222222222222,0.0865795816361852
946,2,9.46,85354.554435637,0.085354554435637,164.83081783354643,0.3416666666666667,0.0868657299022492
947,2,9.47,86579.58163618523,0.0865795816361852,166.00944785298915,0.3388888888888889,0.0868657299022492
948,2,9.48,87283.12904363683,0.0872831290436368,166.6825811884528,0.3472222222222222,0.0869499874043793
949,2,9.49,83567.88229832432,0.0835678822983243,163.09654534354806,0.3388888888888889,0.0868657299022492
950,2,9.5,90220.12858605888,0.0902201285860588,169.46373907628544,0.3472222222222222,0.0868657299022492
951,2,9.51,85811.04301297068,0.0858110430129706,165.27099967862196,0.3666666666666666,0.0868657299022492
952,2,9.52,83785.18463228327,0.0837851846322832,163.30845839756734,0.3638888888888889,0.0868657299022492
953,2,9.53,82356.1351130919,0.0823561351130919,161.90976497538736,0.3583333333333333,0.0868657299022492
954,2,9.54,88796.13645858652,0.0887961364585865,168.1210518932505,0.3333333333333333,0.0868657299022492
955,2,9.55,88529.24456409304,0.088529244564093,167.8682035441299,0.3416666666666667,0.0868657299022492
956,2,9.56,82940.67162336432,0.0829406716233643,162.4833398980962,0.3611111111111111,0.0869688108046018
957,2,9.57,89043.63773545562,0.0890436377354556,168.35519057327443,0.3416666666666667,0.087073169169077
958,2,9.58,84461.65990056195,0.0844616599005619,163.9664031130826,0.3388888888888889,0.0872831290436368
959,2,9.59,87764.52596442481,0.0877645259644248,167.1416054449352,0.3416666666666667,0.0873971261792045
960,2,9.6,90258.41497007429,0.0902584149700742,169.49969261403896,0.3388888888888889,0.0877645259644248
961,2,9.61,86865.7299022492,0.0868657299022492,166.2835548046073,0.3472222222222222,0.0878412665337033
962,2,9.62,86653.86145301991,0.0866538614530199,166.08064540004875,0.3555555555555555,0.0878412665337033
963,2,9.63,86968.81080460183,0.0869688108046018,166.3821873541529,0.3611111111111111,0.0878412665337033
964,2,9.64,85129.58342093127,0.0851295834209312,164.61345026938156,0.3527777777777778,0.0878412665337033
965,2,9.65,85736.59669906499,0.0857365966990649,165.19929278621305,0.3611111111111111,0.0878412665337033
966,2,9.66,90062.42149655774,0.0900624214965577,169.3155608206342,0.3555555555555555,0.0878412665337033
967,2,9.67,89522.10774497032,0.0895221077449703,168.80690722608048,0.3444444444444444,0.0881171357511741
968,2,9.68,88811.16370412914,0.0888111637041291,168.13527711492122,0.3388888888888889,0.0881171357511741
969,2,9.69,87841.26653370337,0.0878412665337033,167.21466309084002,0.3444444444444444,0.0881171357511741
970,2,9.7,88706.13548038134,0.0887061354803813,168.0358291810532,0.3388888888888889,0.0878412665337033
971,2,9.71,90452.33287329288,0.0904523328732928,169.68167780274985,0.375,0.0878088543499769
972,2,9.72,90970.67998915452,0.0909706799891545,170.16717307815222,0.3611111111111111,0.0878088543499769
973,2,9.73,88266.34951018123,0.0882663495101812,167.61876883703826,0.35,0.0878088543499769
974,2,9.74,91801.1491118432,0.0918011491118432,170.94213443540477,0.3472222222222222,0.0878088543499769
975,2,9.75,90927.94776537886,0.0909279477653788,170.12720154085707,0.3527777777777778,0.0878088543499769
976,2,9.76,90523.76177241336,0.0905237617724133,169.74866216470002,0.3444444444444444,0.0874789980197924
977,2,9.77,85928.1660269978,0.0859281660269978,165.38374995154615,0.3361111111111111,0.0874789980197924
978,2,9.78,86139.17171948218,0.0861391717194821,165.58668408418106,0.3472222222222222,0.0874789980197924
979,2,9.79,87478.99801979247,0.0874789980197924,166.86949961917006,0.3305555555555555,0.0874789980197924
980,2,9.8,85650.40343121535,0.0856504034312153,165.11623229648234,0.3472222222222222,0.0878088543499769
981,2,9.81,88117.1357511741,0.0881171357511741,167.47702962435733,0.3388888888888889,0.0878088543499769
982,2,9.82,88960.93743070166,0.0889609374307016,168.2769915002344,0.3527777777777778,0.0874789980197924
983,2,9.83,85231.71278881292,0.0852317127888129,164.71216347634007,0.3472222222222222,0.0874789980197924
984,2,9.84,85477.1549025695,0.0854771549025695,164.94915413045058,0.3333333333333333,0.0874789980197924
985,2,9.85,87808.85434997699,0.0878088543499769,167.18381032286058,0.3666666666666666,0.0864428359091235
986,2,9.86,86307.26784652926,0.0863072678465292,165.7481722525551,0.3416666666666667,0.0863072678465292
987,2,9.87,85724.45359014567,0.0857244535901456,165.18759355789075,0.3583333333333333,0.0863072678465292
988,2,9.88,88715.48700709862,0.0887154870070986,168.0446862354449,0.3361111111111111,0.0863072678465292
989,2,9.89,86022.41769439187,0.0860224176943918,165.47442698361695,0.3583333333333333,0.0861391717194821
990,2,9.9,84446.0471895422,0.0844460471895422,163.9512478439069,0.3694444444444444,0.0861391717194821
991,2,9.91,84513.60419021589,0.0845136041902158,164.0168153902811,0.3555555555555555,0.0861391717194821
992,2,9.92,79562.15873019087,0.0795621587301908,159.1396295394197,0.3527777777777778,0.0860224176943918
993,2,9.93,84786.45477598692,0.0847864547759869,164.28136464514623,0.3694444444444444,0.0861391717194821
994,2,9.94,85340.59170939297,0.0853405917093929,164.81733535606693,0.3777777777777777,0.0860224176943918
995,2,9.95,91579.11317407446,0.0915791131740744,170.73528367403188,0.3638888888888889,0.0857244535901456
996,2,9.96,85632.39674515229,0.0856323967451522,165.09887480414466,0.3583333333333333,0.0857244535901456
997,2,9.97,86442.83590912358,0.0864428359091235,165.87829652982705,0.3555555555555555,0.0857244535901456
998,2,9.98,90115.36256068129,0.0901153625606812,169.36531758332782,0.3611111111111111,0.0857091915475126
999,2,9.99,94815.70415172807,0.094815704151728,173.72615231154043,0.3638888888888889,0.0857244535901456
1000,2,10.0,82409.94300135804,0.082409943001358,161.96264871004968,0.3555555555555555,0.0857244535901456
1001,2,10.01,80389.45667555346,0.0803894566755534,159.96486740772858,0.3583333333333333,0.0857244535901456
1002,2,10.02,86757.56538499531,0.0867575653849953,166.1799950754622,0.3555555555555555,0.0857091915475126
1003,2,10.03,86362.16697721044,0.0863621669772104,165.8008791927877,0.3583333333333333,0.0857091915475126
1004,2,10.04,84950.42714373699,0.0849504271437369,164.44014350330434,0.3333333333333333,0.0856323967451522
1005,2,10.05,89150.20545881457,0.0891502054588145,168.4559044760878,0.3833333333333333,0.0856323967451522
1006,2,10.06,87918.07636075163,0.0879180763607516,167.28775472188235,0.35,0.0856323967451522
1007,2,10.07,82127.00810439543,0.0821270081043954,161.6843795866668,0.3472222222222222,0.0856323967451522
1008,2,10.08,86927.58967771959,0.0869275896777195,166.3427521010344,0.3416666666666667,0.0856323967451522
1009,2,10.09,85709.19154751264,0.0857091915475126,165.17288823046434,0.35,0.0856323967451522
1010,2,10.1,85624.03042564046,0.0856240304256404,165.09080949399652,0.3694444444444444,0.0856323967451522
1011,2,10.11,80221.20946483775,0.0802212094648377,159.7973843787142,0.3472222222222222,0.0856323967451522
1012,2,10.12,85958.52605948849,0.0859585260594884,165.41296396148093,0.35,0.0856240304256404
1013,2,10.13,80789.66062475873,0.0807896606247587,160.36255073518262,0.3638888888888889,0.0856240304256404
1014,2,10.14,86220.26904361848,0.0862202690436184,165.66461307717472,0.35,0.0854384371128097
1015,2,10.15,81709.71822310568,0.0817097182231056,161.27309480414385,0.3638888888888889,0.0849865544474525
1016,2,10.16,86349.05048856049,0.0863490504885605,165.78828798528585,0.3666666666666666,0.0854384371128097
1017,2,10.17,80672.23307952967,0.0806722330795296,160.24596509658932,0.3611111111111111,0.0854384371128097
1018,2,10.18,86036.1872153914,0.0860361872153914,165.48767011538516,0.375,0.0849865544474525
1019,2,10.19,83635.24020768436,0.0836352402076843,163.1622621547703,0.3638888888888889,0.0849865544474525
1020,2,10.2,86341.29557501015,0.0863412955750101,165.7808431859439,0.3694444444444444,0.0854384371128097
1021,2,10.21,83547.10054571752,0.0835471005457175,163.07626456873805,0.3722222222222222,0.0849865544474525
1022,2,10.22,81109.14637036854,0.0811091463703685,160.67931774069876,0.3611111111111111,0.0849865544474525
1023,2,10.23,85438.43711280978,0.0854384371128097,164.9117921590189,0.3611111111111111,0.0854384371128097
1024,2,10.24,81582.52122916424,0.0815825212291642,161.1475195187377,0.35,0.0854384371128097
1025,2,10.25,80086.44158292726,0.0800864415829272,159.66310188996823,0.3611111111111111,0.0854384371128097
1026,2,10.26,86205.70846165433,0.0862057084616543,165.65062405201567,0.3861111111111111,0.0849865544474525
1027,2,10.27,84986.55444745252,0.0849865544474525,164.47510593801465,0.3638888888888889,0.0849865544474525
1028,2,10.28,87322.75953474648,0.0873227595347464,166.72041761211992,0.3694444444444444,0.0849865544474525
1029,2,10.29,80935.38598354286,0.0809353859835428,160.507113551589,0.3777777777777777,0.0849865544474525
1030,2,10.3,81330.6484023896,0.0813306484023896,160.8985687823808,0.3666666666666666,0.0849861807252277
1031,2,10.31,86478.04231947762,0.0864780423194776,165.91207252068776,0.3777777777777777,0.0849865544474525
1032,2,10.32,80267.696311237,0.080267696311237,159.84367762618865,0.3416666666666667,0.0849865544474525
1033,2,10.33,84986.1807252278,0.0849861807252277,164.47474430392745,0.375,0.0854384371128097
1034,2,10.34,87166.13138322026,0.0871661313832202,166.57082985827435,0.3583333333333333,0.0854384371128097
1035,2,10.35,86541.8243188864,0.0865418243188864,165.9732455821791,0.35,0.0857710907083949
1036,2,10.36,79922.54448104692,0.0799225444810469,159.49964274969705,0.3472222222222222,0.0857710907083949
1037,2,10.37,89143.33402819677,0.0891433340281967,168.44941231289278,0.3694444444444444,0.0857710907083949
1038,2,10.38,86450.82898219302,0.086450828982193,165.88596545162045,0.3388888888888889,0.0862057084616543
1039,2,10.39,90801.6053247364,0.0908016053247364,170.00896639948826,0.3416666666666667,0.086450828982193
1040,2,10.4,87950.83220102281,0.0879508322010228,167.3189152118709,0.3388888888888889,0.086450828982193
1041,2,10.41,84043.43638211487,0.0840434363821148,163.55994824310022,0.3805555555555555,0.0864780423194776
1042,2,10.42,83892.173583608,0.083892173583608,163.4126929742885,0.4027777777777778,0.0865418243188864
1043,2,10.43,93435.5132024727,0.0934355132024727,172.4570890772634,0.375,0.0865418243188864
1044,2,10.44,84392.29493723292,0.0843922949372329,163.8990597784487,0.375,0.0865418243188864
1045,2,10.45,83332.28871937914,0.0833322887193791,162.86648316243694,0.3666666666666666,0.0871661313832202
1046,2,10.46,85771.09070839499,0.0857710907083949,165.23252137896094,0.3833333333333333,0.0871661313832202
1047,2,10.47,88095.45449428678,0.0880954544942867,167.45642446136767,0.3888888888888889,0.0871661313832202
1048,2,10.48,87580.64215429197,0.0875806421542919,166.96641649156868,0.3888888888888889,0.0873638926870698
1049,2,10.49,89958.03798872046,0.0899580379887204,169.2174129145896,0.4194444444444444,0.0874998506528592
1050,2,10.5,87363.89268706989,0.0873638926870698,166.75967959250255,0.4,0.0874998506528592
1051,2,10.51,89069.56544518124,0.0890695654451812,168.37969960566903,0.3694444444444444,0.0875806421542919
1052,2,10.52,84964.92582573163,0.0849649258257316,164.45417559065763,0.3777777777777777,0.0875806421542919
1053,2,10.53,88425.58605654436,0.0884255860565443,167.76989668410008,0.3916666666666666,0.0874998506528592
1054,2,10.54,91188.0018233438,0.0911880018233438,170.37030985977535,0.3916666666666666,0.0874998506528592
1055,2,10.55,83251.47697135953,0.0832514769713595,162.78749386665402,0.4194444444444444,0.0874998506528592
1056,2,10.56,87499.85065285923,0.0874998506528592,166.88938702748686,0.3916666666666666,0.0873638926870698
1057,2,10.57,88127.60490198655,0.0881276049019865,167.48697825801682,0.3972222222222222,0.0874932575283462
1058,2,10.58,85323.87672389128,0.0853238767238912,164.80119383287737,0.3944444444444444,0.0874998506528592
1059,2,10.59,87660.73598180566,0.0876607359818056,167.04274570646845,0.4166666666666667,0.0874998506528592
1060,2,10.6,88944.61291118282,0.0889446129111828,168.2615512005637,0.3916666666666666,0.0875806421542919
1061,2,10.61,83519.65275189374,0.0835196527518937,163.04947458230282,0.3972222222222222,0.0875806421542919
1062,2,10.62,82555.1917204399,0.0825551917204399,162.1053166321643,0.3944444444444444,0.0875806421542919
1063,2,10.63,88690.41927066227,0.0886904192706622,168.02094293163927,0.3888888888888889,0.0875806421542919
1064,2,10.64,88530.75842753636,0.0885307584275363,167.86963882380212,0.3944444444444444,0.0876607359818056
1065,2,10.65,86280.28778469039,0.0862802877846904,165.7222633946613,0.3916666666666666,0.0876607359818056
1066,2,10.66,88729.94905244531,0.0887299490524453,168.0583826650055,0.3944444444444444,0.0877240999554933
1067,2,10.67,86628.2161460534,0.0866282161460534,166.05606770532378,0.3805555555555555,0.0876607359818056
1068,2,10.68,84571.09271682084,0.0845710927168208,164.07259032858005,0.375,0.0876607359818056
1069,2,10.69,85784.55110349083,0.0857845511034908,165.24548616552204,0.3666666666666666,0.0874998506528592
1070,2,10.7,88871.69906470425,0.0888716990647042,168.19256943826653,0.3666666666666666,0.0874932575283462
1071,2,10.71,86611.91377126375,0.0866119137712637,166.0404421058052,0.3694444444444444,0.0874932575283462
1072,2,10.72,87493.25752834626,0.0874932575283462,166.88309934111658,0.3583333333333333,0.0873206995977108
1073,2,10.73,94308.12823319629,0.0943081282331962,173.26052511785548,0.3555555555555555,0.0870901585255727
1074,2,10.74,88373.35847886346,0.0883733584788634,167.72034366494233,0.3694444444444444,0.0873206995977108
1075,2,10.75,90236.39113255788,0.0902363911325578,169.47901165348028,0.3916666666666666,0.0870901585255727
1076,2,10.76,86543.23376209996,0.0865432337620999,165.97459711893026,0.3833333333333333,0.0866327192430483
1077,2,10.77,87320.69959771082,0.0873206995977108,166.7184511397473,0.3833333333333333,0.0869989351766503
1078,2,10.78,88461.51442462248,0.0884615144246224,167.80397667560604,0.3666666666666666,0.0870901585255727
1079,2,10.79,88133.50975787792,0.0881335097578779,167.49258926892296,0.3777777777777777,0.0870901585255727
1080,2,10.8,87724.09995549332,0.0877240999554933,167.1031067108226,0.3916666666666666,0.0869989351766503
1081,2,10.81,88903.4424085711,0.0889034424085711,168.22260440981006,0.375,0.0869989351766503
1082,2,10.82,86067.8254630322,0.0860678254630322,165.51809486344425,0.3694444444444444,0.0869989351766503
1083,2,10.83,85303.50358288277,0.0853035035828827,164.78151752106783,0.3944444444444444,0.0870901585255727
1084,2,10.84,82461.03803670507,0.082461038036705,162.01285020658338,0.3972222222222222,0.0872518323543703
1085,2,10.85,87090.15852557271,0.0870901585255727,166.49822355810085,0.3916666666666666,0.0873206995977108
1086,2,10.86,83796.53512681155,0.0837965351268115,163.3195198340094,0.3861111111111111,0.0872518323543703
1087,2,10.87,86632.71924304838,0.0866327192430483,166.06038360201092,0.3916666666666666,0.0872518323543703
1088,2,10.88,84871.62259945807,0.084871622599458,164.36385408558394,0.3777777777777777,0.0872518323543703
1089,2,10.89,88342.40283885931,0.0883424028388593,167.69096634237602,0.3833333333333333,0.0872518323543703
1090,2,10.9,83953.32192089995,0.0839533219208999,163.47223723125833,0.3916666666666666,0.0870901585255727
1091,2,10.91,83629.32730348733,0.0836293273034873,163.15649437150833,0.4,0.0869989351766503
1092,2,10.92,86998.93517665037,0.0869989351766503,166.4110007006465,0.3833333333333333,0.0870901585255727
1093,2,10.93,90296.22376440567,0.0902962237644056,169.5351901797207,0.3833333333333333,0.0870901585255727
1094,2,10.94,87251.8323543703,0.0872518323543703,166.65269522587025,0.3722222222222222,0.0869989351766503
1095,2,10.95,84634.43662421677,0.0846344366242167,164.1340241664832,0.3638888888888889,0.0869989351766503
1096,2,10.96,84795.18112970731,0.0847951811297073,164.28981847433835,0.3777777777777777,0.0866327192430483
1097,2,10.97,88425.94605400304,0.088425946054003,167.77023819540736,0.3805555555555555,0.0866327192430483
1098,2,10.98,92792.19297521556,0.0927921929752155,171.8623646546422,0.3555555555555555,0.0866327192430483
1099,2,10.99,90239.40261129502,0.090239402611295,169.48183965987204,0.3638888888888889,0.0866327192430483
1100,2,11.0,87358.3375617521,0.0873583375617521,166.75437771310976,0.3694444444444444,0.0869989351766503
1101,2,11.01,85761.14304016985,0.0857611430401698,165.22293932777086,0.3666666666666666,0.0869989351766503
1102,2,11.02,82554.3468538964,0.0825543468538964,162.1044871403655,0.3805555555555555,0.0872518323543703
1103,2,11.03,89805.47843144619,0.0898054784314461,169.07386438534638,0.35,0.0873583375617521
1104,2,11.04,88423.01455097923,0.0884230145509792,167.76745720714092,0.3527777777777778,0.0877317663331165
1105,2,11.05,83248.01883062835,0.0832480188306283,162.78411285811455,0.3361111111111111,0.0877317663331165
1106,2,11.06,81924.68934059344,0.0819246893405934,161.4851031508687,0.3361111111111111,0.0879639298713122
1107,2,11.07,87731.76633311654,0.0877317663331165,167.11040828206137,0.3694444444444444,0.0884230145509792
1108,2,11.08,90744.38156585715,0.0907443815658571,169.95538758170176,0.3861111111111111,0.0884230145509792
1109,2,11.09,85803.08462518423,0.0858030846251842,165.26333562306112,0.3944444444444444,0.0884230145509792
1110,2,11.1,90896.4766432404,0.0908964766432404,170.09775758315405,0.3694444444444444,0.0884230145509792
1111,2,11.11,85480.21097545279,0.0854802109754527,164.95210282552569,0.3638888888888889,0.088425946054003
1112,2,11.12,93338.3863273826,0.0933383863273826,172.36743059072336,0.3833333333333333,0.088425946054003
1113,2,11.13,84002.92030379799,0.084002920303798,163.5205185932578,0.3833333333333333,0.0884230145509792
1114,2,11.14,86291.40702240002,0.0862914070224,165.7329416499306,0.3611111111111111,0.0879639298713122
1115,2,11.15,90824.09196302653,0.0908240919630265,170.03001610156107,0.3861111111111111,0.0877317663331165
1116,2,11.16,91550.08338230404,0.091550083382304,170.70822072043788,0.3583333333333333,0.0879639298713122
1117,2,11.17,87963.92987131226,0.0879639298713122,167.3313733452766,0.375,0.0879639298713122
1118,2,11.18,89536.41769825704,0.089536417698257,168.8203984322882,0.3777777777777777,0.0879639298713122
1119,2,11.19,89273.79286484004,0.08927379286484,168.57262780772723,0.3694444444444444,0.0879639298713122
1120,2,11.2,90423.26047747768,0.0904232604774776,169.65440681265306,0.3777777777777777,0.0878232910114247
1121,2,11.21,89496.25445064461,0.0894962544506446,168.78253039950627,0.3555555555555555,0.0878232910114247
1122,2,11.22,91531.2071979637,0.0915312071979636,170.6906211408488,0.3916666666666666,0.0878232910114247
1123,2,11.23,87627.26370218859,0.0876272637021886,167.01085095178894,0.3916666666666666,0.0878232910114247
1124,2,11.24,90289.63202676394,0.0902896320267639,169.5290019259701,0.4083333333333333,0.0876272637021886
1125,2,11.25,85675.38959666721,0.0856753895966672,165.14031461538113,0.3777777777777777,0.0878232910114247
1126,2,11.26,91499.09006117968,0.0914990900611796,170.66067192910768,0.4111111111111111,0.0876272637021886
1127,2,11.27,85755.91575011202,0.085755915750112,165.217903939025,0.4166666666666667,0.0878232910114247
1128,2,11.28,86832.15288542125,0.0868321528854212,166.25141413549525,0.425,0.0876272637021886
1129,2,11.29,86196.6006757072,0.0861966006757072,165.6418731798032,0.3972222222222222,0.0876272637021886
1130,2,11.3,87208.99625633481,0.0872089962563348,166.6117813137971,0.4055555555555555,0.0876272637021886
1131,2,11.31,88829.52052163664,0.0888295205216366,168.1526525720093,0.3888888888888889,0.0875248004485994
1132,2,11.32,85237.01884406192,0.0852370188440619,164.71729043090457,0.4,0.0875248004485994
1133,2,11.33,87823.29101142478,0.0878232910114247,167.19755311048232,0.3805555555555555,0.0874053920858859
1134,2,11.34,89284.74761338724,0.0892847476133872,168.5829702276175,0.3805555555555555,0.0872089962563348
1135,2,11.35,86777.94931322966,0.0867779493132296,166.19951615199392,0.3833333333333333,0.0872089962563348
1136,2,11.36,87524.80044859949,0.0875248004485994,166.9131788357429,0.3916666666666666,0.0869196012403361
1137,2,11.37,87405.39208588598,0.0874053920858859,166.79928179314192,0.3916666666666666,0.0868321528854212
1138,2,11.38,85186.11179092631,0.0851861117909263,164.66809511441315,0.3861111111111111,0.0868321528854212
1139,2,11.39,86346.63287450704,0.086346632874507,165.7859670859928,0.3916666666666666,0.0868321528854212
1140,2,11.4,87873.72689353292,0.0878737268935329,167.2455560127861,0.4083333333333333,0.0867779493132296
1141,2,11.41,86642.83572076024,0.0866428357207602,166.0700791139574,0.4111111111111111,0.0868321528854212
1142,2,11.42,89707.08389760517,0.0897070838976051,168.98121690095164,0.3944444444444444,0.0868321528854212
1143,2,11.43,84809.03025300046,0.0848090302530004,164.30323419577056,0.4055555555555555,0.0869196012403361
1144,2,11.44,81753.08946439611,0.0817530894643961,161.31589073177256,0.4027777777777778,0.0872089962563348
1145,2,11.45,85203.68817729247,0.0852036881772924,164.6850821603255,0.4027777777777778,0.0872630299840555
1146,2,11.46,84473.62180523627,0.0844736218052362,163.97801359437588,0.4055555555555555,0.0874053920858859
1147,2,11.47,88588.90733010299,0.0885889073301029,167.9247599652638,0.4,0.0874053920858859
1148,2,11.48,85618.25882899975,0.0856182588289997,165.0852453222675,0.3888888888888889,0.0875248004485994
1149,2,11.49,86919.60124033617,0.0869196012403361,166.33510867508363,0.4083333333333333,0.0875248004485994
1150,2,11.5,88504.81434850366,0.0885048143485036,167.84503978965157,0.3972222222222222,0.0875248004485994
1151,2,11.51,83849.70652228006,0.08384970652228,163.37132716499312,0.3916666666666666,0.0875248004485994
1152,2,11.52,84284.95733283018,0.0842849573328301,163.79479593570375,0.4027777777777778,0.0874053920858859
1153,2,11.53,87653.37358405814,0.0876533735840581,167.0357308157953,0.4138888888888888,0.087565710164436
1154,2,11.54,87906.35319393106,0.087906353193931,167.2766011132229,0.3888888888888889,0.0876533735840581
1155,2,11.55,81485.60740130968,0.0814856074013096,161.05177558017775,0.3888888888888889,0.087835991847859
1156,2,11.56,87263.02998405552,0.0872630299840555,166.66338872793096,0.4,0.0876533735840581
1157,2,11.57,87565.71016443601,0.087565710164436,166.95218248362144,0.3833333333333333,0.087835991847859
1158,2,11.58,89051.06804899864,0.0890510680489986,168.36221468970334,0.3777777777777777,0.087835991847859
1159,2,11.59,94531.41993896084,0.0945314199389608,173.4655168082773,0.3666666666666666,0.087906353193931
1160,2,11.6,89255.5592617355,0.0892555592617355,168.55541198630678,0.3861111111111111,0.0885048143485036
1161,2,11.61,92492.6504904398,0.0924926504904397,171.58474597250483,0.3972222222222222,0.0885371412905099
1162,2,11.62,88537.14129050993,0.0885371412905099,167.87569022112882,0.3861111111111111,0.0885477289484215
1163,2,11.63,87835.991847859,0.087835991847859,167.20964256864002,0.3972222222222222,0.0885477289484215
1164,2,11.64,90262.64312628294,0.0902626431262829,169.5036626748084,0.3777777777777777,0.0890510680489986
1165,2,11.65,91521.57602371492,0.0915215760237149,170.68164062801202,0.4027777777777778,0.0892555592617355
1166,2,11.66,85994.01298901814,0.0859940129890181,165.44710480096586,0.3833333333333333,0.0892555592617355
1167,2,11.67,81254.76471241866,0.0812547647124186,160.8234899120793,0.3722222222222222,0.0892555592617355
1168,2,11.68,92231.04009313784,0.0922310400931378,171.3419151132009,0.3861111111111111,0.0894350255518113
1169,2,11.69,91342.70675628303,0.091342706756283,170.51476942280345,0.3861111111111111,0.089490838758679
1170,2,11.7,88547.7289484215,0.0885477289484215,167.88572757505383,0.3916666666666666,0.0897136090419506
1171,2,11.71,85061.42617604871,0.0850614261760487,164.5475398926674,0.3805555555555555,0.0898528331634762
1172,2,11.72,89852.83316347621,0.0898528331634762,169.11843512035358,0.4,0.0898528331634762
1173,2,11.73,89713.60904195062,0.0897136090419506,168.9873624957807,0.3805555555555555,0.0898528331634762
1174,2,11.74,91268.16677808131,0.0912681667780813,170.4451811560957,0.3805555555555555,0.0898528331634762
1175,2,11.75,94291.00244498902,0.094291002444989,173.24479286956935,0.35,0.0897136090419506
1176,2,11.76,92588.4688931584,0.0925884688931584,171.67360016995244,0.3888888888888889,0.0897136090419506
1177,2,11.77,90582.79944079524,0.0905827994407952,169.8040063726668,0.3666666666666666,0.089490838758679
1178,2,11.78,89435.02555181138,0.0894350255518113,168.72478420268163,0.3805555555555555,0.089490838758679
1179,2,11.79,90090.4174705808,0.0900904174705808,169.34187471299222,0.3722222222222222,0.089490838758679
1180,2,11.8,91229.02671480238,0.0912290267148023,170.4086297998043,0.3833333333333333,0.0894350255518113
1181,2,11.81,88503.11184301443,0.0885031118430144,167.84342542280655,0.3638888888888889,0.0893352446710476
1182,2,11.82,87710.90819201116,0.0877109081920111,167.09054193363545,0.3722222222222222,0.0893352446710476
1183,2,11.83,91502.36130905,0.0915023613090499,170.66372260627563,0.3777777777777777,0.0894350255518113
1184,2,11.84,89490.83875867905,0.089490838758679,168.7774235487883,0.3861111111111111,0.0894350255518113
1185,2,11.85,93549.31315391064,0.0935493131539106,172.5620793297099,0.3388888888888889,0.0893352446710476
1186,2,11.86,94015.69173854204,0.094015691738542,172.99168805692852,0.3833333333333333,0.0893352446710476
1187,2,11.87,85138.27929554507,0.085138279295545,164.62185757805287,0.3944444444444444,0.0893352446710476
1188,2,11.88,87886.68654581059,0.0878866865458105,167.25788827875192,0.4083333333333333,0.08869541358932
1189,2,11.89,85586.43127957085,0.0855864312795708,165.05455825113413,0.3972222222222222,0.08869541358932
1190,2,11.9,85560.3188659327,0.0855603188659327,165.0293772637583,0.4,0.0885031118430144
1191,2,11.91,88695.41358932004,0.08869541358932,168.0256736473349,0.3916666666666666,0.0880082702823636
1192,2,11.92,85825.13249516596,0.0858251324951659,165.28456720530514,0.3916666666666666,0.0880082702823636
1193,2,11.93,87002.24937908578,0.0870022493790857,166.41417036295485,0.3833333333333333,0.0880082702823636
1194,2,11.94,85265.78428685608,0.085265784286856,164.74508214730056,0.3861111111111111,0.0880082702823636
1195,2,11.95,86274.79680693943,0.0862747968069394,165.7169899320723,0.3777777777777777,0.0880082702823636
1196,2,11.96,89335.24467104768,0.0893352446710476,168.63063649124462,0.3527777777777778,0.0880082702823636
1197,2,11.97,87141.21881499242,0.0871412188149924,166.54702471949787,0.3833333333333333,0.0880082702823636
1198,2,11.98,90611.6643968566,0.0906116643968566,169.83105894119385,0.3444444444444444,0.0880082702823636
1199,2,11.99,92871.02824644756,0.0928710282464475,171.93535538363926,0.3888888888888889,0.0878866865458105
1200,2,12.0,85470.71416748222,0.0854707141674822,164.94293952363822,0.3805555555555555,0.0878866865458105
1201,2,12.01,86492.23542014752,0.0864922354201475,165.92568701792013,0.4083333333333333,0.0878866865458105
1202,2,12.02,87727.80791747457,0.0877278079174745,167.1066382683967,0.3916666666666666,0.0877278079174745
1203,2,12.03,83988.62738880591,0.0839886273888059,163.50660667038386,0.4111111111111111,0.0877278079174745
1204,2,12.04,88946.78317959416,0.0889467831795941,168.26360399774794,0.3944444444444444,0.0877278079174745
1205,2,12.05,82283.2308606742,0.0822832308606742,161.83808528926613,0.3777777777777777,0.0877278079174745
1206,2,12.06,88008.27028236368,0.0880082702823636,167.3735418063783,0.3694444444444444,0.0879692448167538
1207,2,12.07,95037.1653518792,0.0950371653518791,173.9289202127891,0.3833333333333333,0.0879692448167538
1208,2,12.08,90748.38135131868,0.0907483813513186,169.95913314471065,0.3916666666666666,0.0880082702823636
1209,2,12.09,89093.32862233715,0.0890933286223371,168.40215940869405,0.3916666666666666,0.0889467831795941
1210,2,12.1,93330.13723818056,0.0933301372381805,172.35981365098655,0.375,0.0890933286223371
1211,2,12.11,90770.87921180192,0.0907708792118019,169.98019952544848,0.3666666666666666,0.0893352446710476
1212,2,12.12,90002.15269436657,0.0900021526943665,169.25889926511982,0.3833333333333333,0.0890933286223371
1213,2,12.13,87494.16350631624,0.0874941635063162,166.88396336209627,0.3833333333333333,0.0896660676830191
1214,2,12.14,83760.17266325526,0.0837601726632552,163.28408075245864,0.3611111111111111,0.0896389116712714
1215,2,12.15,90916.54975349177,0.0909165497534917,170.1165383031788,0.3777777777777777,0.0896389116712714
1216,2,12.16,94278.04130451768,0.0942780413045176,173.23288543827854,0.375,0.0896389116712714
1217,2,12.17,85150.00558015406,0.085150005580154,164.63319405505072,0.3694444444444444,0.0896660676830191
1218,2,12.18,84631.91696186687,0.0846319169618668,164.13158092106423,0.3722222222222222,0.0896660676830191
1219,2,12.19,90607.91813126496,0.0906079181312649,169.82754814138124,0.3611111111111111,0.0896660676830191
1220,2,12.2,86343.49282384996,0.0863434928238499,165.7829526021015,0.3638888888888889,0.0896660676830191
1221,2,12.21,87969.24481675384,0.0879692448167538,167.33642850645202,0.3944444444444444,0.0896660676830191
1222,2,12.22,91752.76544682402,0.091752765446824,170.89708109393382,0.3666666666666666,0.0897500593521879
1223,2,12.23,89666.06768301911,0.0896660676830191,168.9425813663621,0.3638888888888889,0.0896660676830191
1224,2,12.24,92639.97566895394,0.0926399756689539,171.7213443671283,0.3611111111111111,0.0896389116712714
1225,2,12.25,93131.88881533184,0.0931318888153318,172.17665616711727,0.3611111111111111,0.0896389116712714
1226,2,12.26,91392.14853697708,0.091392148536977,170.5609111106565,0.3555555555555555,0.0879692448167538
1227,2,12.27,83685.65475906724,0.0836856547590672,163.21143109958535,0.3666666666666666,0.0879692448167538
1228,2,12.28,90421.75930315757,0.0904217593031575,169.6529985362068,0.3666666666666666,0.0879692448167538
1229,2,12.29,89638.91167127149,0.0896389116712714,168.91699669281743,0.3833333333333333,0.0895520542310946
1230,2,12.3,89750.05935218796,0.0897500593521879,169.02168848222826,0.4111111111111111,0.0895520542310946
1231,2,12.31,87249.5314489948,0.0872495314489948,166.65049782439476,0.375,0.0895520542310946
1232,2,12.32,91250.18426316626,0.0912501842631662,170.4283889704364,0.3777777777777777,0.0881228620676945
1233,2,12.33,86052.84771682948,0.0860528477168294,165.5036922927554,0.3694444444444444,0.0881228620676945
1234,2,12.34,87633.7887779049,0.0876337887779049,167.01706898323076,0.3777777777777777,0.0895520542310946
1235,2,12.35,86835.82017822543,0.0868358201782254,166.2549248521891,0.3777777777777777,0.0893828909043707
1236,2,12.36,86319.95344859452,0.0863199534485945,165.76035279164986,0.3777777777777777,0.0893828909043707
1237,2,12.37,94400.50318613178,0.0944005031861317,173.3453588212565,0.3777777777777777,0.0893828909043707
1238,2,12.38,85523.12996636081,0.0855231299663608,164.99350825312445,0.3888888888888889,0.0893828909043707
1239,2,12.39,85454.03348464207,0.085454033484642,164.92684339561663,0.3861111111111111,0.0881228620676945
1240,2,12.4,85996.31009885114,0.0859963100988511,165.4493145340629,0.3722222222222222,0.0881228620676945
1241,2,12.41,86442.71328393547,0.0864427132839354,165.8781788748223,0.3666666666666666,0.0878728490569223
1242,2,12.42,91210.79556790872,0.0912107955679087,170.3916017764785,0.3694444444444444,0.0876337887779049
1243,2,12.43,91392.85177237612,0.0913928517723761,170.5615673171336,0.3833333333333333,0.0878728490569223
1244,2,12.44,89552.05423109465,0.0895520542310946,168.8351390849203,0.3527777777777778,0.0878728490569223
1245,2,12.45,87475.26802692469,0.0874752680269247,166.86594202996304,0.3722222222222222,0.0878728490569223
1246,2,12.46,90214.23438457232,0.0902142343845723,169.45820333967615,0.3611111111111111,0.0878728490569223
1247,2,12.47,88122.86206769453,0.0881228620676945,167.482471306575,0.35,0.0881228620676945
1248,2,12.48,86715.70198817035,0.0867157019881703,166.13989656371527,0.3777777777777777,0.0881228620676945
1249,2,12.49,89879.2189905648,0.0898792189905648,169.1432646225521,0.3805555555555555,0.0882491590787584
1250,2,12.5,89382.89090437071,0.0893828909043707,168.6755993928832,0.3805555555555555,0.0882491590787584
1251,2,12.51,83831.5846906802,0.0838315846906802,163.35367207839934,0.3888888888888889,0.0887595356858548
1252,2,12.52,85396.54120372768,0.0853965412037276,164.87135382184485,0.3694444444444444,0.0889290064344385
1253,2,12.53,93316.597075415,0.093316597075415,172.3473103768492,0.3722222222222222,0.0887595356858548
1254,2,12.54,87291.83320849252,0.0872918332084925,166.6908920528344,0.3722222222222222,0.0889290064344385
1255,2,12.55,88249.15907875841,0.0882491590787584,167.60244563303613,0.3666666666666666,0.0889663894773248
1256,2,12.56,87872.84905692232,0.0878728490569223,167.2447206400081,0.3722222222222222,0.0891999769715656
1257,2,12.57,87323.9390810691,0.0873239390810691,166.72154362893647,0.3611111111111111,0.0893828909043707
1258,2,12.58,89693.67020040861,0.0896936702004086,168.96858273921376,0.375,0.0893828909043707
1259,2,12.59,90401.29283463606,0.090401292834636,169.63379743748158,0.3833333333333333,0.0893828909043707
1260,2,12.6,88929.00643443859,0.0889290064344385,168.24678872591812,0.3638888888888889,0.0893828909043707
1261,2,12.61,88966.38947732483,0.0889663894773248,168.28214792041982,0.3694444444444444,0.0893828909043707
1262,2,12.62,92155.85344662162,0.0921558534466216,171.2720620000945,0.3361111111111111,0.0891999769715656
1263,2,12.63,92714.08779812844,0.0927140877981284,171.7900193103669,0.35,0.08931472789013
1264,2,12.64,88759.53568585486,0.0887595356858548,168.08639951492376,0.375,0.0893828909043707
1265,2,12.65,85318.66724626267,0.0853186672462626,164.79616276027355,0.375,0.08931472789013
1266,2,12.66,91343.08781404652,0.0913430878140465,170.5151250938319,0.3555555555555555,0.08931472789013
1267,2,12.67,89199.97697156567,0.0891999769715656,168.50292139133913,0.3722222222222222,0.08931472789013
1268,2,12.68,88043.2196074796,0.0880432196074796,167.40677170446634,0.3638888888888889,0.0895402798633238
1269,2,12.69,90476.4261376974,0.0904764261376974,169.70427486132047,0.3611111111111111,0.08931472789013
1270,2,12.7,90308.0701301881,0.0903080701301881,169.54631085522902,0.3694444444444444,0.0895402798633238
1271,2,12.71,90332.4612299006,0.0903324612299006,169.56920549672734,0.3527777777777778,0.0895402798633238
1272,2,12.72,93034.8779876723,0.0930348779876723,172.08695889979236,0.35,0.0896135877881848
1273,2,12.73,93296.73665604649,0.0932967366560464,172.32896920223612,0.3555555555555555,0.0896936702004086
1274,2,12.74,92473.71801992202,0.092473718019922,171.5671840939092,0.3472222222222222,0.0896135877881848
1275,2,12.75,94360.9858329622,0.0943609858329622,173.30907264387656,0.3416666666666667,0.0895402798633238
1276,2,12.76,85398.87039592727,0.0853988703959272,164.8736022410862,0.3944444444444444,0.0896135877881848
1277,2,12.77,86155.37718389447,0.0861553771838944,165.6022593611784,0.4,0.0903080701301881
1278,2,12.78,89314.72789013002,0.08931472789013,168.61127147745347,0.375,0.0896135877881848
1279,2,12.79,90842.2774192096,0.0908422774192096,170.04703756897663,0.3666666666666666,0.0896135877881848
1280,2,12.8,87720.67775888159,0.0877206777588816,167.09984725724487,0.3861111111111111,0.0903080701301881
1281,2,12.81,89540.27986332384,0.0895402798633238,168.82403943798815,0.3722222222222222,0.0903080701301881
1282,2,12.82,86364.30757766147,0.0863643075776614,165.80293397701777,0.3805555555555555,0.0903080701301881
1283,2,12.83,90321.8737772942,0.0903218737772942,169.5592679919244,0.3805555555555555,0.0903080701301881
1284,2,12.84,86432.40232044981,0.0864324023204498,165.86828553166512,0.3722222222222222,0.0903080701301881
1285,2,12.85,89613.58778818483,0.0896135877881848,168.89313464252547,0.3694444444444444,0.0903080701301881
1286,2,12.86,89076.50814386389,0.0890765081438638,168.38626181765193,0.3555555555555555,0.0903218737772942
1287,2,12.87,93737.127042608,0.093737127042608,172.73521424460063,0.3555555555555555,0.0902448788549528
1288,2,12.88,91302.24339184562,0.0913022433918456,170.47699757557655,0.35,0.0896135877881848
1289,2,12.89,89027.28473867844,0.0890272847386784,168.33973052259725,0.3388888888888889,0.0895402798633238
1290,2,12.9,88966.32491093069,0.0889663249109306,168.28208685593512,0.3388888888888889,0.08931472789013
1291,2,12.91,91972.62356396671,0.0919726235639667,171.10171050772948,0.3611111111111111,0.0890765081438638
1292,2,12.92,91716.33554075912,0.0917163355407591,170.86315087570338,0.35,0.0890765081438638
1293,2,12.93,88769.80210927421,0.0887698021092742,168.0961201395222,0.3583333333333333,0.0890765081438638
1294,2,12.94,90362.75617509244,0.0903627561750924,169.59763746393196,0.3583333333333333,0.0890272847386784
1295,2,12.95,93679.30935947846,0.0936793093594784,172.68193391316794,0.35,0.0889663249109306
1296,2,12.96,82854.85066796454,0.0828548506679645,162.39925518885474,0.3694444444444444,0.0890272847386784
1297,2,12.97,91141.54298255037,0.0911415429825503,170.32690384490255,0.3638888888888889,0.0890272847386784
1298,2,12.98,86852.53234228177,0.0868525323422817,166.2709225470458,0.3638888888888889,0.0890272847386784
1299,2,12.99,86955.33057940312,0.0869553305794031,166.36929217798487,0.35,0.0890272847386784
1300,2,13.0,90364.31417442558,0.0903643141744255,169.59909952572775,0.3666666666666666,0.0890765081438638
1301,2,13.01,92447.30614851476,0.0924473061485147,171.54268127242204,0.3638888888888889,0.0890272847386784
1302,2,13.02,90244.87885495284,0.0902448788549528,169.4869821460929,0.375,0.0890272847386784
1303,2,13.03,85905.23429058536,0.0859052342905853,165.36168041486545,0.3638888888888889,0.0890272847386784
1304,2,13.04,88753.46738459583,0.0887534673845958,168.08065356134085,0.3666666666666666,0.0889663249109306
1305,2,13.05,87473.07696941432,0.0874730769694143,166.8638522097588,0.3888888888888889,0.0889663249109306
1306,2,13.06,86210.96095663728,0.0862109609566372,165.65567050331367,0.3777777777777777,0.0887698021092742
1307,2,13.07,87978.64186317698,0.0879786418631769,167.34536586972567,0.3777777777777777,0.0887534673845958
1308,2,13.08,85834.79776393228,0.0858347977639322,165.2938737728836,0.3972222222222222,0.0883934922742059
1309,2,13.09,88393.49227420591,0.0883934922742059,167.73944814858032,0.4083333333333333,0.0883208458593714
1310,2,13.1,86677.29204247044,0.0866772920424704,166.1030973966408,0.3777777777777777,0.0879786418631769
1311,2,13.11,89181.44350827161,0.0891814435082716,168.48541519319735,0.3694444444444444,0.0879786418631769
1312,2,13.12,91422.01240281116,0.0914220124028111,170.58877560564153,0.3527777777777778,0.0883208458593714
1313,2,13.13,86869.07292604545,0.0868690729260454,166.28675448147078,0.3722222222222222,0.0879786418631769
1314,2,13.14,89910.82902257316,0.0899108290225731,169.17300539053363,0.3583333333333333,0.0879786418631769
1315,2,13.15,93700.68283497795,0.0937006828349779,172.7016319799709,0.3555555555555555,0.0879786418631769
1316,2,13.16,82780.86423031635,0.0827808642303163,162.3267306125144,0.3638888888888889,0.0878982521645672
1317,2,13.17,91023.10418596724,0.0910231041859672,170.2161976238764,0.3638888888888889,0.0877727635878876
1318,2,13.18,93432.9305349899,0.0934329305349899,172.45470560240057,0.3416666666666667,0.0877727635878876
1319,2,13.19,84906.309489456,0.084906309489456,164.39743827041357,0.3666666666666666,0.0877727635878876
1320,2,13.2,89786.73134918232,0.0897867313491823,169.05621620210482,0.3833333333333333,0.0877727635878876
1321,2,13.21,88320.84585937146,0.0883208458593714,167.67050543596704,0.3861111111111111,0.0877727635878876
1322,2,13.22,87738.72271550712,0.0877387227155071,167.11703336729096,0.3527777777777778,0.0877727635878876
1323,2,13.23,84882.13446923987,0.0848821344692398,164.3740325049579,0.3694444444444444,0.0877727635878876
1324,2,13.24,82863.52183496875,0.0828635218349687,162.40775290630972,0.3472222222222222,0.0878982521645672
1325,2,13.25,87772.76358788766,0.0877727635878876,167.14944925932988,0.3611111111111111,0.0878982521645672
1326,2,13.26,89186.74368412579,0.0891867436841257,168.4904217787972,0.3527777777777778,0.0883208458593714
1327,2,13.27,91705.44829428372,0.0917054482942837,170.85300936473712,0.35,0.0878982521645672
1328,2,13.28,86571.40500613545,0.0865714050061354,166.00160864965684,0.3277777777777778,0.0877727635878876
1329,2,13.29,86373.30212178768,0.0863733021217876,165.8115676534795,0.35,0.0878982521645672
1330,2,13.3,86766.03877810309,0.086766038778103,166.18811006830893,0.3333333333333333,0.0878982521645672
1331,2,13.31,87898.25216456728,0.0878982521645672,167.26889322960662,0.3361111111111111,0.0878982521645672
1332,2,13.32,82267.43881555116,0.0822674388155511,161.8225543180247,0.3305555555555555,0.0878982521645672
1333,2,13.33,89572.30670442637,0.0895723067044263,168.85422929943314,0.3138888888888889,0.0878982521645672
1334,2,13.34,85509.0574661671,0.0855090574661671,164.97993317291312,0.3277777777777778,0.0877727635878876
1335,2,13.35,89849.4671521563,0.0898494671521563,169.11526738552348,0.3138888888888889,0.0878982521645672
1336,2,13.36,86058.1305503156,0.0860581305503156,165.50877239790267,0.3333333333333333,0.0878982521645672
1337,2,13.37,83541.94611265337,0.0835419461126533,163.07123400125195,0.3388888888888889,0.0878982521645672
1338,2,13.38,90492.12706780764,0.0904921270678076,169.7189991352853,0.3333333333333333,0.0883263842125094
1339,2,13.39,90530.92438369856,0.0905309243836985,169.75537763702346,0.3027777777777777,0.0883263842125094
1340,2,13.4,104042.5671071778,0.1040425671071778,181.9829049503144,0.3166666666666666,0.0883263842125094
1341,2,13.41,90726.35492070307,0.090726354920703,169.93850566801862,0.3055555555555556,0.0885402450291188
1342,2,13.42,85624.48809024514,0.0856244880902451,165.09125070260768,0.325,0.0883263842125094
1343,2,13.43,86976.45246013401,0.086976452460134,166.38949691388316,0.3222222222222222,0.0878982521645672
1344,2,13.44,89297.0868995902,0.0892970868995901,168.59461903498766,0.325,0.0878982521645672
1345,2,13.45,92681.34408661471,0.0926813440866147,171.75968120478993,0.3055555555555556,0.0883263842125094
1346,2,13.46,88326.38421250948,0.0883263842125094,167.67576242769752,0.3055555555555556,0.0885402450291188
1347,2,13.47,80882.32114089077,0.0808823211408907,160.45448711905112,0.3333333333333333,0.0885402450291188
1348,2,13.48,88902.98085515396,0.0889029808551539,168.22216773482555,0.3277777777777778,0.0889029808551539
1349,2,13.49,86774.92616170793,0.0867749261617079,166.19662111529252,0.3027777777777777,0.0889029808551539
1350,2,13.5,91021.4165216408,0.0910214165216407,170.2146196226719,0.3027777777777777,0.0891142911697113
1351,2,13.51,88540.24502911884,0.0885402450291188,167.87863270203195,0.3333333333333333,0.0889029808551539
1352,2,13.52,93827.91699875184,0.0938279169987518,172.8188461387671,0.3055555555555556,0.0889029808551539
1353,2,13.53,89386.80970377145,0.0893868097037714,168.67929696065147,0.3277777777777778,0.0891142911697113
1354,2,13.54,84893.744556955,0.084893744556955,164.38527357290903,0.3277777777777778,0.0891142911697113
1355,2,13.55,87222.94922501143,0.0872229492250114,166.62510927356638,0.3,0.0889029808551539
1356,2,13.56,95782.8421722104,0.0957828421722104,174.60992408851305,0.3305555555555555,0.0889029808551539
1357,2,13.57,85994.96831347194,0.0859949683134719,165.4480237906755,0.325,0.0889029808551539
1358,2,13.58,87631.73743829527,0.0876317374382952,167.01511419650495,0.3138888888888889,0.0889029808551539
1359,2,13.59,85433.7285170743,0.0854337285170743,164.90724787142253,0.3333333333333333,0.0891142911697113
1360,2,13.6,89114.29116971132,0.0891142911697113,168.42196970579576,0.3194444444444444,0.0891142911697113
1361,2,13.61,92912.39722843982,0.0929123972284398,171.97364503565024,0.3277777777777778,0.0889029808551539
1362,2,13.62,85691.11891030846,0.0856911189103084,165.15547313759225,0.3,0.0889029808551539
1363,2,13.63,93384.4982186827,0.0933844982186827,172.41000260808332,0.3111111111111111,0.0889029808551539
1364,2,13.64,91801.7544351647,0.0918017544351647,170.9426980181651,0.3416666666666667,0.0885402450291188
1365,2,13.65,93223.58669324458,0.0932235866932445,172.2613980843399,0.3138888888888889,0.0885402450291188
1366,2,13.66,87448.09335162454,0.0874480933516245,166.84002110328657,0.325,0.0884519243019073
1367,2,13.67,87208.58918549152,0.0872085891854915,166.61139246126828,0.3333333333333333,0.0879740854179923
1368,2,13.68,90779.00668690124,0.0907790066869012,169.98780922873587,0.3388888888888889,0.0879740854179923
1369,2,13.69,94463.20506448456,0.0944632050644845,173.4029182356288,0.3138888888888889,0.0879740854179923
1370,2,13.7,88451.92430190735,0.0884519243019073,167.79488060509297,0.3277777777777778,0.0879740854179923
1371,2,13.71,93254.75856626374,0.0932547585662637,172.29019584794804,0.3333333333333333,0.0884519243019073
1372,2,13.72,89422.43700649288,0.0894224370064928,168.71290924471054,0.3333333333333333,0.0884519243019073
1373,2,13.73,87527.90075942782,0.0875279007594278,166.91613501588034,0.3111111111111111,0.0884519243019073
1374,2,13.74,90278.0283660841,0.090278028366084,169.5181079829092,0.3222222222222222,0.0886728979386128
1375,2,13.75,90931.43975516516,0.0909314397551651,170.13046828535695,0.3388888888888889,0.0886728979386128
1376,2,13.76,85479.02663502542,0.0854790266350254,164.95096010419627,0.3083333333333333,0.0886728979386128
1377,2,13.77,85023.00081373428,0.0850230008137342,164.51036961852617,0.3305555555555555,0.0884519243019073
1378,2,13.78,87495.96288191511,0.0874959628819151,166.88567939306108,0.3166666666666666,0.0884519243019073
1379,2,13.79,85593.96678855916,0.0855939667885591,165.0618242552936,0.3277777777777778,0.0879740854179923
1380,2,13.8,87261.23117970883,0.0872612311797088,166.6616709536736,0.3416666666666667,0.0875279007594278
1381,2,13.81,87974.08541799236,0.0879740854179923,167.34103237557795,0.2888888888888888,0.0875279007594278
1382,2,13.82,81999.9368238541,0.0819999368238541,161.55924782406927,0.3333333333333333,0.0875279007594278
1383,2,13.83,92526.5725786034,0.0925265725786034,171.61620781986616,0.3277777777777778,0.0879740854179923
1384,2,13.84,89836.92303706103,0.089836923037061,169.1034616648307,0.3416666666666667,0.0875279007594278
1385,2,13.85,84955.00943949002,0.08495500943949,164.4445784616414,0.3388888888888889,0.0875279007594278
1386,2,13.86,90370.26855542688,0.0903702685554268,169.60468713533987,0.3416666666666667,0.0875279007594278
1387,2,13.87,88672.89793861285,0.0886728979386128,168.00434533197864,0.3416666666666667,0.0874959628819151
1388,2,13.88,86898.1270025365,0.0868981270025364,166.3145601436085,0.3361111111111111,0.0874759559568929
1389,2,13.89,89060.09394401843,0.0890600939440184,168.37074676688408,0.3027777777777777,0.0874759559568929
1390,2,13.9,86584.83997738012,0.0865848399773801,166.0144890015374,0.3166666666666666,0.0874759559568929
1391,2,13.91,91134.17205939202,0.091134172059392,170.32001625081847,0.3083333333333333,0.0873945247521541
1392,2,13.92,85579.1787052347,0.0855791787052347,165.04756476048212,0.3,0.0874759559568929
1393,2,13.93,83179.50813541815,0.0831795081354181,162.7171157789144,0.3111111111111111,0.0874959628819151
1394,2,13.94,86469.44172587401,0.086469441725874,165.90382199979263,0.3333333333333333,0.0879740854179923
1395,2,13.95,84586.25315672366,0.0845862531567236,164.08729571490295,0.3416666666666667,0.0886728979386128
1396,2,13.96,93384.19601788632,0.0933841960178863,172.40972364057134,0.3333333333333333,0.0886728979386128
1397,2,13.97,86994.98625924808,0.086994986259248,166.40722392595126,0.3527777777777778,0.0886728979386128
1398,2,13.98,90303.80593579922,0.0903038059357992,169.5423079629016,0.3222222222222222,0.0886728979386128
1399,2,13.99,87475.95595689298,0.0874759559568929,166.86659816888726,0.3361111111111111,0.0886728979386128
1400,2,14.0,92018.49721062006,0.09201849721062,171.14437581736632,0.3277777777777778,0.0886728979386128
1401,2,14.01,90047.66258411318,0.0900476625841131,169.30168702132136,0.3361111111111111,0.0886728979386128
1402,2,14.02,87251.09393837593,0.0872510939383759,166.65199002992935,0.3611111111111111,0.0885546933879643
1403,2,14.03,87394.52475215413,0.0873945247521541,166.78891218226906,0.35,0.0885546933879643
1404,2,14.04,91749.55321000684,0.0917495532100068,170.89408953995724,0.3444444444444444,0.0890600939440184
1405,2,14.05,92402.19336833332,0.0924021933683333,171.5008211473251,0.3194444444444444,0.0896912365464799
1406,2,14.06,86199.50086452352,0.0861995008645235,165.64465976688183,0.3361111111111111,0.0896912365464799
1407,2,14.07,90462.93688829656,0.0904629368882965,169.6916236729589,0.3277777777777778,0.0896912365464799
1408,2,14.08,93297.6868473856,0.0932976868473855,172.32984675209997,0.325,0.0898283855261019
1409,2,14.09,91060.54218733864,0.0910605421873386,170.2511991719472,0.3416666666666667,0.0898283855261019
1410,2,14.1,89691.23654647994,0.0896912365464799,168.96629041555445,0.3166666666666666,0.0898445856754066
1411,2,14.11,87527.17361394198,0.0875271736139419,166.91544167944065,0.3,0.0900476625841131
1412,2,14.12,87746.89346524436,0.0877468934652443,167.12481465031797,0.3027777777777777,0.0900476625841131
1413,2,14.13,85660.5216445843,0.0856605216445842,165.12598491797638,0.3111111111111111,0.0903038059357992
1414,2,14.14,93294.32600608795,0.0932943260060879,172.326742824761,0.2722222222222222,0.0904275104443253
1415,2,14.15,89844.5856754066,0.0898445856754066,169.11067334904826,0.2916666666666667,0.0904275104443253
1416,2,14.16,88554.6933879643,0.0885546933879643,167.89232970378188,0.2888888888888888,0.0904275104443253
1417,2,14.17,88279.93055848007,0.08827993055848,167.63166362111522,0.2944444444444444,0.0904629368882965
1418,2,14.18,92211.0921780805,0.0922110921780804,171.32338502401777,0.3,0.0907231028938061
1419,2,14.19,96183.29413058238,0.0961832941305823,174.97455074235148,0.3111111111111111,0.0910233090308695
1420,2,14.2,91980.54368287492,0.0919805436828749,171.10907746469533,0.3361111111111111,0.0907231028938061
1421,2,14.21,87986.37018479677,0.0879863701847967,167.35271578091448,0.3055555555555556,0.0904629368882965
1422,2,14.22,89828.38552610199,0.0898283855261019,169.09542623290315,0.3222222222222222,0.0904629368882965
1423,2,14.23,91315.7124392562,0.0913157124392562,170.48957162633553,0.3194444444444444,0.0904275104443253
1424,2,14.24,88942.77566097396,0.0889427756609739,168.25981337656071,0.2861111111111111,0.0898445856754066
1425,2,14.25,90723.10289380608,0.0907231028938061,169.93545997339035,0.2944444444444444,0.0898445856754066
1426,2,14.26,94506.17685746074,0.0945061768574607,173.4423546864016,0.3166666666666666,0.0898445856754066
1427,2,14.27,94988.0824470867,0.0949880824470866,173.8840007377007,0.325,0.0904275104443253
1428,2,14.28,90427.51044432532,0.0904275104443253,169.65839371341676,0.325,0.0904275104443253
1429,2,14.29,91553.6144889808,0.0915536144889808,170.7115128153404,0.3277777777777778,0.0907231028938061
1430,2,14.3,87486.5892476158,0.0874865892476158,166.87673973929572,0.3,0.0904275104443253
1431,2,14.31,94277.26699340394,0.0942772669934039,173.23217405086518,0.3111111111111111,0.0904275104443253
1432,2,14.32,91023.30903086955,0.0910233090308695,170.21638915711992,0.3138888888888889,0.0907231028938061
1433,2,14.33,93750.43034351534,0.0937504303435153,172.74747121832422,0.325,0.0907231028938061
1434,2,14.34,96477.27460458684,0.0964772746045868,175.24174816152782,0.3277777777777778,0.0907231028938061
1435,2,14.35,87023.79322073272,0.0870237932207327,166.43477315565147,0.3194444444444444,0.0907231028938061
1436,2,14.36,87288.27085435698,0.0872882708543569,166.68749071490117,0.3416666666666667,0.0904275104443253
1437,2,14.37,88429.09023273751,0.0884290902327375,167.7732208885519,0.3277777777777778,0.0907231028938061
1438,2,14.38,86597.34121106967,0.0865973412110696,166.026473264701,0.3333333333333333,0.0907231028938061
1439,2,14.39,88603.95146115216,0.0886039514611521,167.93901781609136,0.3194444444444444,0.0904275104443253
1440,2,14.4,101396.96869489508,0.101396968694895,179.65427232507844,0.3333333333333333,0.0907231028938061
1441,2,14.41,88453.5880039767,0.0884535880039767,167.79645863394654,0.3194444444444444,0.0904275104443253
1442,2,14.42,90912.29883175693,0.0909122988317569,170.1125612464973,0.3527777777777778,0.0904275104443253
1443,2,14.43,88408.44622614839,0.0884084462261483,167.75363619287384,0.3444444444444444,0.0903293214351553
1444,2,14.44,93083.15698587698,0.0930831569858769,172.1316040295983,0.35,0.0903255166604219
1445,2,14.45,90085.85340930829,0.0900858534093082,169.33758515310933,0.3472222222222222,0.0903255166604219
1446,2,14.46,89434.53666036861,0.0894345366603686,168.72432303986875,0.3583333333333333,0.0903293214351553
1447,2,14.47,92046.29520587946,0.0920462952058794,171.17022448610356,0.3555555555555555,0.0903293214351553
1448,2,14.48,88563.6162485785,0.0885636162485785,167.90078799133116,0.3583333333333333,0.0903293214351553
1449,2,14.49,92167.72857811242,0.0921677285781124,171.28309663687622,0.35,0.0903255166604219
1450,2,14.5,95241.69205576202,0.095241692055762,174.1159733000429,0.3472222222222222,0.0903255166604219
1451,2,14.51,89840.93255725478,0.0898409325572547,169.1072352590077,0.3555555555555555,0.0903255166604219
1452,2,14.52,92927.66318908604,0.092927663189086,171.98777251026775,0.3555555555555555,0.0903255166604219
1453,2,14.53,90325.51666042198,0.0903255166604219,169.56268730965257,0.3388888888888889,0.0903255166604219
1454,2,14.54,89482.2106862885,0.0894822106862884,168.76928719120215,0.3305555555555555,0.0903293214351553
1455,2,14.55,91769.7177487691,0.091769717748769,170.91286789393385,0.3444444444444444,0.0903293214351553
1456,2,14.56,88126.40525522795,0.0881264052552279,167.48583828663908,0.3388888888888889,0.0903255166604219
1457,2,14.57,92455.78957458568,0.0924557895745856,171.55055189803053,0.35,0.0903255166604219
1458,2,14.58,90329.32143515532,0.0903293214351553,169.5662585100094,0.3333333333333333,0.0903255166604219
1459,2,14.59,89890.98462497829,0.0898909846249782,169.15433510532833,0.325,0.0903255166604219
1460,2,14.6,91719.82738968029,0.0917198273896802,170.866403418595,0.3361111111111111,0.0903255166604219
1461,2,14.61,94043.78505061292,0.0940437850506129,173.017532394129,0.3416666666666667,0.0903255166604219
1462,2,14.62,91945.8179537956,0.0919458179537955,171.07677471810194,0.3222222222222222,0.0903255166604219
1463,2,14.63,93031.43401123512,0.0930314340112351,172.08377370231943,0.3416666666666667,0.0898909846249782
1464,2,14.64,85291.9995745046,0.0852919995745046,164.77040595006275,0.3611111111111111,0.0898909846249782
1465,2,14.65,91411.1332091304,0.0914111332091303,170.57862529557923,0.3333333333333333,0.0898909846249782
1466,2,14.66,83002.23767864148,0.0830022376786414,162.5436336141416,0.3083333333333333,0.0898409325572547
1467,2,14.67,88893.07112475844,0.0888930711247584,168.21279188055067,0.325,0.0894886123743377
1468,2,14.68,79581.429870093,0.0795814298700929,159.15890136681836,0.3166666666666666,0.0894822106862884
1469,2,14.69,93755.31912952206,0.093755319129522,172.75197527450484,0.3111111111111111,0.0894822106862884
1470,2,14.7,85301.63358322649,0.0853016335832264,164.77971136389405,0.3388888888888889,0.0894886123743377
1471,2,14.71,81276.19356433798,0.0812761935643379,160.84469504126074,0.325,0.0894886123743377
1472,2,14.72,88825.0002529608,0.0888250002529608,168.14837412474475,0.3166666666666666,0.0894886123743377
1473,2,14.73,91249.21155294577,0.0912492115529457,170.42748060033864,0.3277777777777778,0.0894886123743377
1474,2,14.74,89488.61237433772,0.0894886123743377,168.77532408388618,0.3416666666666667,0.0888930711247584
1475,2,14.75,94283.47829463612,0.0942834782946361,173.23788051398435,0.3111111111111111,0.0888250002529608
1476,2,14.76,79051.3876908344,0.0790513876908343,158.62798687035087,0.3305555555555555,0.0886997283888988
1477,2,14.77,85482.6418179178,0.0854826418179178,164.9544482205653,0.3583333333333333,0.0886997283888988
1478,2,14.78,83286.02163411124,0.0832860216341112,162.82126417349386,0.3555555555555555,0.0873604069523235
1479,2,14.79,86321.49699379512,0.0863214969937951,165.76183482125597,0.3611111111111111,0.0873604069523235
1480,2,14.8,90559.90629953194,0.0905599062995319,169.78254759255665,0.3611111111111111,0.0873604069523235
1481,2,14.81,87099.14895830429,0.0870991489583042,166.5068172526965,0.3388888888888889,0.0873604069523235
1482,2,14.82,83095.60051845359,0.0830956005184535,162.63502434408989,0.3583333333333333,0.0873604069523235
1483,2,14.83,85115.04624245517,0.0851150462424551,164.5993945370517,0.3555555555555555,0.0870991489583042
1484,2,14.84,91086.8303835047,0.0910868303835047,170.27577224084357,0.3527777777777778,0.0870991489583042
1485,2,14.85,89799.87800294011,0.0897998780029401,169.06859243051073,0.3361111111111111,0.0868852871798433
1486,2,14.86,90322.85096881598,0.0903228509688159,169.56018521952404,0.3583333333333333,0.0868852871798433
1487,2,14.87,86016.07786515857,0.0860160778651585,165.46832916070284,0.3694444444444444,0.0869483613317211
1488,2,14.88,93473.1078919902,0.0934731078919901,172.49178048343225,0.3861111111111111,0.0868852871798433
1489,2,14.89,88699.72838889879,0.0886997283888988,168.0297606021133,0.375,0.0868852871798433
1490,2,14.9,81176.55487619236,0.0811765548761923,160.74607287095083,0.3833333333333333,0.0868852871798433
1491,2,14.91,85534.39253497405,0.085534392534974,165.0043719196775,0.3916666666666666,0.0867641647865978
1492,2,14.92,93362.14367395676,0.0933621436739567,172.38936546878955,0.35,0.0868852871798433
1493,2,14.93,87360.4069523235,0.0873604069523235,166.75635278442536,0.3638888888888889,0.0869483613317211
1494,2,14.94,95858.2163118791,0.0958582163118791,174.67861324161987,0.3472222222222222,0.0870991489583042
1495,2,14.95,86885.28717984338,0.0868852871798433,166.30227260402037,0.3416666666666667,0.0871257106776883
1496,2,14.96,89967.00407216442,0.0899670040721644,169.2258456220777,0.3388888888888889,0.0870991489583042
1497,2,14.97,84199.54283201741,0.0841995428320174,163.71177995363274,0.3444444444444444,0.0869483613317211
1498,2,14.98,85485.98978693673,0.0854859897869367,164.95767844931777,0.3777777777777777,0.0871257106776883
1499,2,14.99,85853.63474176047,0.0858536347417604,165.31201015992306,0.3916666666666666,0.0873604069523235
1500,2,15.0,85294.80514789258,0.0852948051478925,164.7731158857363,0.375,0.0871257106776883
1501,2,15.01,86744.69407747757,0.0867446940774775,166.16766742916514,0.3583333333333333,0.0871257106776883
1502,2,15.02,86948.36133172114,0.0869483613317211,166.3626250074435,0.3666666666666666,0.0871257106776883
1503,2,15.03,86764.16478659782,0.0867641647865978,166.1863153754051,0.3722222222222222,0.0873604069523235
1504,2,15.04,90789.85497229591,0.0907898549722959,169.99796587863747,0.3888888888888889,0.0873604069523235
1505,2,15.05,87125.7106776883,0.0871257106776883,166.5322042413924,0.3972222222222222,0.0871257106776883
1506,2,15.06,86166.65734800503,0.086166657348005,165.6131000050454,0.3916666666666666,0.0873604069523235
1507,2,15.07,89426.4322439247,0.0894264322439247,168.7166781008509,0.3777777777777777,0.0873604069523235
1508,2,15.08,92073.1361405767,0.0920731361405766,171.19517950424782,0.3638888888888889,0.0873604069523235
1509,2,15.09,90988.94886701329,0.0909889488670132,170.18425884270772,0.3388888888888889,0.088338189908852
1510,2,15.1,90823.30839109092,0.0908233083910909,170.02928264508873,0.3416666666666667,0.088338189908852
1511,2,15.11,83981.01147947944,0.0839810114794794,163.49919328740648,0.3472222222222222,0.0884751139154263
1512,2,15.12,86499.10474846515,0.0864991047484651,165.9322759064183,0.3722222222222222,0.088338189908852
1513,2,15.13,90665.22188462036,0.0906652218846203,169.88124222209356,0.3833333333333333,0.0884751139154263
1514,2,15.14,91185.9530359912,0.0911859530359912,170.3683959320121,0.35,0.0894264322439247
1515,2,15.15,85185.45178145054,0.0851854517814505,164.66745720107633,0.3583333333333333,0.0894264322439247
1516,2,15.16,94933.79718191495,0.0949337971819149,173.83430667152675,0.3861111111111111,0.0894264322439247
1517,2,15.17,89547.2934660115,0.0895472934660115,168.83065121959524,0.3583333333333333,0.0894264322439247
1518,2,15.18,91874.40545559447,0.0918744054555944,171.0103258396221,0.3666666666666666,0.0894264322439247
1519,2,15.19,88338.18990885203,0.088338189908852,167.6869678167292,0.3472222222222222,0.0894264322439247
1520,2,15.2,86357.94781230437,0.0863579478123043,165.7968290987507,0.325,0.0892088620706668
1521,2,15.21,88475.11391542637,0.0884751139154263,167.81687471919284,0.3861111111111111,0.0892088620706668
1522,2,15.22,81887.9218241918,0.0818879218241918,161.44886210712554,0.4027777777777778,0.0892088620706668
1523,2,15.23,93044.6961150696,0.0930446961150696,172.09603897357195,0.3833333333333333,0.0892088620706668
1524,2,15.24,90937.53086404785,0.0909375308640478,170.13616634675304,0.4027777777777778,0.0884751139154263
1525,2,15.25,91534.13358331754,0.0915341335833175,170.69334973231292,0.4333333333333333,0.088338189908852
1526,2,15.26,90955.95121478155,0.0909559512147815,170.15339690677803,0.4111111111111111,0.088338189908852
1527,2,15.27,86129.45953646356,0.0861294595364635,165.5773488799815,0.3972222222222222,0.0883873789357855
1528,2,15.28,90534.85533689386,0.0905348553368938,169.75906308045128,0.3944444444444444,0.0883873789357855
1529,2,15.29,93109.3565543528,0.0931093565543528,172.15582676012457,0.3861111111111111,0.088338189908852
1530,2,15.3,89208.86207066682,0.0892088620706668,168.51131336589668,0.3972222222222222,0.088338189908852
1531,2,15.31,84984.95114270166,0.0849849511427016,164.47355448693986,0.3833333333333333,0.088338189908852
1532,2,15.32,88022.75137671252,0.0880227513767125,167.38731126434126,0.3638888888888889,0.0882040384813522
1533,2,15.33,84491.6720851173,0.0844916720851173,163.99553202722277,0.3777777777777777,0.0882040384813522
1534,2,15.34,82913.4323304038,0.0829134323304038,162.4566563985553,0.3722222222222222,0.0880227513767125
1535,2,15.35,86462.63115834475,0.0864626311583447,165.89728835386,0.3861111111111111,0.0864626311583447
1536,2,15.36,86004.33066540546,0.0860043306654054,165.45702978543494,0.3861111111111111,0.0864626311583447
1537,2,15.37,85105.24741927191,0.0851052474192719,164.58991955667204,0.3972222222222222,0.0861294595364635
1538,2,15.38,89244.08502052505,0.089244085020525,168.54457732439766,0.4055555555555555,0.0861294595364635
1539,2,15.39,85831.29083815432,0.0858312908381543,165.29049705806057,0.3916666666666666,0.0860702466992641
1540,2,15.4,88204.03848135225,0.0882040384813522,167.559593726978,0.3916666666666666,0.0860702466992641
1541,2,15.41,89609.84929965579,0.0896098492996557,168.8896116743717,0.3888888888888889,0.0860702466992641
1542,2,15.42,88387.37893578559,0.0883873789357855,167.7336475759515,0.4055555555555555,0.0860043306654054
1543,2,15.43,86070.24669926411,0.0860702466992641,165.52042300167534,0.3888888888888889,0.0858312908381543
1544,2,15.44,83520.74152572356,0.0835207415257235,163.05053734667314,0.3833333333333333,0.0858312908381543
1545,2,15.45,88491.34932344903,0.088491349323449,167.83227142417252,0.4111111111111111,0.0856440186056514
1546,2,15.46,82298.48624528684,0.0822984862452868,161.85308705686003,0.375,0.0856440186056514
1547,2,15.47,85602.96536644512,0.0856029653664451,165.07050058319967,0.4,0.0856440186056514
1548,2,15.48,88460.30107168602,0.088460301071686,167.80282585794623,0.4055555555555555,0.0856029653664451
1549,2,15.49,83786.0926545806,0.0837860926545806,163.3093433232284,0.4027777777777778,0.0856029653664451
1550,2,15.5,81342.34858701126,0.0813423485870112,160.91014175823034,0.4138888888888888,0.0856440186056514
1551,2,15.51,83590.69545321209,0.083590695453212,163.11880564709836,0.3916666666666666,0.0856440186056514
1552,2,15.52,82973.06087165388,0.0829730608716538,162.51506257075644,0.3972222222222222,0.0856440186056514
1553,2,15.53,83108.99623775299,0.0831089962377529,162.64813289210622,0.4027777777777778,0.0858312908381543
1554,2,15.54,84361.82003851268,0.0843618200385126,163.86946431448536,0.4,0.0858312908381543
1555,2,15.55,88447.28070358466,0.0884472807035846,167.79047605279575,0.4027777777777778,0.0860702466992641
1556,2,15.56,87644.02730358833,0.0876440273035883,167.0268252577838,0.3805555555555555,0.0860702466992641
1557,2,15.57,82446.5178381295,0.0824465178381295,161.99858551637067,0.3861111111111111,0.0860702466992641
1558,2,15.58,85018.79841066281,0.0850187984106628,164.5063039691207,0.4138888888888888,0.0856440186056514
1559,2,15.59,88806.85861733256,0.0888068586173325,168.1312019192842,0.3972222222222222,0.0856440186056514
1560,2,15.6,85644.01860565146,0.0856440186056514,165.11007787136245,0.3916666666666666,0.086075874971808
1561,2,15.61,86075.87497180807,0.086075874971808,165.52583473719872,0.3916666666666666,0.086075874971808
1562,2,15.62,84664.624892132,0.0846646248921319,164.16329404957693,0.4277777777777777,0.0863637678485118
1563,2,15.63,82771.48021734715,0.0827714802173471,162.31752969795852,0.4,0.0864870775097767
1564,2,15.64,84867.16963595129,0.0848671696359512,164.3595421859045,0.3944444444444444,0.0864870775097767
1565,2,15.65,86363.76784851182,0.0863637678485118,165.80241588789687,0.3972222222222222,0.0866711864142029
1566,2,15.66,86748.23240665639,0.0867482324066563,166.1710563967378,0.4,0.0866711864142029
1567,2,15.67,88228.54923480097,0.0882285492348009,167.5828734241374,0.3972222222222222,0.0867482324066563
1568,2,15.68,87622.40840344748,0.0876224084034474,167.0062239739914,0.4222222222222222,0.0867482324066563
1569,2,15.69,86671.18641420294,0.0866711864142029,166.09724706604575,0.3916666666666666,0.0867482324066563
1570,2,15.7,87322.49845078745,0.0873224984507874,166.7201683754979,0.4,0.0867482324066563
1571,2,15.71,89010.45400227672,0.0890104540022767,168.32381733620537,0.3972222222222222,0.0867482324066563
1572,2,15.72,86487.07750977675,0.0864870775097767,165.9207395068673,0.4027777777777778,0.0867482324066563
1573,2,15.73,84304.26475121315,0.0843042647512131,163.81355535414892,0.3916666666666666,0.0867482324066563
1574,2,15.74,88373.88681286162,0.0883738868128616,167.7208450164176,0.3722222222222222,0.0867482324066563
1575,2,15.75,90101.54095727742,0.0901015409572774,169.35232873242438,0.3888888888888889,0.0867482324066563
1576,2,15.76,90819.98032951503,0.090819980329515,170.02616740343834,0.3888888888888889,0.0867482324066563
1577,2,15.77,91540.5200059408,0.0915405200059408,170.69930434625687,0.3833333333333333,0.0873224984507874
1578,2,15.78,87728.56992700018,0.0877285699270001,167.10736401646142,0.3888888888888889,0.0876224084034474
1579,2,15.79,91682.54721003793,0.0916825472100379,170.8316749536431,0.3972222222222222,0.0876224084034474
1580,2,15.8,91184.8206153723,0.0911848206153723,170.36733804273788,0.3666666666666666,0.0876224084034474
1581,2,15.81,83951.33971646227,0.0839513397164622,163.4703073653557,0.3777777777777777,0.0876224084034474
1582,2,15.82,87814.00928821144,0.0878140092882114,167.18871762733548,0.3833333333333333,0.0877285699270001
1583,2,15.83,86350.5659991813,0.0863505659991813,165.7897428525218,0.3722222222222222,0.0876224084034474
1584,2,15.84,84916.20254607941,0.0849162025460794,164.40701556686156,0.3666666666666666,0.0877285699270001
1585,2,15.85,84414.96996512185,0.0844149699651218,163.9210769907459,0.4027777777777778,0.0878140092882114
1586,2,15.86,90473.2230380326,0.0904732230380326,169.7012708494455,0.3861111111111111,0.087883169595968
1587,2,15.87,89295.1690953121,0.0892951690953121,168.59280859956968,0.4,0.087883169595968
1588,2,15.88,86528.40757760603,0.086528407577606,165.9603795117751,0.4,0.087943758650906
1589,2,15.89,80862.82136557378,0.0808628213655737,160.43514410931286,0.3916666666666666,0.087943758650906
1590,2,15.9,88676.12516682847,0.0886761251668284,168.00740254248544,0.4222222222222222,0.087883169595968
1591,2,15.91,86223.58203212498,0.0862235820321249,165.66779585364333,0.3944444444444444,0.087883169595968
1592,2,15.92,87883.16959596805,0.087883169595968,167.25454167694028,0.3944444444444444,0.0878140092882114
1593,2,15.93,88970.20919487491,0.0889702091948749,168.28576042722295,0.3777777777777777,0.0877285699270001
1594,2,15.94,83302.0382604747,0.0833020382604746,162.83691939351309,0.3722222222222222,0.086528407577606
1595,2,15.95,85768.80721022851,0.0857688072102285,165.23032185772476,0.3972222222222222,0.0863505659991813
1596,2,15.96,83935.85406817708,0.083935854068177,163.45522981899572,0.3916666666666666,0.0863505659991813
1597,2,15.97,89914.42936330847,0.0899144293633084,169.1763924929102,0.3777777777777777,0.086528407577606
1598,2,15.98,84614.7207031374,0.0846147207031374,164.1149052234102,0.3861111111111111,0.0863505659991813
1599,2,15.99,87943.75865090602,0.087943758650906,167.31218666536114,0.3694444444444444,0.086528407577606
1600,2,16.0,89980.025324986,0.089980025324986,169.23809151609717,0.3944444444444444,0.0867433905385239
1601,2,16.01,89470.28854809214,0.0894702885480921,168.75804385146836,0.3805555555555555,0.087883169595968
1602,2,16.02,92751.98617139529,0.0927519861713952,171.8251266885532,0.4,0.0867433905385239
1603,2,16.03,89571.03539239785,0.0895710353923978,168.85303100956892,0.3972222222222222,0.0867433905385239
1604,2,16.04,83796.26575924332,0.0837962657592433,163.3192573349861,0.3944444444444444,0.0867433905385239
1605,2,16.05,86183.87140142635,0.0861838714014263,165.62964196262234,0.3944444444444444,0.087883169595968
1606,2,16.06,89299.76937180645,0.0892997693718064,168.59715129556156,0.4,0.0867433905385239
1607,2,16.07,86087.62009456627,0.0860876200945662,165.53712741900168,0.3833333333333333,0.0867433905385239
1608,2,16.08,82780.00141994876,0.0827800014199487,162.3258846588489,0.3805555555555555,0.0863776872879941
1609,2,16.09,84120.67517003488,0.0841206751700348,163.63508957151404,0.3972222222222222,0.0863776872879941
1610,2,16.1,84815.18475528188,0.0848151847552818,164.3091957442156,0.3805555555555555,0.0867433905385239
1611,2,16.11,90629.08948419962,0.0906290894841996,169.8473878476091,0.3833333333333333,0.0872079982521788
1612,2,16.12,88377.31248851599,0.0883773124885159,167.72409570317802,0.3888888888888889,0.0872079982521788
1613,2,16.13,83091.07217598041,0.0830910721759804,162.63059283918713,0.3916666666666666,0.0872079982521788
1614,2,16.14,88816.50073576474,0.0888165007357647,168.14032901253594,0.3972222222222222,0.087400767160779
1615,2,16.15,86743.39053852396,0.0867433905385239,166.1664188983853,0.4166666666666667,0.0872079982521788
1616,2,16.16,89308.7566533553,0.0893087566533553,168.60563503496965,0.4111111111111111,0.0872079982521788
1617,2,16.17,84780.42960464476,0.0847804296046447,164.27552738636194,0.4027777777777778,0.0867433905385239
1618,2,16.18,95080.19836870904,0.095080198368709,173.96829343612018,0.3916666666666666,0.0867102911119442
1619,2,16.19,86377.6872879941,0.0863776872879941,165.81577672061383,0.3805555555555555,0.0863776872879941
1620,2,16.2,90625.95903459244,0.0906259590345924,169.84445444464174,0.3805555555555555,0.0863776872879941
1621,2,16.21,84748.9748827248,0.0847489748827248,164.24505030323763,0.4027777777777778,0.0863776872879941
1622,2,16.22,86201.75333739855,0.0862017533373985,165.64682397701,0.3944444444444444,0.0862017533373985
1623,2,16.23,85025.94141365899,0.0850259414136589,164.51321446635052,0.3638888888888889,0.0863776872879941
1624,2,16.24,91060.30722705652,0.0910603072270565,170.25097952524493,0.3722222222222222,0.0865589632644398
1625,2,16.25,87207.99825217885,0.0872079982521788,166.61082797335612,0.3888888888888889,0.0865589632644398
1626,2,16.26,90661.66237450378,0.0906616623745037,169.87790742666203,0.4055555555555555,0.0867102911119442
1627,2,16.27,84726.52862733483,0.0847265286273348,164.22329823784028,0.3861111111111111,0.0867102911119442
1628,2,16.28,89389.51917593957,0.0893895191759395,168.6818534250709,0.3722222222222222,0.0865589632644398
1629,2,16.29,87400.76716077905,0.087400767160779,166.7948687679677,0.3805555555555555,0.0867102911119442
1630,2,16.3,86710.29111194426,0.0867102911119442,166.1347130939417,0.3638888888888889,0.0867102911119442
1631,2,16.31,89224.4599385529,0.0892244599385529,168.5260445386735,0.3638888888888889,0.0867102911119442
1632,2,16.32,84831.46743873219,0.0848314674387321,164.3249668955597,0.3805555555555555,0.0867102911119442
1633,2,16.33,84748.83620802464,0.0847488362080246,164.24491592614075,0.3944444444444444,0.0867420654893322
1634,2,16.34,83925.03296515731,0.0839250329651573,163.444693064994,0.3833333333333333,0.0867102911119442
1635,2,16.35,81420.13430884996,0.0814201343088499,160.9870606133269,0.4138888888888888,0.0867102911119442
1636,2,16.36,85344.36440642024,0.0853443644064202,164.82097839970368,0.3944444444444444,0.0867102911119442
1637,2,16.37,82881.24502100838,0.0828812450210083,162.42512019206893,0.4,0.0867102911119442
1638,2,16.38,86558.96326443982,0.0865589632644398,165.9896796336771,0.3972222222222222,0.0867420654893322
1639,2,16.39,90087.56450157592,0.0900875645015759,169.3391933459928,0.3861111111111111,0.0867632277516502
1640,2,16.4,85262.96719800147,0.0852629671980014,164.7423606255784,0.4055555555555555,0.0867632277516502
1641,2,16.41,91081.92516445254,0.0910819251644525,170.2711873233326,0.3888888888888889,0.0867632277516502
1642,2,16.42,86742.06548933222,0.0867420654893322,166.16514975546545,0.3805555555555555,0.0867420654893322
1643,2,16.43,84212.40499757022,0.0842124049975702,163.72428362964322,0.3805555555555555,0.0867632277516502
1644,2,16.44,87637.38458413511,0.0876373845841351,167.02049548609637,0.35,0.0867632277516502
1645,2,16.45,90096.3676433039,0.0900963676433039,169.34746685472751,0.3722222222222222,0.0867632277516502
1646,2,16.46,87381.10744482228,0.0873811074448222,166.77610849691558,0.3666666666666666,0.0872143433201746
1647,2,16.47,87433.18956696571,0.0874331895669657,166.82580321924615,0.3833333333333333,0.0872143433201746
1648,2,16.48,90516.19737829562,0.0905161973782956,169.74156970310725,0.3611111111111111,0.0873737249526269
1649,2,16.49,86301.85600179751,0.0863018560017975,165.74297560193028,0.3611111111111111,0.0873811074448222
1650,2,16.5,86677.74468258732,0.0866777446825873,166.10353110208715,0.3611111111111111,0.0874331895669657
1651,2,16.51,90586.81720783788,0.0905868172078378,169.80777212830608,0.3916666666666666,0.0874331895669657
1652,2,16.52,86616.56969860877,0.0866165696986087,166.0449048974238,0.3888888888888889,0.0874331895669657
1653,2,16.53,89376.9673982124,0.0893769673982124,168.67001013807214,0.4083333333333333,0.0876373845841351
1654,2,16.54,86763.22775165027,0.0867632277516502,166.1854179841484,0.375,0.0878741048606111
1655,2,16.55,87373.72495262696,0.0873737249526269,166.76906321354846,0.3861111111111111,0.0878741048606111
1656,2,16.56,88842.38405769423,0.0888423840576942,168.16482735013665,0.3638888888888889,0.0878741048606111
1657,2,16.57,84626.35712104685,0.0846263571210468,164.12618957177202,0.3888888888888889,0.0876373845841351
1658,2,16.58,89376.24017461813,0.0893762401746181,168.66932393745412,0.3805555555555555,0.0878741048606111
1659,2,16.59,87214.34332017462,0.0872143433201746,166.61688898739774,0.3638888888888889,0.0878741048606111
1660,2,16.6,89828.6356155151,0.0898286356155151,169.0956616203379,0.3805555555555555,0.0878856628701862
1661,2,16.61,88720.7172542866,0.0887207172542866,168.0496397239704,0.3805555555555555,0.0878741048606111
1662,2,16.62,93398.59278591738,0.0933985927859173,172.4230130794946,0.375,0.0878856628701862
1663,2,16.63,91550.88914506193,0.0915508891450619,170.70897194872185,0.3694444444444444,0.0878993526658261
1664,2,16.64,87874.10486061111,0.0878741048606111,167.24591569507342,0.3777777777777777,0.0878993526658261
1665,2,16.65,87885.66287018622,0.0878856628701862,167.25691419309388,0.3638888888888889,0.0878993526658261
1666,2,16.66,86062.03055174835,0.0860620305517483,165.51252263702867,0.3694444444444444,0.0878993526658261
1667,2,16.67,86989.80658731044,0.0869898065873104,166.40226991828192,0.3666666666666666,0.0878993526658261
1668,2,16.68,87899.35266582618,0.0878993526658261,167.26994034400806,0.3944444444444444,0.0884726577733342
1669,2,16.69,89328.30643777779,0.0893283064377778,168.6240880040566,0.3888888888888889,0.0878993526658261
1670,2,16.7,89201.86435293805,0.089201864352938,168.50470405767803,0.3805555555555555,0.0884726577733342
1671,2,16.71,86200.67140903241,0.0862006714090324,165.64578444734244,0.3638888888888889,0.0887207172542866
1672,2,16.72,87526.82661690234,0.0875268266169023,166.9151108152122,0.3972222222222222,0.0884726577733342
1673,2,16.73,89247.23548455031,0.0892472354845503,168.54755224952146,0.3527777777777778,0.0887207172542866
1674,2,16.74,86130.25247348152,0.0861302524734815,165.57811105884454,0.3638888888888889,0.0887207172542866
1675,2,16.75,90731.50688747148,0.0907315068874714,169.9433306447619,0.3666666666666666,0.0887207172542866
1676,2,16.76,85313.98414254522,0.0853139841425452,164.79163990415077,0.3694444444444444,0.0887207172542866
1677,2,16.77,88894.60240863019,0.0888946024086301,168.2142407022794,0.375,0.0884726577733342
1678,2,16.78,90153.27408992304,0.090153274089923,169.40093982814705,0.3555555555555555,0.0878993526658261
1679,2,16.79,91915.38594857302,0.091915385948573,171.0484610858264,0.3527777777777778,0.0878993526658261
1680,2,16.8,84426.25248233683,0.0844262524823368,163.9320310939159,0.3694444444444444,0.0878993526658261
1681,2,16.81,86487.58325462499,0.086487583254625,165.92122462810718,0.35,0.0878993526658261
1682,2,16.82,88472.65777333423,0.0884726577733342,167.81454533563974,0.3722222222222222,0.0878993526658261
1683,2,16.83,91240.40251865702,0.091240402518657,170.41925402100836,0.3361111111111111,0.0878993526658261
1684,2,16.84,85546.4257423711,0.085546425742371,165.01597813994934,0.3527777777777778,0.0878959192062353
1685,2,16.85,92674.94561470156,0.0926749456147015,171.75375218813892,0.3472222222222222,0.0878959192062353
1686,2,16.86,89096.11503963722,0.0890961150396372,168.4047927990318,0.3638888888888889,0.0877958265781203
1687,2,16.87,87895.91920623538,0.0878959192062353,167.2666734246737,0.3583333333333333,0.0877958265781203
1688,2,16.88,92580.97900265265,0.0925809790026526,171.66665631134742,0.3555555555555555,0.0877958265781203
1689,2,16.89,90789.86805474616,0.0907898680547461,169.99797812664605,0.3611111111111111,0.0870999669606265
1690,2,16.9,87099.96696062652,0.0870999669606265,166.50759913544175,0.3833333333333333,0.0870999669606265
1691,2,16.91,90743.54847117532,0.0907435484711753,169.95460742731603,0.3888888888888889,0.0865476268138682
1692,2,16.92,84047.20520687582,0.0840472052068758,163.56361552456076,0.3638888888888889,0.0865476268138682
1693,2,16.93,82229.43534111834,0.0822294353411183,161.78517300540477,0.3638888888888889,0.0865476268138682
1694,2,16.94,88190.2312759608,0.0881902312759608,167.54647856631678,0.3722222222222222,0.086487583254625
1695,2,16.95,85837.2986149147,0.0858372986149147,165.29628172598908,0.3527777777777778,0.0858372986149147
1696,2,16.96,85530.28597058433,0.0855302859705843,165.00041088604524,0.375,0.086487583254625
1697,2,16.97,84821.35647067595,0.0848213564706759,164.31517374891342,0.3638888888888889,0.0865476268138682
1698,2,16.98,83495.44588433881,0.0834954458843388,163.02584419750366,0.3638888888888889,0.0865476268138682
1699,2,16.99,85326.95100957942,0.0853269510095794,164.8041627637758,0.3638888888888889,0.0858372986149147
1700,2,17.0,90352.32843517124,0.0903523284351712,169.58785151254153,0.3555555555555555,0.0858372986149147
1701,2,17.01,87795.82657812037,0.0877958265781203,167.1714077391625,0.3666666666666666,0.0855302859705843
1702,2,17.02,80498.2913446511,0.0804982913446511,160.0731144068407,0.3583333333333333,0.0855302859705843
1703,2,17.03,77929.38988221153,0.0779293898822115,157.49823879580052,0.3472222222222222,0.0855302859705843
1704,2,17.04,83877.13045425856,0.0838771304542585,163.39804113978232,0.35,0.0855302859705843
1705,2,17.05,79899.86319133484,0.0798998631913348,159.4770088712923,0.3444444444444444,0.0855302859705843
1706,2,17.06,86547.62681386819,0.0865476268138682,165.97880961315386,0.3361111111111111,0.0855302859705843
1707,2,17.07,80851.26794798515,0.0808512679479851,160.42368247343757,0.3472222222222222,0.0853269510095794
1708,2,17.08,86604.05953634645,0.0866040595363464,166.03291340595294,0.3388888888888889,0.0853269510095794
1709,2,17.09,83231.71535040344,0.0832317153504034,162.76817207325448,0.3416666666666667,0.0855302859705843
1710,2,17.1,81606.72338850673,0.0816067233885067,161.17142064779244,0.3361111111111111,0.0853269510095794
1711,2,17.11,87237.90169328095,0.0872379016932809,166.63939077811395,0.3305555555555555,0.0853269510095794
1712,2,17.12,87586.85774433702,0.087586857744337,166.97234118199273,0.3388888888888889,0.0849955209062275
1713,2,17.13,91810.43339001868,0.0918104333900186,170.95077830434508,0.3305555555555555,0.0849955209062275
1714,2,17.14,82933.3725241888,0.0829333725241888,162.47619016031996,0.3305555555555555,0.0849955209062275
1715,2,17.15,83990.04677026616,0.0839900467702661,163.50798826973156,0.3388888888888889,0.0849955209062275
1716,2,17.16,84995.5209062275,0.0849955209062275,164.48378213609166,0.3305555555555555,0.084691462791015
1717,2,17.17,87292.74811062499,0.0872927481106249,166.69176559075544,0.3416666666666667,0.084691462791015
1718,2,17.18,86001.74551540015,0.0860017455154001,165.45454308242594,0.3611111111111111,0.0849458202923208
1719,2,17.19,88504.8188497593,0.0885048188497592,167.8450440578568,0.325,0.0849458202923208
1720,2,17.2,86367.33104417502,0.086367331044175,165.8058361900121,0.3333333333333333,0.0849955209062275
1721,2,17.21,89930.80168357767,0.0899308016835776,169.19179427004332,0.325,0.0855348857405448
1722,2,17.22,83344.51676364291,0.0833445167636429,162.87843210529198,0.3388888888888889,0.0849955209062275
1723,2,17.23,81699.28872454575,0.0816992887245457,161.26280195757113,0.3583333333333333,0.0849955209062275
1724,2,17.24,89134.85602867429,0.0891348560286742,168.44140191026634,0.3611111111111111,0.0849955209062275
1725,2,17.25,80321.02975460699,0.0803210297546069,159.89677244820743,0.35,0.0855348857405448
1726,2,17.26,86851.30331520541,0.0868513033152054,166.2697461150913,0.3583333333333333,0.0855348857405448
1727,2,17.27,81424.05078097402,0.081424050780974,160.99093246737542,0.375,0.0855348857405448
1728,2,17.28,84691.46279101507,0.084691462791015,164.18931110686452,0.3583333333333333,0.0849955209062275
1729,2,17.29,79206.74215406373,0.0792067421540637,158.7837809099181,0.3361111111111111,0.0849458202923208
1730,2,17.3,86295.00971867326,0.0862950097186732,165.73640131781548,0.3444444444444444,0.0849458202923208
1731,2,17.31,83226.24144789354,0.0832262414478935,162.7628195958268,0.3694444444444444,0.0849458202923208
1732,2,17.32,87268.98813466604,0.087268988134666,166.66907835744496,0.3472222222222222,0.084691462791015
1733,2,17.33,84945.82029232084,0.0849458202923208,164.43568465828025,0.35,0.084691462791015
1734,2,17.34,82905.12866127206,0.082905128661272,162.44852128665875,0.3555555555555555,0.084691462791015
1735,2,17.35,88496.39742600909,0.0884963974260091,167.8370584595323,0.3305555555555555,0.084691462791015
1736,2,17.36,85534.88574054487,0.0855348857405448,165.00484764035383,0.3416666666666667,0.084691462791015
1737,2,17.37,83019.4489425586,0.0830194489425586,162.56048518612033,0.3694444444444444,0.0842349736972914
1738,2,17.38,84234.97369729145,0.0842349736972914,163.74622099541548,0.3527777777777778,0.084691462791015
1739,2,17.39,89474.9223615319,0.0894749223615319,168.76241392325105,0.3583333333333333,0.0849458202923208
1740,2,17.4,86735.9281734785,0.0867359281734785,166.15927125786686,0.3583333333333333,0.0849458202923208
1741,2,17.41,82983.70717707358,0.0829837071770735,162.52548842148823,0.3555555555555555,0.0852113635762221
1742,2,17.42,85618.96061376686,0.0856189606137668,165.08592189566795,0.3555555555555555,0.0849458202923208
1743,2,17.43,83502.3395360371,0.0835023395360371,163.03257402677605,0.3666666666666666,0.0852113635762221
1744,2,17.44,78086.82785498642,0.0780868278549864,157.65725256699733,0.3611111111111111,0.0852113635762221
1745,2,17.45,83519.48288329811,0.0835194828832981,163.04930877103305,0.3305555555555555,0.0855348857405448
1746,2,17.46,82623.58156011048,0.0826235815601104,162.17244785257424,0.3527777777777778,0.0852113635762221
1747,2,17.47,80378.6780182914,0.0803786780182913,159.95414296480692,0.3611111111111111,0.0855348857405448
1748,2,17.48,91512.8956403822,0.0915128956403822,170.67354626783606,0.3555555555555555,0.0855348857405448
1749,2,17.49,86745.58779572924,0.0867455877957292,166.1685234278881,0.3611111111111111,0.0856189606137668
1750,2,17.5,88452.59991708171,0.0884525999170817,167.7955214308971,0.3416666666666667,0.0857022155728854
1751,2,17.51,87265.4656513105,0.0872654656513105,166.66571464834675,0.35,0.0857022155728854
1752,2,17.52,80455.65020415305,0.080455650204153,160.03071223776652,0.3527777777777778,0.085726448372712
1753,2,17.53,86294.81449703254,0.0862948144970325,165.73621384839754,0.3305555555555555,0.0862948144970325
1754,2,17.54,87344.49165785481,0.0873444916578548,166.7411622797227,0.3472222222222222,0.0863775518916347
1755,2,17.55,88110.25170104884,0.0881102517010488,167.4704875211928,0.3388888888888889,0.0862948144970325
1756,2,17.56,85211.3635762221,0.0852113635762221,164.69249965166253,0.3472222222222222,0.0859766688884243
1757,2,17.57,84850.39597960527,0.0848503959796052,164.34329888047677,0.3388888888888889,0.0859766688884243
1758,2,17.58,87680.33803238448,0.0876803380323844,167.06142109908137,0.3222222222222222,0.0859766688884243
1759,2,17.59,84063.66222612052,0.0840636622261205,163.57962817963931,0.3166666666666666,0.0862948144970325
1760,2,17.6,85702.21557288541,0.0857022155728854,165.16616628324292,0.3111111111111111,0.0862948144970325
1761,2,17.61,84757.12202250515,0.0847571220225051,164.25294476583753,0.3277777777777778,0.0863775518916347
1762,2,17.62,87449.0061066114,0.0874490061066114,166.84089181217263,0.3444444444444444,0.0863946454058078
1763,2,17.63,88468.02603885272,0.0884680260388527,167.81015255142296,0.3361111111111111,0.0863946454058078
1764,2,17.64,87160.70324862373,0.0871607032486237,166.56564330848235,0.35,0.0863775518916347
1765,2,17.65,90196.99280269578,0.0901969928026957,169.4420092926966,0.3388888888888889,0.0862948144970325
1766,2,17.66,88308.9136749216,0.0883089136749216,167.65917887452062,0.3277777777777778,0.0862948144970325
1767,2,17.67,85726.44837271202,0.085726448372712,165.18951547982266,0.3472222222222222,0.0862948144970325
1768,2,17.68,86377.55189163478,0.0863775518916347,165.81564676308668,0.3416666666666667,0.0862948144970325
1769,2,17.69,86394.64540580788,0.0863946454058078,165.8320528306023,0.3333333333333333,0.0863775518916347
1770,2,17.7,83965.13070954522,0.0839651307095452,163.48373374608997,0.3333333333333333,0.0863775518916347
1771,2,17.71,85976.66888842432,0.0859766688884243,165.43041947699885,0.3388888888888889,0.0863775518916347
1772,2,17.72,85083.5702986507,0.0850835702986507,164.568956908264,0.3333333333333333,0.0863946454058078
1773,2,17.73,83138.29126929694,0.0831382912692969,162.6767962293478,0.3277777777777778,0.0864209650372464
1774,2,17.74,90967.36866947103,0.090967368669471,170.16407601964127,0.3222222222222222,0.0864209650372464
1775,2,17.75,86275.97748252194,0.0862759774825219,165.71812385148718,0.325,0.0864209650372464
1776,2,17.76,92580.71755666305,0.092580717556663,171.66641392035623,0.3166666666666666,0.0864760503310321
1777,2,17.77,87482.18625687959,0.0874821862568795,166.87254043292,0.3194444444444444,0.0864760503310321
1778,2,17.78,83893.65098675438,0.0838936509867543,163.41413187707005,0.3222222222222222,0.0864209650372464
1779,2,17.79,86038.40930157636,0.0860384093015763,165.48980715506067,0.3166666666666666,0.0863946454058078
1780,2,17.8,81912.91276947717,0.0819129127694771,161.4734960934303,0.325,0.0863946454058078
1781,2,17.81,98800.86802890642,0.0988008680289064,177.33948533008922,0.3305555555555555,0.0863946454058078
1782,2,17.82,89949.49148456013,0.0899494914845601,169.20937443516596,0.3333333333333333,0.0863775518916347
1783,2,17.83,77631.51726684957,0.0776315172668495,157.1969447078596,0.3611111111111111,0.0863775518916347
1784,2,17.84,87420.00762169831,0.0874200076216983,166.8132269223544,0.3416666666666667,0.0863395663555023
1785,2,17.85,86476.05033103211,0.0864760503310321,165.91016164929314,0.3527777777777778,0.0863012900981781
1786,2,17.86,103821.12362602596,0.1038211236260259,181.78913621246343,0.3555555555555555,0.0863012900981781
1787,2,17.87,89334.46208315525,0.0893344620831552,168.62989787691657,0.3694444444444444,0.0863012900981781
1788,2,17.88,86420.96503724645,0.0864209650372464,165.8573107972611,0.3805555555555555,0.0863395663555023
1789,2,17.89,87942.8734157532,0.0879428734157532,167.31134458740064,0.35,0.0863395663555023
1790,2,17.9,84570.85289153813,0.0845708528915381,164.07235769126868,0.3722222222222222,0.0863395663555023
1791,2,17.91,89137.78148641228,0.0891377814864122,168.444166059901,0.35,0.0864209650372464
1792,2,17.92,81429.68371076419,0.0814296837107641,160.99650106122004,0.3722222222222222,0.0864209650372464
1793,2,17.93,83814.29493870876,0.0838142949387087,163.33682586151554,0.375,0.0864209650372464
1794,2,17.94,84407.44685994266,0.0844074468599426,163.91377246300175,0.3722222222222222,0.0864760503310321
1795,2,17.95,86511.38727242251,0.0865113872724225,165.94405634516306,0.3722222222222222,0.0865113872724225
1796,2,17.96,90682.83859752424,0.0906828385975242,169.89774581436032,0.3611111111111111,0.0867232845420284
1797,2,17.97,86339.56635550233,0.0863395663555023,165.7791830712704,0.3305555555555555,0.0867232845420284
1798,2,17.98,86103.6815258618,0.0861036815258618,165.55256889128125,0.3611111111111111,0.0867232845420284
1799,2,17.99,85259.71961743111,0.0852597196174311,164.73922316038278,0.3833333333333333,0.0869275681604149
1800,2,18.0,86301.2900981781,0.0863012900981781,165.7424321912327,0.3611111111111111,0.0869275681604149
1801,2,18.01,83201.06805221652,0.0832010680522165,162.7382023437363,0.3333333333333333,0.0876622149869168
1802,2,18.02,85531.61020272483,0.0855316102027248,165.00168819968383,0.3527777777777778,0.0876622149869168
1803,2,18.03,90997.91396135016,0.0909979139613501,170.19264271994763,0.3694444444444444,0.0876622149869168
1804,2,18.04,85999.04628398438,0.0859990462839843,165.4519466025396,0.3694444444444444,0.0879428734157532
1805,2,18.05,89172.18638546695,0.0891721863854669,168.47667048917413,0.3805555555555555,0.0881893389704334
1806,2,18.06,86723.28454202844,0.0867232845420284,166.14716016850113,0.3611111111111111,0.0881893389704334
1807,2,18.07,86927.56816041494,0.0869275681604149,166.34273151350914,0.3583333333333333,0.0881893389704334
1808,2,18.08,89327.58998050434,0.0893275899805043,168.62341177833716,0.3305555555555555,0.0891721863854669
1809,2,18.09,94971.96724074124,0.0949719672407412,173.8692499640205,0.3222222222222222,0.0893275899805043
1810,2,18.1,95655.95480139238,0.0956559548013923,174.49422937631212,0.3444444444444444,0.0893275899805043
1811,2,18.11,87662.21498691686,0.0876622149869168,167.0441548666235,0.3333333333333333,0.0893275899805043
1812,2,18.12,93067.51114426508,0.093067511144265,172.11713708907573,0.3388888888888889,0.0893275899805043
1813,2,18.13,92045.01361856233,0.0920450136185623,171.16903285556657,0.3388888888888889,0.0893275899805043
1814,2,18.14,96850.438690125,0.096850438690125,175.580329525559,0.3111111111111111,0.0893275899805043
1815,2,18.15,91964.03516544972,0.0919640351654497,171.09372158707757,0.3138888888888889,0.0909979139613501
1816,2,18.16,94280.91374022012,0.0942809137402201,173.23552442254228,0.3055555555555556,0.0911181007189726
1817,2,18.17,93607.50605587436,0.0936075060558743,172.61574261519098,0.3055555555555556,0.0919216012364846
1818,2,18.18,96880.2357535776,0.0968802357535776,175.60733702263155,0.3,0.0919216012364846
1819,2,18.19,88189.33897043343,0.0881893389704334,167.5456309496085,0.3111111111111111,0.0919640351654497
1820,2,18.2,95377.01934101032,0.0953770193410103,174.23962858944054,0.2972222222222222,0.0920450136185623
1821,2,18.21,88079.8302502876,0.0880798302502876,167.44157411484355,0.3027777777777777,0.0920450136185623
1822,2,18.22,97986.10803047974,0.0979861080304797,176.6067577834286,0.2722222222222222,0.0923433799393445
1823,2,18.23,92343.37993934458,0.0923433799393445,171.44623284960016,0.2972222222222222,0.092423367127367
1824,2,18.24,96474.66204156724,0.0964746620415672,175.23937540995442,0.2833333333333333,0.092423367127367
1825,2,18.25,88966.8016259335,0.0889668016259335,168.2825377146624,0.2972222222222222,0.092423367127367
1826,2,18.26,87965.77064326862,0.0879657706432686,167.3331241611423,0.2972222222222222,0.092423367127367
1827,2,18.27,96228.3373435557,0.0962283373435557,175.01551676203633,0.2944444444444444,0.0927799087279839
1828,2,18.28,88428.13034986233,0.0884281303498623,167.77231031105845,0.2916666666666667,0.0927799087279839
1829,2,18.29,85520.7622359727,0.0855207622359727,164.9912242929408,0.2805555555555555,0.0927799087279839
1830,2,18.3,91118.10071897268,0.0911181007189726,170.30499778086187,0.3055555555555556,0.0927799087279839
1831,2,18.31,91921.60123648468,0.0919216012364846,171.05424410816946,0.2916666666666667,0.0927799087279839
1832,2,18.32,97302.15034861524,0.0973021503486152,175.98930763800908,0.3027777777777777,0.092423367127367
1833,2,18.33,91260.48767606112,0.0912604876760611,170.43801056467493,0.2888888888888888,0.092423367127367
1834,2,18.34,97987.88578735296,0.0979878857873529,176.60835985978298,0.2833333333333333,0.092423367127367
1835,2,18.35,93983.2317840331,0.093983231784033,172.96182183464765,0.2944444444444444,0.0925834973988914
1836,2,18.36,85947.01836517893,0.0859470183651789,165.4018912638434,0.2777777777777778,0.0925834973988914
1837,2,18.37,95794.83629649151,0.0957948362964915,174.6208562530005,0.2638888888888889,0.0925834973988914
1838,2,18.38,92423.36712736708,0.092423367127367,171.5204695394544,0.2833333333333333,0.092423367127367
1839,2,18.39,91865.37418484013,0.0918653741848401,171.0019204599989,0.2916666666666667,0.0925834973988914
1840,2,18.4,96772.01787356236,0.0967720178735623,175.50923051255563,0.2972222222222222,0.092423367127367
1841,2,18.41,92779.90872798396,0.0927799087279839,171.8509883222877,0.2888888888888888,0.0925834973988914
1842,2,18.42,96490.16101877789,0.0964901610187778,175.25345124060416,0.2916666666666667,0.0925834973988914
1843,2,18.43,97500.45818145345,0.0975004581814534,176.1685549313665,0.3,0.092423367127367
1844,2,18.44,89458.03324727534,0.0894580332472753,168.7464855372282,0.2694444444444444,0.092423367127367
1845,2,18.45,95089.21880459154,0.0950892188045915,173.976545588752,0.3055555555555556,0.092423367127367
1846,2,18.46,87771.27112010823,0.0877712711201082,167.1480281679933,0.3,0.092423367127367
1847,2,18.47,89704.71091808518,0.0897047109180851,168.97898189563557,0.2861111111111111,0.0925834973988914
1848,2,18.48,92583.49739889149,0.0925834973988914,171.66899114149422,0.2833333333333333,0.092423367127367
1849,2,18.49,96020.29809451124,0.0960202980945112,174.8262284607133,0.2805555555555555,0.0925834973988914
1850,2,18.5,96263.26009183224,0.0962632600918322,175.04727179682567,0.2805555555555555,0.0925834973988914
1851,2,18.51,93085.59032635012,0.0930855903263501,172.13385391064554,0.3,0.0925034322631292
1852,2,18.52,87533.2216783803,0.0875332216783803,166.92120844801522,0.2833333333333333,0.0925034322631292
1853,2,18.53,87499.37304256097,0.0874993730425609,166.88893155128838,0.2777777777777778,0.0923610649749842
1854,2,18.54,94482.31086311824,0.0944823108631182,173.42045328397884,0.2555555555555555,0.0922520035514457
1855,2,18.55,92298.7628226014,0.0922987628226014,171.40480941025817,0.2916666666666667,0.0922987628226014
1856,2,18.56,100205.64626001751,0.1002056462600175,178.59576662395824,0.2916666666666667,0.0922052442802901
1857,2,18.57,92205.24428029016,0.0922052442802901,171.3179523938101,0.2638888888888889,0.0922052442802901
1858,2,18.58,85026.0568478035,0.0850260568478035,164.51332614071373,0.2638888888888889,0.0922052442802901
1859,2,18.59,88255.71791049544,0.0882557179104954,167.60867377065702,0.2861111111111111,0.091929398790218
1860,2,18.6,90851.77782268087,0.0908517778226808,170.0559292066365,0.2722222222222222,0.0922333870552711
1861,2,18.61,89748.98838739978,0.0897489883873997,169.0206800326622,0.2694444444444444,0.0922052442802901
1862,2,18.62,94373.6604847874,0.0943736604847874,173.32071176769492,0.2972222222222222,0.0922052442802901
1863,2,18.63,90665.17712158398,0.0906651771215839,169.88120028538947,0.2666666666666666,0.0922333870552711
1864,2,18.64,96601.74005141896,0.0966017400514189,175.3547515208051,0.2583333333333333,0.0922052442802901
1865,2,18.65,94940.8727956166,0.0949408727956166,173.84078466735724,0.2638888888888889,0.0916535533001458
1866,2,18.66,,,,0.2305555555555555,0.0916535533001458
1867,2,18.67,87762.77180540531,0.0877627718054053,167.1399350979668,0.2777777777777778,0.0916535533001458
1868,2,18.68,87609.44593402975,0.0876094459340297,166.99387043806723,0.2555555555555555,0.0916535533001458
1869,2,18.69,90972.76270923126,0.0909727627092312,170.1691210055467,0.2611111111111111,0.0922052442802901
1870,2,18.7,,,,0.2444444444444444,0.091929398790218
1871,2,18.71,91653.55330014588,0.0916535533001458,170.80466070722258,0.2722222222222222,0.091929398790218
1872,2,18.72,93527.71196996144,0.0935277119699614,172.5421552902037,0.2638888888888889,0.0913131580046885
1873,2,18.73,93619.64585990498,0.0936196458599049,172.62693537867474,0.3,0.0913131580046885
1874,2,18.74,,,,0.2416666666666666,0.0919575415651989
1875,2,18.75,92261.52983025208,0.092261529830252,171.37023387802776,0.2611111111111111,0.0919575415651989
1876,2,18.76,,,,0.2388888888888889,0.0920182162216479
1877,2,18.77,89899.7213744819,0.0898997213744819,169.16255519075676,0.2527777777777777,0.0925463016782132
1878,2,18.78,,,,0.2361111111111111,0.0920182162216479
1879,2,18.79,,,,0.2416666666666666,0.0920182162216479
1880,2,18.8,89320.23422677205,0.089320234226772,168.61646891876646,0.2833333333333333,0.0920182162216479
1881,2,18.81,93943.79331652544,0.0939437933165254,172.92552778076683,0.2527777777777777,0.0920182162216479
1882,2,18.82,95061.51902593872,0.0950615190259387,173.95120379464126,0.2666666666666666,0.092261529830252
1883,2,18.83,90953.46775558376,0.0909534677555837,170.15107395870572,0.2555555555555555,0.0924593037668514
1884,2,18.84,98364.60171024024,0.0983646017102402,176.9475209628563,0.2583333333333333,0.0924593037668514
1885,2,18.85,,,,0.2388888888888889,0.0928310735261743
1886,2,18.86,94899.33945536248,0.0948993394553624,173.80275584970838,0.275,0.0926451886465128
1887,2,18.87,89915.41692895537,0.0899154169289553,169.17732155588664,0.2805555555555555,0.0926451886465128
1888,2,18.88,95351.21682979766,0.0953512168297976,174.21605832006085,0.2805555555555555,0.0926451886465128
1889,2,18.89,93133.96643358556,0.0931339664335855,172.1785766444815,0.2833333333333333,0.0926451886465128
1890,2,18.9,91435.62008925616,0.0914356200892561,170.60147075495993,0.2916666666666667,0.0924593037668514
1891,2,18.91,91774.90261304376,0.0917749026130437,170.91769599806346,0.2916666666666667,0.0924593037668514
1892,2,18.92,92831.07352617438,0.0928310735261743,171.89836662526977,0.2722222222222222,0.0921171031899475
1893,2,18.93,90193.1654946054,0.0901931654946054,169.43841430780577,0.2555555555555555,0.0921171031899475
1894,2,18.94,90980.0318516064,0.0909800318516063,170.17591951766406,0.2861111111111111,0.0922604523900499
1895,2,18.95,92459.30376685142,0.0924593037668514,171.55381213677242,0.2666666666666666,0.0920176775015468
1896,2,18.96,97134.97904301978,0.0971349790430197,175.83806221534778,0.2777777777777778,0.0920176775015468
1897,2,18.97,98531.8460470578,0.0985318460470578,177.09788451790652,0.2694444444444444,0.0917245939235938
1898,2,18.98,95757.0447166621,0.0957570447166621,174.5864084201771,0.2527777777777777,0.0915549526617
1899,2,18.99,91674.28523414386,0.0916742852341438,170.82397752909478,0.2722222222222222,0.0915549526617
1900,2,19.0,96777.56170064153,0.0967775617006415,175.51425768317506,0.2583333333333333,0.0912078259704312
1901,2,19.01,87955.48545710999,0.0879554854571099,167.32334136363863,0.275,0.091357067844865
1902,2,19.02,90401.1371696412,0.0904011371696412,169.63365138837796,0.2833333333333333,0.091357067844865
1903,2,19.03,96058.92759645444,0.0960589275964544,174.8613917083025,0.2527777777777777,0.091357067844865
1904,2,19.04,94040.07067789097,0.0940400706778909,173.01411559232702,0.2861111111111111,0.091357067844865
1905,2,19.05,87969.14934626751,0.0879691493462675,167.3363377037256,0.2666666666666666,0.0909800318516063
1906,2,19.06,80450.2061446468,0.0804502061446468,160.02529787931977,0.2805555555555555,0.0909800318516063
1907,2,19.07,88926.73068586996,0.0889267306858699,168.24463594217758,0.275,0.0907276316228846
1908,2,19.08,88865.78844991294,0.0888657884499129,168.18697633028728,0.2888888888888888,0.0904011371696412
1909,2,19.09,92260.45239004998,0.0922604523900499,171.36923323497086,0.2944444444444444,0.0904011371696412
1910,2,19.1,87790.64534740779,0.0877906453474077,167.1664748941453,0.3027777777777777,0.0889267306858699
1911,2,19.11,78461.14833508623,0.0784611483350862,158.03467719583196,0.2972222222222222,0.0888657884499129
1912,2,19.12,90727.63162288464,0.0907276316228846,169.93970135199513,0.3083333333333333,0.0888657884499129
1913,2,19.13,87244.64506553116,0.0872446450655311,166.64583115384087,0.2777777777777778,0.0888657884499129
1914,2,19.14,88744.66891604436,0.0887446689160443,168.07232211784387,0.2972222222222222,0.0888657884499129
1915,2,19.15,87998.67620052987,0.0879986762005298,167.36441857729176,0.2888888888888888,0.088778166691106
1916,2,19.16,91357.06784486506,0.091357067844865,170.52817323769065,0.3,0.088778166691106
1917,2,19.17,91495.20888781756,0.0914952088878175,170.6570523812109,0.3027777777777777,0.0888657884499129
1918,2,19.18,85051.09156954261,0.0850510915695426,164.53754367106694,0.2722222222222222,0.088778166691106
1919,2,19.19,92514.54300202528,0.0925145430020252,171.6050513630647,0.2861111111111111,0.088778166691106
1920,2,19.2,86272.60412979896,0.0862726041297989,165.7148840669888,0.2777777777777778,0.088778166691106
1921,2,19.21,91392.61222981905,0.091392612229819,170.56134379428713,0.275,0.088778166691106
1922,2,19.22,87853.81317477039,0.0878538131747703,167.22660455942162,0.2777777777777778,0.088778166691106
1923,2,19.23,86280.92894469167,0.0862809289446916,165.72287914532663,0.3083333333333333,0.088778166691106
1924,2,19.24,85022.44025286408,0.085022440252864,164.50982730511058,0.3055555555555556,0.088778166691106
1925,2,19.25,88778.16669110602,0.088778166691106,168.1040396155058,0.3,0.088778166691106
1926,2,19.26,88142.5756214615,0.0881425756214615,167.50120361959662,0.2805555555555555,0.0893583849261597
1927,2,19.27,90392.96309503829,0.0903929630950382,169.62598207408325,0.2972222222222222,0.0902900288173551
1928,2,19.28,89358.3849261597,0.0893583849261597,168.6524750349465,0.2972222222222222,0.0902900288173551
1929,2,19.29,90846.36269432936,0.0908463626943293,170.05086112526257,0.2861111111111111,0.0902900288173551
1930,2,19.3,88699.13253768596,0.0886991325376859,168.02919622098946,0.2805555555555555,0.0903929630950382
1931,2,19.31,92402.52533133226,0.0924025253313322,171.5011292129332,0.2888888888888888,0.0906989916079468
1932,2,19.32,91838.4687550615,0.0918384687550615,170.97687719898633,0.275,0.0903929630950382
1933,2,19.33,88764.34971072963,0.0887643497107296,168.09095767946752,0.2888888888888888,0.0902900288173551
1934,2,19.34,90290.02881735517,0.0902900288173551,169.5293744351801,0.2722222222222222,0.0903929630950382
1935,2,19.35,98399.09630972234,0.0983990963097223,176.97854431239844,0.2666666666666666,0.0903929630950382
1936,2,19.36,88541.76090396963,0.0885417609039696,167.88006979941062,0.3027777777777777,0.0903929630950382
1937,2,19.37,82691.18243067164,0.0826911824306716,162.2387773249976,0.3083333333333333,0.0902900288173551
1938,2,19.38,94823.54174914132,0.0948235417491413,173.73333238533442,0.2777777777777778,0.0902900288173551
1939,2,19.39,91395.30774532144,0.0913953077453214,170.56385902689289,0.2722222222222222,0.0903929630950382
1940,2,19.4,94685.0401452754,0.0946850401452753,173.60640642542617,0.2861111111111111,0.0906989916079468
1941,2,19.41,96347.57513984691,0.0963475751398469,175.12391520534507,0.2944444444444444,0.0906989916079468
1942,2,19.42,90698.9916079468,0.0906989916079468,169.91287678016084,0.2944444444444444,0.0908463626943293
1943,2,19.43,92234.08671666264,0.0922340867166626,171.34474501730935,0.3027777777777777,0.0913703143082335
1944,2,19.44,86574.19333712997,0.0865741933371299,166.00428195560295,0.2916666666666667,0.0913953077453214
1945,2,19.45,91370.3143082335,0.0913703143082335,170.5405357914387,0.3027777777777777,0.0914207253455896
1946,2,19.46,93664.65993279452,0.0936646599327945,172.6684315173196,0.2916666666666667,0.0914207253455896
1947,2,19.47,89515.17053382788,0.0895151705338278,168.8003665409094,0.275,0.0913953077453214
1948,2,19.48,85252.80139800106,0.085252801398001,164.7325393170609,0.2777777777777778,0.0913953077453214
1949,2,19.49,92570.66667857002,0.09257066667857,171.6570953220788,0.2944444444444444,0.0913953077453214
1950,2,19.5,95334.76289719128,0.0953347628971913,174.20102619434715,0.2805555555555555,0.0913953077453214
1951,2,19.51,88408.48020905914,0.0884084802090591,167.75366843389008,0.275,0.0913703143082335
1952,2,19.52,89857.21162025203,0.089857211620252,169.12255557327418,0.3166666666666666,0.0913703143082335
1953,2,19.53,89309.79024902104,0.089309790249021,168.60661069265376,0.3055555555555556,0.0913703143082335
1954,2,19.54,93836.1044804517,0.0938361044804517,172.82638611364547,0.3027777777777777,0.0906989916079468
1955,2,19.55,91420.72534558969,0.0914207253455896,170.58757481010812,0.3194444444444444,0.0906989916079468
1956,2,19.56,89374.28293174577,0.0893742829317457,168.66747708957377,0.3027777777777777,0.0906989916079468
1957,2,19.57,93198.03801739198,0.0931980380173919,172.23779165406364,0.3027777777777777,0.0906989916079468
1958,2,19.58,93042.42279700564,0.0930424227970056,172.09393658923315,0.3027777777777777,0.089857211620252
1959,2,19.59,92155.59105329626,0.0921555910532962,171.27181817034202,0.2888888888888888,0.0895670866464064
1960,2,19.6,93312.47638826912,0.0933124763882691,172.34350506670566,0.325,0.089857211620252
1961,2,19.61,86395.39239350209,0.0863953923935021,165.83276973981827,0.3,0.089857211620252
1962,2,19.62,89272.90115557301,0.089272901155573,168.5717859136791,0.3111111111111111,0.0895670866464064
1963,2,19.63,91867.5612916893,0.0918675612916893,171.00395603242643,0.325,0.089857211620252
1964,2,19.64,87981.7789201919,0.0879817789201918,167.34834936244133,0.3111111111111111,0.089857211620252
1965,2,19.65,89426.37544987796,0.0894263754498779,168.7166245255031,0.3305555555555555,0.089825736889373
1966,2,19.66,81222.13041865223,0.0812221304186522,160.79119095636486,0.3222222222222222,0.0897852106369834
1967,2,19.67,89567.08664640647,0.0895670866464064,168.84930901911136,0.3194444444444444,0.0897852106369834
1968,2,19.68,85250.16524610923,0.0852501652461092,164.7299924016218,0.3388888888888889,0.0895670866464064
1969,2,19.69,88927.63042440222,0.0889276304244022,168.24548706870465,0.3361111111111111,0.0895670866464064
1970,2,19.7,94080.7017800774,0.0940807017800774,173.05148793266002,0.35,0.0894263754498779
1971,2,19.71,94248.59853902698,0.0942485985390269,173.20583325609866,0.3361111111111111,0.0893742829317457
1972,2,19.72,93929.1208487579,0.0939291208487579,172.9120231988269,0.325,0.0893451785063053
1973,2,19.73,88993.79057843162,0.0889937905784316,168.30806085890438,0.3305555555555555,0.089272901155573
1974,2,19.74,88768.61716619456,0.0887686171661945,168.09499822083902,0.325,0.089272901155573
1975,2,19.75,91898.61763753064,0.0918986176375306,171.03285801462266,0.3361111111111111,0.0891610002925515
1976,2,19.76,96667.46897605684,0.0966674689760568,175.41439806197144,0.3277777777777778,0.0891610002925515
1977,2,19.77,85755.97457358292,0.0857559745735829,165.21796060385574,0.3444444444444444,0.089272901155573
1978,2,19.78,92621.76287659931,0.0926217628765993,171.70446353951425,0.3416666666666667,0.0891610002925515
1979,2,19.79,89825.73688937305,0.089825736889373,169.09293328117369,0.3333333333333333,0.0891398730981513
1980,2,19.8,89785.21063698348,0.0897852106369834,169.05478454881387,0.3194444444444444,0.0891398730981513
1981,2,19.81,88495.4490073333,0.0884954490073333,167.83615909960437,0.3166666666666666,0.0891398730981513
1982,2,19.82,89161.00029255154,0.0891610002925515,168.46610298560066,0.3194444444444444,0.0891610002925515
1983,2,19.83,89139.8730981513,0.0891398730981513,168.44614231353023,0.3222222222222222,0.0891398730981513
1984,2,19.84,89345.17850630535,0.0893451785063053,168.64001186377013,0.3277777777777778,0.0891610002925515
1985,2,19.85,87386.40365777798,0.0873864036577779,166.78116261232293,0.325,0.0891610002925515
1986,2,19.86,86879.53342608757,0.0868795334260875,166.29676604359682,0.3305555555555555,0.0891398730981513
1987,2,19.87,82793.69758094879,0.0827936975809487,162.33931271792113,0.3333333333333333,0.0891398730981513
1988,2,19.88,87437.25956808413,0.0874372595680841,166.82968603141174,0.3111111111111111,0.0889937905784316
1989,2,19.89,91301.31706263949,0.0913013170626394,170.4761327653785,0.3333333333333333,0.0891398730981513
1990,2,19.9,86850.37789585823,0.0868503778958582,166.26886029274945,0.3277777777777778,0.0891610002925515
1991,2,19.91,90927.443183451,0.090927443183451,170.12672950100284,0.3027777777777777,0.0891610002925515
1992,2,19.92,89939.55359545903,0.089939553595459,169.2000267978451,0.3055555555555556,0.0891610002925515
1993,2,19.93,88115.77015222052,0.0881157701522205,167.47573187823477,0.3361111111111111,0.0891610002925515
1994,2,19.94,87264.78905849889,0.0872647890584989,166.6650685448612,0.3361111111111111,0.0891610002925515
1995,2,19.95,86171.67711507932,0.0861716771150793,165.61792395380175,0.3472222222222222,0.0891610002925515
1996,2,19.96,92353.42552412453,0.0923534255241245,171.45555799468056,0.3388888888888889,0.0891398730981513
1997,2,19.97,90491.3048516964,0.0904913048516963,169.7182280957652,0.3277777777777778,0.0891398730981513
1998,2,19.98,87658.44008999223,0.0876584400899922,167.04055821295037,0.3444444444444444,0.0888180029590026
1999,2,19.99,89501.29865461189,0.0895012986546118,168.78728680813305,0.3388888888888889,0.0888035203817694
2000,2,20.0,87122.67002110538,0.0871226700211053,166.52929825843262,0.3222222222222222,0.0888035203817694
2001,2,20.01,88766.90827062546,0.0887669082706254,168.0933802043072,0.3194444444444444,0.0888180029590026
2002,2,20.02,90526.76279240116,0.0905267627924011,169.75147587292497,0.3444444444444444,0.0892618814328332
2003,2,20.03,84580.34288217138,0.0845803428821713,164.08156299904618,0.3555555555555555,0.0895012986546118
2004,2,20.04,89261.88143283325,0.0892618814328332,168.5613814592066,0.35,0.089939553595459
2005,2,20.05,95743.36840783306,0.095743368407833,174.57394049728637,0.3388888888888889,0.0895012986546118
2006,2,20.06,90864.86401999462,0.0908648640199946,170.0681761068487,0.3555555555555555,0.089939553595459
2007,2,20.07,92015.05982495048,0.0920150598249504,171.14117920615914,0.3194444444444444,0.0895012986546118
2008,2,20.08,88803.5203817694,0.0888035203817694,168.12804187713883,0.325,0.0895012986546118
2009,2,20.09,92346.7191705899,0.0923467191705899,171.44933265731,0.3222222222222222,0.0901051950931416
2010,2,20.1,90105.1950931416,0.0901051950931416,169.35576280323667,0.3333333333333333,0.0901051950931416
2011,2,20.11,88818.00295900268,0.0888180029590026,168.14175095124864,0.3555555555555555,0.0901051950931416
2012,2,20.12,88679.58231023423,0.0886795823102342,168.01067749401153,0.3805555555555555,0.0901051950931416
2013,2,20.13,83748.26455629076,0.0837482645562907,163.27247336585214,0.3722222222222222,0.0901051950931416
2014,2,20.14,86559.47443464707,0.086559474434647,165.99016975538416,0.3888888888888889,0.0901051950931416
2015,2,20.15,94144.36264301518,0.0941443626430151,173.11002673948056,0.3638888888888889,0.0901051950931416
2016,2,20.16,94609.07499765746,0.0946090749976574,173.53675084678187,0.3416666666666667,0.0905267627924011
2017,2,20.17,90732.17553601236,0.0907321755360123,169.9439568448252,0.35,0.0905812712874352
2018,2,20.18,95358.7666246053,0.0953587666246053,174.2229552926501,0.3555555555555555,0.0907321755360123
2019,2,20.19,90581.27128743527,0.0905812712874352,169.80257404964917,0.3611111111111111,0.0907321755360123
2020,2,20.2,86515.3956983288,0.0865153956983287,165.94790073357558,0.3833333333333333,0.0907321755360123
2021,2,20.21,95102.48639390216,0.0951024863939021,173.9886824475618,0.3666666666666666,0.0905823344620372
2022,2,20.22,88605.80474394535,0.0886058047439453,167.94077415347476,0.3722222222222222,0.0905812712874352
2023,2,20.23,91080.33365001976,0.0910803336500197,170.26969970526017,0.3722222222222222,0.0901051950931416
2024,2,20.24,94218.79538630512,0.0942187953863051,173.17844564433716,0.3777777777777777,0.0905812712874352
2025,2,20.25,86794.22195062028,0.0867942219506202,166.21509832296408,0.3805555555555555,0.0901051950931416
2026,2,20.26,89646.46522944563,0.0896464652294456,168.92411356571915,0.3916666666666666,0.0900803397471153
2027,2,20.27,95690.16392690898,0.0956901639269089,174.52542848674707,0.3833333333333333,0.0900803397471153
2028,2,20.28,92225.71488458665,0.0922257148845866,171.33696859735642,0.3611111111111111,0.0905812712874352
2029,2,20.29,89908.73730563265,0.0899087373056326,169.17103752913576,0.3861111111111111,0.0905812712874352
2030,2,20.3,85830.1070970391,0.0858301070970391,165.28935725327594,0.3722222222222222,0.0905823344620372
2031,2,20.31,92441.5847363142,0.0924415847363142,171.5373729426489,0.3611111111111111,0.0905812712874352
2032,2,20.32,94910.27233277328,0.0949102723327732,173.8127670337183,0.3583333333333333,0.0900803397471153
2033,2,20.33,95204.64782065712,0.0952046478206571,174.08210882213382,0.3777777777777777,0.0900803397471153
2034,2,20.34,88815.18834271871,0.0888151883427187,168.1390867489256,0.3666666666666666,0.0899087373056326
2035,2,20.35,87148.06871809388,0.0871480687180938,166.55357046546206,0.3611111111111111,0.0899087373056326
2036,2,20.36,90582.33446203724,0.0905823344620372,169.80357055395842,0.375,0.0899087373056326
2037,2,20.37,88944.0407036453,0.0889440407036453,168.26100996102386,0.3722222222222222,0.0896464652294456
2038,2,20.38,88627.16888575019,0.0886271688857501,167.961019408715,0.375,0.0896464652294456
2039,2,20.39,93056.68110654336,0.0930566811065433,172.10712237343674,0.3694444444444444,0.0896464652294456
2040,2,20.4,84760.97297984056,0.0847609729798405,164.25667615667984,0.3972222222222222,0.0894939376811599
2041,2,20.41,90080.33974711536,0.0900803397471153,169.3324029602766,0.4055555555555555,0.0896464652294456
2042,2,20.42,88699.33968243151,0.0886993396824315,168.02939242552824,0.3861111111111111,0.0894939376811599
2043,2,20.43,93805.07971383604,0.093805079713836,172.79781320136132,0.3583333333333333,0.0889440407036453
2044,2,20.44,88515.12534756855,0.0885151253475685,167.85481665692083,0.3638888888888889,0.0889003542816661
2045,2,20.45,91117.4022739868,0.0911174022739867,170.3043450625832,0.3638888888888889,0.0888151883427187
2046,2,20.46,88900.35428166612,0.0889003542816661,168.21968271607162,0.3555555555555555,0.0888151883427187
2047,2,20.47,86445.94336710522,0.0864459433671052,165.88127801000834,0.3388888888888889,0.0888151883427187
2048,2,20.48,90456.14470787517,0.0904561447078751,169.6852531205592,0.3583333333333333,0.0886993396824315
2049,2,20.49,89493.9376811599,0.0894939376811599,168.780345767596,0.3611111111111111,0.0886271688857501
2050,2,20.5,90064.60270053227,0.0900646027005322,169.31761111826123,0.3722222222222222,0.0885376851258054
2051,2,20.51,86109.24542971025,0.0861092454297102,165.55791769680835,0.3694444444444444,0.0886271688857501
2052,2,20.52,84793.43375293209,0.0847934337529321,164.28812570307267,0.3527777777777778,0.0885376851258054
2053,2,20.53,85425.81554149404,0.085425815541494,164.89961073989977,0.3555555555555555,0.0885151253475685
2054,2,20.54,91378.5601118304,0.0913785601118303,170.54823091675684,0.375,0.0885151253475685
2055,2,20.55,87836.8380057861,0.0878368380057861,167.2104479641324,0.3722222222222222,0.0885151253475685
2056,2,20.56,92050.83468499128,0.0920508346849912,171.17444526477223,0.3777777777777777,0.0885151253475685
2057,2,20.57,84332.71558887362,0.0843327155888736,163.8411947608548,0.3972222222222222,0.0883182983976839
2058,2,20.58,88318.29839768399,0.0883182983976839,167.66808733600095,0.3805555555555555,0.0883182983976839
2059,2,20.59,88537.68512580545,0.0885376851258054,167.87620580466853,0.3472222222222222,0.0883182983976839
2060,2,20.6,82972.80791525122,0.0829728079152512,162.5148148442263,0.3611111111111111,0.0878368380057861
2061,2,20.61,83894.5635136526,0.0838945635136526,163.41502061765792,0.3611111111111111,0.0878325440265264
2062,2,20.62,89507.46940564916,0.0895074694056491,168.79310530679658,0.35,0.0878325440265264
2063,2,20.63,85393.97781651623,0.0853939778165162,164.86887929368729,0.3666666666666666,0.0878368380057861
2064,2,20.64,84938.62346208114,0.0849386234620811,164.42871880186533,0.3361111111111111,0.0878368380057861
2065,2,20.65,87832.54402652643,0.0878325440265264,167.20636080100664,0.3666666666666666,0.0878325440265264
2066,2,20.66,89335.64053138506,0.089335640531385,168.63101010698244,0.3694444444444444,0.0877291831705354
2067,2,20.67,83343.56160231575,0.0833435616023157,162.87749877679508,0.3472222222222222,0.0878325440265264
2068,2,20.68,86324.99609982975,0.0863249960998297,165.7651944267945,0.3527777777777778,0.0878368380057861
2069,2,20.69,89402.20462324649,0.0894022046232465,168.6938219918132,0.3444444444444444,0.0883182983976839
2070,2,20.7,90357.80604659028,0.0903578060465902,169.592992067795,0.3666666666666666,0.0883182983976839
2071,2,20.71,85913.51070450815,0.0859135107045081,165.3696459874117,0.3555555555555555,0.0883182983976839
2072,2,20.72,84273.60864820791,0.0842736086482079,163.78376835666094,0.3583333333333333,0.0883182983976839
2073,2,20.73,89267.74033793838,0.0892677403379383,168.56691332184187,0.3666666666666666,0.0883182983976839
2074,2,20.74,88886.04460002967,0.0888860446000296,168.20614358566925,0.3638888888888889,0.0878325440265264
2075,2,20.75,82574.7411019604,0.0825747411019604,162.1245090719506,0.3694444444444444,0.0878325440265264
2076,2,20.76,83767.0957835273,0.0837670957835273,163.29082866101592,0.3472222222222222,0.0885556288244335
2077,2,20.77,94647.06049224491,0.0946470604922449,173.57158480844967,0.3472222222222222,0.0885556288244335
2078,2,20.78,89064.00683919429,0.0890640068391942,168.3744454484002,0.35,0.0878325440265264
2079,2,20.79,91965.58093195324,0.0919655809319532,171.0951594852298,0.3472222222222222,0.0878325440265264
2080,2,20.8,87729.18317053549,0.0877291831705354,167.10794807551818,0.3555555555555555,0.0878325440265264
2081,2,20.81,87309.06321831068,0.0873090632183106,166.70734229731409,0.3611111111111111,0.0877291831705354
2082,2,20.82,88555.62882443356,0.0885556288244335,167.89321645629244,0.3555555555555555,0.0877291831705354
2083,2,20.83,89006.55752677475,0.0890065575267747,168.32013306779044,0.3694444444444444,0.0877291831705354
2084,2,20.84,88821.81224718911,0.0888218122471891,168.14535660267515,0.3611111111111111,0.0877291831705354
2085,2,20.85,89507.36742765016,0.0895073674276501,168.79300915175978,0.3472222222222222,0.0877291831705354
2086,2,20.86,86214.25742908707,0.086214257429087,165.65883758397177,0.35,0.0877291831705354
2087,2,20.87,88941.38232211384,0.0889413823221138,168.2584954288522,0.35,0.0877291831705354
2088,2,20.88,84457.06727629923,0.0844570672762992,163.96194519502248,0.3416666666666667,0.0877291831705354
2089,2,20.89,83914.64369645297,0.0839146436964529,163.43457615869198,0.3638888888888889,0.0877291831705354
2090,2,20.9,90055.5214493107,0.0900555214493107,169.3090747206186,0.3583333333333333,0.0873090632183106
2091,2,20.91,91871.30303620503,0.091871303036205,171.00743847274882,0.3638888888888889,0.0873090632183106
2092,2,20.92,83191.8581889145,0.0831918581889145,162.72919501899904,0.3722222222222222,0.0877291831705354
2093,2,20.93,85330.39458964889,0.0853303945896488,164.8074882699481,0.3444444444444444,0.0873090632183106
2094,2,20.94,87225.93233469393,0.0872259323346939,166.62795861958898,0.3583333333333333,0.0873090632183106
2095,2,20.95,87204.01247729779,0.0872040124772977,166.60702051960033,0.3416666666666667,0.0873090632183106
2096,2,20.96,86369.04440391074,0.0863690444039107,165.80748081438176,0.3416666666666667,0.0872259323346939
2097,2,20.97,91702.88927602094,0.0917028892760209,170.8506255422408,0.3416666666666667,0.0872259323346939
2098,2,20.98,86756.32747475672,0.0867563274747567,166.17880949210547,0.3277777777777778,0.0872040124772977
2099,2,20.99,83525.06182903926,0.0835250618290392,163.0547543750122,0.3277777777777778,0.0872040124772977
2100,2,21.0,89315.80961508128,0.0893158096150812,168.61229253227546,0.3555555555555555,0.0872040124772977
2101,2,21.01,92432.02561942334,0.0924320256194233,171.52850362157264,0.3388888888888889,0.0872040124772977
2102,2,21.02,85751.74762649061,0.0857517476264906,165.21388872322257,0.3444444444444444,0.0872040124772977
2103,2,21.03,85606.79770123868,0.0856067977012386,165.07419553897597,0.3472222222222222,0.0867563274747567
2104,2,21.04,88159.72619109825,0.0881597261910982,167.5174988169374,0.3388888888888889,0.0867563274747567
2105,2,21.05,85781.70873920807,0.085781708739208,165.24274854113386,0.3527777777777778,0.0867563274747567
2106,2,21.06,84590.09313271029,0.0845900931327102,164.0910202215504,0.3861111111111111,0.0866821687297131
2107,2,21.07,88259.24036597733,0.0882592403659773,167.61201852958536,0.3694444444444444,0.0865756352270907
2108,2,21.08,86107.13692916153,0.0861071369291615,165.55589073039195,0.3583333333333333,0.0866821687297131
2109,2,21.09,88625.1936086564,0.0886251936086564,167.9591476835597,0.3583333333333333,0.0866821687297131
2110,2,21.1,88200.68574151065,0.0882006857415106,167.55640912753094,0.3611111111111111,0.0866821687297131
2111,2,21.11,81935.89938635602,0.081935899386356,161.4961510626105,0.3527777777777778,0.0866821687297131
2112,2,21.12,87747.35229321737,0.0877473522932173,167.12525159706718,0.3527777777777778,0.0867563274747567
2113,2,21.13,83632.34416605998,0.0836323441660599,163.15943721642998,0.3305555555555555,0.0866821687297131
2114,2,21.14,87404.00391616387,0.0874040039161638,166.7979572373766,0.3472222222222222,0.0865756352270907
2115,2,21.15,88272.66737033661,0.0882726673703366,167.6247675726695,0.3333333333333333,0.0866821687297131
2116,2,21.16,88003.48867860204,0.088003488678602,167.36899493353698,0.3472222222222222,0.0866821687297131
2117,2,21.17,81123.42855575199,0.081123428555752,160.69346380740035,0.375,0.0865756352270907
2118,2,21.18,78351.49871020573,0.0783514987102057,157.92421168641306,0.3694444444444444,0.0865756352270907
2119,2,21.19,79774.2238884236,0.0797742238884236,159.35157396876994,0.3527777777777778,0.0865756352270907
2120,2,21.2,86682.16872971317,0.0866821687297131,166.10777002452093,0.3416666666666667,0.0862227352925993
2121,2,21.21,86575.63522709074,0.0865756352270907,166.00566434740904,0.3083333333333333,0.0862227352925993
2122,2,21.22,82385.33012725586,0.0823853301272558,161.93846070659322,0.325,0.0865756352270907
2123,2,21.23,87701.4979692588,0.0877014979692588,167.0815783883511,0.3194444444444444,0.0865756352270907
2124,2,21.24,86051.24093581909,0.086051240935819,165.50214714091936,0.325,0.0865756352270907
2125,2,21.25,93802.15157571757,0.0938021515757175,172.79511622688105,0.325,0.0862227352925993
2126,2,21.26,89385.04130518973,0.0893850413051897,168.6776284051574,0.3111111111111111,0.0862227352925993
2127,2,21.27,96024.54273751512,0.0960245427375151,174.8300925745593,0.3111111111111111,0.0865756352270907
2128,2,21.28,82840.86415147789,0.0828408641514778,162.38554750784868,0.3166666666666666,0.0865756352270907
2129,2,21.29,86222.73529259935,0.0862227352925993,165.66698239976006,0.3388888888888889,0.0866821687297131
2130,2,21.3,88181.95871299697,0.0881819587129969,167.53862014890117,0.3361111111111111,0.0865756352270907
2131,2,21.31,89520.05561081054,0.0895200556108105,168.80497241682104,0.3222222222222222,0.0862227352925993
2132,2,21.32,82460.66914032318,0.0824606691403231,162.01248781712937,0.3444444444444444,0.0862227352925993
2133,2,21.33,81813.91180793355,0.0818139118079335,161.37588715738798,0.3388888888888889,0.0862227352925993
2134,2,21.34,81759.57393104966,0.0817595739310496,161.32228820726428,0.325,0.0862227352925993
2135,2,21.35,84944.46492876773,0.0849444649287677,164.43437281608445,0.3222222222222222,0.0862227352925993
2136,2,21.36,84768.19133526961,0.0847681913352696,164.2636701645725,0.3305555555555555,0.086051240935819
2137,2,21.37,86793.68442884619,0.0867936844288461,166.21458363217673,0.3194444444444444,0.0860298833677752
2138,2,21.38,90371.42340054271,0.0903714234005427,169.60577082426738,0.3055555555555556,0.0860298833677752
2139,2,21.39,83398.90883413692,0.0833989088341369,162.93157207504768,0.3027777777777777,0.0860298833677752
2140,2,21.4,82075.17192331616,0.0820751719233161,161.63334629161713,0.3,0.0857344994311987
2141,2,21.41,88424.4372936954,0.0884244372936954,167.76880690647448,0.3333333333333333,0.0857344994311987
2142,2,21.42,86900.9529768563,0.0869009529768563,166.3172644415668,0.3,0.0857344994311987
2143,2,21.43,94359.0674104992,0.0943590674104992,173.3073108897736,0.3083333333333333,0.0849828790018539
2144,2,21.44,87986.32031951833,0.0879863203195183,167.35266835827994,0.3444444444444444,0.0849828790018539
2145,2,21.45,84028.02563895645,0.0840280256389564,163.54495185539926,0.3361111111111111,0.0849444649287677
2146,2,21.46,82291.9854113451,0.0822919854113451,161.84669446770738,0.2861111111111111,0.0849444649287677
2147,2,21.47,86493.0730914516,0.0864930730914516,165.92649050536278,0.325,0.0847681913352696
2148,2,21.48,83637.2730017203,0.0836372730017203,163.16424501066467,0.2888888888888888,0.0849444649287677
2149,2,21.49,82296.07293874474,0.0822960729387447,161.85071396353112,0.3333333333333333,0.0849444649287677
2150,2,21.5,82979.26754353246,0.0829792675435324,162.52114080142354,0.3222222222222222,0.0849828790018539
2151,2,21.51,86029.88336777527,0.0860298833677752,165.48160738644438,0.3027777777777777,0.0849828790018539
2152,2,21.52,84043.83659253846,0.0840438365925384,163.560337674572,0.3222222222222222,0.0849828790018539
2153,2,21.53,81172.50999998773,0.0811725099999877,160.74206798268057,0.3222222222222222,0.0846758273683135
2154,2,21.54,86553.14748542971,0.0865531474854297,165.9841032296044,0.3194444444444444,0.0846718704737428
2155,2,21.55,85734.4994311987,0.0857344994311987,165.19727224130887,0.3111111111111111,0.0846718704737428
2156,2,21.56,87760.1627600536,0.0877601627600536,167.1374506794441,0.3333333333333333,0.0846718704737428
2157,2,21.57,91613.67815959656,0.0916136781595965,170.7675012051755,0.3083333333333333,0.0846501775929351
2158,2,21.58,84982.87900185396,0.0849828790018539,164.47154934106686,0.3333333333333333,0.0843851310533372
2159,2,21.59,81963.50212771872,0.0819635021277187,161.52335135669713,0.3111111111111111,0.0840438365925384
2160,2,21.6,82307.6254083164,0.0823076254083163,161.86207361756885,0.3083333333333333,0.0840280256389564
2161,2,21.61,86504.22593483856,0.0865042259348385,165.93718785050982,0.3138888888888889,0.0840154416529286
2162,2,21.62,84675.82736831352,0.0846758273683135,164.17415439747566,0.3111111111111111,0.0840154416529286
2163,2,21.63,86195.48739362786,0.0861954873936278,165.6408034930465,0.3,0.0836372730017203
2164,2,21.64,84385.13105333725,0.0843851310533372,163.89210310808764,0.3277777777777778,0.0840154416529286
2165,2,21.65,88029.03774080469,0.0880290377408046,167.39328834856,0.3333333333333333,0.0840154416529286
2166,2,21.66,84671.87047374283,0.0846718704737428,164.1703184301771,0.325,0.0840154416529286
2167,2,21.67,84650.1775929351,0.0846501775929351,164.14928691604126,0.3138888888888889,0.0831008506732807
2168,2,21.68,81000.71974130337,0.0810007197413033,160.5718838453962,0.3277777777777778,0.0830033536024099
2169,2,21.69,82741.10244596288,0.0827411024459628,162.28774107213337,0.3,0.0830140218717707
2170,2,21.7,83003.35360240993,0.0830033536024099,162.5447262695903,0.3222222222222222,0.0830033536024099
2171,2,21.71,83100.85067328073,0.0831008506732807,162.6401620744033,0.3111111111111111,0.0829786494236823
2172,2,21.72,81407.47330064316,0.0814074733006431,160.97454320742054,0.3222222222222222,0.0828965374611763
2173,2,21.73,80151.65657863408,0.080151656578634,159.72809609767245,0.3027777777777777,0.0828965374611763
2174,2,21.74,82631.78856548693,0.0826317885654869,162.18050195212493,0.2861111111111111,0.0828391296773979
2175,2,21.75,84015.44165292865,0.0840154416529286,163.53270520059473,0.2666666666666666,0.0829539452449547
2176,2,21.76,77444.34642381412,0.0774443464238141,157.0073281593643,0.2583333333333333,0.0829539452449547
2177,2,21.77,80363.38501882531,0.0803633850188253,159.93892565190762,0.2527777777777777,0.0828391296773979
2178,2,21.78,81457.38858432313,0.0814573885843231,161.02388670350965,0.2638888888888889,0.0827901160616804
2179,2,21.79,87030.65592030252,0.0870306559203025,166.44133555247672,0.2666666666666666,0.0826864455057249
2180,2,21.8,82953.9452449547,0.0829539452449547,162.49634109547802,0.2555555555555555,0.0823904570406533
2181,2,21.81,80349.01094512649,0.0803490109451264,159.9246213968423,0.2694444444444444,0.0818315381277371
2182,2,21.82,79585.14016121736,0.0795851401612173,159.1626115224242,0.2694444444444444,0.0818315381277371
2183,2,21.83,81513.95073965445,0.0815139507396544,161.079782661669,0.2916666666666667,0.0814856696619887
2184,2,21.84,83014.02187177079,0.0830140218717707,162.55517172228653,0.2833333333333333,0.0818315381277371
2185,2,21.85,82839.12967739794,0.0828391296773979,162.38384753163356,0.2611111111111111,0.0814856696619887
2186,2,21.86,,,,0.2472222222222222,0.0814324309424831
2187,2,21.87,76565.91882918535,0.0765659188291853,156.1143456190857,0.2527777777777777,0.0814324309424831
2188,2,21.88,85958.15161274625,0.0859581516127462,165.4126036806817,0.25,0.0809103868015742
2189,2,21.89,,,,0.2361111111111111,0.0809103868015742
2190,2,21.9,89524.57946847878,0.0895245794684787,168.80923760642722,0.25,0.0807284982584051
2191,2,21.91,78844.86571743056,0.0788448657174305,158.42064332873915,0.2555555555555555,0.0807284982584051
2192,2,21.92,75560.20822374498,0.0755602082237449,155.08565787887605,0.2555555555555555,0.0811595620772832
2193,2,21.93,,,,0.2388888888888889,0.0813414506204523
2194,2,21.94,82149.12551581977,0.0821491255158197,161.70614952140355,0.275,0.0811595620772832
2195,2,21.95,80303.2946804928,0.0803032946804928,159.8791186801174,0.2777777777777778,0.0807213112215557
2196,2,21.96,78953.39424412124,0.0789533942441212,158.5296374047143,0.2722222222222222,0.0803261528128096
2197,2,21.97,82624.33205544614,0.0826243320554461,162.17318438194638,0.2527777777777777,0.0804922242098522
2198,2,21.98,78725.30135405096,0.0787253013540509,158.30047919634538,0.2666666666666666,0.0804922242098522
2199,2,21.99,88074.5551173554,0.0880745551173554,167.43655997151097,0.2527777777777777,0.0804922242098522
2200,2,22.0,76385.21916969691,0.0763852191696969,155.9300177003457,0.2611111111111111,0.0804922242098522
2201,2,22.01,80101.18449809575,0.0801011844980957,159.6777972066739,0.2722222222222222,0.0803032946804928
2202,2,22.02,82054.52470226353,0.0820545247022635,161.61301438573116,0.2833333333333333,0.0804922242098522
2203,2,22.03,79925.06359024504,0.079925063590245,159.50215639496267,0.2833333333333333,0.0806546743112345
2204,2,22.04,78163.01243771512,0.0781630124377151,157.73414212792142,0.2722222222222222,0.0806546743112345
2205,2,22.05,81093.61149798491,0.0810936114979849,160.6639295117486,0.2666666666666666,0.0806811537392117
2206,2,22.06,81225.51265658152,0.0812255126565815,160.7945387410173,0.275,0.0806546743112345
2207,2,22.07,82976.5924320371,0.0829765924320371,162.5185210767084,0.2805555555555555,0.0806546743112345
2208,2,22.08,82394.1034704315,0.0823941034704315,161.94708301753545,0.2666666666666666,0.0808873826185983
2209,2,22.09,73487.51706468752,0.0734875170646875,152.94379095860694,0.2833333333333333,0.0806811537392117
2210,2,22.1,79857.92128816975,0.0798579212881697,159.43514617583986,0.2777777777777778,0.0806546743112345
2211,2,22.11,78374.92568355365,0.0783749256835536,157.9478194657812,0.2694444444444444,0.0808873826185983
2212,2,22.12,80681.15373921173,0.0806811537392117,160.2548247757471,0.2611111111111111,0.0811595620772832
2213,2,22.13,78593.79752726301,0.078593797527263,158.16821028782925,0.2666666666666666,0.0811595620772832
2214,2,22.14,85730.2741909972,0.0857302741909972,165.1932014952234,0.2527777777777777,0.0811595620772832
2215,2,22.15,82040.11703306901,0.082040117033069,161.59882522871587,0.2666666666666666,0.0811595620772832
2216,2,22.16,,,,0.2416666666666666,0.0812272304280291
2217,2,22.17,81228.94819947683,0.0812289481994768,160.79793921628627,0.2611111111111111,0.0812289481994768
2218,2,22.18,80628.1948832573,0.0806281948832573,160.2022207601821,0.2666666666666666,0.0812255126565815
2219,2,22.19,81784.06164824638,0.0817840616482463,161.34644512632258,0.2638888888888889,0.0812272304280291
2220,2,22.2,83160.15338136523,0.0831601533813652,162.69818363414186,0.2777777777777778,0.0812272304280291
2221,2,22.21,,,,0.2416666666666666,0.0815065049238616
2222,2,22.22,78991.45264856832,0.0789914526485683,158.5678413236999,0.2694444444444444,0.0815065049238616
2223,2,22.23,83124.99005543781,0.0831249900554378,162.6637824580971,0.2694444444444444,0.0813195115102186
2224,2,22.24,79422.50219354835,0.0794225021935483,158.99989821902477,0.25,0.0809550509693442
2225,2,22.25,,,,0.2472222222222222,0.0809550509693442
2226,2,22.26,86945.33365006128,0.0869453336500612,166.35972847526145,0.2611111111111111,0.0812289481994768
2227,2,22.27,82617.59018162974,0.0826175901816297,162.16656784767204,0.2666666666666666,0.0814100748209604
2228,2,22.28,82808.50755137518,0.0828085075513751,162.35383153386866,0.3138888888888889,0.0815970682346034
2229,2,22.29,77640.28931786718,0.0776402893178671,157.20582577006132,0.2694444444444444,0.0817840616482463
2230,2,22.3,81893.71034799595,0.0818937103479959,161.45456828482403,0.2722222222222222,0.0815970682346034
2231,2,22.31,85277.71626201051,0.0852777162620105,164.7566088427841,0.2666666666666666,0.0813195115102186
2232,2,22.32,,,,0.2416666666666666,0.0813195115102186
2233,2,22.33,75856.69760872741,0.0758566976087274,155.3896289400044,0.2527777777777777,0.0815970682346034
2234,2,22.34,,,,0.2472222222222222,0.0815970682346034
2235,2,22.35,75761.98403231372,0.0757619840323137,155.29259001763074,0.2555555555555555,0.0807532710523429
2236,2,22.36,84870.97794745784,0.0848709779474578,164.36322986228492,0.25,0.0800408852037437
2237,2,22.37,71952.62054478507,0.071952620544785,151.33813285565543,0.2583333333333333,0.0799853031237619
2238,2,22.38,81410.07482096048,0.0814100748209604,160.97711530051038,0.2694444444444444,0.0799853031237619
2239,2,22.39,78380.94746979114,0.0783809474697911,157.95388715725514,0.2805555555555555,0.0799853031237619
2240,2,22.4,79478.36239768966,0.0794783623976896,159.05580306572494,0.2861111111111111,0.0799853031237619
2241,2,22.41,,,,0.2444444444444444,0.0799853031237619
2242,2,22.42,85726.86826599995,0.0857268682659999,165.18992003340657,0.275,0.0799853031237619
2243,2,22.43,,,,0.2416666666666666,0.0799853031237619
2244,2,22.44,,,,0.2333333333333333,0.0799853031237619
2245,2,22.45,,,,0.2388888888888889,0.0800964672837254
2246,2,22.46,77197.61050638974,0.0771976105063897,156.75701775024146,0.2638888888888889,0.0800964672837254
2247,2,22.47,,,,0.2472222222222222,0.0800964672837254
2248,2,22.48,82030.44665589916,0.0820304466558991,161.5893008173647,0.2555555555555555,0.0801236222759596
2249,2,22.49,80096.46728372549,0.0800964672837254,159.67309536927746,0.2555555555555555,0.0801236222759596
2250,2,22.5,74810.71051737384,0.0748107105173738,154.31457724438664,0.2611111111111111,0.0801236222759596
2251,2,22.51,79985.30312376196,0.0799853031237619,159.56225347399885,0.2527777777777777,0.0801507772681937
2252,2,22.52,74572.76621387588,0.0745727662138758,154.06897392385417,0.2722222222222222,0.0800964672837254
2253,2,22.53,79659.50495988315,0.0796595049598831,159.2369553754326,0.2638888888888889,0.0800964672837254
2254,2,22.54,85073.57682734182,0.0850735768273418,164.5592919198401,0.25,0.0800964672837254
2255,2,22.55,76014.71176748702,0.076014711767487,155.5513878144533,0.2611111111111111,0.0800964672837254
2256,2,22.56,,,,0.2472222222222222,0.0801507772681937
2257,2,22.57,87518.97440339452,0.0875189744033945,166.9076234965515,0.2611111111111111,0.0801507772681937
2258,2,22.58,81203.47318837099,0.0812034731883709,160.7727225256787,0.2555555555555555,0.0800964672837254
2259,2,22.59,80150.77726819372,0.0801507772681937,159.7272199400625,0.2666666666666666,0.0800408852037437
2260,2,22.6,84408.6813716668,0.0844086813716668,163.91497112936057,0.25,0.0799853031237619
2261,2,22.61,80436.2482281975,0.0804362482281974,160.01141527581296,0.2527777777777777,0.0800408852037437
2262,2,22.62,80528.21211531229,0.0805282121153122,160.10286078958492,0.2611111111111111,0.0801236222759596
2263,2,22.63,82285.19247988287,0.0822851924798828,161.8400143749463,0.2638888888888889,0.0801236222759596
2264,2,22.64,77787.25098719522,0.0777872509871952,157.3545392045748,0.2666666666666666,0.0800408852037437
2265,2,22.65,,,,0.2444444444444444,0.0800680401959778
2266,2,22.66,,,,0.2416666666666666,0.0802935127481956
2267,2,22.67,78626.1157547744,0.0786261157547743,158.2007267902894,0.25,0.0804822301717548
2268,2,22.68,79658.0040121662,0.0796580040121662,159.23545519368656,0.2527777777777777,0.0808658426518416
2269,2,22.69,81760.15358890097,0.0817601535889009,161.32286007646996,0.275,0.0808658426518416
2270,2,22.7,78522.20723015543,0.0785222072301554,158.09615696256125,0.2638888888888889,0.0808658426518416
2271,2,22.71,81652.12559371436,0.0816521255937143,161.2162485743909,0.2694444444444444,0.0810978186902135
2272,2,22.72,,,,0.2388888888888889,0.0812034731883709
2273,2,22.73,79326.20413335171,0.0793262041333517,158.90347702010592,0.2722222222222222,0.0809921641920561
2274,2,22.74,77851.23108252385,0.0778512310825238,157.41923804016508,0.275,0.0807718692429366
2275,2,22.75,78331.01676472081,0.0783310167647208,157.90356877233296,0.25,0.0809921641920561
2276,2,22.76,84139.61153274564,0.0841396115327456,163.65350644131223,0.2583333333333333,0.0809921641920561
2277,2,22.77,82505.71791998099,0.0825057179199809,162.0567359927414,0.2722222222222222,0.0815894295737842
2278,2,22.78,,,,0.2472222222222222,0.0816521255937143
2279,2,22.79,79171.53057060704,0.079171530570607,158.74848309488323,0.2555555555555555,0.0815894295737842
2280,2,22.8,86975.73106851411,0.0869757310685141,166.38880688667345,0.2888888888888888,0.0816521255937143
2281,2,22.81,85984.24930833912,0.0859842493083391,165.4377121787415,0.2861111111111111,0.0817061395913076
2282,2,22.82,81589.4295737842,0.0815894295737842,161.15434229778498,0.2527777777777777,0.0817601535889009
2283,2,22.83,86827.82143645144,0.0868278214364514,166.24726752347948,0.2861111111111111,0.0825057179199809
2284,2,22.84,79429.09098672327,0.0794290909867232,159.00649330032354,0.2916666666666667,0.082689798631539
2285,2,22.85,87263.71276673864,0.0872637127667386,166.66404074891375,0.3027777777777777,0.083691782360016
2286,2,22.86,80992.16419205612,0.0809921641920561,160.56340356928246,0.2888888888888888,0.0841396115327456
2287,2,22.87,82689.798631539,0.082689798631539,162.23741982343574,0.3055555555555556,0.0849841511809294
2288,2,22.88,80771.86924293666,0.0807718692429366,160.34489235885,0.3194444444444444,0.0850037500985704
2289,2,22.89,79486.51444846793,0.0794865144484679,159.0639599885469,0.3138888888888889,0.0855037991622752
2290,2,22.9,87304.719119654,0.087304719119654,166.70319494924166,0.3222222222222222,0.0860077688839571
2291,2,22.91,84984.15118092943,0.0849841511809294,164.47278039185605,0.2888888888888888,0.0862657327754877
2292,2,22.92,83691.78236001599,0.083691782360016,163.21740629459612,0.325,0.0865043159126668
2293,2,22.93,86031.2884595752,0.0860312884595752,165.4829587534989,0.3222222222222222,0.0865751586815105
2294,2,22.94,79454.66752575019,0.0794546675257501,159.03209165728933,0.3416666666666667,0.0866418626290876
2295,2,22.95,86641.86262908763,0.0866418626290876,166.06914653907424,0.35,0.0867826610865437
2296,2,22.96,87193.98108259363,0.0871939810825936,166.59743753825256,0.3777777777777777,0.0866418626290876
2297,2,22.97,89321.75946243467,0.0893217594624346,168.61790856318763,0.3472222222222222,0.0867826610865437
2298,2,22.98,86500.17709140023,0.0865001770914002,165.93330444742352,0.325,0.0868278214364514
2299,2,22.99,88264.06597904635,0.0882640659790463,167.61660059764017,0.3305555555555555,0.0871939810825936
2300,2,23.0,86508.45473393353,0.0865084547339335,165.94124375903053,0.3027777777777777,0.0872637127667386
2301,2,23.01,85023.34901621139,0.0850233490162113,164.51070648536816,0.3166666666666666,0.087304719119654
2302,2,23.02,87572.10624427903,0.087572106244279,166.95827973326533,0.3055555555555556,0.087572106244279
2303,2,23.03,87929.91864335084,0.0879299186433508,167.29902090423298,0.2916666666666667,0.0877916195991299
2304,2,23.04,91399.45107839783,0.0913994510783978,170.5677251710468,0.2833333333333333,0.0878607691212403
2305,2,23.05,92237.74852942524,0.0922377485294252,171.34814628775666,0.2944444444444444,0.0880969923111986
2306,2,23.06,93123.56447226986,0.0931235644722698,172.16896122181,0.2777777777777778,0.0880969923111986
2307,2,23.07,92921.42251047396,0.0929214225104739,171.9819973815425,0.2888888888888888,0.0882766095908344
2308,2,23.08,86782.66108654373,0.0867826610865437,166.2040281496938,0.2888888888888888,0.0885646908871151
2309,2,23.09,88289.15320262247,0.0882891532026224,167.6404196701679,0.2833333333333333,0.0888402285716078
2310,2,23.1,90438.15481001286,0.0904381548100128,169.66837879890065,0.2944444444444444,0.0888402285716078
2311,2,23.11,86401.79309331246,0.0864017930933124,165.83891257967088,0.3027777777777777,0.0888402285716078
2312,2,23.12,89855.02090573568,0.0898550209057356,169.12049396080553,0.3138888888888889,0.0888564585520755
2313,2,23.13,87791.61959912993,0.0877916195991299,167.1674024518228,0.3138888888888889,0.0888402285716078
2314,2,23.14,90438.91900759544,0.0904389190075954,169.66909564176018,0.3055555555555556,0.0888402285716078
2315,2,23.15,88856.45855207549,0.0888564585520755,168.1781472379984,0.2805555555555555,0.0888402285716078
2316,2,23.16,88864.14641054363,0.0888641464105436,168.18542246508716,0.2944444444444444,0.0888402285716078
2317,2,23.17,91917.90022932306,0.091917900229323,171.0508005250161,0.2722222222222222,0.0888564585520755
2318,2,23.18,90076.64436557304,0.090076644365573,169.328929648254,0.2805555555555555,0.0888564585520755
2319,2,23.19,,,,0.2361111111111111,0.0888564585520755
2320,2,23.2,90152.98395158187,0.0901529839515818,169.4006672382288,0.2638888888888889,0.0888483435618416
2321,2,23.21,85678.11307554974,0.0856781130755497,165.14293936320797,0.2694444444444444,0.0888402285716078
2322,2,23.22,89150.27519363746,0.0891502751936374,168.45597036062674,0.2555555555555555,0.0888402285716078
2323,2,23.23,88840.22857160783,0.0888402285716078,168.16278733765813,0.25,0.0888055160013284
2324,2,23.24,,,,0.2388888888888889,0.0888402285716078
2325,2,23.25,85555.67032148936,0.0855556703214893,165.02489412937427,0.2611111111111111,0.0888402285716078
2326,2,23.26,88770.80343104909,0.0887708034310491,168.09706819745813,0.2527777777777777,0.0888055160013284
2327,2,23.27,88961.4892648661,0.0889614892648661,168.2775134194704,0.2777777777777778,0.0888483435618416
2328,2,23.28,82466.3334512152,0.0824663334512152,162.01805212645544,0.2833333333333333,0.0888402285716078
2329,2,23.29,80045.53542944674,0.0800455354294467,159.62232072009155,0.2694444444444444,0.0888483435618416
2330,2,23.3,87403.43520918707,0.087403435209187,166.79741458880187,0.2666666666666666,0.0888402285716078
2331,2,23.31,86640.9091129365,0.0866409091129365,166.0682327195631,0.2805555555555555,0.0888055160013284
2332,2,23.32,89901.95738232674,0.0899019573823267,169.16465890388696,0.2666666666666666,0.0887008933875406
2333,2,23.33,85281.79841444403,0.085281798414444,164.7605521563055,0.2666666666666666,0.0887008933875406
2334,2,23.34,80936.83743749483,0.0809368374374948,160.50855277151106,0.2555555555555555,0.0886309833440321
2335,2,23.35,,,,0.2444444444444444,0.0886309833440321
2336,2,23.36,,,,0.2444444444444444,0.0880172092766096
2337,2,23.37,89617.01996142158,0.0896170199614215,168.89636888947788,0.25,0.0886309833440321
2338,2,23.38,,,,0.2472222222222222,0.0880172092766096
2339,2,23.39,,,,0.2361111111111111,0.087403435209187
2340,2,23.4,88630.98334403218,0.0886309833440321,167.96463383878265,0.2583333333333333,0.087403435209187
2341,2,23.41,,,,0.2333333333333333,0.087403435209187
2342,2,23.42,90119.4936267534,0.0901194936267534,169.36919955904827,0.2527777777777777,
2343,2,23.43,,,,0.2388888888888889,
2344,2,23.44,,,,0.2444444444444444,
2345,2,23.45,,,,0.2444444444444444,
2346,2,23.46,,,,0.2361111111111111,
2347,2,23.47,85594.1656731614,0.0855941656731614,165.0620160225257,0.2805555555555555,
2348,2,23.48,89933.33578553991,0.0899333357855399,169.19417802638435,0.2638888888888889,
2349,2,23.49,,,,0.2444444444444444,
2350,2,23.5,,,,0.2333333333333333,
2351,2,23.51,,,,0.2444444444444444,
2352,2,23.52,,,,0.2444444444444444,
2353,2,23.53,,,,0.2361111111111111,
2354,2,23.54,,,,0.2444444444444444,
2355,2,23.55,,,,0.2472222222222222,
2356,2,23.56,85100.41899788825,0.0851004189978882,164.58525050991264,0.2527777777777777,
2357,2,23.57,,,,0.2416666666666666,
2358,2,23.58,,,,0.2305555555555555,
2359,2,23.59,,,,0.2444444444444444,
2360,2,23.6,,,,0.2472222222222222,
2361,2,23.61,87603.55433151255,0.0876035543315125,166.98825530126146,0.2555555555555555,
2362,2,23.62,,,,0.2444444444444444,
2363,2,23.63,93233.57140709272,0.0932335714070927,172.27062286733627,0.2555555555555555,
2364,2,23.64,,,,0.2472222222222222,
2365,2,23.65,84323.4460233352,0.0843234460233352,163.8321900797058,0.2833333333333333,
2366,2,23.66,,,,0.2472222222222222,
2367,2,23.67,85613.74730399929,0.0856137473039992,165.08089580597698,0.2555555555555555,
2368,2,23.68,,,,0.2444444444444444,
2369,2,23.69,87679.02431162658,0.0876790243116265,167.06016954779994,0.25,
2370,2,23.7,,,,0.2416666666666666,
2371,2,23.71,86288.5266945176,0.0862885266945176,165.73017562018956,0.2583333333333333,
2372,2,23.72,92712.68677941704,0.092712686779417,171.7887213310282,0.2583333333333333,
2373,2,23.73,89610.87737814584,0.0896108773781458,168.89058049242186,0.2611111111111111,
2374,2,23.74,90964.7658201718,0.0909647658201717,170.16164154989235,0.2583333333333333,
2375,2,23.75,90430.22857148944,0.0904302285714894,169.66094354377785,0.25,
2376,2,23.76,,,,0.2388888888888889,
2377,2,23.77,,,,0.2444444444444444,
2378,2,23.78,,,,0.2472222222222222,
2379,2,23.79,,,,0.2083333333333333,
2380,2,23.8,,,,0.2305555555555555,
2381,2,23.81,,,,0.2166666666666666,
2382,2,23.82,,,,0.225,
2383,2,23.83,,,,0.2361111111111111,
2384,2,23.84,,,,0.2305555555555555,
2385,2,23.85,,,,0.2333333333333333,
2386,2,23.86,,,,0.2305555555555555,
2387,2,23.87,,,,0.2333333333333333,
2388,2,23.88,88866.47613106709,0.088866476131067,168.1876270800992,0.2666666666666666,
2389,2,23.89,,,,0.2277777777777777,
2390,2,23.9,,,,0.2305555555555555,
2391,2,23.91,,,,0.2361111111111111,
2392,2,23.92,,,,0.2333333333333333,
2393,2,23.93,,,,0.2027777777777777,
2394,2,23.94,,,,0.2333333333333333,
2395,2,23.95,,,,0.2305555555555555,
2396,2,23.96,,,,0.2388888888888889,
2397,2,23.97,,,,0.2388888888888889,
2398,2,23.98,,,,0.2166666666666666,
2399,2,23.99,,,,0.2361111111111111,
2400,2,24.0,,,,0.2277777777777777,
2401,2,24.01,89888.92039131871,0.0898889203913187,169.1523928856594,0.25,
2402,2,24.02,,,,0.2388888888888889,
2403,2,24.03,,,,0.225,
2404,2,24.04,,,,0.2111111111111111,
2405,2,24.05,,,,0.2444444444444444,
2406,2,24.06,81309.42567104683,0.0813094256710468,160.8775746678831,0.2555555555555555,
2407,2,24.07,,,,0.2416666666666666,
2408,2,24.08,,,,0.2416666666666666,
2409,2,24.09,84519.65563676895,0.0845196556367689,164.0226873515768,0.2638888888888889,
2410,2,24.1,,,,0.2361111111111111,
2411,2,24.11,,,,0.2277777777777777,
2412,2,24.12,,,,0.2166666666666666,
2413,2,24.13,,,,0.2055555555555555,
2414,2,24.14,,,,0.2166666666666666,
2415,2,24.15,89843.35410446448,0.0898433541044644,169.10951427806208,0.2583333333333333,
2416,2,24.16,,,,0.2361111111111111,
2417,2,24.17,,,,0.2305555555555555,
2418,2,24.18,,,,0.2444444444444444,
2419,2,24.19,,,,0.2333333333333333,
2420,2,24.2,,,,0.2194444444444444,
2421,2,24.21,,,,0.2222222222222222,
2422,2,24.22,,,,0.2416666666666666,
2423,2,24.23,89594.05353420993,0.0895940535342099,168.87472570878924,0.2527777777777777,
2424,2,24.24,,,,0.225,
2425,2,24.25,,,,0.2222222222222222,
2426,2,24.26,,,,0.2166666666666666,
2427,2,24.27,,,,0.2416666666666666,
2428,2,24.28,,,,0.2194444444444444,
2429,2,24.29,,,,0.2055555555555555,
2430,2,24.3,,,,0.2166666666666666,
2431,2,24.31,,,,0.2222222222222222,
2432,2,24.32,,,,0.2416666666666666,
2433,2,24.33,,,,0.2027777777777777,
2434,2,24.34,,,,0.2083333333333333,
2435,2,24.35,,,,0.2388888888888889,
2436,2,24.36,,,,0.2361111111111111,
2437,2,24.37,,,,0.2166666666666666,
2438,2,24.38,,,,0.2361111111111111,
2439,2,24.39,,,,0.2333333333333333,
2440,2,24.4,,,,0.2333333333333333,
2441,2,24.41,,,,0.2277777777777777,
2442,2,24.42,,,,0.2416666666666666,
2443,2,24.43,,,,0.2361111111111111,
2444,2,24.44,,,,0.2472222222222222,
2445,2,24.45,,,,0.2444444444444444,
2446,2,24.46,,,,0.2361111111111111,
2447,2,24.47,,,,0.1861111111111111,
2448,2,24.48,,,,0.2055555555555555,
2449,2,24.49,,,,0.1888888888888888,
2450,2,24.5,,,,0.2277777777777777,
2451,2,24.51,,,,0.225,
2452,2,24.52,,,,0.2416666666666666,
2453,2,24.53,,,,0.2416666666666666,
2454,2,24.54,,,,0.2444444444444444,
2455,2,24.55,,,,0.2277777777777777,
2456,2,24.56,,,,0.2472222222222222,
2457,2,24.57,,,,0.2361111111111111,
2458,2,24.58,,,,0.225,
2459,2,24.59,,,,0.2333333333333333,
2460,2,24.6,,,,0.2361111111111111,
2461,2,24.61,88657.2785786541,0.0886572785786541,167.9895480490855,0.2666666666666666,0.0904689833365837
2462,2,24.62,90120.82115873648,0.0901208211587364,169.37044702611834,0.2583333333333333,0.0906761873300869
2463,2,24.63,93310.4531891352,0.0933104531891352,172.34163668246728,0.2527777777777777,0.0908833913235902
2464,2,24.64,89163.07042702571,0.0891630704270257,168.46805869191903,0.2555555555555555,0.0906761873300869
2465,2,24.65,93677.34898317528,0.0936773489831752,172.68012709293956,0.2666666666666666,0.0908833913235902
2466,2,24.66,87064.86247257916,0.0870648624725791,166.47404141263002,0.2833333333333333,0.0910201496831982
2467,2,24.67,90092.47226895751,0.0900924722689575,169.34380589188427,0.2833333333333333,0.0908833913235902
2468,2,24.68,92680.643913647,0.0926806439136469,171.7590324134175,0.2777777777777778,0.0906761873300869
2469,2,24.69,87417.11339873148,0.0874171133987314,166.8104655483754,0.2861111111111111,0.0908833913235902
2470,2,24.7,,,,0.2444444444444444,0.0906761873300869
2471,2,24.71,96329.7419421704,0.0963297419421704,175.10770740811552,0.2555555555555555,0.0908833913235902
2472,2,24.72,90883.3913235902,0.0908833913235902,170.08551363419784,0.275,0.0906761873300869
2473,2,24.73,88855.0553459936,0.0888550553459936,168.17681931240597,0.2583333333333333,0.0904689833365837
2474,2,24.74,96002.85087462592,0.0960028508746259,174.81034447429477,0.2638888888888889,0.09029490224766
2475,2,24.75,90468.9833365837,0.0904689833365837,169.69729458371222,0.3,0.0904689833365837
2476,2,24.76,95327.6193055391,0.0953276193055391,174.19449948640133,0.2777777777777778,0.0906761873300869
2477,2,24.77,91993.25279995098,0.0919932527999509,171.12089828080343,0.2666666666666666,0.0910201496831982
2478,2,24.78,91156.90804280622,0.0911569080428062,170.34126048603702,0.2777777777777778,0.0911851010848374
2479,2,24.79,87460.0541324109,0.0874600541324109,166.85143054980344,0.2777777777777778,0.0910201496831982
2480,2,24.8,91372.358542415,0.0913723585424149,170.54244353820147,0.2833333333333333,0.0911851010848374
2481,2,24.81,97953.85366660373,0.0979538536666037,176.57768831842915,0.2916666666666667,0.0911851010848374
2482,2,24.82,83809.10613863458,0.0838091061386345,163.33176983108342,0.2833333333333333,0.0911851010848374
2483,2,24.83,89838.70793998893,0.0898387079399889,169.10514155186618,0.3027777777777777,0.0911851010848374
2484,2,24.84,97810.6952995155,0.0978106952995155,176.44860806576574,0.2888888888888888,0.0911851010848374
2485,2,24.85,88647.96590513107,0.088647965905131,167.9807248992777,0.3,0.0911851010848374
2486,2,24.86,91353.97788093606,0.091353977880936,170.52528933186798,0.2972222222222222,0.0911569080428062
2487,2,24.87,89324.00609945497,0.0893240060994549,168.62002910389305,0.2888888888888888,0.0908833913235902
2488,2,24.88,88699.75650141483,0.0886997565014148,168.02978722981024,0.3055555555555556,0.0911569080428062
2489,2,24.89,90120.59986336286,0.0901205998633628,169.3702390779501,0.3138888888888889,0.0911569080428062
2490,2,24.9,91682.47347268189,0.0916824734726818,170.83160625638857,0.2833333333333333,0.0911569080428062
2491,2,24.91,92982.96382401643,0.0929829638240164,172.038939289494,0.2777777777777778,0.0911569080428062
2492,2,24.92,91213.29412686868,0.0912132941268686,170.39393554928,0.3,0.0911569080428062
2493,2,24.93,96360.5716379387,0.0963605716379387,175.13572619736178,0.2861111111111111,0.0911569080428062
2494,2,24.94,90276.99258688148,0.0902769925868814,169.5171355212952,0.2916666666666667,0.0910142283816705
2495,2,24.95,94268.5516723345,0.0942685516723345,173.22416677107034,0.275,0.0912132941268686
2496,2,24.96,94095.47227935409,0.094095472279354,173.0650717841449,0.2805555555555555,0.0912132941268686
2497,2,24.97,84282.57814419988,0.0842825781441998,163.79248412658228,0.3,0.0912132941268686
2498,2,24.98,90243.4267236804,0.0902434267236803,169.48561853222225,0.2916666666666667,0.0912132941268686
2499,2,24.99,93870.69645203704,0.093870696452037,172.85823874967912,0.2833333333333333,0.0912132941268686
2500,2,25.0,90116.06055412348,0.0901160605541234,169.36597349619737,0.3138888888888889,0.0910142283816705
2501,2,25.01,88659.13339138136,0.0886591333913813,167.9913053076382,0.2944444444444444,0.0910142283816705
2502,2,25.02,87545.72068948708,0.087545720689487,166.93312549805253,0.2666666666666666,0.0910142283816705
2503,2,25.03,91314.32655664175,0.0913143265566417,170.48827787620516,0.2888888888888888,0.0910142283816705
2504,2,25.04,90423.42426513866,0.0904234242651386,169.6545604638582,0.2694444444444444,0.0910142283816705
2505,2,25.05,96203.907678617,0.096203907678617,174.9932995963459,0.2638888888888889,0.0910142283816705
2506,2,25.06,82814.3566887641,0.0828143566887641,162.35956532334134,0.2694444444444444,0.0910142283816705
2507,2,25.07,93217.09963266224,0.0932170996326622,172.25540448547846,0.2722222222222222,0.0904234242651386
2508,2,25.08,92781.64640599723,0.0927816464059972,171.8525976162062,0.275,0.0902769925868814
2509,2,25.09,91014.22838167056,0.0910142283816705,170.2078983986204,0.2916666666666667,0.0902434267236803
2510,2,25.1,96608.13222698176,0.0966081322269817,175.36055307166194,0.275,0.0901160605541234
2511,2,25.11,91505.5307951748,0.0915055307951748,170.66667833118288,0.2777777777777778,0.0891848319351273
2512,2,25.12,97602.06991686272,0.0976020699168627,176.26032953146026,0.2777777777777778,0.0891848319351273
2513,2,25.13,88205.54824953302,0.088205548249533,167.56102776029903,0.2972222222222222,0.0891848319351273
2514,2,25.14,79334.25177229822,0.0793342517722982,158.91153719008707,0.2805555555555555,0.0890768762481513
2515,2,25.15,88966.96510559434,0.0889669651055943,168.2826923271642,0.3027777777777777,0.0889669651055943
2516,2,25.16,88341.95123213978,0.0883419512321397,167.69053772338015,0.2861111111111111,0.0886591333913813
2517,2,25.17,95896.46847405429,0.0958964684740542,174.71346246183683,0.2722222222222222,0.0889669651055943
2518,2,25.18,88420.33905579054,0.0884203390557905,167.76491904203596,0.2833333333333333,0.0889669651055943
2519,2,25.19,86467.66664717958,0.0864676666471795,165.90211912161243,0.2972222222222222,0.0884203390557905
2520,2,25.2,83120.85596491583,0.0831208559649158,162.6597374942294,0.3,0.0883419512321397
2521,2,25.21,93220.27013759402,0.093220270137594,172.25833384054246,0.2833333333333333,0.0883341888419959
2522,2,25.22,89184.83193512738,0.0891848319351273,168.48861594360284,0.2861111111111111,0.0883419512321397
2523,2,25.23,88046.09663036949,0.0880460966303694,167.4095068905585,0.2861111111111111,0.0883419512321397
2524,2,25.24,83558.06605889196,0.0835580660588919,163.08696605475114,0.2888888888888888,0.0883341888419959
2525,2,25.25,89076.87624815131,0.0890768762481513,168.38660974126375,0.2694444444444444,0.088205548249533
2526,2,25.26,84510.36268230417,0.0845103626823041,164.01366993868257,0.3,0.088205548249533
2527,2,25.27,91836.31359032405,0.091836313590324,170.97487103804158,0.2916666666666667,0.088205548249533
2528,2,25.28,84023.80855940975,0.0840238085594097,163.54084792269586,0.2805555555555555,0.088205548249533
2529,2,25.29,80387.06614989477,0.0803870661498947,159.96248896795103,0.3027777777777777,0.0881388528347679
2530,2,25.3,88334.1888419959,0.0883341888419959,167.68317028382185,0.3027777777777777,0.0881388528347679
2531,2,25.31,85873.73625209136,0.0858737362520913,165.3313618542473,0.2722222222222222,0.0881388528347679
2532,2,25.32,92994.4378608624,0.0929944378608624,172.04955370827528,0.2805555555555555,0.0881388528347679
2533,2,25.33,88138.85283476798,0.0881388528347679,167.4976662948021,0.3027777777777777,0.0881388528347679
2534,2,25.34,87731.61288783376,0.0877316128878337,167.11026214163732,0.2861111111111111,0.0881388528347679
2535,2,25.35,82257.11996396272,0.0822571199639627,161.8124052523025,0.2805555555555555,0.0881388528347679
2536,2,25.36,85678.56478633622,0.0856785647863362,165.1433746946247,0.2861111111111111,0.0883341888419959
2537,2,25.37,89138.61104699987,0.0891386110469998,168.44494987072693,0.2833333333333333,0.0881891271693282
2538,2,25.38,88971.71101435558,0.0889717110143555,168.28718075526916,0.2888888888888888,0.0881388528347679
2539,2,25.39,86300.91250746856,0.0863009125074685,165.74206960759722,0.2972222222222222,0.0881388528347679
2540,2,25.4,85891.00910859492,0.0858910091085949,165.34798859849425,0.2777777777777778,0.0881388528347679
2541,2,25.41,90033.14063295923,0.0900331406329592,169.28803486261654,0.2972222222222222,0.087803324998473
2542,2,25.42,89379.91401346966,0.0893799140134696,168.6727905050027,0.2861111111111111,0.087803324998473
2543,2,25.43,89236.96253453795,0.0892369625345379,168.53785149857575,0.2944444444444444,0.087803324998473
2544,2,25.44,86470.40343444908,0.086470403434449,165.90474458401104,0.2833333333333333,0.0879710889166205
2545,2,25.45,87298.53175392344,0.0872985317539234,166.6972876402115,0.2833333333333333,0.0879710889166205
2546,2,25.46,91840.80948626366,0.0918408094862636,170.97905607003386,0.2916666666666667,0.0877674689431534
2547,2,25.47,93021.82122161068,0.0930218212216106,172.07488290177568,0.2888888888888888,0.0877674689431534
2548,2,25.48,91713.8198651519,0.0917138198651519,170.86080756790653,0.2666666666666666,0.0877674689431534
2549,2,25.49,89972.09382039524,0.0899720938203952,169.23063240349646,0.2722222222222222,0.0875150723208786
2550,2,25.5,80326.51220070345,0.0803265122007034,159.90222936578084,0.2833333333333333,0.08697885149675
2551,2,25.51,89605.99145697308,0.089605991456973,168.8859761556738,0.2916666666666667,0.08697885149675
2552,2,25.52,88189.1271693282,0.0881891271693282,167.54542975538516,0.2805555555555555,0.08697885149675
2553,2,25.53,87803.32499847308,0.087803324998473,167.1785464311206,0.2777777777777778,0.0866269443840865
2554,2,25.54,84860.96951283804,0.084860969512838,164.3535382858477,0.2833333333333333,0.0866269443840865
2555,2,25.55,84568.9883279892,0.0845689883279891,164.0705490006069,0.3,0.08697885149675
2556,2,25.56,78805.00465080678,0.0788050046508067,158.3805924383142,0.2861111111111111,0.08697885149675
2557,2,25.57,85308.59551137152,0.0853085955113715,164.78643550888435,0.2777777777777778,0.08697885149675
2558,2,25.58,89363.12338922701,0.089363123389227,168.65694659590187,0.2722222222222222,0.08697885149675
2559,2,25.59,,,,0.2472222222222222,0.08697885149675
2560,2,25.6,85733.80993507954,0.0857338099350795,165.19660796317189,0.2805555555555555,0.0870789623398238
2561,2,25.61,81397.14425622193,0.0813971442562219,160.96433059496007,0.2833333333333333,0.0871569854496717
2562,2,25.62,80456.99802566669,0.0804569980256666,160.03205267770403,0.2805555555555555,0.0868593929257242
2563,2,25.63,94086.75307853275,0.0940867530785327,173.05705320451457,0.2555555555555555,0.0868593929257242
2564,2,25.64,82694.59386039399,0.0826945938603939,162.24212387575798,0.2611111111111111,0.0867592820826504
2565,2,25.65,86659.17123957658,0.0866591712395765,166.08573368610337,0.2638888888888889,0.0866269443840865
2566,2,25.66,81029.56768388841,0.0810295676838884,160.60047467856467,0.2777777777777778,0.0867592820826504
2567,2,25.67,86594.71752859658,0.0865947175285965,166.02395815256628,0.2861111111111111,0.0866269443840865
2568,2,25.68,81327.14969324543,0.0813271496932454,160.8951079508294,0.2722222222222222,0.0866269443840865
2569,2,25.69,94840.3861895556,0.0948403861895555,173.7487626822827,0.2833333333333333,0.086164263731838
2570,2,25.7,92993.46078968311,0.0929934607896831,172.04864986334775,0.25,0.0866269443840865
2571,2,25.71,81739.53047197987,0.0817395304719798,161.30251281753922,0.2722222222222222,0.0867592820826504
2572,2,25.72,94617.32784785728,0.0946173278478572,173.5443195793681,0.2583333333333333,0.0867592820826504
2573,2,25.73,87454.57797361923,0.0874545779736192,166.84620691233644,0.25,0.0871569854496717
2574,2,25.74,89416.44989135482,0.0894164498913548,168.70726121858468,0.2638888888888889,0.0867592820826504
2575,2,25.75,86859.39292572429,0.0868593929257242,166.277489385005,0.2638888888888889,0.0868593929257242
2576,2,25.76,88404.67197547243,0.0884046719754724,167.7500553640087,0.2638888888888889,0.0874545779736192
2577,2,25.77,,,,0.2444444444444444,0.0874545779736192
2578,2,25.78,90571.46337165908,0.090571463371659,169.79338089964568,0.25,0.0875311868388457
2579,2,25.79,,,,0.2277777777777777,0.0874545779736192
2580,2,25.8,83753.48183167598,0.0837534818316759,163.27755898878746,0.2944444444444444,0.0874545779736192
2581,2,25.81,89218.75875113392,0.0892187587511339,168.52066028689927,0.2833333333333333,0.0874545779736192
2582,2,25.82,84165.62962476289,0.0841656296247628,163.67880738337922,0.2555555555555555,0.0875311868388457
2583,2,25.83,89337.50761585902,0.089337507615859,168.63277226312687,0.2722222222222222,0.0875311868388457
2584,2,25.84,85579.26314013448,0.0855792631401344,165.0476461808192,0.2833333333333333,0.0875311868388457
2585,2,25.85,87531.18683884575,0.0875311868388457,166.91926827123677,0.275,0.0874545779736192
2586,2,25.86,88753.30932701235,0.0887533093270123,168.08050389713875,0.2583333333333333,0.0868593929257242
2587,2,25.87,83580.19802680924,0.0835801980268092,163.10856299143936,0.3,0.0868593929257242
2588,2,25.88,89488.6992291992,0.0894886992291992,168.77540598790418,0.2861111111111111,0.0861493510029288
2589,2,25.89,82730.32350482162,0.0827303235048216,162.27716986307087,0.25,0.0860178888296764
2590,2,25.9,94165.68494304256,0.0941656849430425,173.1296290547593,0.25,0.0855792631401344
2591,2,25.91,87855.96669504388,0.0878559666950438,167.22865412143435,0.2555555555555555,0.0853084785232389
2592,2,25.92,86017.8888296764,0.0860178888296764,165.47007101933644,0.2666666666666666,0.0853084785232389
2593,2,25.93,89360.31371941956,0.0893603137194195,168.6542951999037,0.2611111111111111,0.0851608637201635
2594,2,25.94,78325.01266019451,0.0783250126601945,157.89751696974363,0.2833333333333333,0.0845894392709254
2595,2,25.95,85013.24891708807,0.085013248917088,164.50093491197117,0.2972222222222222,0.0841656296247628
2596,2,25.96,85308.47852323897,0.0853084785232389,164.78632251872284,0.25,0.085013248917088
2597,2,25.97,91208.22747892264,0.0912082274789226,170.38920302601676,0.2861111111111111,0.0848031636191708
2598,2,25.98,79674.13619513657,0.0796741361951365,159.2515784036873,0.2694444444444444,0.0848031636191708
2599,2,25.99,83844.29270869459,0.0838442927086945,163.3660529891844,0.2527777777777777,0.0848031636191708
2600,2,26.0,82625.66107377561,0.0826256610737756,162.17448866037464,0.2611111111111111,0.0841626198729617
2601,2,26.01,84162.6198729617,0.0841626198729617,163.67588079094634,0.2555555555555555,0.0841254723101798
2602,2,26.02,80859.51497712704,0.080859514977127,160.43186407084417,0.2611111111111111,0.0840311552715096
2603,2,26.03,86149.35100292886,0.0861493510029288,165.5964676934557,0.2833333333333333,0.0840311552715096
2604,2,26.04,81599.91153472877,0.0815999115347287,161.16469387935717,0.2611111111111111,0.0838442927086945
2605,2,26.05,82973.40740859658,0.0829734074085965,162.51540194243643,0.2666666666666666,0.0840311552715096
2606,2,26.06,84125.47231017986,0.0841254723101798,163.63975530478825,0.2694444444444444,0.0838442927086945
2607,2,26.07,91206.6017279796,0.0912066017279796,170.38768445883497,0.275,0.083837565394378
2608,2,26.08,75516.54491683346,0.0755165449168334,155.04084241731394,0.275,0.083837565394378
2609,2,26.09,82409.5733531439,0.0824095733531439,161.96228546946966,0.2777777777777778,0.0838354934445356
2610,2,26.1,83835.49344453563,0.0838354934445356,163.3574803199782,0.2861111111111111,0.0838354934445356
2611,2,26.11,86805.73445856821,0.0868057344585682,166.22612145991738,0.2833333333333333,0.0834474089114512
2612,2,26.12,84803.1636191708,0.0848031636191708,164.2975512892497,0.2694444444444444,0.0834474089114512
2613,2,26.13,81398.06411890782,0.0813980641189078,160.96524011497155,0.2833333333333333,0.0829734074085965
2614,2,26.14,85806.41025086885,0.0858064102508688,165.26653829736287,0.2972222222222222,0.0829734074085965
2615,2,26.15,83447.4089114512,0.0834474089114512,162.97894107195648,0.2833333333333333,0.0829734074085965
2616,2,26.16,79956.39017728253,0.0799563901772825,159.53341172618846,0.2638888888888889,0.0829734074085965
2617,2,26.17,84031.15527150969,0.0840311552715096,163.54799745141085,0.2694444444444444,0.082730202722221
2618,2,26.18,79817.93318574327,0.0798179331857432,159.3952233530834,0.2972222222222222,0.0828518050654088
2619,2,26.19,83837.56539437808,0.083837565394378,163.3594989543326,0.275,0.0828518050654088
2620,2,26.2,91438.38838819764,0.0914383883881976,170.6040532949802,0.2694444444444444,0.0830513433206536
2621,2,26.21,82638.30982832493,0.0826383098283249,162.18690143126523,0.2638888888888889,0.0829297409774658
2622,2,26.22,79802.90727189719,0.0798029072718971,159.38021938387834,0.2666666666666666,0.0829297409774658
2623,2,26.23,84024.78657902856,0.0840247865790285,163.54179971061797,0.2611111111111111,0.0829297409774658
2624,2,26.24,82730.20272222102,0.082730202722221,162.27705140429472,0.275,0.0829297409774658
2625,2,26.25,79434.18846352382,0.0794341884635238,159.01159545431284,0.2638888888888889,0.0829297409774658
2626,2,26.26,80236.77700907174,0.0802367770090717,159.812888583843,0.2777777777777778,0.0827453266831403
2627,2,26.27,90197.14931144445,0.0901971493114444,169.44215629951196,0.275,0.0827453266831403
2628,2,26.28,80964.07398540416,0.0809640739854041,160.53555735496735,0.275,0.0827453266831403
2629,2,26.29,78102.60921883793,0.0781026092188379,157.67318304361518,0.2722222222222222,0.0829448649383852
2630,2,26.3,83129.27923271073,0.0831292792327107,162.66797905889376,0.275,0.0827453266831403
2631,2,26.31,80666.91606915662,0.0806669160691566,160.24068419964587,0.2861111111111111,0.0827453266831403
2632,2,26.32,78917.27643344027,0.0789172764334402,158.4933729827942,0.2805555555555555,0.0827453266831403
2633,2,26.33,,,,0.2472222222222222,0.0827453266831403
2634,2,26.34,84213.8418177474,0.0842138418177474,163.72568034400382,0.2527777777777777,0.0827453266831403
2635,2,26.35,87534.62924532195,0.0875346292453219,166.9225505203498,0.2666666666666666,0.0827453266831403
2636,2,26.36,81308.72301500925,0.0813087230150092,160.87687953418586,0.2638888888888889,0.0827453266831403
2637,2,26.37,83835.74669748142,0.0838357466974814,163.35772705754815,0.2777777777777778,0.0829448649383852
2638,2,26.38,85857.45044736941,0.0858574504473694,165.3156837082695,0.2583333333333333,0.0831292792327107
2639,2,26.39,81556.89530350531,0.0815568953035053,161.12220846786488,0.3055555555555556,0.0829448649383852
2640,2,26.4,80658.97522076983,0.0806589752207698,160.23279696187183,0.2694444444444444,0.083482512965096
2641,2,26.41,82760.45064405975,0.0827604506440597,162.30671466402703,0.2916666666666667,0.0838357466974814
2642,2,26.42,84963.95847944,0.08496395847944,164.45323941265144,0.2666666666666666,0.0841471425549068
2643,2,26.43,87381.22049547706,0.087381220495477,166.77621638146135,0.2805555555555555,0.0841471425549068
2644,2,26.44,87696.06429331333,0.0876960642933133,167.07640241509557,0.2722222222222222,0.084180492186327
2645,2,26.45,81647.41570259366,0.0816474157025936,161.21159883672524,0.2861111111111111,0.084180492186327
2646,2,26.46,87599.62706299446,0.0875996270629944,166.9845122164456,0.2777777777777778,0.0845639094157664
2647,2,26.47,80488.26882283842,0.0804882688228384,160.06314906351196,0.2694444444444444,0.0847729555667477
2648,2,26.48,88037.47945300472,0.0880374794530047,167.4013144052153,0.2666666666666666,0.0849389677466127
2649,2,26.49,82503.1666653071,0.0825031666653071,162.05423040154247,0.2638888888888889,0.0849139770137855
2650,2,26.5,85258.58138391211,0.0852585813839121,164.73812350668717,0.2638888888888889,0.0849389677466127
2651,2,26.51,84147.1425549068,0.0841471425549068,163.66083028429128,0.275,0.0849389677466127
2652,2,26.52,87450.27690701962,0.0874502769070196,166.84210406553376,0.2722222222222222,0.0849738618181074
2653,2,26.53,,,,0.2472222222222222,0.0851211732703434
2654,2,26.54,,,,0.2472222222222222,0.085050116870691
2655,2,26.55,88857.90607320772,0.0888579060732077,168.1795170901995,0.2527777777777777,0.085050116870691
2656,2,26.56,,,,0.2361111111111111,0.085050116870691
2657,2,26.57,91246.7332204374,0.0912467332204374,170.42516617577388,0.2555555555555555,0.0851875249842596
2658,2,26.58,84913.97701378554,0.0849139770137855,164.40486111630364,0.2888888888888888,0.0851875249842596
2659,2,26.59,,,,0.2416666666666666,0.085050116870691
2660,2,26.6,77082.90977860214,0.0770829097786021,156.64051914604428,0.2666666666666666,0.0849488710852801
2661,2,26.61,91199.30048112429,0.0911993004811242,170.3808644073271,0.2777777777777778,0.0849488710852801
2662,2,26.62,84631.93411970997,0.0846319341197099,164.13159755866312,0.2944444444444444,0.0849488710852801
2663,2,26.63,84983.76515677483,0.0849837651567748,164.4724068484528,0.2888888888888888,0.0849488710852801
2664,2,26.64,82013.21531410902,0.082013215314109,161.572328175962,0.2805555555555555,0.0847729555667477
2665,2,26.65,,,,0.2416666666666666,0.0847729555667477
2666,2,26.66,93211.2439217277,0.0932112439217277,172.2499940312762,0.2583333333333333,0.0843895383373083
2667,2,26.67,90825.53267894997,0.0908255326789499,170.0313646643428,0.2777777777777778,0.0841729107095105
2668,2,26.68,85759.27374295173,0.0857592737429517,165.22113867276036,0.2527777777777777,0.0836021942031132
2669,2,26.69,85116.4685846072,0.0851164685846072,164.60076982667036,0.2888888888888888,0.0834905011069153
2670,2,26.7,77976.66875747754,0.0779766687574775,157.54600774752694,0.2888888888888888,0.0834692155183737
2671,2,26.71,79393.75782735516,0.0793937578273551,158.97112321968683,0.2555555555555555,0.0834692155183737
2672,2,26.72,86510.50024241698,0.0865105002424169,165.94320560320193,0.2611111111111111,0.0834479299298321
2673,2,26.73,79021.24780209434,0.0790212478020943,158.59774397508235,0.2666666666666666,0.0834144727158132
2674,2,26.74,83713.88729931109,0.083713887299311,163.2389596213061,0.2638888888888889,0.0827067366039904
2675,2,26.75,77050.33732531188,0.0770503373253118,156.60742033646648,0.2722222222222222,0.0830606046599018
2676,2,26.76,83490.50110691538,0.0834905011069153,163.02101675787046,0.2805555555555555,0.0830606046599018
2677,2,26.77,85527.88606368328,0.0855278860636832,164.9980959843817,0.2638888888888889,0.0830606046599018
2678,2,26.78,81438.13957880127,0.0814381395788012,161.00485998983973,0.2611111111111111,0.0830606046599018
2679,2,26.79,80606.09981369236,0.0806060998136923,160.18026862699315,0.2777777777777778,0.0827362459540383
2680,2,26.8,79932.43024690516,0.0799324302469051,159.50950684610046,0.3,0.0827362459540383
2681,2,26.81,82551.0843925205,0.0825510843925205,162.10128400889272,0.2722222222222222,0.0827657553040863
2682,2,26.82,83414.4727158132,0.0834144727158132,162.9467744886391,0.2638888888888889,0.0827067366039904
2683,2,26.83,83447.92992983211,0.0834479299298321,162.97944986481517,0.2805555555555555,0.0827067366039904
2684,2,26.84,82706.73660399046,0.0827067366039904,162.25403512717014,0.2888888888888888,0.0825510843925205
2685,2,26.85,82121.05536718869,0.0821210553671887,161.67851986959369,0.2916666666666667,0.0821491644820117
2686,2,26.86,84544.07859198224,0.0845440785919822,164.0463837886325,0.2694444444444444,0.0821491644820117
2687,2,26.87,81643.54899591579,0.0816435489959157,161.20778141433087,0.2944444444444444,0.0825510843925205
2688,2,26.88,79206.82065866096,0.0792068206586609,158.78385959800286,0.3083333333333333,0.0825510843925205
2689,2,26.89,79816.06230996476,0.0798160623099647,159.39335528660922,0.2833333333333333,0.082570180845064
2690,2,26.9,84201.90740228917,0.0842019074022891,163.71407869111545,0.2805555555555555,0.082570180845064
2691,2,26.91,81847.93369006632,0.0818479336900663,161.40943732404082,0.2805555555555555,0.0827067366039904
2692,2,26.92,84564.91198011981,0.0845649119801198,164.0665947337672,0.2638888888888889,0.082570180845064
2693,2,26.93,83582.90305411519,0.0835829030541151,163.11120242971117,0.2916666666666667,0.0825510843925205
2694,2,26.94,82765.7553040863,0.0827657553040863,162.31191623155453,0.2805555555555555,0.0825510843925205
2695,2,26.95,82149.16448201175,0.0821491644820117,161.70618787282896,0.2805555555555555,0.0825510843925205
2696,2,26.96,89838.2420494405,0.0898382420494404,169.10470307389215,0.2805555555555555,0.0825510843925205
2697,2,26.97,81222.81304008592,0.0812228130400859,160.79186662986734,0.2777777777777778,0.0821491644820117
2698,2,26.98,88792.79805326156,0.0887927980532615,168.1178914996081,0.2583333333333333,0.0821491644820117
2699,2,26.99,81879.4976204394,0.0818794976204394,161.44055738366373,0.2805555555555555,0.0821491644820117
2700,2,27.0,80156.32924361603,0.080156329243616,159.73275192785565,0.3027777777777777,0.0821210553671887
2701,2,27.01,80680.01692246467,0.0806800169224646,160.253695757371,0.3027777777777777,0.0818794976204394
2702,2,27.02,82570.18084506407,0.082570180845064,162.12003228153932,0.3027777777777777,0.0818794976204394
2703,2,27.03,85846.09326935119,0.0858460932693511,165.30474941117163,0.2694444444444444,0.0821491644820117
2704,2,27.04,85436.22517292156,0.0854362251729215,164.90965742116305,0.2861111111111111,0.0821491644820117
2705,2,27.05,84237.51795440404,0.084237517954404,163.74869389546706,0.3,0.082570180845064
2706,2,27.06,83520.05825616664,0.0835200582561666,163.04987040038998,0.3194444444444444,0.0821491644820117
2707,2,27.07,80960.27518897799,0.0809602751889779,160.53179118421355,0.2888888888888888,0.0821491644820117
2708,2,27.08,78631.69366963627,0.0786316936696362,158.20633824983312,0.2888888888888888,0.0821491644820117
2709,2,27.09,81419.19295695076,0.0814191929569507,160.98612997181803,0.3083333333333333,0.0818794976204394
2710,2,27.1,79499.71192473877,0.0794997119247387,159.07716446557546,0.2944444444444444,0.0818794976204394
2711,2,27.11,80936.80947050019,0.0809368094705001,160.50852504036683,0.2972222222222222,0.0818794976204394
2712,2,27.12,72945.07342116626,0.0729450734211662,152.37827278965884,0.3,0.0814191929569507
2713,2,27.13,83096.27632745831,0.0830962763274583,162.63568569071816,0.2944444444444444,0.0814191929569507
2714,2,27.14,83705.06562634037,0.0837050656263403,163.23035842798097,0.2944444444444444,0.0813292694619576
2715,2,27.15,78078.78281626749,0.0780787828162674,157.64913089394122,0.3222222222222222,0.0812015706693147
2716,2,27.16,78116.87164465312,0.0781168716446531,157.68757884577758,0.2861111111111111,0.0812015706693147
2717,2,27.17,84427.65823971391,0.0844276582397139,163.93339588091047,0.2888888888888888,0.0813292694619576
2718,2,27.18,84120.12062264435,0.0841201206226443,163.63455020612446,0.2833333333333333,0.0812015706693147
2719,2,27.19,76750.34947390048,0.0767503494739004,156.30225527996524,0.2861111111111111,0.0812015706693147
2720,2,27.2,86322.61927349465,0.0863226192734946,165.7629123659233,0.2722222222222222,0.0809602751889779
2721,2,27.21,81329.26946195762,0.0813292694619576,160.8972047794696,0.275,0.0809602751889779
2722,2,27.22,81201.57066931477,0.0812015706693147,160.7708391397352,0.2972222222222222,0.0809368094705001
2723,2,27.23,85467.76849375272,0.0854677684937527,164.94009719176532,0.2944444444444444,0.0794997119247387
2724,2,27.24,74727.9749555141,0.0747279749555141,154.2292229210627,0.3,0.0794997119247387
2725,2,27.25,84085.86992713278,0.0840858699271327,163.6012337550382,0.3222222222222222,0.0794997119247387
2726,2,27.26,82076.38780018719,0.0820763878001872,161.63454352041907,0.3222222222222222,0.0799840709066458
2727,2,27.27,79463.1568302662,0.0794631568302662,159.04058729282517,0.3361111111111111,0.0794631568302662
2728,2,27.28,77915.62116950046,0.0779156211695004,157.48432463709855,0.3027777777777777,0.0799840709066458
2729,2,27.29,76957.45164968396,0.0769574516496839,156.5129952291677,0.2888888888888888,0.0794631568302662
2730,2,27.3,73831.62400458928,0.0738316240045892,153.30145411464704,0.2861111111111111,0.0792221051231926
2731,2,27.31,76292.7404352595,0.0762927404352595,155.83559774517803,0.2805555555555555,0.0792221051231926
2732,2,27.32,84974.86407077912,0.0849748640707791,164.46379331285289,0.2888888888888888,0.0794631568302662
2733,2,27.33,75033.11445954132,0.0750331144595413,154.54378707548204,0.3055555555555556,0.0793426309767294
2734,2,27.34,84794.9070986147,0.0847949070986147,164.28955300786825,0.2722222222222222,0.0790269674128135
2735,2,27.35,76592.67630612219,0.0765926763061221,156.1416218614168,0.2694444444444444,0.0793426309767294
2736,2,27.36,82896.08717992637,0.0828960871799263,162.43966287617056,0.3111111111111111,0.0793426309767294
2737,2,27.37,78089.48220109894,0.0780894822010989,157.6599321057286,0.2583333333333333,0.0790269674128135
2738,2,27.38,78795.26683388327,0.0787952668338832,158.37080670917476,0.2805555555555555,0.0790269674128135
2739,2,27.39,79222.10512319262,0.0792221051231926,158.79917904385948,0.2694444444444444,0.0788282258403491
2740,2,27.4,82103.02748255679,0.0821030274825568,161.6607724010908,0.275,0.0788293170734659
2741,2,27.41,79984.07090664588,0.0799840709066458,159.5610243975975,0.2722222222222222,0.0788293170734659
2742,2,27.42,76138.02995962754,0.0761380299596275,155.6775117051499,0.2666666666666666,0.0788257132113805
2743,2,27.43,82087.92034767532,0.0820879203476753,161.64589875073415,0.2888888888888888,0.0788099444060735
2744,2,27.44,76885.18793241795,0.0768851879324179,156.439494437905,0.2666666666666666,0.0788257132113805
2745,2,27.45,78824.62197826384,0.0788246219782638,158.40030445166914,0.3055555555555556,0.0788293170734659
2746,2,27.46,75776.66565194241,0.0757766656519424,155.30763606164686,0.2888888888888888,0.0788293170734659
2747,2,27.47,79900.66682579071,0.0799006668257907,159.47781088078185,0.25,0.0790269674128135
2748,2,27.48,,,,0.2361111111111111,0.0788293170734659
2749,2,27.49,78831.82970243452,0.0788318297024345,158.40754634878323,0.2527777777777777,0.0790269674128135
2750,2,27.5,87573.03932923272,0.0875730393292327,166.95916920509842,0.2611111111111111,0.0790269674128135
2751,2,27.51,87472.24430996047,0.0874722443099604,166.86305801627947,0.2694444444444444,0.0793028350962577
2752,2,27.52,78016.91196955972,0.0780169119695597,157.5866566985967,0.275,0.0790269674128135
2753,2,27.53,88572.62625091261,0.0885726262509126,167.9093284511835,0.2583333333333333,0.0793028350962577
2754,2,27.54,76987.43586745128,0.0769874358674512,156.54348261282007,0.2722222222222222,0.0796421159475567
2755,2,27.55,78826.80444449733,0.0788268044444973,158.40249730026315,0.2666666666666666,0.079936609973308
2756,2,27.56,80690.4501990592,0.0806904501990592,160.26405716498434,0.275,0.079936609973308
2757,2,27.57,73245.38324833778,0.0732453832483377,152.6916160280797,0.2694444444444444,0.079936609973308
2758,2,27.58,77273.61188208252,0.0772736118820825,156.83416274267572,0.2638888888888889,0.079936609973308
2759,2,27.59,85302.02038848033,0.0853020203884803,164.78008496509693,0.275,0.079936609973308
2760,2,27.6,79383.56506932282,0.0793835650693228,158.96091834812634,0.2888888888888888,0.079936609973308
2761,2,27.61,73807.46030184772,0.0738074603018477,153.27636571955833,0.2555555555555555,0.079936609973308
2762,2,27.62,81192.57083343853,0.0811925708334385,160.76192951367926,0.2694444444444444,0.0803315016599422
2763,2,27.63,76935.91567842872,0.0769359156784287,156.49109419723015,0.2805555555555555,0.0808575382669121
2764,2,27.64,79972.55312082532,0.0799725531208253,159.54953551081576,0.2638888888888889,0.081024626334765
2765,2,27.65,83553.58620607648,0.0835535862060764,163.0825941524838,0.2638888888888889,0.0811925708334385
2766,2,27.66,83193.038352699,0.083193038352699,162.73034925708038,0.2666666666666666,0.081024626334765
2767,2,27.67,78026.77293436645,0.0780267729343664,157.59661548404733,0.275,0.0806904501990592
2768,2,27.68,84023.9878255397,0.0840239878255397,163.54102238110093,0.2777777777777778,0.0806904501990592
2769,2,27.69,83802.88223768967,0.0838028822376896,163.3257049791998,0.2666666666666666,0.080624460707421
2770,2,27.7,93172.09466312794,0.0931720946631279,172.21381723812297,0.2638888888888889,0.0806904501990592
2771,2,27.71,83060.29440478167,0.0830602944047816,162.60047004353396,0.2805555555555555,0.081024626334765
2772,2,27.72,82530.18533079069,0.0825301853307906,162.08076350810768,0.2666666666666666,0.081024626334765
2773,2,27.73,78067.3884364607,0.0780673884364606,157.63762725908933,0.2583333333333333,0.081024626334765
2774,2,27.74,82917.21450388481,0.0829172145038848,162.46036166218678,0.2722222222222222,0.0811925708334385
2775,2,27.75,78731.9363902665,0.0787319363902665,158.3071499061719,0.2638888888888889,0.0811925708334385
2776,2,27.76,78958.81305398635,0.0789588130539863,158.5350774952395,0.2722222222222222,0.0811925708334385
2777,2,27.77,81024.62633476508,0.081024626334765,160.59557773084302,0.2611111111111111,0.0811925708334385
2778,2,27.78,82751.19379083368,0.0827511937908336,162.2976373122328,0.2888888888888888,0.081024626334765
2779,2,27.79,81443.47849574508,0.081443478495745,161.01013747709374,0.2805555555555555,0.081443478495745
2780,2,27.8,82120.24066666779,0.0821202406666677,161.67771788342546,0.2777777777777778,0.081443478495745
2781,2,27.81,76300.95558464335,0.0763009555846433,155.84398765387866,0.2722222222222222,0.0813560816820999
2782,2,27.82,80142.4433478382,0.0801424433478382,159.71891566292723,0.2805555555555555,0.081024626334765
2783,2,27.83,79426.8539519905,0.0794268539519905,159.00425416131063,0.2722222222222222,0.0813560816820999
2784,2,27.84,80624.46070742102,0.080624460707421,160.19851095253253,0.2666666666666666,0.081024626334765
2785,2,27.85,82906.65745654005,0.08290665745654,162.4500190793149,0.2805555555555555,0.080824543521093
2786,2,27.86,82490.75673590289,0.0824907567359028,162.042042037923,0.2611111111111111,0.080624460707421
2787,2,27.87,78540.17988565282,0.0785401798856528,158.11424894757775,0.275,0.0802103930260023
2788,2,27.88,76907.00460432876,0.0769070046043287,156.4616882253932,0.2694444444444444,0.0802103930260023
2789,2,27.89,82545.30233784718,0.0825453023378471,162.09560694900625,0.2777777777777778,0.0804174268667116
2790,2,27.9,87534.59009336644,0.0875345900933664,166.9225131902951,0.2555555555555555,0.0801764181869202
2791,2,27.91,79851.80065139123,0.0798518006513912,159.42903617884377,0.2555555555555555,0.0802103930260023
2792,2,27.92,78787.53448568002,0.07878753448568,158.36303588539306,0.2777777777777778,0.0804174268667116
2793,2,27.93,78418.95667373261,0.0784189566737326,157.99218073521055,0.2611111111111111,0.0804174268667116
2794,2,27.94,85298.62602275996,0.0852986260227599,164.77680644113246,0.2666666666666666,0.0802103930260023
2795,2,27.95,81356.08168209995,0.0813560816820999,160.92372448022823,0.2916666666666667,0.0801764181869202
2796,2,27.96,80210.39302600236,0.0802103930260023,159.7866110625791,0.2777777777777778,0.0801424433478382
2797,2,27.97,72376.27262997087,0.0723762726299708,151.78301322365763,0.2583333333333333,0.0801764181869202
2798,2,27.98,82776.14900912844,0.0827761490091284,162.3221074586828,0.275,0.0802103930260023
2799,2,27.99,79244.94407682079,0.0792449440768207,158.8220675149826,0.2694444444444444,0.0804174268667116
2800,2,28.0,,,,0.2472222222222222,0.0802103930260023
2801,2,28.01,,,,0.2444444444444444,0.0801355861375936
2802,2,28.02,79330.125356686,0.079330125356686,158.90740440027508,0.2583333333333333,0.0800607792491849
2803,2,28.03,84477.10294290695,0.0844771029429069,163.9813923068501,0.25,0.0801355861375936
2804,2,28.04,,,,0.2472222222222222,0.0802103930260023
2805,2,28.05,80060.7792491849,0.0800607792491849,159.637519182032,0.2805555555555555,
2806,2,28.06,,,,0.2277777777777777,
2807,2,28.07,,,,0.2444444444444444,
2808,2,28.08,90993.72130656763,0.0909937213065676,170.188721931076,0.25,
2809,2,28.09,,,,0.2305555555555555,
2810,2,28.1,,,,0.2361111111111111,
2811,2,28.11,,,,0.2277777777777777,
2812,2,28.12,,,,0.225,
2813,2,28.13,,,,0.2388888888888889,
2814,2,28.14,,,,0.1944444444444444,
2815,2,28.15,,,,0.2333333333333333,
2816,2,28.16,,,,0.2388888888888889,
2817,2,28.17,,,,0.2222222222222222,
2818,2,28.18,,,,0.2305555555555555,
2819,2,28.19,,,,0.2083333333333333,
2820,2,28.2,,,,0.1833333333333333,
2821,2,28.21,,,,0.2,
2822,2,28.22,,,,0.2111111111111111,
2823,2,28.23,,,,0.2,
2824,2,28.24,,,,0.1805555555555555,
2825,2,28.25,,,,0.1916666666666666,
2826,2,28.26,,,,0.2027777777777777,
2827,2,28.27,,,,0.2166666666666666,
2828,2,28.28,,,,0.2055555555555555,
2829,2,28.29,,,,0.2138888888888888,
2830,2,28.3,,,,0.2194444444444444,
2831,2,28.31,,,,0.2277777777777777,
2832,2,28.32,,,,0.2111111111111111,
2833,2,28.33,,,,0.2083333333333333,
2834,2,28.34,,,,0.2055555555555555,
2835,2,28.35,,,,0.2333333333333333,
2836,2,28.36,,,,0.2111111111111111,
2837,2,28.37,,,,0.2055555555555555,
2838,2,28.38,,,,0.225,
2839,2,28.39,,,,0.1944444444444444,
2840,2,28.4,,,,0.2138888888888888,
2841,2,28.41,,,,0.2083333333333333,
2842,2,28.42,,,,0.2055555555555555,
2843,2,28.43,,,,0.2166666666666666,
2844,2,28.44,,,,0.2055555555555555,
2845,2,28.45,,,,0.2111111111111111,
2846,2,28.46,,,,0.2111111111111111,
2847,2,28.47,,,,0.2055555555555555,
2848,2,28.48,,,,0.2333333333333333,
2849,2,28.49,,,,0.2,
2850,2,28.5,,,,0.2166666666666666,
2851,2,28.51,,,,0.2222222222222222,
2852,2,28.52,,,,0.1916666666666666,
2853,2,28.53,,,,0.2083333333333333,
2854,2,28.54,,,,0.1916666666666666,
2855,2,28.55,,,,0.2305555555555555,
2856,2,28.56,,,,0.1944444444444444,
2857,2,28.57,,,,0.1888888888888888,
2858,2,28.58,,,,0.2138888888888888,
2859,2,28.59,,,,0.1916666666666666,
2860,2,28.6,,,,0.1861111111111111,
2861,2,28.61,,,,0.1861111111111111,
2862,2,28.62,,,,0.1833333333333333,
2863,2,28.63,,,,0.1916666666666666,
2864,2,28.64,,,,0.2166666666666666,
2865,2,28.65,,,,0.1916666666666666,
2866,2,28.66,,,,0.2,
2867,2,28.67,,,,0.1833333333333333,
2868,2,28.68,,,,0.1916666666666666,
2869,2,28.69,,,,0.1777777777777777,
2870,2,28.7,,,,0.1888888888888888,
2871,2,28.71,,,,0.1944444444444444,
2872,2,28.72,,,,0.1888888888888888,
2873,2,28.73,,,,0.1944444444444444,
2874,2,28.74,,,,0.2027777777777777,
2875,2,28.75,,,,0.2,
2876,2,28.76,,,,0.2222222222222222,
2877,2,28.77,,,,0.2111111111111111,
2878,2,28.78,,,,0.2277777777777777,
2879,2,28.79,,,,0.2111111111111111,
2880,2,28.8,,,,0.2055555555555555,
2881,2,28.81,,,,0.1944444444444444,
2882,2,28.82,,,,0.1666666666666666,
2883,2,28.83,,,,0.1972222222222222,
2884,2,28.84,,,,0.1638888888888889,
2885,2,28.85,,,,0.175,
2886,2,28.86,,,,0.1777777777777777,
2887,2,28.87,,,,0.1611111111111111,
2888,2,28.88,,,,0.1583333333333333,
2889,2,28.89,,,,0.1694444444444444,
2890,2,28.9,,,,0.1833333333333333,
2891,2,28.91,,,,0.1611111111111111,
2892,2,28.92,,,,0.1805555555555555,
2893,2,28.93,,,,0.1722222222222222,
2894,2,28.94,,,,0.1861111111111111,
2895,2,28.95,,,,0.2,
2896,2,28.96,,,,0.1777777777777777,
2897,2,28.97,,,,0.1722222222222222,
2898,2,28.98,,,,0.175,
2899,2,28.99,,,,0.175,
2900,2,29.0,,,,0.15,
2901,2,29.01,,,,0.1722222222222222,
2902,2,29.02,,,,0.1416666666666666,
2903,2,29.03,,,,0.1472222222222222,
2904,2,29.04,,,,0.1305555555555555,
2905,2,29.05,,,,0.15,
2906,2,29.06,,,,0.1361111111111111,
2907,2,29.07,,,,0.1583333333333333,
2908,2,29.08,,,,0.1416666666666666,
2909,2,29.09,,,,0.1333333333333333,
2910,2,29.1,,,,0.1527777777777778,
2911,2,29.11,,,,0.1361111111111111,
2912,2,29.12,,,,0.1444444444444444,
2913,2,29.13,,,,0.1472222222222222,
2914,2,29.14,,,,0.1555555555555555,
2915,2,29.15,,,,0.1527777777777778,
2916,2,29.16,,,,0.1416666666666666,
2917,2,29.17,,,,0.125,
2918,2,29.18,,,,0.1444444444444444,
2919,2,29.19,,,,0.1361111111111111,
2920,2,29.2,,,,0.1666666666666666,
2921,2,29.21,,,,0.1361111111111111,
2922,2,29.22,,,,0.1416666666666666,
2923,2,29.23,,,,0.15,
2924,2,29.24,,,,0.1444444444444444,
2925,2,29.25,,,,0.1472222222222222,
2926,2,29.26,,,,0.1666666666666666,
2927,2,29.27,,,,0.1611111111111111,
2928,2,29.28,,,,0.1527777777777778,
2929,2,29.29,,,,0.1861111111111111,
2930,2,29.3,,,,0.15,
2931,2,29.31,,,,0.1638888888888889,
2932,2,29.32,,,,0.1805555555555555,
2933,2,29.33,,,,0.1777777777777777,
2934,2,29.34,,,,0.175,
2935,2,29.35,,,,0.1694444444444444,
2936,2,29.36,,,,0.175,
2937,2,29.37,,,,0.1638888888888889,
2938,2,29.38,,,,0.1833333333333333,
2939,2,29.39,,,,0.175,
2940,2,29.4,,,,0.2027777777777777,
2941,2,29.41,,,,0.1972222222222222,
2942,2,29.42,,,,0.1916666666666666,
2943,2,29.43,,,,0.1888888888888888,
2944,2,29.44,,,,0.1972222222222222,
2945,2,29.45,,,,0.1944444444444444,
2946,2,29.46,,,,0.2027777777777777,
2947,2,29.47,,,,0.2083333333333333,
2948,2,29.48,,,,0.2277777777777777,
2949,2,29.49,,,,0.2194444444444444,
2950,2,29.5,,,,0.2305555555555555,
2951,2,29.51,,,,0.225,
2952,2,29.52,,,,0.2333333333333333,
2953,2,29.53,,,,0.2138888888888888,
2954,2,29.54,,,,0.2222222222222222,
2955,2,29.55,,,,0.1972222222222222,
2956,2,29.56,,,,0.1944444444444444,
2957,2,29.57,,,,0.2361111111111111,0.0884560103033203
2958,2,29.58,89531.44036181785,0.0895314403618178,168.8157059975199,0.25,0.0883449166483544
2959,2,29.59,90408.0191692356,0.0904080191692356,169.64010814622037,0.2666666666666666,0.0882338229933885
2960,2,29.6,85969.05354677021,0.0859690535467702,165.42309285526198,0.3083333333333333,0.0880575341765782
2961,2,29.61,81905.34440432991,0.0819053444043299,161.4660362280143,0.2833333333333333,0.0882338229933885
2962,2,29.62,83099.90782850825,0.0830999078285082,162.6392394312515,0.275,0.0883299029911857
2963,2,29.63,92286.98860084434,0.0922869886008443,171.39387631353563,0.2861111111111111,0.0882338229933885
2964,2,29.64,86825.29057440898,0.0868252905744089,166.2448446136441,0.2638888888888889,0.0880575341765782
2965,2,29.65,88456.01030332032,0.0884560103033203,167.7987561691746,0.2583333333333333,0.0878812453597678
2966,2,29.66,96507.53779218032,0.0965075377921803,175.26923110034687,0.2888888888888888,0.0880575341765782
2967,2,29.67,88233.82299338856,0.0882338229933885,167.5878818846585,0.2694444444444444,0.0878812453597678
2968,2,29.68,89652.76609203898,0.0896527660920389,168.93004993434096,0.2694444444444444,0.0880575341765782
2969,2,29.69,86537.99332340181,0.0865379933234018,165.9695719261385,0.2722222222222222,0.0878812453597678
2970,2,29.7,88905.70316852407,0.088905703168524,168.22474329498252,0.2888888888888888,0.0876797586237498
2971,2,29.71,90559.46975335956,0.0905594697533595,169.78213837166828,0.2694444444444444,0.0874782718877317
2972,2,29.72,87452.43866750263,0.0874524386675026,166.84416621131138,0.2861111111111111,0.0876797586237498
2973,2,29.73,87881.24535976787,0.0878812453597678,167.2527106152767,0.2944444444444444,0.0874782718877317
2974,2,29.74,85406.71309557033,0.0854067130955703,164.8811727420164,0.3194444444444444,0.0874524386675026
2975,2,29.75,84652.10285873618,0.0846521028587361,164.15115359382295,0.2972222222222222,0.0874524386675026
2976,2,29.76,88425.98298898291,0.0884259829889829,167.7702732337078,0.2861111111111111,0.0874782718877317
2977,2,29.77,91420.5753825154,0.0914205753825154,170.587434897372,0.3166666666666666,0.0874782718877317
2978,2,29.78,85096.2860870101,0.0850962860870101,164.58125391131117,0.3277777777777778,0.0877962822642226
2979,2,29.79,87312.20148007234,0.0873122014800723,166.71033835841743,0.3333333333333333,0.0877962822642226
2980,2,29.8,86611.36484617385,0.0866113648461738,166.0399159431501,0.2888888888888888,0.0878812453597678
2981,2,29.81,90091.24500550804,0.090091245005508,169.34265246493354,0.3138888888888889,0.0878812453597678
2982,2,29.82,80935.52718935668,0.0809355271893566,160.50725356777252,0.3027777777777777,0.0877962822642226
2983,2,29.83,89724.26646459443,0.0897242664645944,168.99739952516774,0.3333333333333333,0.0877962822642226
2984,2,29.84,87478.27188773177,0.0874782718877317,166.86880705553867,0.3527777777777778,0.0874782718877317
2985,2,29.85,83093.77947412222,0.0830937794741222,162.6332422568918,0.3527777777777778,0.0877962822642226
2986,2,29.86,86478.35965695808,0.086478359656958,165.91237693363098,0.3277777777777778,0.0874782718877317
2987,2,29.87,91847.67144987849,0.0918476714498784,170.98544337298722,0.3555555555555555,0.0874782718877317
2988,2,29.88,86498.46964894491,0.0864984696489449,165.93166674576534,0.3472222222222222,0.0874782718877317
2989,2,29.89,86094.81027138814,0.0860948102713881,165.54404023854377,0.3472222222222222,0.087321979083282
2990,2,29.9,88108.32378288811,0.0881083237828881,167.46865532145318,0.3194444444444444,0.087321979083282
2991,2,29.91,88219.04478503976,0.0882190447850397,167.5738467206883,0.3361111111111111,0.0874782718877317
2992,2,29.92,86855.34091678339,0.0868553409167833,166.27361089985283,0.3416666666666667,0.087321979083282
2993,2,29.93,87796.28226422262,0.0877962822642226,167.17184157292957,0.3666666666666666,0.0873122014800723
2994,2,29.94,89726.29532314865,0.0897262953231486,168.99931021162374,0.3277777777777778,0.0873122014800723
2995,2,29.95,90165.42090882549,0.0901654209088254,169.41235157804113,0.35,0.0868553409167833
2996,2,29.96,92408.65901028134,0.0924086590102813,171.50682124032087,0.3722222222222222,0.087321979083282
2997,2,29.97,87321.979083282,0.087321979083282,166.71967257448307,0.3805555555555555,0.0868553409167833
2998,2,29.98,89688.37991181637,0.0896883799118163,168.96359963536182,0.3944444444444444,0.087321979083282
2999,2,29.99,86421.02393545656,0.0864210239354565,165.85736731535872,0.3805555555555555,0.087321979083282
3000,2,30.0,89766.61253190255,0.0897666125319025,169.03727464122915,0.3777777777777777,0.087321979083282
3001,2,30.01,86574.20767875713,0.0865742076787571,166.00429570549383,0.3944444444444444,0.087321979083282
3002,2,30.02,88373.79578845727,0.0883737957884572,167.72075864082356,0.3944444444444444,0.087321979083282
3003,2,30.03,85933.86148336923,0.0859338614833692,165.38923081054853,0.3916666666666666,0.0868553409167833
3004,2,30.04,86122.53266254764,0.0861225326625476,165.5706905514238,0.3777777777777777,0.0868553409167833
3005,2,30.05,86166.77003453755,0.0861667700345375,165.61320829728078,0.3722222222222222,0.0868553409167833
3006,2,30.06,88820.97785427533,0.0888209778542753,168.14456682131413,0.3888888888888889,0.0868553409167833
3007,2,30.07,85154.89691103941,0.0851548969110394,164.63792255657685,0.3805555555555555,0.0868212316687402
3008,2,30.08,82956.04566989707,0.082956045669897,162.49839831654427,0.4,0.0866089511068801
3009,2,30.09,85194.3942367991,0.0851943942367991,164.6761000661982,0.3805555555555555,0.0865742076787571
3010,2,30.1,84683.73129722006,0.08468373129722,164.181816504864,0.375,0.0865742076787571
3011,2,30.11,90376.3165703645,0.0903763165703645,169.61036242288665,0.3916666666666666,0.0865742076787571
3012,2,30.12,86821.23166874026,0.0868212316687402,166.24095876411818,0.3833333333333333,0.0864210239354565
3013,2,30.13,89131.05977835576,0.0891310597783557,168.4378149154431,0.3833333333333333,0.0864210239354565
3014,2,30.14,91244.58477910647,0.0912445847791064,170.42315979914414,0.4,0.086353825412557
3015,2,30.15,88442.43777675096,0.0884424377767509,167.78588230996846,0.3888888888888889,0.0861667700345375
3016,2,30.16,84864.2451089642,0.0848642451089642,164.35671024241057,0.3611111111111111,0.0861225326625476
3017,2,30.17,86038.8002612019,0.0860388002612019,165.49018314852722,0.3833333333333333,0.0860647582318829
3018,2,30.18,83670.73490895254,0.0836707349089525,163.19688142174408,0.3833333333333333,0.0860388002612019
3019,2,30.19,86608.95110688015,0.0866089511068801,166.03760227529338,0.4,0.0860647582318829
3020,2,30.2,81571.80344528366,0.0815718034452836,161.1369339117348,0.3944444444444444,0.0860388002612019
3021,2,30.21,88580.05697026513,0.0885800569702651,167.91637160312504,0.3972222222222222,0.0860388002612019
3022,2,30.22,82571.87393392174,0.0825718739339217,162.1216943961817,0.3944444444444444,0.0860388002612019
3023,2,30.23,82311.37024004894,0.0823113702400489,161.8657557754012,0.3777777777777777,0.0860647582318829
3024,2,30.24,83687.37212512062,0.0836873721251206,163.21310577330388,0.4055555555555555,0.0860647582318829
3025,2,30.25,87050.83515870055,0.0870508351587005,166.460630275059,0.375,0.0860647582318829
3026,2,30.26,90353.23573693732,0.0903532357369373,169.58870299569406,0.4,0.086200699779849
3027,2,30.27,85466.89655646922,0.0854668965564692,164.9392558349028,0.3916666666666666,0.086200699779849
3028,2,30.28,87248.48806145666,0.0872484880614566,166.64950136304066,0.3888888888888889,0.086200699779849
3029,2,30.29,86353.82541255705,0.086353825412557,165.792871796727,0.3833333333333333,0.086200699779849
3030,2,30.3,81667.40434363161,0.0816674043436316,161.2313312651948,0.3888888888888889,0.086200699779849
3031,2,30.31,85608.98407123164,0.0856089840712316,165.07630349636403,0.4055555555555555,0.0860647582318829
3032,2,30.32,86064.75823188298,0.0860647582318829,165.51514552217307,0.3972222222222222,0.0861114733315551
3033,2,30.33,83803.13029610597,0.0838031302961059,163.32594670290106,0.3805555555555555,0.086200699779849
3034,2,30.34,86375.83527383533,0.0863758352738353,165.8139990924903,0.3777777777777777,0.086353825412557
3035,2,30.35,81480.87240440995,0.0814808724044099,161.04709628305534,0.3722222222222222,0.086200699779849
3036,2,30.36,86200.69977984906,0.086200699779849,165.6458117064445,0.3888888888888889,0.086353825412557
3037,2,30.37,86637.84667451553,0.0866378466745155,166.06529774210426,0.4055555555555555,0.086353825412557
3038,2,30.38,87855.39308518013,0.0878553930851801,167.22810820426054,0.4166666666666667,0.0863758352738353
3039,2,30.39,86020.44063619094,0.0860204406361909,165.4725254185282,0.4,0.0863758352738353
3040,2,30.4,83259.67149733267,0.0832596714973326,162.7955053372659,0.4055555555555555,0.0866378466745155
3041,2,30.41,88102.94113101864,0.0881029411310186,167.46353980455493,0.4055555555555555,0.0866378466745155
3042,2,30.42,87304.18382522621,0.0873041838252262,166.70268389194126,0.4111111111111111,0.0866378466745155
3043,2,30.43,87716.86469327583,0.0877168646932758,167.09621544761447,0.4222222222222222,0.0866378466745155
3044,2,30.44,89898.33915098231,0.0898983391509823,169.16125473423574,0.3944444444444444,0.0863758352738353
3045,2,30.45,86961.99310259348,0.0869619931025934,166.37566566899775,0.4166666666666667,0.0863758352738353
3046,2,30.46,84641.12314199832,0.0846411231419983,164.14050771761882,0.45,0.0863758352738353
3047,2,30.47,86111.47333155517,0.0861114733315551,165.5600594203984,0.3972222222222222,0.0865068409741754
3048,2,30.48,87155.06353497815,0.0871550635349781,166.56025442511768,0.4222222222222222,0.0866378466745155
3049,2,30.49,87821.62258314132,0.0878216225831413,167.1959649301248,0.4083333333333333,0.0867999198885545
3050,2,30.5,85886.49957197413,0.0858864995719741,165.3436479078627,0.4138888888888888,0.0869619931025934
3051,2,30.51,90101.0169405708,0.0901010169405708,169.35183626815768,0.4083333333333333,0.0870585283187858
3052,2,30.52,90341.88993458515,0.0903418899345851,169.57805489716628,0.3916666666666666,0.0871550635349781
3053,2,30.53,90259.79304026316,0.0902597930402631,169.50098657417502,0.4222222222222222,0.0872296236801021
3054,2,30.54,85960.27331143412,0.0859602733114341,165.4146451016056,0.4333333333333333,0.0871550635349781
3055,2,30.55,89766.41422943777,0.0897664142294377,169.03708793190722,0.4111111111111111,0.0872296236801021
3056,2,30.56,87463.903948535,0.087463903948535,166.85510274201437,0.3916666666666666,0.0873041838252262
3057,2,30.57,88289.71843851249,0.0882897184385124,167.64095629458166,0.3944444444444444,0.0872296236801021
3058,2,30.58,85976.00813750774,0.0859760081375077,165.42978378994138,0.4166666666666667,0.0871550635349781
3059,2,30.59,79121.37148699073,0.0791213714869907,158.69818761639797,0.3138888888888889,0.0870585283187858
3060,2,30.6,81912.21023972167,0.0819122102397216,161.47280364961938,0.3472222222222222,0.0869619931025934
3061,2,30.61,83739.68376859785,0.0837396837685978,163.26410876077142,0.3277777777777778,0.0866332684332666
