x,y,u,v
0.0,0.0,3.549948958793807e-19,2.446280004195254e-22
0.0,5e-06,0.22193355922491784,0.0006147364229867462
0.0,1e-05,0.3814890414964966,0.0016750941952467715
0.0,1.5e-05,0.5008734489560877,0.0026365278891077597
0.0,2e-05,0.5872181321041895,0.0035878994815604116
0.0,2.5e-05,0.6501260026015975,0.0047160645212316575
0.0,2.9999999999999997e-05,0.698433479293318,0.004501400637065917
0.0,3.5e-05,0.7301423130718596,0.005186626452082443
0.0,4e-05,0.7525646098577222,0.006039600184668692
0.0,4.5e-05,0.7680679975587253,0.006401590763618772
0.0,5e-05,0.7773352937713515,0.006830239191196849
0.0,5.4999999999999995e-05,0.7824524478192915,0.007038306561583072
0.0,5.9999999999999995e-05,0.7798351688319971,0.006904347877766543
0.0,6.5e-05,0.7740277558395599,0.00679576304482561
0.0,7e-05,0.7601928058907409,0.006710979847621287
0.0,7.5e-05,0.7392615458390587,0.006036768816421973
0.0,7.999999999999999e-05,0.7089697844504051,0.005642599247612583
0.0,8.499999999999999e-05,0.666740917944772,0.004680488386706682
0.0,8.999999999999999e-05,0.604376900086053,0.0037851662351865044
0.0,9.5e-05,0.51817243260055,0.002717026100837427
0.0,0.0001,0.39853940381536795,0.0016068133023446566
0.0,0.000105,0.2330285986486823,0.0002781016408036309
0.0,0.00011,1.183658140129037e-16,3.5769246940189037e-20
1.0000000000000026e-05,0.0,4.589948904723668e-19,4.2767767864735265e-22
1.0000000000000026e-05,5e-06,0.22007153583377734,0.0006105830194273677
1.0000000000000026e-05,1e-05,0.38080798534091415,0.0017349888115291603
1.0000000000000026e-05,1.5e-05,0.49945590846106414,0.002521117740835143
1.0000000000000026e-05,2e-05,0.5864759045802408,0.0036587631156768264
1.0000000000000026e-05,2.5e-05,0.6497407340648162,0.004946323469899262
1.0000000000000026e-05,2.9999999999999997e-05,0.6958250805845952,0.005921468518288105
1.0000000000000026e-05,3.5e-05,0.7300472045612802,0.007330576306385918
1.0000000000000026e-05,4e-05,0.7514435516414941,0.007850179314340795
1.0000000000000026e-05,4.5e-05,0.7682578146310807,0.008202188988753589
1.0000000000000026e-05,5e-05,0.7775428082646433,0.008507536149524802
1.0000000000000026e-05,5.4999999999999995e-05,0.7815158054996396,0.009098288934442277
1.0000000000000026e-05,5.9999999999999995e-05,0.7803128729739517,0.009193818212471314
1.0000000000000026e-05,6.5e-05,0.7733758327051342,0.009100012893813667
1.0000000000000026e-05,7e-05,0.7612365009041219,0.00853782944995361
1.0000000000000026e-05,7.5e-05,0.7402596389843409,0.008300503696631168
1.0000000000000026e-05,7.999999999999999e-05,0.7121732171297921,0.007222259359842217
1.0000000000000026e-05,8.499999999999999e-05,0.6670785544017428,0.006304714879258142
1.0000000000000026e-05,8.999999999999999e-05,0.60567025189715,0.005113938427821969
1.0000000000000026e-05,9.5e-05,0.5197364331519325,0.003774963766395194
1.0000000000000026e-05,0.0001,0.40134810692225015,0.001835721708531558
1.0000000000000026e-05,0.000105,0.23414872785550642,0.000627298430223724
1.0000000000000026e-05,0.00011,7.29926957304178e-18,-5.950071811429158e-20
1.9999999999899872e-05,0.0,8.947279235633042e-19,6.597295973310354e-22
1.9999999999899872e-05,5e-06,0.21812155084533408,0.0006428501456184294
1.9999999999899872e-05,1e-05,0.3778367365528706,0.0015959782319159251
1.9999999999899872e-05,1.5e-05,0.4962753147297186,0.002786645085954341
1.9999999999899872e-05,2e-05,0.5831940846310696,0.004613141980723059
1.9999999999899872e-05,2.5e-05,0.6463686024530831,0.006496114716086423
1.9999999999899872e-05,2.9999999999999997e-05,0.6940726252564774,0.007781053214019916
1.9999999999899872e-05,3.5e-05,0.7268819630346927,0.009174008002166324
1.9999999999899872e-05,4e-05,0.7504806668417912,0.010119165161699757
1.9999999999899872e-05,4.5e-05,0.7658020369328068,0.010816310792271633
1.9999999999899872e-05,5e-05,0.7751891404193637,0.01118860711777039
1.9999999999899872e-05,5.4999999999999995e-05,0.7809712347729993,0.011596267251864783
1.9999999999899872e-05,5.9999999999999995e-05,0.779786865780297,0.01144543937889046
1.9999999999899872e-05,6.5e-05,0.7745502294285035,0.011791465055275618
1.9999999999899872e-05,7e-05,0.7632461114156203,0.011632293726023328
1.9999999999899872e-05,7.5e-05,0.7418626401097609,0.010839277664551124
1.9999999999899872e-05,7.999999999999999e-05,0.7143273064896917,0.009403676773752727
1.9999999999899872e-05,8.499999999999999e-05,0.6706605488352538,0.007916125591379924
1.9999999999899872e-05,8.999999999999999e-05,0.609948696367541,0.006062709668352681
1.9999999999899872e-05,9.5e-05,0.5245185832367467,0.004372381143425374
1.9999999999899872e-05,0.0001,0.4052564349561573,0.0024913567346352976
1.9999999999899872e-05,0.000105,0.23716967430196273,0.0008262286526027668
1.9999999999899872e-05,0.00011,2.3875157905584265e-16,3.4709599332461e-21
2.99999999998999e-05,0.0,1.9691541064725636e-19,1.1483968067098255e-22
2.99999999998999e-05,5e-06,0.21550004342222986,0.0005170432350572647
2.99999999998999e-05,1e-05,0.3752317965819269,0.0018225255786381061
2.99999999998999e-05,1.5e-05,0.4927641887164274,0.0045803038351610505
2.99999999998999e-05,2e-05,0.5799776975881644,0.006502684669608222
2.99999999998999e-05,2.5e-05,0.642962788586825,0.007997614457514762
2.99999999998999e-05,2.9999999999999997e-05,0.69082475012349,0.009812141193280057
2.99999999998999e-05,3.5e-05,0.7238750643856394,0.011270146315003813
2.99999999998999e-05,4e-05,0.7481132740208531,0.012949883547404584
2.99999999998999e-05,4.5e-05,0.7655653873440555,0.014185278885129791
2.99999999998999e-05,5e-05,0.7763511909915094,0.014941409578071416
2.99999999998999e-05,5.4999999999999995e-05,0.7803621208003909,0.015656377414639492
2.99999999998999e-05,5.9999999999999995e-05,0.7797830173584169,0.015117064279271232
2.99999999998999e-05,6.5e-05,0.7740700712251791,0.014545562733226823
2.99999999998999e-05,7e-05,0.7632748536000059,0.014481565601353486
2.99999999998999e-05,7.5e-05,0.7443472428222102,0.013782253739250645
2.99999999998999e-05,7.999999999999999e-05,0.7168449253065144,0.012168020108795273
2.99999999998999e-05,8.499999999999999e-05,0.6745372345890537,0.010682601778160468
2.99999999998999e-05,8.999999999999999e-05,0.6143817965748702,0.008360632907743045
2.99999999998999e-05,9.5e-05,0.5283716268945513,0.005731732036426182
2.99999999998999e-05,0.0001,0.40856917270128984,0.0031361361509817066
2.99999999998999e-05,0.000105,0.2392254548085273,0.0009498945075144799
2.99999999998999e-05,0.00011,4.163613596289434e-17,-4.8144360022736096e-20
3.9999999999899925e-05,0.0,1.286733188514954e-18,2.541555004838681e-21
3.9999999999899925e-05,5e-06,0.2145401952655632,0.001125386908854306
3.9999999999899925e-05,1e-05,0.37077694499438685,0.0030551820865140277
3.9999999999899925e-05,1.5e-05,0.48853098981606713,0.005262398492218351
3.9999999999899925e-05,2e-05,0.5755044199659018,0.007834748964411135
3.9999999999899925e-05,2.5e-05,0.6400490615461151,0.010036917548247341
3.9999999999899925e-05,2.9999999999999997e-05,0.6869095932618933,0.012548325764165057
3.9999999999899925e-05,3.5e-05,0.7197921467656758,0.014680225137072178
3.9999999999899925e-05,4e-05,0.7437378992930794,0.01587178791342029
3.9999999999899925e-05,4.5e-05,0.762285638562413,0.017635794569725343
3.9999999999899925e-05,5e-05,0.774043514566748,0.01898124408644436
3.9999999999899925e-05,5.4999999999999995e-05,0.7802185538641343,0.019431692225758312
3.9999999999899925e-05,5.9999999999999995e-05,0.7795156261520928,0.019728760413741324
3.9999999999899925e-05,6.5e-05,0.7757111340820418,0.019939708817088758
3.9999999999899925e-05,7e-05,0.7647614377856532,0.01924287152216779
3.9999999999899925e-05,7.5e-05,0.7486827249453469,0.018351712101004176
3.9999999999899925e-05,7.999999999999999e-05,0.719896740002481,0.016949419839617876
3.9999999999899925e-05,8.499999999999999e-05,0.6797172212395358,0.01431600547574225
3.9999999999899925e-05,8.999999999999999e-05,0.6203174640465257,0.011576245958595088
3.9999999999899925e-05,9.5e-05,0.5348520001918071,0.008206840393335184
3.9999999999899925e-05,0.0001,0.4157167502783656,0.004504754469219039
3.9999999999899925e-05,0.000105,0.2440338122528046,0.0014477835581685609
3.9999999999899925e-05,0.00011,5.3908139767811944e-17,-3.1097881558613163e-19
4.999999999989995e-05,0.0,5.969925036237145e-19,8.925352216978662e-22
4.999999999989995e-05,5e-06,0.20827023005571474,0.0009690405855805404
4.999999999989995e-05,1e-05,0.366625153044792,0.003061648130981991
4.999999999989995e-05,1.5e-05,0.4818576766279526,0.0058139186596071505
4.999999999989995e-05,2e-05,0.5702800364778188,0.009352327490089775
4.999999999989995e-05,2.5e-05,0.635523334398579,0.012646125376693107
4.999999999989995e-05,2.9999999999999997e-05,0.6809581502567329,0.015355379915372116
4.999999999989995e-05,3.5e-05,0.7167261563200462,0.017800573547827502
4.999999999989995e-05,4e-05,0.7407732805672751,0.020133387968334845
4.999999999989995e-05,4.5e-05,0.7575968333190185,0.021851748175317088
4.999999999989995e-05,5e-05,0.77186856956444,0.024124891032225464
4.999999999989995e-05,5.4999999999999995e-05,0.7777975278085263,0.02547232978094849
4.999999999989995e-05,5.9999999999999995e-05,0.7801049905878003,0.026004867759715066
4.999999999989995e-05,6.5e-05,0.7762476926259134,0.026335252485855755
4.999999999989995e-05,7e-05,0.7666540536744797,0.025697534661680642
4.999999999989995e-05,7.5e-05,0.7508559706646513,0.024142638842932825
4.999999999989995e-05,7.999999999999999e-05,0.7252329653503823,0.022291021685732187
4.999999999989995e-05,8.499999999999999e-05,0.6852518461551057,0.019848061057843373
4.999999999989995e-05,8.999999999999999e-05,0.6283716669472976,0.016254339330232306
4.999999999989995e-05,9.5e-05,0.5443075691978041,0.011575278697714067
4.999999999989995e-05,0.0001,0.4252342487046834,0.006597703568219311
4.999999999989995e-05,0.000105,0.2508240782543572,0.0021121323090866435
4.999999999989995e-05,0.00011,1.0067679256091495e-16,1.6970328462737916e-19
4.999999999989995e-05,0.00021,1.9627957364721905e-18,8.613317838574466e-17
5.999999999989998e-05,0.0,7.328968547796987e-19,1.1362090167398092e-21
5.999999999989998e-05,5e-06,0.2075204387418504,0.0013139647940865128
5.999999999989998e-05,1e-05,0.3598069961310872,0.0039051596505130554
5.999999999989998e-05,1.5e-05,0.4771677478436136,0.007263909032300695
5.999999999989998e-05,2e-05,0.5623373489715867,0.011274336911320258
5.999999999989998e-05,2.5e-05,0.6272029906862999,0.015142371842124023
5.999999999989998e-05,2.9999999999999997e-05,0.6766789292633077,0.018302191206573067
5.999999999989998e-05,3.5e-05,0.711376616834533,0.021887172676200776
5.999999999989998e-05,4e-05,0.7368632312530766,0.024515629447822467
5.999999999989998e-05,4.5e-05,0.7546409441835467,0.027323751834782972
5.999999999989998e-05,5e-05,0.7670217882115709,0.0298466666397651
5.999999999989998e-05,5.4999999999999995e-05,0.7751468382750378,0.03142653004030385
5.999999999989998e-05,5.9999999999999995e-05,0.7787060113737241,0.032559638926268925
5.999999999989998e-05,6.5e-05,0.7754111568949291,0.03358432596967557
5.999999999989998e-05,7e-05,0.7688160269978837,0.03392042367883512
5.999999999989998e-05,7.5e-05,0.7546032882689779,0.03317638078686639
5.999999999989998e-05,7.999999999999999e-05,0.7307525623261674,0.03124205537282143
5.999999999989998e-05,8.499999999999999e-05,0.6933431167299525,0.02785961020903334
5.999999999989998e-05,8.999999999999999e-05,0.6392654964607604,0.0233797477526111
5.999999999989998e-05,9.5e-05,0.5569821621734066,0.017316165003230098
5.999999999989998e-05,0.0001,0.43793466251970115,0.009994952972232579
5.999999999989998e-05,0.000105,0.26097189076297533,0.0033474578714306168
5.999999999989998e-05,0.00011,6.876356266777886e-17,2.359142263497125e-19
5.999999999989998e-05,0.00016,0.00040250153417779053,-0.0012395058487100576
5.999999999989998e-05,0.000165,0.0005753500932834815,-0.0022266572945966105
5.999999999989998e-05,0.00017,0.0005529220527897302,-0.002765216519703233
5.999999999989998e-05,0.000175,0.00044770890236944214,-0.0030203789513603475
5.999999999989998e-05,0.00017999999999999998,0.0002860514584674241,-0.003036776980275857
5.999999999989998e-05,0.000185,0.00011254704311035046,-0.0029179150234925014
5.999999999989998e-05,0.00019,-3.18241962962649e-05,-0.0027124129433728755
5.999999999989998e-05,0.000195,-0.00014281008835129275,-0.002446246113241977
5.999999999989998e-05,0.0002,-0.0002192400437763028,-0.0021574588599851036
5.999999999989998e-05,0.000205,-0.0002773936747707511,-0.001863867174329971
5.999999999989998e-05,0.00021,-0.0003061884665280894,-0.0015744953188940195
5.999999999989998e-05,0.000215,-0.0003087326115426958,-0.0013009814264848723
5.999999999989998e-05,0.00022,-0.00029617262724773345,-0.0010469800802569318
5.999999999989998e-05,0.000225,-0.000268129159282154,-0.0008168919380833879
5.999999999989998e-05,0.00023,-0.00023282779886685232,-0.0006136191127407256
5.999999999989998e-05,0.000235,-0.00018707245155735015,-0.0004347786665416154
5.999999999989998e-05,0.00024,-0.0001380151711376745,-0.0002878091664353463
5.999999999989998e-05,0.000245,-9.188834008253608e-05,-0.0001729137119307102
5.999999999989998e-05,0.00025,-5.178720030977488e-05,-8.206431960964388e-05
5.999999999989998e-05,0.00025499999999999996,-2.099971335088752e-05,-2.4984265072471168e-05
5.999999999989998e-05,0.00026,-2.2329796083698067e-06,1.6183786476560636e-06
6.99999999999e-05,0.0,4.448585389775022e-19,2.9453790784501685e-22
6.99999999999e-05,5e-06,0.2019587178812336,0.0014167756821231372
6.99999999999e-05,1e-05,0.35404762731382483,0.004511802384070554
6.99999999999e-05,1.5e-05,0.46768390214689154,0.00901853792528764
6.99999999999e-05,2e-05,0.55447063331711,0.013465565504283197
6.99999999999e-05,2.5e-05,0.6201503268805522,0.017860641765370965
6.99999999999e-05,2.9999999999999997e-05,0.6676563409122775,0.02193305615296542
6.99999999999e-05,3.5e-05,0.7032386099066663,0.026121446426185253
6.99999999999e-05,4e-05,0.730624108668328,0.030230967249243994
6.99999999999e-05,4.5e-05,0.7496395045552746,0.033797853546208505
6.99999999999e-05,5e-05,0.7635184336172083,0.03656222354324536
6.99999999999e-05,5.4999999999999995e-05,0.7725521261039048,0.03900757129084347
6.99999999999e-05,5.9999999999999995e-05,0.7749947254977922,0.04188846865021602
6.99999999999e-05,6.5e-05,0.7749212438981958,0.04374632074604782
6.99999999999e-05,7e-05,0.7688399499961247,0.04472204648615277
6.99999999999e-05,7.5e-05,0.7569440914256904,0.04462536101077669
6.99999999999e-05,7.999999999999999e-05,0.7361183882138976,0.04347554833964375
6.99999999999e-05,8.499999999999999e-05,0.7019916321648171,0.04053726165928171
6.99999999999e-05,8.999999999999999e-05,0.6512324399947919,0.03540909374906123
6.99999999999e-05,9.5e-05,0.5740215586942292,0.027195160676478206
6.99999999999e-05,0.0001,0.45649253825217895,0.016732944940633293
6.99999999999e-05,0.000105,0.2758484977457025,0.005774003040556065
6.99999999999e-05,0.00011,-1.7008825309937278e-16,-3.6915156087968185e-19
6.99999999999e-05,0.00014,0.0020939882641084605,-0.0044682136908266055
6.99999999999e-05,0.000145,0.0026802325426948798,-0.007036179474884167
6.99999999999e-05,0.00015,0.002499675562112388,-0.008323261004744587
6.99999999999e-05,0.000155,0.0019590750528480187,-0.00875070799659145
6.99999999999e-05,0.00016,0.0013928743367096416,-0.008654230485396487
6.99999999999e-05,0.000165,0.0007758987202105928,-0.008206702023307805
6.99999999999e-05,0.00017,0.00024016313500552046,-0.007633944466942041
6.99999999999e-05,0.000175,-0.00020331442781420513,-0.006899963958072745
6.99999999999e-05,0.00017999999999999998,-0.0005403720269499803,-0.006176571726523508
6.99999999999e-05,0.000185,-0.0008047768354024491,-0.005441050105101217
6.99999999999e-05,0.00019,-0.0009811800302062725,-0.004739409191132114
6.99999999999e-05,0.000195,-0.0010910731025329055,-0.00407700229421234
6.99999999999e-05,0.0002,-0.0011229145912681961,-0.0034416768943671266
6.99999999999e-05,0.000205,-0.0011238488267125534,-0.0028887685796556823
6.99999999999e-05,0.00021,-0.0010880804361939817,-0.002386813139417265
6.99999999999e-05,0.000215,-0.0010123691177120549,-0.0019305616612947305
6.99999999999e-05,0.00022,-0.0009260311301943193,-0.0015329771653725774
6.99999999999e-05,0.000225,-0.0008234653693905496,-0.001181288708976841
6.99999999999e-05,0.00023,-0.0007120686910927843,-0.0008814293898320956
6.99999999999e-05,0.000235,-0.0005936606735606291,-0.0006181701295071056
6.99999999999e-05,0.00024,-0.000475175845628941,-0.0004006398785373247
6.99999999999e-05,0.000245,-0.000364304824073924,-0.0002200775246042204
6.99999999999e-05,0.00025,-0.0002569042270658809,-8.176501407887279e-05
6.99999999999e-05,0.00025499999999999996,-0.00016214577076623704,2.7209962308877715e-05
6.99999999999e-05,0.00026,-8.194465349217286e-05,0.00010281527452089409
6.99999999999e-05,0.000265,-1.808322672456209e-05,0.00014807750682122695
6.99999999999e-05,0.00027,2.78554997849949e-05,0.0001609924551748415
6.99999999999e-05,0.00027499999999999996,4.871398117613626e-05,0.00014106997398094796
6.99999999999e-05,0.00028,4.229417422031249e-05,8.88856935899825e-05
7.999999999990003e-05,0.0,5.761115458712006e-19,1.9578109056024983e-21
7.999999999990003e-05,5e-06,0.19645336215094947,0.001685053590822239
7.999999999990003e-05,1e-05,0.34615266580142934,0.005006986809646146
7.999999999990003e-05,1.5e-05,0.4585369361113802,0.009663139096658623
7.999999999990003e-05,2e-05,0.5441309616307819,0.015071964083740784
7.999999999990003e-05,2.5e-05,0.6093232650328617,0.02063241168672484
7.999999999990003e-05,2.9999999999999997e-05,0.6599383288946096,0.026030748491972008
7.999999999990003e-05,3.5e-05,0.693484334654195,0.03091503886111274
7.999999999990003e-05,4e-05,0.722290251747401,0.03553228027031112
7.999999999990003e-05,4.5e-05,0.7411352094910717,0.04000633443995837
7.999999999990003e-05,5e-05,0.7574788431680752,0.04438354869732217
7.999999999990003e-05,5.4999999999999995e-05,0.7650923675874866,0.04836303640983074
7.999999999990003e-05,5.9999999999999995e-05,0.770293081971028,0.052016151150615614
7.999999999990003e-05,6.5e-05,0.77058946537096,0.05518630209634557
7.999999999990003e-05,7e-05,0.7666025945086029,0.05809649977111276
7.999999999990003e-05,7.5e-05,0.7567934351709471,0.059940557525723276
7.999999999990003e-05,7.999999999999999e-05,0.7382684222093188,0.060663928800423046
7.999999999990003e-05,8.499999999999999e-05,0.709759323493659,0.05966851205106798
7.999999999990003e-05,8.999999999999999e-05,0.6647723562004905,0.05585701744533329
7.999999999990003e-05,9.5e-05,0.5958681230288154,0.04805507542337699
7.999999999990003e-05,0.0001,0.4864706289577668,0.0339908096868969
7.999999999990003e-05,0.000105,0.3056087873886065,0.013660029819702458
7.999999999990003e-05,0.00011,-2.255504137772971e-16,-1.2312816100492624e-18
7.999999999990003e-05,0.000125,0.007110370410518786,-0.012456038997748622
7.999999999990003e-05,0.00013,0.007873686245300208,-0.01749613145515919
7.999999999990003e-05,0.000135,0.00663541999312888,-0.019042465992395875
7.999999999990003e-05,0.00014,0.004931118740243708,-0.0189093666661547
7.999999999990003e-05,0.000145,0.003210810947712688,-0.01800631920592359
7.999999999990003e-05,0.00015,0.001673254545239574,-0.0166018681525097
7.999999999990003e-05,0.000155,0.0004128075752778339,-0.015067201537890517
7.999999999990003e-05,0.00016,-0.0005760838896586826,-0.01347820163967881
7.999999999990003e-05,0.000165,-0.0013576510482958372,-0.011894009302240995
7.999999999990003e-05,0.00017,-0.0019242095846916992,-0.01039980142461422
7.999999999990003e-05,0.000175,-0.0023022450210813815,-0.009056253242463713
7.999999999990003e-05,0.00017999999999999998,-0.0025251008625071874,-0.007795881660026895
7.999999999990003e-05,0.000185,-0.0026433957616443906,-0.0066376247971387916
7.999999999990003e-05,0.00019,-0.0026689598749055116,-0.005598183217469177
7.999999999990003e-05,0.000195,-0.0026183480967273054,-0.004684739961102016
7.999999999990003e-05,0.0002,-0.002509087510356179,-0.0038622955968848818
7.999999999990003e-05,0.000205,-0.002342374926372403,-0.0031517134135312995
7.999999999990003e-05,0.00021,-0.0021640409518745747,-0.00251916296142869
7.999999999990003e-05,0.000215,-0.0019597946509467223,-0.0019677439028684234
7.999999999990003e-05,0.00022,-0.0017498570448799657,-0.001496028140191085
7.999999999990003e-05,0.000225,-0.001528145782784885,-0.0010972648668096873
7.999999999990003e-05,0.00023,-0.0013091067177422402,-0.000746496708457181
7.999999999990003e-05,0.000235,-0.0011058552641099795,-0.00045513403214225473
7.999999999990003e-05,0.00024,-0.0009004121052638067,-0.00021921834799352923
7.999999999990003e-05,0.000245,-0.0007076001760359331,-2.3299504326286047e-05
7.999999999990003e-05,0.00025,-0.000530092760484899,0.0001387185201139645
7.999999999990003e-05,0.00025499999999999996,-0.0003659761924337489,0.0002635610870725391
7.999999999990003e-05,0.00026,-0.00022373002091250234,0.0003509601874221505
7.999999999990003e-05,0.000265,-9.645078463880304e-05,0.0004110065964502862
7.999999999990003e-05,0.00027,1.0597963011363868e-05,0.0004417624759739206
7.999999999990003e-05,0.00027499999999999996,9.048588432663283e-05,0.0004426083747191687
7.999999999990003e-05,0.00028,0.00014604342726979834,0.00041669861707571107
7.999999999990003e-05,0.000285,0.00016967015295899009,0.0003630822887533693
7.999999999990003e-05,0.00029,0.0001601162573862043,0.0002784025344984096
7.999999999990003e-05,0.00029499999999999996,0.00010522318243602383,0.00015931619791829048
8.99999999999998e-05,0.0,6.458765485936686e-19,1.263863868987292e-21
8.99999999999998e-05,5e-06,0.191646705519265,0.001522749568338362
8.99999999999998e-05,1e-05,0.33699825837111796,0.005608345249468364
8.99999999999998e-05,1.5e-05,0.4472497585009147,0.011222259906850522
8.99999999999998e-05,2e-05,0.5320420560945734,0.016759128387394465
8.99999999999998e-05,2.5e-05,0.5979013926162157,0.022764995576590376
8.99999999999998e-05,2.9999999999999997e-05,0.645504872262647,0.028939042190505505
8.99999999999998e-05,3.5e-05,0.683865870076639,0.03515179026440294
8.99999999999998e-05,4e-05,0.7118749882853332,0.04109780186724186
8.99999999999998e-05,4.5e-05,0.7325965003235398,0.04659315500773689
8.99999999999998e-05,5e-05,0.7471638570934636,0.05238808390152202
8.99999999999998e-05,5.4999999999999995e-05,0.7550959228766775,0.057838269014178385
8.99999999999998e-05,5.9999999999999995e-05,0.7611497861857324,0.06294672633609485
8.99999999999998e-05,6.5e-05,0.7628214495384529,0.06798068170838428
8.99999999999998e-05,7e-05,0.7592280172007988,0.07283673963371892
8.99999999999998e-05,7.5e-05,0.7508390134724113,0.07770531533251845
8.99999999999998e-05,7.999999999999999e-05,0.7348830095520129,0.08189951258428646
8.99999999999998e-05,8.499999999999999e-05,0.7091601365413978,0.08511480018472925
8.99999999999998e-05,8.999999999999999e-05,0.67003685930172,0.08752708058471914
8.99999999999998e-05,9.5e-05,0.6094093524367041,0.08819978418398686
8.99999999999998e-05,0.0001,0.5143983025325994,0.08691577775654176
8.99999999999998e-05,0.000105,0.3569015372738172,0.08344556930303947
8.99999999999998e-05,0.00011,0.07284189137022473,0.04535328542768772
8.99999999999998e-05,0.000115,0.02257701135154173,-0.01898552479888888
8.99999999999998e-05,0.00012,0.01603508312752977,-0.028247598229418015
8.99999999999998e-05,0.000125,0.011169229250671963,-0.02947014460595778
8.99999999999998e-05,0.00013,0.007170907564162462,-0.028302199158954697
8.99999999999998e-05,0.000135,0.0038524551174893423,-0.026178250261945982
8.99999999999998e-05,0.00014,0.0011614753003743046,-0.02385671806308823
8.99999999999998e-05,0.000145,-0.0009336009059438296,-0.021374999247967357
8.99999999999998e-05,0.00015,-0.002478826345051795,-0.018964778015610997
8.99999999999998e-05,0.000155,-0.003633871397189714,-0.01668981422363724
8.99999999999998e-05,0.00016,-0.004412944100294777,-0.014486831604916213
8.99999999999998e-05,0.000165,-0.004884325606283273,-0.012486534237520846
8.99999999999998e-05,0.00017,-0.005146841510781933,-0.010705351506447969
8.99999999999998e-05,0.000175,-0.005231003635400436,-0.009100097352554171
8.99999999999998e-05,0.00017999999999999998,-0.005157295118876708,-0.007655175301515832
8.99999999999998e-05,0.000185,-0.004972947429396239,-0.006365400672396944
8.99999999999998e-05,0.00019,-0.0047464838056147955,-0.0052305239761724995
8.99999999999998e-05,0.000195,-0.004430606682223871,-0.0042348332709823844
8.99999999999998e-05,0.0002,-0.004094139327142799,-0.003381683928618738
8.99999999999998e-05,0.000205,-0.003739278346552757,-0.002630684520968261
8.99999999999998e-05,0.00021,-0.0033621037496120443,-0.0020020636338532703
8.99999999999998e-05,0.000215,-0.002988518651463096,-0.0014487905256096185
8.99999999999998e-05,0.00022,-0.0026255870222810845,-0.0009796823340290925
8.99999999999998e-05,0.000225,-0.0022757139912215406,-0.0005892289048749456
8.99999999999998e-05,0.00023,-0.0019381246996127033,-0.0002588165398062503
8.99999999999998e-05,0.000235,-0.001622384886183241,1.4005043544121246e-05
8.99999999999998e-05,0.00024,-0.001319742280889036,0.0002364211635998248
8.99999999999998e-05,0.000245,-0.001049900153205802,0.0004138540669190821
8.99999999999998e-05,0.00025,-0.0007976075000935166,0.0005487947074387574
8.99999999999998e-05,0.00025499999999999996,-0.0005658655773753199,0.0006546962629213789
8.99999999999998e-05,0.00026,-0.0003575954198929357,0.0007267060854477932
8.99999999999998e-05,0.000265,-0.00017711439111598373,0.0007730248832100089
8.99999999999998e-05,0.00027,-1.8832703811709378e-05,0.0007919681660199608
8.99999999999998e-05,0.00027499999999999996,0.00011216687144084904,0.0007898735353523055
8.99999999999998e-05,0.00028,0.00021638750182108676,0.0007640177465288935
8.99999999999998e-05,0.000285,0.000293122557205868,0.0007176628732340231
8.99999999999998e-05,0.00029,0.00033767326851084147,0.0006478411591944136
8.99999999999998e-05,0.00029499999999999996,0.0003437711236228834,0.0005520195802832605
8.99999999999998e-05,0.0003,0.0003102088942058034,0.00043163565973743177
8.99999999999998e-05,0.000305,0.00022376013734579997,0.0002772133779020988
8.99999999999998e-05,0.00031,7.917811404720647e-05,8.900190727241965e-05
9.999999999999983e-05,0.0,-8.05651108802441e-31,-2.1953170646048682e-33
9.999999999999983e-05,5e-06,0.18462336866861495,0.0018513660061964306
9.999999999999983e-05,1e-05,0.3249973677005422,0.0058973768965974996
9.999999999999983e-05,1.5e-05,0.4341866343278103,0.011534596785316637
9.999999999999983e-05,2e-05,0.5201256758707207,0.018089035946409898
9.999999999999983e-05,2.5e-05,0.5842620753103754,0.024986590942565515
9.999999999999983e-05,2.9999999999999997e-05,0.6334690858042892,0.0319590136662321
9.999999999999983e-05,3.5e-05,0.671111882575079,0.03889854164156843
9.999999999999983e-05,4e-05,0.6975340273687695,0.045777354619621506
9.999999999999983e-05,4.5e-05,0.7198174942587017,0.05266198703094612
9.999999999999983e-05,5e-05,0.7336513031101569,0.059027703739107415
9.999999999999983e-05,5.4999999999999995e-05,0.7434928752996207,0.06590974665426032
9.999999999999983e-05,5.9999999999999995e-05,0.7482368698574285,0.07284089636858662
9.999999999999983e-05,6.5e-05,0.7506790902831085,0.07977415031044512
9.999999999999983e-05,7e-05,0.7465518606349,0.08668718255906749
9.999999999999983e-05,7.5e-05,0.7391450754186429,0.09419794778380171
9.999999999999983e-05,7.999999999999999e-05,0.7230161978947132,0.10202054902004014
9.999999999999983e-05,8.499999999999999e-05,0.6975825479808212,0.10978566659511337
9.999999999999983e-05,8.999999999999999e-05,0.6583679981043734,0.11813280284747452
9.999999999999983e-05,9.5e-05,0.5977549998263519,0.12688367402529285
9.999999999999983e-05,0.0001,0.5036337843671419,0.13489659711910118
9.999999999999983e-05,0.000105,0.36935913962830547,0.1331874923984144
9.999999999999983e-05,0.00011,0.21594581843983218,0.1066904625977993
9.999999999999983e-05,0.000115,0.10779460748013162,0.060789406911150666
9.999999999999983e-05,0.00012,0.05134297274503026,0.024170688878258916
9.999999999999983e-05,0.000125,0.024937293486012622,0.0031715094910751552
9.999999999999983e-05,0.00013,0.011267204602267362,-0.007403648158501586
9.999999999999983e-05,0.000135,0.003618578616932273,-0.012129157765621379
9.999999999999983e-05,0.00014,-0.0011717321348140518,-0.013876274320689124
9.999999999999983e-05,0.000145,-0.004137872297367729,-0.013931865097869825
9.999999999999983e-05,0.00015,-0.006162986491524691,-0.013302402572024223
9.999999999999983e-05,0.000155,-0.007387978661187555,-0.012166027252894493
9.999999999999983e-05,0.00016,-0.008024782990457004,-0.010800916400564386
9.999999999999983e-05,0.000165,-0.008278776672339882,-0.009374503651902814
9.999999999999983e-05,0.00017,-0.00827831974802867,-0.008041866805646647
9.999999999999983e-05,0.000175,-0.008075917073332108,-0.006792916167906127
9.999999999999983e-05,0.00017999999999999998,-0.007721781879898712,-0.005583497005910545
9.999999999999983e-05,0.000185,-0.007262399711766475,-0.004527570426524744
9.999999999999983e-05,0.00019,-0.006748188275966069,-0.0035708932742736575
9.999999999999983e-05,0.000195,-0.006168064655852281,-0.002717845165377501
9.999999999999983e-05,0.0002,-0.005598448592924553,-0.002001188883105054
9.999999999999983e-05,0.000205,-0.005038986886461724,-0.0013707522652653412
9.999999999999983e-05,0.00021,-0.00447750414434103,-0.0008318376094535053
9.999999999999983e-05,0.000215,-0.003935477108061085,-0.00037386128414872356
9.999999999999983e-05,0.00022,-0.0034154470753750277,-5.816437926663259e-06
9.999999999999983e-05,0.000225,-0.002929047454462476,0.000314937253522366
9.999999999999983e-05,0.00023,-0.0024717673305779068,0.0005628245737176305
9.999999999999983e-05,0.000235,-0.0020496053811565286,0.0007605244587183535
9.999999999999983e-05,0.00024,-0.0016674726303047374,0.0009223415522375981
9.999999999999983e-05,0.000245,-0.0013132864087390837,0.0010429106471604018
9.999999999999983e-05,0.00025,-0.000986591881177042,0.0011228343134636824
9.999999999999983e-05,0.00025499999999999996,-0.000702433246639986,0.0011814322119205172
9.999999999999983e-05,0.00026,-0.000439945742942534,0.0012129822830339902
9.999999999999983e-05,0.000265,-0.00021136701323342972,0.0012225392998724076
9.999999999999983e-05,0.00027,-1.1274610844190604e-05,0.0012124108859144468
9.999999999999983e-05,0.00027499999999999996,0.00016081136540179632,0.0011781401333696294
9.999999999999983e-05,0.00028,0.0003048520772661975,0.001133920017639443
9.999999999999983e-05,0.000285,0.000418462778249582,0.00107310403346752
9.999999999999983e-05,0.00029,0.0005006473996774588,0.000997375213169727
9.999999999999983e-05,0.00029499999999999996,0.0005495238704584578,0.0009047071030999821
9.999999999999983e-05,0.0003,0.00056281985576696,0.0007918588937334988
9.999999999999983e-05,0.000305,0.0005339352904712318,0.000659652902998038
9.999999999999983e-05,0.00031,0.00045389380633077225,0.0005033492397537482
9.999999999999983e-05,0.00031499999999999996,0.0003145769980141289,0.00031680903715854933
9.999999999999983e-05,0.00031999999999999997,0.00010109225838878852,9.347120633068667e-05
0.00010999999999989967,0.0,8.973991455291092e-20,6.372058797687924e-23
0.00010999999999989967,5e-06,0.1797371397791402,0.0016825397055599443
0.00010999999999989967,1e-05,0.31605911262832,0.005834182476090691
0.00010999999999989967,1.5e-05,0.4234003472826504,0.011903848637411441
0.00010999999999989967,2e-05,0.5049343272290179,0.019025250393240357
0.00010999999999989967,2.5e-05,0.5696166981026295,0.026661638152721448
0.00010999999999989967,2.9999999999999997e-05,0.6199035466308086,0.034262901452302104
0.00010999999999989967,3.5e-05,0.6568333165243557,0.04190732554003872
0.00010999999999989967,4e-05,0.6849183817097333,0.049405352277165776
0.00010999999999989967,4.5e-05,0.7056252853724646,0.056983547458514375
0.00010999999999989967,5e-05,0.7191579423334388,0.06479112208401522
0.00010999999999989967,5.4999999999999995e-05,0.7299047737458741,0.07241428396257368
0.00010999999999989967,5.9999999999999995e-05,0.7331938916343881,0.08062840892747834
0.00010999999999989967,6.5e-05,0.7339671014929299,0.08914833171560493
0.00010999999999989967,7e-05,0.730787523982193,0.097925552910199
0.00010999999999989967,7.5e-05,0.721007015891999,0.10694089208438567
0.00010999999999989967,7.999999999999999e-05,0.705371723292396,0.11674922596811209
0.00010999999999989967,8.499999999999999e-05,0.6780957942604483,0.12673531214990277
0.00010999999999989967,8.999999999999999e-05,0.6387058618239725,0.1368702233183378
0.00010999999999989967,9.5e-05,0.5798923732788124,0.14598960756784143
0.00010999999999989967,0.0001,0.4977422062273025,0.15088714306075668
0.00010999999999989967,0.000105,0.3931069242268781,0.1465025067740437
0.00010999999999989967,0.00011,0.27955161465533473,0.12879064402601023
0.00010999999999989967,0.000115,0.18273882893244167,0.10035836893386434
0.00010999999999989967,0.00012,0.1105517075210396,0.06983816002066592
0.00010999999999989967,0.000125,0.063907006423764,0.044712947800017284
0.00010999999999989967,0.00013,0.03475276398107882,0.02635279096771692
0.00010999999999989967,0.000135,0.01685332470244759,0.014081174023082267
0.00010999999999989967,0.00014,0.0056207776766643135,0.006215000776033749
0.00010999999999989967,0.000145,-0.0011071868243850882,0.0015530538554183262
0.00010999999999989967,0.00015,-0.005413777718982246,-0.0011626075756314908
0.00010999999999989967,0.000155,-0.007873200326941525,-0.0024787131955611155
0.00010999999999989967,0.00016,-0.009272559952191338,-0.00295989547273571
0.00010999999999989967,0.000165,-0.00992490171721625,-0.0029960122446478317
0.00010999999999989967,0.00017,-0.010043031605256292,-0.0027103194091396745
0.00010999999999989967,0.000175,-0.009839385053948768,-0.002228991955985947
0.00010999999999989967,0.00017999999999999998,-0.00941746155342463,-0.0017530921665400263
0.00010999999999989967,0.000185,-0.008850128054576594,-0.0012263254084931888
0.00010999999999989967,0.00019,-0.008152477461469396,-0.0006883262874250932
0.00010999999999989967,0.000195,-0.00744499246303766,-0.00019879779415592027
0.00010999999999989967,0.0002,-0.006708657424900134,0.00021883225117972396
0.00010999999999989967,0.000205,-0.00597069678220155,0.00061094922334416
0.00010999999999989967,0.00021,-0.005260057895592484,0.0009168394818849288
0.00010999999999989967,0.000215,-0.004592168393774386,0.0011710918744020006
0.00010999999999989967,0.00022,-0.0039566638386079505,0.0013873152333338514
0.00010999999999989967,0.000225,-0.003366586049576574,0.0015538279517831443
0.00010999999999989967,0.00023,-0.002815019777424757,0.0016772695573860194
0.00010999999999989967,0.000235,-0.0023078219433480558,0.0017629200396521408
0.00010999999999989967,0.00024,-0.001846794674649744,0.001819134604021303
0.00010999999999989967,0.000245,-0.0014282964303177518,0.0018434766681485392
0.00010999999999989967,0.00025,-0.0010582698098364107,0.0018478247266129134
0.00010999999999989967,0.00025499999999999996,-0.0007232553882718233,0.0018341800966836183
0.00010999999999989967,0.00026,-0.0004215052058176049,0.00179402390994213
0.00010999999999989967,0.000265,-0.00015614297355587633,0.001742524121216498
0.00010999999999989967,0.00027,7.574689052459987e-05,0.0016814356952136655
0.00010999999999989967,0.00027499999999999996,0.0002723421733987785,0.0016111463700921125
0.00010999999999989967,0.00028,0.0004430262716627327,0.0015307990170809254
0.00010999999999989967,0.000285,0.0005788935539883538,0.0014368670764051967
0.00010999999999989967,0.00029,0.0006880723505767664,0.001336080526413979
0.00010999999999989967,0.00029499999999999996,0.000763405380448877,0.0012280308400625267
0.00010999999999989967,0.0003,0.0008063149246401149,0.0011101811793668322
0.00010999999999989967,0.000305,0.0008129408692872768,0.0009779167048576884
0.00010999999999989967,0.00031,0.0007749917722558116,0.0008303864520214806
0.00010999999999989967,0.00031499999999999996,0.0006909053343510263,0.0006672460690710546
0.00010999999999989967,0.00031999999999999997,0.000540903617374563,0.0004780078724604011
0.00010999999999989967,0.000325,0.00031788153738331894,0.0002579589053959976
0.00011999999999999988,0.0,1.7192770897459826e-19,5.342482045239729e-22
0.00011999999999999988,5e-06,0.1728592266766117,0.001613704779144786
0.00011999999999999988,1e-05,0.30550759888188667,0.006235888512926262
0.00011999999999999988,1.5e-05,0.40850938589220925,0.012279232867829372
0.00011999999999999988,2e-05,0.49098884185682246,0.019360578297242585
0.00011999999999999988,2.5e-05,0.5539350478746748,0.027037054548941765
0.00011999999999999988,2.9999999999999997e-05,0.6043984140402013,0.034941992752775056
0.00011999999999999988,3.5e-05,0.6406217018414302,0.04336328239920168
0.00011999999999999988,4e-05,0.6678525657700405,0.051751363703207584
0.00011999999999999988,4.5e-05,0.6891919994190089,0.060165664338929316
0.00011999999999999988,5e-05,0.7029366567092526,0.06872539775003124
0.00011999999999999988,5.4999999999999995e-05,0.7135606994535558,0.07668447158453395
0.00011999999999999988,5.9999999999999995e-05,0.7164240162173978,0.08576022673021828
0.00011999999999999988,6.5e-05,0.7163787139903246,0.09520441190817372
0.00011999999999999988,7e-05,0.711835255521558,0.10457332631502375
0.00011999999999999988,7.5e-05,0.7021004269679164,0.11437311371319431
0.00011999999999999988,7.999999999999999e-05,0.6846611351080696,0.12472077806929137
0.00011999999999999988,8.499999999999999e-05,0.6577971584774854,0.13491619627322562
0.00011999999999999988,8.999999999999999e-05,0.6193486948377935,0.14455258107798785
0.00011999999999999988,9.5e-05,0.5666927807128752,0.15246188938031016
0.00011999999999999988,0.0001,0.4950804986569915,0.15554978282944962
0.00011999999999999988,0.000105,0.4116928500349888,0.15203476983661302
0.00011999999999999988,0.00011,0.31869996210789053,0.13984481131719
0.00011999999999999988,0.000115,0.23469898142073053,0.12050757045359024
0.00011999999999999988,0.00012,0.16279492446010424,0.09744444373182776
0.00011999999999999988,0.000125,0.1078233247030985,0.07479074828490073
0.00011999999999999988,0.00013,0.06774799758884897,0.05537066717474962
0.00011999999999999988,0.000135,0.04079003553660556,0.03997197017855894
0.00011999999999999988,0.00014,0.0221293940015119,0.028465679675868903
0.00011999999999999988,0.000145,0.009491756057707941,0.020031356594221852
0.00011999999999999988,0.00015,0.0015556633498801454,0.01427095780943491
0.00011999999999999988,0.000155,-0.0036035067338328125,0.010237302594016728
0.00011999999999999988,0.00016,-0.006817470498090245,0.007594911208059269
0.00011999999999999988,0.000165,-0.008680762034081536,0.00574815108421575
0.00011999999999999988,0.00017,-0.009595898604344127,0.0046186656501762844
0.00011999999999999988,0.000175,-0.009852625007303386,0.003949753098798334
0.00011999999999999988,0.00017999999999999998,-0.00969691439664356,0.003529029358148415
0.00011999999999999988,0.000185,-0.00924856241559841,0.003307430468837255
0.00011999999999999988,0.00019,-0.008617245686353404,0.0031683495839682635
0.00011999999999999988,0.000195,-0.007906059992040904,0.0031592015403396757
0.00011999999999999988,0.0002,-0.007133817315045626,0.003135763675956947
0.00011999999999999988,0.000205,-0.00634076774946737,0.0031466568835535652
0.00011999999999999988,0.00021,-0.005562156784104195,0.0031613770194838598
0.00011999999999999988,0.000215,-0.004823598937023902,0.0031387424595836107
0.00011999999999999988,0.00022,-0.004133852549126632,0.003108658415700639
0.00011999999999999988,0.000225,-0.00346072208321674,0.0030876098535800576
0.00011999999999999988,0.00023,-0.002857909415729871,0.003028583596823683
0.00011999999999999988,0.000235,-0.002308515148369716,0.0029525841593166864
0.00011999999999999988,0.00024,-0.0017964607229739881,0.0028707608394804313
0.00011999999999999988,0.000245,-0.0013458550692887878,0.0027673550558942077
0.00011999999999999988,0.00025,-0.0009459411605446516,0.0026742624757380867
0.00011999999999999988,0.00025499999999999996,-0.0005753238796212239,0.002561136723063093
0.00011999999999999988,0.00026,-0.00025824578647356015,0.002438236841527011
0.00011999999999999988,0.000265,2.3230785107307152e-05,0.0023174863572715154
0.00011999999999999988,0.00027,0.00026530763226696453,0.0021909677329613447
0.00011999999999999988,0.00027499999999999996,0.00048158350222478796,0.0020627355661763545
0.00011999999999999988,0.00028,0.000659753904242709,0.0019325279889809155
0.00011999999999999988,0.000285,0.0008065252573945747,0.001793745604159003
0.00011999999999999988,0.00029,0.0009232134990853098,0.0016608974839328477
0.00011999999999999988,0.00029499999999999996,0.0010120736110625528,0.001525160987397011
0.00011999999999999988,0.0003,0.0010709596914516748,0.0013880460071776584
0.00011999999999999988,0.000305,0.0010958220218689138,0.0012453114638074092
0.00011999999999999988,0.00031,0.0010827527509940035,0.0010931583188055257
0.00011999999999999988,0.00031499999999999996,0.0010283149046143108,0.0009349235000772025
0.00011999999999999988,0.00031999999999999997,0.0009230163806899435,0.0007631547783990393
0.00011999999999999988,0.000325,0.0007546857921808592,0.0005716230164172434
0.00011999999999999988,0.00033,0.0005091348286762457,0.0003553203478511586
0.00011999999999999988,0.000335,0.00016488103469008438,0.00010708764436192048
0.00012999999999989973,0.0,3.773120444864773e-19,1.1822125642012224e-21
0.00012999999999989973,5e-06,0.1667655087583162,0.00194647659781099
0.00012999999999989973,1e-05,0.2951800831104856,0.0061255687456885964
0.00012999999999989973,1.5e-05,0.3957774729086247,0.0117543074029467
0.00012999999999989973,2e-05,0.47515314153390387,0.018996944926770665
0.00012999999999989973,2.5e-05,0.5379175831480887,0.026806665358532652
0.00012999999999989973,2.9999999999999997e-05,0.5871868817985886,0.03494031839892149
0.00012999999999989973,3.5e-05,0.6238289186813342,0.04343873551140612
0.00012999999999989973,4e-05,0.6515041748750358,0.0521493940289309
0.00012999999999989973,4.5e-05,0.6725215920333809,0.060461485189085874
0.00012999999999989973,5e-05,0.6867023353163862,0.06937384537138759
0.00012999999999989973,5.4999999999999995e-05,0.6934010550485188,0.07862925991801745
0.00012999999999989973,5.9999999999999995e-05,0.6967899878250414,0.08758636071482943
0.00012999999999989973,6.5e-05,0.6949770113907476,0.09622235382028684
0.00012999999999989973,7e-05,0.6912854266882685,0.10661755502373742
0.00012999999999989973,7.5e-05,0.6812003951201818,0.11711661744750869
0.00012999999999989973,7.999999999999999e-05,0.6625312526905387,0.12663925418535596
0.00012999999999989973,8.499999999999999e-05,0.6373985725012512,0.13673570167474286
0.00012999999999989973,8.999999999999999e-05,0.6013119435090815,0.14524252514008185
0.00012999999999989973,9.5e-05,0.554469049545908,0.15208517082055129
0.00012999999999989973,0.0001,0.4942827013339132,0.1549851175106656
0.00012999999999989973,0.000105,0.42315598407122884,0.15272828057525178
0.00012999999999989973,0.00011,0.34638183199925415,0.1447874090620441
0.00012999999999989973,0.000115,0.27205021097541265,0.13075214038260344
0.00012999999999989973,0.00012,0.2041670647558682,0.11324755302910125
0.00012999999999989973,0.000125,0.14741065123469088,0.09458731179496242
0.00012999999999989973,0.00013,0.10272654937234327,0.07678414257974275
0.00012999999999989973,0.000135,0.06888037852070289,0.06114883186064986
0.00012999999999989973,0.00014,0.04360246757667158,0.04806483332067084
0.00012999999999989973,0.000145,0.025865817882476976,0.03770969766492399
0.00012999999999989973,0.00015,0.013523360611142237,0.02964664162216271
0.00012999999999989973,0.000155,0.004989716831344519,0.02353955102726002
0.00012999999999989973,0.00016,-0.00045664681849167505,0.019073465255493284
0.00012999999999989973,0.000165,-0.004162542021547527,0.01558527454258171
0.00012999999999989973,0.00017,-0.0065014133027337315,0.012898842786364238
0.00012999999999989973,0.000175,-0.0076497498548742495,0.01105972598302773
0.00012999999999989973,0.00017999999999999998,-0.008158687897756528,0.00961884807461836
0.00012999999999989973,0.000185,-0.008133493534867094,0.008595352275684245
0.00012999999999989973,0.00019,-0.00784823917535097,0.00770494570387726
0.00012999999999989973,0.000195,-0.007287829447259274,0.007076933820837628
0.00012999999999989973,0.0002,-0.006655498951659019,0.006574002780350421
0.00012999999999989973,0.000205,-0.005956044231512222,0.006105239565820537
0.00012999999999989973,0.00021,-0.005220773937492889,0.005740440390089929
0.00012999999999989973,0.000215,-0.0044914845229715285,0.005393804173891252
0.00012999999999989973,0.00022,-0.0037965359929751715,0.005082121396225151
0.00012999999999989973,0.000225,-0.003140827970573993,0.004794189334326286
0.00012999999999989973,0.00023,-0.0025310295967096667,0.004524133124122423
0.00012999999999989973,0.000235,-0.001973121029528733,0.004266868760156782
0.00012999999999989973,0.00024,-0.0014693746461876393,0.004009580213849261
0.00012999999999989973,0.000245,-0.001014575460633757,0.0037728317495275615
0.00012999999999989973,0.00025,-0.0006142385902126838,0.003547737958617106
0.00012999999999989973,0.00025499999999999996,-0.00024964962808648073,0.0033163751153664754
0.00012999999999989973,0.00026,6.891500648362977e-05,0.0031031202864668546
0.00012999999999989973,0.000265,0.0003543196977813015,0.002903657762880669
0.00012999999999989973,0.00027,0.0005924754049179279,0.0027014290736691792
0.00012999999999989973,0.00027499999999999996,0.0007966020253928931,0.0025038937597586454
0.00012999999999989973,0.00028,0.0009687899115707103,0.0023165421290196235
0.00012999999999989973,0.000285,0.0011145395667553773,0.0021388858668329623
0.00012999999999989973,0.00029,0.0012303037740516098,0.00196727055725923
0.00012999999999989973,0.00029499999999999996,0.0013176208497394156,0.001798700735334967
0.00012999999999989973,0.0003,0.0013748436003942143,0.001633067235226634
0.00012999999999989973,0.000305,0.0014009142156846347,0.0014672492790385443
0.00012999999999989973,0.00031,0.0014008836384031725,0.00130834675678563
0.00012999999999989973,0.00031499999999999996,0.0013575775810462567,0.001140244076322244
0.00012999999999989973,0.00031999999999999997,0.0012753210419876252,0.0009740087428838074
0.00012999999999989973,0.000325,0.0011394994843978818,0.0007941433918615231
0.00012999999999989973,0.00033,0.0009378004715314255,0.0006004006286868878
0.00012999999999989973,0.000335,0.0006557330935097843,0.00038855313439928866
0.00012999999999989973,0.00033999999999999997,0.00026814268900917255,0.00014728748229648884
0.00013999999999999993,0.0,1.270434568289646e-19,3.432751117238477e-22
0.00013999999999999993,5e-06,0.16035171143474364,0.0014554033052136053
0.00013999999999999993,1e-05,0.28447953728095504,0.005554494830925182
0.00013999999999999993,1.5e-05,0.38239457950937705,0.010768274040048518
0.00013999999999999993,2e-05,0.46034292567359936,0.017362776960459403
0.00013999999999999993,2.5e-05,0.5228642680900714,0.02487047654888034
0.00013999999999999993,2.9999999999999997e-05,0.5699077860137566,0.0329298876292906
0.00013999999999999993,3.5e-05,0.6080999970715204,0.04176432449842399
0.00013999999999999993,4e-05,0.6340025871716019,0.0503815250098636
0.00013999999999999993,4.5e-05,0.6535255350476744,0.05883433296493475
0.00013999999999999993,5e-05,0.6680459257675672,0.06808766020277834
0.00013999999999999993,5.4999999999999995e-05,0.6756345887246578,0.07680410239271311
0.00013999999999999993,5.9999999999999995e-05,0.6800235664310676,0.08602603167848764
0.00013999999999999993,6.5e-05,0.6785243186386615,0.09543000231638259
0.00013999999999999993,7e-05,0.6705912553027027,0.10510067045079294
0.00013999999999999993,7.5e-05,0.660866350675404,0.1149891447508972
0.00013999999999999993,7.999999999999999e-05,0.6435953134897484,0.12421453997528718
0.00013999999999999993,8.499999999999999e-05,0.6197542350365313,0.13326138210361005
0.00013999999999999993,8.999999999999999e-05,0.5866483557292205,0.14119892299632114
0.00013999999999999993,9.5e-05,0.5442413905096894,0.14745198330620674
0.00013999999999999993,0.0001,0.49250302477438884,0.15023192696977272
0.00013999999999999993,0.000105,0.43032103461162885,0.14923293900328238
0.00013999999999999993,0.00011,0.3646751479159402,0.14436702657506456
0.00013999999999999993,0.000115,0.29882982883928544,0.13432962842926127
0.00013999999999999993,0.00012,0.2370722144572352,0.12124337222000628
0.00013999999999999993,0.000125,0.18065205466663756,0.10640847330078414
0.00013999999999999993,0.00013,0.13510611220154517,0.09121821779991018
0.00013999999999999993,0.000135,0.09666296901542015,0.07655467014035582
0.00013999999999999993,0.00014,0.0676110557452202,0.06353578873947048
0.00013999999999999993,0.000145,0.045263490331679666,0.05249210311229364
0.00013999999999999993,0.00015,0.029244881816421698,0.043493739416173585
0.00013999999999999993,0.000155,0.017402732279698657,0.03599125163849219
0.00013999999999999993,0.00016,0.008748382924844568,0.02984239437609872
0.00013999999999999993,0.000165,0.003025096158299362,0.025113116962891438
0.00013999999999999993,0.00017,-0.0009075426650553805,0.021303507094247297
0.00013999999999999993,0.000175,-0.0033689118697932895,0.018345038579054774
0.00013999999999999993,0.00017999999999999998,-0.004753759096259636,0.01599408670862174
0.00013999999999999993,0.000185,-0.005452611126298353,0.014081093242309651
0.00013999999999999993,0.00019,-0.005687813755366191,0.012501981722838743
0.00013999999999999993,0.000195,-0.005586572234630058,0.011172066775318863
0.00013999999999999993,0.0002,-0.0051946610049688905,0.010123980779148502
0.00013999999999999993,0.000205,-0.004708505241427438,0.00917856812508199
0.00013999999999999993,0.00021,-0.00410784132206092,0.00841928555525293
0.00013999999999999993,0.000215,-0.003512889602394382,0.007729424330618111
0.00013999999999999993,0.00022,-0.0029087410707689977,0.007096234217891965
0.00013999999999999993,0.000225,-0.002337296863903216,0.0065779549758415955
0.00013999999999999993,0.00023,-0.0017990554838407705,0.006060728357794281
0.00013999999999999993,0.000235,-0.0012802974381759145,0.005602822298678073
0.00013999999999999993,0.00024,-0.0008140172089084755,0.005176886857784322
0.00013999999999999993,0.000245,-0.00040186934800498145,0.004769111202292177
0.00013999999999999993,0.00025,-2.9011798459539338e-05,0.004413361037282246
0.00013999999999999993,0.00025499999999999996,0.00029789107961556034,0.004070531488921858
0.00013999999999999993,0.00026,0.0005881055275053291,0.0037584123971666945
0.00013999999999999993,0.000265,0.0008395057146887826,0.0034591681101078338
0.00013999999999999993,0.00027,0.001057720059536748,0.003180347130081722
0.00013999999999999993,0.00027499999999999996,0.001245442323427902,0.002922288512626806
0.00013999999999999993,0.00028,0.0013906464955202005,0.0026709507280769824
0.00013999999999999993,0.000285,0.001512725169742689,0.0024421702007767997
0.00013999999999999993,0.00029,0.00161089647546401,0.002228066360439827
0.00013999999999999993,0.00029499999999999996,0.0016818668112487084,0.002024706177374898
0.00013999999999999993,0.0003,0.0017275145171814301,0.0018307605493498712
0.00013999999999999993,0.000305,0.0017486002189477537,0.0016432546392677186
0.00013999999999999993,0.00031,0.0017380885440286967,0.0014619789112288858
0.00013999999999999993,0.00031499999999999996,0.0016982039318095634,0.0012889194467056895
0.00013999999999999993,0.00031999999999999997,0.0016212886752765732,0.0011149959594216054
0.00013999999999999993,0.000325,0.0015027144820785896,0.0009413984130737807
0.00013999999999999993,0.00033,0.001326486418486066,0.0007597184995024465
0.00013999999999999993,0.000335,0.0010796812926121195,0.0005692167762879898
0.00013999999999999993,0.00033999999999999997,0.0007412945062587553,0.00036137603566736647
0.00013999999999999993,0.000345,0.00028835472674027863,0.00013004166312499874
0.00014999999999989978,0.0,3.457505478247053e-19,9.533188338892775e-22
0.00014999999999989978,5e-06,0.15590383832082627,0.0014065651966759616
0.00014999999999989978,1e-05,0.27679975833998105,0.0044843164021948784
0.00014999999999989978,1.5e-05,0.3708362051582446,0.009322230213877377
0.00014999999999989978,2e-05,0.44697670831688663,0.015882424888883452
0.00014999999999989978,2.5e-05,0.5072087938777549,0.023121140492220624
0.00014999999999989978,2.9999999999999997e-05,0.5550820938587717,0.030601178721436955
0.00014999999999989978,3.5e-05,0.5900212307020057,0.03887349208318753
0.00014999999999989978,4e-05,0.6175110872955909,0.04710875584605268
0.00014999999999989978,4.5e-05,0.6372933319529713,0.05544064266948319
0.00014999999999989978,5e-05,0.6512021683240428,0.0644868592820761
0.00014999999999989978,5.4999999999999995e-05,0.65669666113301,0.07314251293677822
0.00014999999999989978,5.9999999999999995e-05,0.6622276772054018,0.08211154208356908
0.00014999999999989978,6.5e-05,0.6598385959273346,0.0913492270173922
0.00014999999999989978,7e-05,0.652310136798306,0.10080508494901426
0.00014999999999989978,7.5e-05,0.6411147404067143,0.10957173280666697
0.00014999999999989978,7.999999999999999e-05,0.6244915818799971,0.11861551543669822
0.00014999999999989978,8.499999999999999e-05,0.6032323209673403,0.12723514196041977
0.00014999999999989978,8.999999999999999e-05,0.5716479842291442,0.13430572390058937
0.00014999999999989978,9.5e-05,0.5340011518264393,0.13982110823781055
0.00014999999999989978,0.0001,0.48903564707990255,0.1432935909545411
0.00014999999999989978,0.000105,0.4351514804993466,0.14341441173556052
0.00014999999999989978,0.00011,0.3776122121080987,0.14035493486282097
0.00014999999999989978,0.000115,0.3194921140868761,0.1337418084071609
0.00014999999999989978,0.00012,0.26265652557998276,0.12390621709707764
0.00014999999999989978,0.000125,0.2084575937234517,0.11189593470366367
0.00014999999999989978,0.00013,0.1625991600973017,0.0992644887394699
0.00014999999999989978,0.000135,0.12291614415537061,0.08653423387880627
0.00014999999999989978,0.00014,0.09149191591836418,0.07464457799103841
0.00014999999999989978,0.000145,0.06592491735407946,0.06376692105893715
0.00014999999999989978,0.00015,0.0460561613100201,0.054205958586496815
0.00014999999999989978,0.000155,0.03141490646163597,0.04613499788728756
0.00014999999999989978,0.00016,0.020660270920497575,0.039455457714822666
0.00014999999999989978,0.000165,0.012449406549358857,0.03368891137189231
0.00014999999999989978,0.00017,0.006674055440064984,0.02892507083294049
0.00014999999999989978,0.000175,0.002799532840443646,0.025068509434641114
0.00014999999999989978,0.00017999999999999998,0.0003191918026962957,0.021952219089794535
0.00014999999999989978,0.000185,-0.0013121348547878355,0.019257832635766404
0.00014999999999989978,0.00019,-0.0021997341394735205,0.017051629873837265
0.00014999999999989978,0.000195,-0.0026003133289904446,0.015196670224728872
0.00014999999999989978,0.0002,-0.0027608746828323605,0.013523913025659251
0.00014999999999989978,0.000205,-0.0025797715485983337,0.012193007723787277
0.00014999999999989978,0.00021,-0.0022757791087135012,0.011007664898577671
0.00014999999999989978,0.000215,-0.0018946658245545243,0.00996541484458189
0.00014999999999989978,0.00022,-0.0014616492292777391,0.00905914516696724
0.00014999999999989978,0.000225,-0.0010312400978407055,0.008241314544857069
0.00014999999999989978,0.00023,-0.0006104675512701164,0.007517139019967732
0.00014999999999989978,0.000235,-0.00020257226576249563,0.006863628542990523
0.00014999999999989978,0.00024,0.000161632156522202,0.006251851516195985
0.00014999999999989978,0.000245,0.0005016734283820679,0.00570942418619419
0.00014999999999989978,0.00025,0.0008058852196953743,0.005197957122240368
0.00014999999999989978,0.00025499999999999996,0.001067639859599538,0.004742413930334932
0.00014999999999989978,0.00026,0.0013018226556467327,0.00433675030354219
0.00014999999999989978,0.000265,0.0014969660243617235,0.003943443570241115
0.00014999999999989978,0.00027,0.0016657320747793408,0.0035940316339787472
0.00014999999999989978,0.00027499999999999996,0.0018011921268960306,0.003260646474534008
0.00014999999999989978,0.00028,0.0019237634294540999,0.0029718712268291575
0.00014999999999989978,0.000285,0.0020011167127256574,0.0026874380572126304
0.00014999999999989978,0.00029,0.0020691817808347643,0.002431650489335346
0.00014999999999989978,0.00029499999999999996,0.002111057081465296,0.0021863358233672266
0.00014999999999989978,0.0003,0.002132812367439931,0.001968162597189557
0.00014999999999989978,0.000305,0.002133587680746364,0.0017617207831579626
0.00014999999999989978,0.00031,0.00210570563115937,0.0015630159938352895
0.00014999999999989978,0.00031499999999999996,0.0020546746320948923,0.001376367729690924
0.00014999999999989978,0.00031999999999999997,0.0019728144359777953,0.0011966305354784888
0.00014999999999989978,0.000325,0.0018533541152257582,0.0010226494432065269
0.00014999999999989978,0.00033,0.0016849061452681407,0.0008481541427246167
0.00014999999999989978,0.000335,0.0014557870149043146,0.0006712014723997648
0.00014999999999989978,0.00033999999999999997,0.0011481210132694075,0.00048656684959878273
0.00014999999999989978,0.000345,0.0007337145330619889,0.0002871524163312763
0.00014999999999989978,0.00035,0.00019015250394804347,6.890377263671208e-05
0.00015999999999999999,0.0,4.2636518943810794e-19,7.336412052771222e-22
0.00015999999999999999,5e-06,0.15089982953058328,0.0009407880265779234
0.00015999999999999999,1e-05,0.26929752208340796,0.0035868032115641546
0.00015999999999999999,1.5e-05,0.3607728781086915,0.007747996464390398
0.00015999999999999999,2e-05,0.43317427459669583,0.013152056278250546
0.00015999999999999999,2.5e-05,0.4927876779038041,0.019842695758604766
0.00015999999999999999,2.9999999999999997e-05,0.5388286160151151,0.026902719516886213
0.00015999999999999999,3.5e-05,0.5736188732084799,0.03427910682824628
0.00015999999999999999,4e-05,0.6009343832465116,0.042181528830161547
0.00015999999999999999,4.5e-05,0.6197221875620851,0.05044803107034915
0.00015999999999999999,5e-05,0.6335937976503387,0.058565460708424874
0.00015999999999999999,5.4999999999999995e-05,0.641564849911464,0.06695127130159052
0.00015999999999999999,5.9999999999999995e-05,0.6427411118582885,0.07529013898929658
0.00015999999999999999,6.5e-05,0.638682590650874,0.08384978639805123
0.00015999999999999999,7e-05,0.6349628648164086,0.09275108399231939
0.00015999999999999999,7.5e-05,0.6232445600405638,0.10074619511165503
0.00015999999999999999,7.999999999999999e-05,0.6080036182541013,0.10960208016908114
0.00015999999999999999,8.499999999999999e-05,0.5865226224113315,0.11724639420229882
0.00015999999999999999,8.999999999999999e-05,0.560280284476459,0.12436928487948357
0.00015999999999999999,9.5e-05,0.5246984089570046,0.12988004752342303
0.00015999999999999999,0.0001,0.48425723054621966,0.13341211890336438
0.00015999999999999999,0.000105,0.43759522719451155,0.13462888517197213
0.00015999999999999999,0.00011,0.3844914058457458,0.13285492752506955
0.00015999999999999999,0.000115,0.3329999683379507,0.12848322338218704
0.00015999999999999999,0.00012,0.28094417983859576,0.12159132744782827
0.00015999999999999999,0.000125,0.23085532984421658,0.11257847917329564
0.00015999999999999999,0.00013,0.18660206635586257,0.1023148885518763
0.00015999999999999999,0.000135,0.14671107403419278,0.09147521764138725
0.00015999999999999999,0.00014,0.11288192453783095,0.08064149420801459
0.00015999999999999999,0.000145,0.08607477043540974,0.07088363142939423
0.00015999999999999999,0.00015,0.06351169560964835,0.06159195471815923
0.00015999999999999999,0.000155,0.0464903400124811,0.053611988131006226
0.00015999999999999999,0.00016,0.03359420459557409,0.04664928779834912
0.00015999999999999999,0.000165,0.023226977368596743,0.04040946100398636
0.00015999999999999999,0.00017,0.015836394667547386,0.035161960866536675
0.00015999999999999999,0.000175,0.010425495027139055,0.0306725625610849
0.00015999999999999999,0.00017999999999999998,0.006686899528899226,0.02692507301204038
0.00015999999999999999,0.000185,0.004084155457131743,0.0237366548819377
0.00015999999999999999,0.00019,0.002326613606652814,0.020966752679594483
0.00015999999999999999,0.000195,0.0012985823866538799,0.018622688940451628
0.00015999999999999999,0.0002,0.000663881548865638,0.016624240809849814
0.00015999999999999999,0.000205,0.0003510125842637292,0.014883691329302609
0.00015999999999999999,0.00021,0.0002667461675549593,0.013310555593827954
0.00015999999999999999,0.000215,0.00035810979607497657,0.011938540968566152
0.00015999999999999999,0.00022,0.0005239227208606699,0.01074408982256744
0.00015999999999999999,0.000225,0.0007419594045972421,0.009690505392776567
0.00015999999999999999,0.00023,0.000981595997910998,0.008753187759219903
0.00015999999999999999,0.000235,0.001233222251254279,0.007924369096127832
0.00015999999999999999,0.00024,0.0014528413621898281,0.007143657616658428
0.00015999999999999999,0.000245,0.001677651295469527,0.006471817821641396
0.00015999999999999999,0.00025,0.001868732541480041,0.0058408986282050095
0.00015999999999999999,0.00025499999999999996,0.0020444654437753854,0.005293549995475711
0.00015999999999999999,0.00026,0.0021880284998915625,0.004779889564905607
0.00015999999999999999,0.000265,0.002307836542884789,0.004316868997057917
0.00015999999999999999,0.00027,0.0024065443503682483,0.0038959606872206675
0.00015999999999999999,0.00027499999999999996,0.0024916805454245207,0.00352491795940253
0.00015999999999999999,0.00028,0.00254520961828787,0.0031650776799715375
0.00015999999999999999,0.000285,0.0025757623852757155,0.0028418717354014474
0.00015999999999999999,0.00029,0.0026036389844351893,0.0025564892559831135
0.00015999999999999999,0.00029499999999999996,0.0026022562181901273,0.0022832666919763967
0.00015999999999999999,0.0003,0.002591631747954051,0.0020392557867648926
0.00015999999999999999,0.000305,0.0025567956184239554,0.0018119668910416744
0.00015999999999999999,0.00031,0.002503818816523199,0.0015978934181323085
0.00015999999999999999,0.00031499999999999996,0.002430523524563704,0.001401140805442026
0.00015999999999999999,0.00031999999999999997,0.0023286630262899922,0.0012162363022985038
0.00015999999999999999,0.000325,0.0022000093462483453,0.0010405544522078126
0.00015999999999999999,0.00033,0.002027140604647469,0.0008709365769941879
0.00015999999999999999,0.000335,0.0018006627871053962,0.0007040533353069921
0.00015999999999999999,0.00033999999999999997,0.0015030926531115305,0.0005372359575586259
0.00015999999999999999,0.000345,0.0011201142600854002,0.00036652307250193745
0.00015999999999999999,0.00035,0.0006029142427251923,0.00018178135693179632
0.00016999999999999958,0.0,1.9353302329641522e-19,2.9965172862355752e-22
0.00016999999999999958,5e-06,0.14762886477873965,0.0006733637951229205
0.00016999999999999958,1e-05,0.26244458233915674,0.0026812923296598494
0.00016999999999999958,1.5e-05,0.35121549670957547,0.006030505553098157
0.00016999999999999958,2e-05,0.4225488976048512,0.01064385856175071
0.00016999999999999958,2.5e-05,0.47966722321632516,0.016019794759040522
0.00016999999999999958,2.9999999999999997e-05,0.5245697943003402,0.021593487046272387
0.00016999999999999958,3.5e-05,0.5591471819347382,0.029010595757389627
0.00016999999999999958,4e-05,0.5852861753653086,0.036019060647384984
0.00016999999999999958,4.5e-05,0.6040904834074506,0.04331618868411389
0.00016999999999999958,5e-05,0.616913799053427,0.0513906698840049
0.00016999999999999958,5.4999999999999995e-05,0.625543140513033,0.05897543374750106
0.00016999999999999958,5.9999999999999995e-05,0.6267955012070106,0.06686931623152723
0.00016999999999999958,6.5e-05,0.6233690254721731,0.07483927619423486
0.00016999999999999958,7e-05,0.6177619236426388,0.0828635899683206
0.00016999999999999958,7.5e-05,0.6070851680361894,0.09041094425157713
0.00016999999999999958,7.999999999999999e-05,0.5918384345469024,0.0980580827301802
0.00016999999999999958,8.499999999999999e-05,0.5722138787496452,0.10519792263218226
0.00016999999999999958,8.999999999999999e-05,0.5456510306897961,0.1123593546323338
0.00016999999999999958,9.5e-05,0.516831009310711,0.1179032792220654
0.00016999999999999958,0.0001,0.47902519300098456,0.1215439589628247
0.00016999999999999958,0.000105,0.437458194074857,0.12347808150013304
0.00016999999999999958,0.00011,0.38912514153151695,0.1230881814684946
0.00016999999999999958,0.000115,0.3416068481836653,0.11997421677641328
0.00016999999999999958,0.00012,0.29475294044367034,0.1152308809790631
0.00016999999999999958,0.000125,0.2476161792085966,0.10861845522326986
0.00016999999999999958,0.00013,0.2052526846495136,0.1009677059623694
0.00016999999999999958,0.000135,0.1660726698128022,0.0919581623603919
0.00016999999999999958,0.00014,0.13243073960039678,0.08315527241587571
0.00016999999999999958,0.000145,0.10421260702527269,0.07434455308395517
0.00016999999999999958,0.00015,0.0805362198094676,0.06587496017134456
0.00016999999999999958,0.000155,0.06124324990402811,0.05791953842108227
0.00016999999999999958,0.00016,0.04647208533964944,0.0509612519940723
0.00016999999999999958,0.000165,0.03482229303651437,0.044962761485797476
0.00016999999999999958,0.00017,0.0258686048647248,0.03958444791690752
0.00016999999999999958,0.000175,0.01905126126858787,0.034793380092644696
0.00016999999999999958,0.00017999999999999998,0.014105679977634362,0.030730031314902137
0.00016999999999999958,0.000185,0.010424549332110077,0.027131764035443373
0.00016999999999999958,0.00019,0.007822434555972934,0.023994967453442
0.00016999999999999958,0.000195,0.006022808530734879,0.021326976170880127
0.00016999999999999958,0.0002,0.004762453136878991,0.018936563272177284
0.00016999999999999958,0.000205,0.0039153543293985035,0.01685231730987617
0.00016999999999999958,0.00021,0.0034328468257402013,0.015052599286348231
0.00016999999999999958,0.000215,0.0031504247246829866,0.013485872059133992
0.00016999999999999958,0.00022,0.002975062083355712,0.012032230906722056
0.00016999999999999958,0.000225,0.002934401772783876,0.010797034975299819
0.00016999999999999958,0.00023,0.0029194101197488804,0.009681330595873276
0.00016999999999999958,0.000235,0.0029621124440878076,0.008672348466396217
0.00016999999999999958,0.00024,0.0030341063655865506,0.007796661951344461
0.00016999999999999958,0.000245,0.0030892208770012418,0.006993558811761676
0.00016999999999999958,0.00025,0.0031386017299658855,0.006272167608255936
0.00016999999999999958,0.00025499999999999996,0.003194612669919944,0.005631347147595421
0.00016999999999999958,0.00026,0.0032274200260336188,0.00504410426241964
0.00016999999999999958,0.000265,0.0032520117096205598,0.0045309784189427795
0.00016999999999999958,0.00027,0.0032597066487211053,0.004063675556060093
0.00016999999999999958,0.00027499999999999996,0.0032555086149099305,0.003627498874757337
0.00016999999999999958,0.00028,0.003244086418226238,0.0032436197320613834
0.00016999999999999958,0.000285,0.003220143827773577,0.0028949491481926946
0.00016999999999999958,0.00029,0.0031829063061185113,0.002571739210064053
0.00016999999999999958,0.00029499999999999996,0.0031343620602447696,0.002281835808582761
0.00016999999999999958,0.0003,0.0030792963805001423,0.002018711980530102
0.00016999999999999958,0.000305,0.003007331530928078,0.0017774629513198656
0.00016999999999999958,0.00031,0.002916564853214234,0.0015542978315464218
0.00016999999999999958,0.00031499999999999996,0.0028105343968812,0.001351654148505287
0.00016999999999999958,0.00031999999999999997,0.0026961975225534185,0.0011682579294719955
0.00016999999999999958,0.000325,0.00254015159037759,0.000992990092782124
0.00016999999999999958,0.00033,0.002358248633059662,0.000829836635937292
0.00016999999999999958,0.000335,0.0021147403542927513,0.0006725969689400107
0.00016999999999999958,0.00033999999999999997,0.0018165105549465676,0.0005221187269021214
0.00016999999999999958,0.000345,0.0014431522377461525,0.0003738176799846179
0.00016999999999999958,0.00035,0.0009524587145196223,0.00022404830632420336
0.00016999999999999958,0.000355,0.0003139747337056378,6.696126795320136e-05
0.00018000000000000004,0.0,2.900161802924567e-19,3.0539942603479164e-22
0.00018000000000000004,5e-06,0.14730228177525054,0.00027866198699875625
0.00018000000000000004,1e-05,0.25755508352800904,0.0016025667619588451
0.00018000000000000004,1.5e-05,0.34523719308928447,0.003985264021847079
0.00018000000000000004,2e-05,0.4136487977862927,0.007125950610705624
0.00018000000000000004,2.5e-05,0.46990585943459506,0.011357081397393706
0.00018000000000000004,2.9999999999999997e-05,0.5127239986610146,0.016832087027625606
0.00018000000000000004,3.5e-05,0.5453020907089893,0.022572953559342662
0.00018000000000000004,4e-05,0.5715384764159659,0.028749982257061824
0.00018000000000000004,4.5e-05,0.5899874587588814,0.03543780244775498
0.00018000000000000004,5e-05,0.6024244547427183,0.04212785768210416
0.00018000000000000004,5.4999999999999995e-05,0.6099739021604151,0.04929108626842726
0.00018000000000000004,5.9999999999999995e-05,0.6103680661828093,0.056668800346381214
0.00018000000000000004,6.5e-05,0.6103543976000395,0.06367590716272473
0.00018000000000000004,7e-05,0.6034326600311899,0.07034969052596632
0.00018000000000000004,7.5e-05,0.5933565518250995,0.0780406444155157
0.00018000000000000004,7.999999999999999e-05,0.5781326971875707,0.08500965795940607
0.00018000000000000004,8.499999999999999e-05,0.5590528896110109,0.0914195866310675
0.00018000000000000004,8.999999999999999e-05,0.534716401958422,0.09747756979368238
0.00018000000000000004,9.5e-05,0.5064700390042307,0.10296142634796818
0.00018000000000000004,0.0001,0.472377802043067,0.10710657302960237
0.00018000000000000004,0.000105,0.4345975440008945,0.10990102059561851
0.00018000000000000004,0.00011,0.3909460982173634,0.11020275392346215
0.00018000000000000004,0.000115,0.3474015552215488,0.10872823115392735
0.00018000000000000004,0.00012,0.3045221408313663,0.1059989382601803
0.00018000000000000004,0.000125,0.2609298664751792,0.10130930517538211
0.00018000000000000004,0.00013,0.2199256715976233,0.09508683080314309
0.00018000000000000004,0.000135,0.1819063736669418,0.0884272313087691
0.00018000000000000004,0.00014,0.14916880150830347,0.08127827808083739
0.00018000000000000004,0.000145,0.12035911768146254,0.07379498379272538
0.00018000000000000004,0.00015,0.09536435297986161,0.06622275980483149
0.00018000000000000004,0.000155,0.07562325514999309,0.05936641650508368
0.00018000000000000004,0.00016,0.05942726933030303,0.05302171799231552
0.00018000000000000004,0.000165,0.04622291502986248,0.04704708715354793
0.00018000000000000004,0.00017,0.035979097590510205,0.041744839053064565
0.00018000000000000004,0.000175,0.028057466312465733,0.037077811931632614
0.00018000000000000004,0.00017999999999999998,0.021917150791193222,0.032834431191998796
0.00018000000000000004,0.000185,0.01725169029038367,0.029062190217143766
0.00018000000000000004,0.00019,0.013893579357679669,0.025874706684928517
0.00018000000000000004,0.000195,0.011261550463469286,0.02291126151701226
0.00018000000000000004,0.0002,0.00936563285757469,0.020351893951948922
0.00018000000000000004,0.000205,0.008022977628860018,0.01811904031713421
0.00018000000000000004,0.00021,0.007018827061231069,0.016114958456836935
0.00018000000000000004,0.000215,0.006303271247335388,0.014329578456571145
0.00018000000000000004,0.00022,0.005796918237252724,0.012784710032224084
0.00018000000000000004,0.000225,0.005425822636408819,0.011402690139577334
0.00018000000000000004,0.00023,0.005152930078282877,0.010173834414686998
0.00018000000000000004,0.000235,0.004946177066601915,0.009068517070337128
0.00018000000000000004,0.00024,0.004807940362481483,0.008104248217051175
0.00018000000000000004,0.000245,0.004670121413830191,0.007222274860707396
0.00018000000000000004,0.00025,0.004563590025221647,0.006436474077029198
0.00018000000000000004,0.00025499999999999996,0.0044664824462941205,0.005744719747520179
0.00018000000000000004,0.00026,0.004382242879075587,0.005116338377346836
0.00018000000000000004,0.000265,0.00427982994358313,0.0045449968391801255
0.00018000000000000004,0.00027,0.004193901654317802,0.004035956987704113
0.00018000000000000004,0.00027499999999999996,0.004092871017727456,0.003576824950104693
0.00018000000000000004,0.00028,0.003998267627199797,0.0031745206868619476
0.00018000000000000004,0.000285,0.0039077454340761715,0.0028062863743658767
0.00018000000000000004,0.00029,0.0038112215445453112,0.0024788135788264363
0.00018000000000000004,0.00029499999999999996,0.003706630253069056,0.002179947614626003
0.00018000000000000004,0.0003,0.003589120078671648,0.0019043680259443396
0.00018000000000000004,0.000305,0.003462026152007554,0.0016549543107533841
0.00018000000000000004,0.00031,0.0033469138363454655,0.0014386431430005078
0.00018000000000000004,0.00031499999999999996,0.0031992401012023285,0.0012325370632152348
0.00018000000000000004,0.00031999999999999997,0.0030470636416770596,0.0010488939573661512
0.00018000000000000004,0.000325,0.002871877777762154,0.0008813813951830528
0.00018000000000000004,0.00033,0.002659724550723007,0.0007249813961637872
0.00018000000000000004,0.000335,0.002407470496325888,0.0005830790149132915
0.00018000000000000004,0.00033999999999999997,0.0021011809948033406,0.0004523003550713946
0.00018000000000000004,0.000345,0.0017146390192403784,0.0003270701071224369
0.00018000000000000004,0.00035,0.0012271129090216772,0.0002062969435070077
0.00018000000000000004,0.000355,0.0005853554104768648,8.792469509014467e-05
0.00018999999999999963,0.0,2.5571976251066894e-19,-1.3256999084423464e-22
0.00018999999999999963,5e-06,0.1452430432283884,-5.435081262033267e-05
0.00018999999999999963,1e-05,0.2554572438976294,0.0003193806647280257
0.00018999999999999963,1.5e-05,0.3407720668601793,0.0014155370435343718
0.00018999999999999963,2e-05,0.4075251972157741,0.0033968893296197344
0.00018999999999999963,2.5e-05,0.46097351272033926,0.006530820673175365
0.00018999999999999963,2.9999999999999997e-05,0.5022916219978852,0.010503280401124512
0.00018999999999999963,3.5e-05,0.5344512627036329,0.015215329300833693
0.00018999999999999963,4e-05,0.5596634848860301,0.020154986688166815
0.00018999999999999963,4.5e-05,0.5773200636126145,0.025978348261712535
0.00018999999999999963,5e-05,0.5888078501694748,0.03210449138576842
0.00018999999999999963,5.4999999999999995e-05,0.5962401573796019,0.03822416886298592
0.00018999999999999963,5.9999999999999995e-05,0.5974303725057856,0.04408166283881847
0.00018999999999999963,6.5e-05,0.5969279963081068,0.050513130421853604
0.00018999999999999963,7e-05,0.5902275394509594,0.05712221346258455
0.00018999999999999963,7.5e-05,0.5796158441420909,0.06317597719110657
0.00018999999999999963,7.999999999999999e-05,0.5656557370382541,0.06951737284551919
0.00018999999999999963,8.499999999999999e-05,0.5458989693036096,0.07588362436983882
0.00018999999999999963,8.999999999999999e-05,0.523875115593509,0.08132984691291414
0.00018999999999999963,9.5e-05,0.49715852924484616,0.08639572045702688
0.00018999999999999963,0.0001,0.4658937748964059,0.09078451155713792
0.00018999999999999963,0.000105,0.4303479851292698,0.09366981724327512
0.00018999999999999963,0.00011,0.3906523846050686,0.09540421815099939
0.00018999999999999963,0.000115,0.35062300254377216,0.09511498786097725
0.00018999999999999963,0.00012,0.3102096571159181,0.09347646501565637
0.00018999999999999963,0.000125,0.2705772849057665,0.09063365977013028
0.00018999999999999963,0.00013,0.2308636283187743,0.08645493832151878
0.00018999999999999963,0.000135,0.1948953356987659,0.08148642096944166
0.00018999999999999963,0.00014,0.1621297862399259,0.07576348483671735
0.00018999999999999963,0.000145,0.13352003168109003,0.06969740440396835
0.00018999999999999963,0.00015,0.10915008956433088,0.06352505228283405
0.00018999999999999963,0.000155,0.08800868504234396,0.05751882051687053
0.00018999999999999963,0.00016,0.07103171905570961,0.051900284053135425
0.00018999999999999963,0.000165,0.057043803285730325,0.046507511911887206
0.00018999999999999963,0.00017,0.045808009826942594,0.04168540510321151
0.00018999999999999963,0.000175,0.0368145514659917,0.03722469460176422
0.00018999999999999963,0.00017999999999999998,0.029703851729343377,0.03311574747390889
0.00018999999999999963,0.000185,0.024344030270533525,0.0295447129731273
0.00018999999999999963,0.00019,0.02009017293140074,0.026232979937643505
0.00018999999999999963,0.000195,0.01681953684959586,0.02331426916357751
0.00018999999999999963,0.0002,0.01423925678050241,0.020660133373582953
0.00018999999999999963,0.000205,0.01230572296131558,0.01837808459489123
0.00018999999999999963,0.00021,0.010816439138796234,0.016301141298126667
0.00018999999999999963,0.000215,0.009723448878356236,0.014513518511790969
0.00018999999999999963,0.00022,0.008784922394640125,0.012869178020038627
0.00018999999999999963,0.000225,0.008088952285676403,0.011422244896065248
0.00018999999999999963,0.00023,0.007537999026206594,0.010155045293874428
0.00018999999999999963,0.000235,0.007086126107960924,0.009016408133046576
0.00018999999999999963,0.00024,0.006692921429959914,0.0079859470186763
0.00018999999999999963,0.000245,0.006362194677504002,0.007093423376721055
0.00018999999999999963,0.00025,0.006055199510318226,0.006278099180094009
0.00018999999999999963,0.00025499999999999996,0.005809643547077169,0.0055599279459470395
0.00018999999999999963,0.00026,0.00559038329853137,0.0049126146490691336
0.00018999999999999963,0.000265,0.0053741412017071855,0.004348903928633091
0.00018999999999999963,0.00027,0.0051747611835212285,0.0038340982407559614
0.00018999999999999963,0.00027499999999999996,0.004963982189816357,0.0033645360345404235
0.00018999999999999963,0.00028,0.004793020228531959,0.0029570164886591997
0.00018999999999999963,0.000285,0.004605748875830038,0.002578459609311689
0.00018999999999999963,0.00029,0.004430752283783546,0.002246769316227655
0.00018999999999999963,0.00029499999999999996,0.004269927849642693,0.0019558982907656496
0.00018999999999999963,0.0003,0.00410625482020547,0.001687266165090096
0.00018999999999999963,0.000305,0.003939164083606883,0.0014486263260032812
0.00018999999999999963,0.00031,0.003765103418669061,0.0012300312501707707
0.00018999999999999963,0.00031499999999999996,0.003582831655151079,0.0010370725832797726
0.00018999999999999963,0.00031999999999999997,0.0033897874959616797,0.0008635918293741173
0.00018999999999999963,0.000325,0.0031790126648670704,0.0007064110324422343
0.00018999999999999963,0.00033,0.0029425382191482813,0.0005681050786995757
0.00018999999999999963,0.000335,0.0026652356122512954,0.0004428935809654541
0.00018999999999999963,0.00033999999999999997,0.002335343717508579,0.0003294174821696928
0.00018999999999999963,0.000345,0.0019342493681302696,0.00022885974724472284
0.00018999999999999963,0.00035,0.0014280025663337963,0.0001413255385067076
0.00018999999999999963,0.000355,0.0007807888778707325,6.3429291114672e-05
0.0002000000000000001,0.0,4.543286883825552e-19,-1.1960500800955206e-21
0.0002000000000000001,5e-06,0.1465157255500103,-0.00045355414071888175
0.0002000000000000001,1e-05,0.2548557954085957,-0.000850497343367932
0.0002000000000000001,1.5e-05,0.3390947703841583,-0.0008569067660552923
0.0002000000000000001,2e-05,0.403648722352799,-5.97314941848293e-05
0.0002000000000000001,2.5e-05,0.4546711369023025,0.0016421222977730083
0.0002000000000000001,2.9999999999999997e-05,0.49586074334883967,0.004244297973646963
0.0002000000000000001,3.5e-05,0.5262362819007739,0.007219443440139702
0.0002000000000000001,4e-05,0.5498025345863948,0.011212050444194249
0.0002000000000000001,4.5e-05,0.5666778859849846,0.01588565075976564
0.0002000000000000001,5e-05,0.5791348167511355,0.020576533331272358
0.0002000000000000001,5.4999999999999995e-05,0.584753831181137,0.025650573836130827
0.0002000000000000001,5.9999999999999995e-05,0.5821838747461823,0.030431641427045
0.0002000000000000001,6.5e-05,0.5844959111900606,0.03618620909985495
0.0002000000000000001,7e-05,0.5772922794603315,0.04165973144682181
0.0002000000000000001,7.5e-05,0.5671770069267051,0.04721572521019607
0.0002000000000000001,7.999999999999999e-05,0.5531581580945244,0.05301477485475273
0.0002000000000000001,8.499999999999999e-05,0.5344768183057068,0.058635071118234905
0.0002000000000000001,8.999999999999999e-05,0.5132678358761935,0.06354126815873057
0.0002000000000000001,9.5e-05,0.48747112810096527,0.06845788633373714
0.0002000000000000001,0.0001,0.4575865605500067,0.07216886216789972
0.0002000000000000001,0.000105,0.42528637287213406,0.0751379003344553
0.0002000000000000001,0.00011,0.3884334448880433,0.077546324010861
0.0002000000000000001,0.000115,0.35126454484403147,0.07848457716051693
0.0002000000000000001,0.00012,0.3137047953116047,0.07833817464954254
0.0002000000000000001,0.000125,0.2758915520314438,0.0771964584021555
0.0002000000000000001,0.00013,0.23896229824835974,0.07454308018420788
0.0002000000000000001,0.000135,0.20395382289092942,0.07084013661653489
0.0002000000000000001,0.00014,0.17190783615476754,0.06680894674396619
0.0002000000000000001,0.000145,0.1445243828240278,0.06251440013509356
0.0002000000000000001,0.00015,0.12012081894413475,0.057806750570279265
0.0002000000000000001,0.000155,0.09891628622206002,0.052993810930907374
0.0002000000000000001,0.00016,0.08103752090619293,0.04809946633890396
0.0002000000000000001,0.000165,0.06655002555914795,0.04360402651871965
0.0002000000000000001,0.00017,0.05473308305330589,0.03932843173226816
0.0002000000000000001,0.000175,0.04485178777452728,0.035188952708141506
0.0002000000000000001,0.00017999999999999998,0.03720034863867275,0.03154314707876415
0.0002000000000000001,0.000185,0.03100444172836125,0.028194358866839395
0.0002000000000000001,0.00019,0.026071547805965614,0.02512540799649752
0.0002000000000000001,0.000195,0.0221679940676061,0.02229814383053179
0.0002000000000000001,0.0002,0.019063643450302363,0.019812114386664047
0.0002000000000000001,0.000205,0.01663467375540768,0.017636908391874283
0.0002000000000000001,0.00021,0.01468022790021743,0.015617623506204494
0.0002000000000000001,0.000215,0.013114987604132027,0.0138365470386803
0.0002000000000000001,0.00022,0.011877721420007394,0.012258201781272507
0.0002000000000000001,0.000225,0.010825392924958871,0.010828977078351005
0.0002000000000000001,0.00023,0.009932056567706736,0.0095614715307604
0.0002000000000000001,0.000235,0.009229771592119792,0.008459348090543233
0.0002000000000000001,0.00024,0.008594606383790749,0.007461344311549914
0.0002000000000000001,0.000245,0.008058375025950176,0.006573329226010294
0.0002000000000000001,0.00025,0.007585636713843482,0.005771170519085161
0.0002000000000000001,0.00025499999999999996,0.007169636082366926,0.005077333843667649
0.0002000000000000001,0.00026,0.006783514314671838,0.004440969514436603
0.0002000000000000001,0.000265,0.006438418125056137,0.0038900372750483793
0.0002000000000000001,0.00027,0.006132258195585469,0.0033937029987196297
0.0002000000000000001,0.00027499999999999996,0.005832441025218498,0.0029533363103736126
0.0002000000000000001,0.00028,0.005549627711807654,0.0025556134287377553
0.0002000000000000001,0.000285,0.005294576814479332,0.0022014421598436367
0.0002000000000000001,0.00029,0.005052514346129927,0.0018912615458425033
0.0002000000000000001,0.00029499999999999996,0.0048170987775333985,0.0016117647245079288
0.0002000000000000001,0.0003,0.004598924820510919,0.0013622968090697433
0.0002000000000000001,0.000305,0.0043730807121642006,0.0011348694081592453
0.0002000000000000001,0.00031,0.00415304109423582,0.000936582904063826
0.0002000000000000001,0.00031499999999999996,0.003928420087900359,0.0007605243526870403
0.0002000000000000001,0.00031999999999999997,0.0037074631690026537,0.0006067710045125378
0.0002000000000000001,0.000325,0.003452421993897048,0.00047019027760991503
0.0002000000000000001,0.00033,0.0031814589956876416,0.0003509084150191592
0.0002000000000000001,0.000335,0.0028825932356787497,0.0002507737523712848
0.0002000000000000001,0.00033999999999999997,0.0025210765520015856,0.000163664299553946
0.0002000000000000001,0.000345,0.0020899317974742582,9.466678711394738e-05
0.0002000000000000001,0.00035,0.001543812919163422,4.314490636828942e-05
0.0002000000000000001,0.000355,0.0008753142393152274,1.2943939522624497e-05
0.0002000000000000001,0.00035999999999999997,1.2594484342725217e-18,9.743496740332944e-21
0.00020999999999999968,0.0,3.0523707203822297e-19,-5.913429542514572e-22
0.00020999999999999968,5e-06,0.14746375611300094,-0.0006967841550286725
0.00020999999999999968,1e-05,0.2569329123131808,-0.0019150920701826528
0.00020999999999999968,1.5e-05,0.3386649454823191,-0.003375384553375073
0.00020999999999999968,2e-05,0.40244933725219423,-0.004034226975466024
0.00020999999999999968,2.5e-05,0.4530323238069822,-0.0038401739450109316
0.00020999999999999968,2.9999999999999997e-05,0.4916561898052776,-0.002566185041391932
0.00020999999999999968,3.5e-05,0.5211213995212554,-0.0008439177262115846
0.00020999999999999968,4e-05,0.5428236117969457,0.0016200496961244354
0.00020999999999999968,4.5e-05,0.5590913271080328,0.004955981956858977
0.00020999999999999968,5e-05,0.5705695375251935,0.008117814611446401
0.00020999999999999968,5.4999999999999995e-05,0.5754826251260947,0.01188558228691622
0.00020999999999999968,5.9999999999999995e-05,0.5766970646830152,0.01616314164270536
0.00020999999999999968,6.5e-05,0.5729955386493653,0.02020304660746094
0.00020999999999999968,7e-05,0.5671108054986537,0.02495195336554284
0.00020999999999999968,7.5e-05,0.556975391050024,0.02944288113135179
0.00020999999999999968,7.999999999999999e-05,0.5417596920296112,0.03410164087820634
0.00020999999999999968,8.499999999999999e-05,0.5253145968846937,0.039141867489567564
0.00020999999999999968,8.999999999999999e-05,0.5040947885351267,0.04390426454740148
0.00020999999999999968,9.5e-05,0.4797781805566674,0.048028827919016026
0.00020999999999999968,0.0001,0.45066137276409535,0.05187263805840962
0.00020999999999999968,0.000105,0.41977499031846294,0.05556137388849067
0.00020999999999999968,0.00011,0.384119912294211,0.05815607883900633
0.00020999999999999968,0.000115,0.3493325148321595,0.059619066804971935
0.00020999999999999968,0.00012,0.31357609234520434,0.06039003881558513
0.00020999999999999968,0.000125,0.27773044181591094,0.06037578128353567
0.00020999999999999968,0.00013,0.24332273575566268,0.05959007910834467
0.00020999999999999968,0.000135,0.20963149608644713,0.057843894696379614
0.00020999999999999968,0.00014,0.17890509561122375,0.05530945673293999
0.00020999999999999968,0.000145,0.1527924970972512,0.05235496647881962
0.00020999999999999968,0.00015,0.1277977919025174,0.04883991971262089
0.00020999999999999968,0.000155,0.10740059424904466,0.04533299394548564
0.00020999999999999968,0.00016,0.08959220009875658,0.041733526292404795
0.00020999999999999968,0.000165,0.07481503911787661,0.03824927801525926
0.00020999999999999968,0.00017,0.06253899086726823,0.03469831668461519
0.00020999999999999968,0.000175,0.05204307600660389,0.031215819480193235
0.00020999999999999968,0.00017999999999999998,0.04375006287839311,0.028110459166842433
0.00020999999999999968,0.000185,0.036993925962746636,0.02519478421951143
0.00020999999999999968,0.00019,0.031523707229756746,0.022488351207994087
0.00020999999999999968,0.000195,0.027105707541147574,0.020037768330441987
0.00020999999999999968,0.0002,0.02365413464420847,0.0178296815091315
0.00020999999999999968,0.000205,0.020682756522734467,0.01579477151375329
0.00020999999999999968,0.00021,0.01828469477712354,0.013974760360064871
0.00020999999999999968,0.000215,0.016379713791648844,0.012342493834173525
0.00020999999999999968,0.00022,0.014732460905193976,0.010856758577542843
0.00020999999999999968,0.000225,0.013376563914677396,0.009562031221024215
0.00020999999999999968,0.00023,0.012255696545238453,0.008414384088461773
0.00020999999999999968,0.000235,0.011254132582358065,0.007372295174774948
0.00020999999999999968,0.00024,0.01040338802256491,0.006450167123949822
0.00020999999999999968,0.000245,0.009651306088594604,0.005637101903504663
0.00020999999999999968,0.00025,0.009017689783676829,0.004914020516981574
0.00020999999999999968,0.00025499999999999996,0.008449303471753634,0.004278351461619314
0.00020999999999999968,0.00026,0.007900350267824931,0.0036975605451349956
0.00020999999999999968,0.000265,0.007455584361646766,0.003205901659732829
0.00020999999999999968,0.00027,0.00702491163703176,0.002753004828291875
0.00020999999999999968,0.00027499999999999996,0.006637781525735894,0.002356228711270766
0.00020999999999999968,0.00028,0.006254564380147139,0.0019855484183391846
0.00020999999999999968,0.000285,0.005926155378487883,0.0016729713665215363
0.00020999999999999968,0.00029,0.005615474706122122,0.0013956021298511382
0.00020999999999999968,0.00029499999999999996,0.005332753493444715,0.0011458008970023357
0.00020999999999999968,0.0003,0.005039155169473087,0.0009264647183717752
0.00020999999999999968,0.000305,0.004768078779041448,0.0007327801624959146
0.00020999999999999968,0.00031,0.004499247098222472,0.0005650198710248703
0.00020999999999999968,0.00031499999999999996,0.004232367963700357,0.0004161586168078868
0.00020999999999999968,0.00031999999999999997,0.003967430980393608,0.00029344777118168655
0.00020999999999999968,0.000325,0.0036756433149770355,0.00018008953561868518
0.00020999999999999968,0.00033,0.003373870300025254,9.120643839845852e-05
0.00020999999999999968,0.000335,0.003037161469254465,1.797724366640594e-05
0.00020999999999999968,0.00033999999999999997,0.0026413925221915606,-3.0702524972090306e-05
0.00020999999999999968,0.000345,0.002167034505014508,-6.042930757988969e-05
0.00020999999999999968,0.00035,0.0015886618545711145,-6.72082201188342e-05
0.00020999999999999968,0.000355,0.0008563712922279686,-4.83383418169989e-05
0.00022000000000000014,0.0,2.1319936239153893e-19,-6.535292090837242e-22
0.00022000000000000014,5e-06,0.15148153761231245,-0.0011980839424153061
0.00022000000000000014,1e-05,0.2601601855208978,-0.00340681566654134
0.00022000000000000014,1.5e-05,0.3434015332087402,-0.005874583193613987
0.00022000000000000014,2e-05,0.4037407054339514,-0.008112112994568653
0.00022000000000000014,2.5e-05,0.4540816617638719,-0.009361133928016224
0.00022000000000000014,2.9999999999999997e-05,0.4892443054651089,-0.009906992159097216
0.00022000000000000014,3.5e-05,0.5175113235798144,-0.009320981403119913
0.00022000000000000014,4e-05,0.5398524920735253,-0.00842959005150941
0.00022000000000000014,4.5e-05,0.5541029513737046,-0.007044860460320802
0.00022000000000000014,5e-05,0.5630533256611772,-0.005364771805594101
0.00022000000000000014,5.4999999999999995e-05,0.5700125054728954,-0.002950033589179768
0.00022000000000000014,5.9999999999999995e-05,0.5687126544922666,5.4832662640292836e-05
0.00022000000000000014,6.5e-05,0.5654761014525892,0.003340200446745682
0.00022000000000000014,7e-05,0.5590121594076017,0.006612204468535337
0.00022000000000000014,7.5e-05,0.5485237709172945,0.010067727902743795
0.00022000000000000014,7.999999999999999e-05,0.5336688433761355,0.013931109460621822
0.00022000000000000014,8.499999999999999e-05,0.5169847176924585,0.017584020317491778
0.00022000000000000014,8.999999999999999e-05,0.4957682405445221,0.02149898503578299
0.00022000000000000014,9.5e-05,0.47155969750318244,0.02601118702841029
0.00022000000000000014,0.0001,0.4435202785709138,0.02991754287898141
0.00022000000000000014,0.000105,0.41249742236682096,0.03338922435551329
0.00022000000000000014,0.00011,0.37913886273218106,0.03635506696409457
0.00022000000000000014,0.000115,0.3465362709505341,0.03903673630367255
0.00022000000000000014,0.00012,0.31193837384142875,0.04040192331415003
0.00022000000000000014,0.000125,0.2774552135550259,0.04149873426194053
0.00022000000000000014,0.00013,0.2439307566767177,0.04203277334830201
0.00022000000000000014,0.000135,0.21253385043375378,0.04178824837614016
0.00022000000000000014,0.00014,0.18327996625110682,0.04078892898312454
0.00022000000000000014,0.000145,0.15702413828383288,0.03918864928363407
0.00022000000000000014,0.00015,0.13388501634287375,0.037290270873162605
0.00022000000000000014,0.000155,0.11295906912757571,0.03513130789370954
0.00022000000000000014,0.00016,0.09574130130299566,0.032876836353031416
0.00022000000000000014,0.000165,0.08059371017873464,0.030267875869809627
0.00022000000000000014,0.00017,0.0684802393969104,0.02786731415912058
0.00022000000000000014,0.000175,0.05778592832530745,0.02533891723527215
0.00022000000000000014,0.00017999999999999998,0.04926024158099016,0.0229791473020803
0.00022000000000000014,0.000185,0.04211373422569564,0.02061425921307388
0.00022000000000000014,0.00019,0.03629147964611369,0.01846725334024201
0.00022000000000000014,0.000195,0.031386003496606564,0.016416880393693645
0.00022000000000000014,0.0002,0.027517986778601244,0.014611107081562366
0.00022000000000000014,0.000205,0.02422442361280169,0.012929058253111976
0.00022000000000000014,0.00021,0.021485586175976307,0.011386947117983794
0.00022000000000000014,0.000215,0.019204263505526606,0.010017479901133233
0.00022000000000000014,0.00022,0.017336808781956183,0.008786382137900133
0.00022000000000000014,0.000225,0.015660154691617446,0.007680861159659686
0.00022000000000000014,0.00023,0.014260470578325555,0.006698267435443714
0.00022000000000000014,0.000235,0.013088670242863332,0.005831546651519884
0.00022000000000000014,0.00024,0.012018069525341386,0.005036416493168942
0.00022000000000000014,0.000245,0.011116273841231896,0.004346568722415807
0.00022000000000000014,0.00025,0.010290800781924646,0.0037258005372892925
0.00022000000000000014,0.00025499999999999996,0.00956027905708317,0.0031834423844472504
0.00022000000000000014,0.00026,0.008917003889756425,0.0027048003036026598
0.00022000000000000014,0.000265,0.008333397060350188,0.0022773822449108465
0.00022000000000000014,0.00027,0.007799609775557021,0.0018986715022740604
0.00022000000000000014,0.00027499999999999996,0.007325345014458488,0.0015653079571552556
0.00022000000000000014,0.00028,0.006892947408415669,0.00127277869361968
0.00022000000000000014,0.000285,0.006477549913076435,0.0010089482002781144
0.00022000000000000014,0.00029,0.006097136506448748,0.0007840480698302781
0.00022000000000000014,0.00029499999999999996,0.005748174320548098,0.000579030166163596
0.00022000000000000014,0.0003,0.005418222950496605,0.0004058252151363834
0.00022000000000000014,0.000305,0.005092250413907614,0.0002535600247356265
0.00022000000000000014,0.00031,0.004780314228866948,0.00012270744075636161
0.00022000000000000014,0.00031499999999999996,0.004484123558027839,1.179241738056532e-05
0.00022000000000000014,0.00031999999999999997,0.004172149654426448,-8.078587794846789e-05
0.00022000000000000014,0.000325,0.0038481746410801887,-0.00015251306305822805
0.00022000000000000014,0.00033,0.0034989524369973424,-0.00020618249997627494
0.00022000000000000014,0.000335,0.0031181885840922243,-0.0002364284640053853
0.00022000000000000014,0.00033999999999999997,0.002675407070955625,-0.00024399416831645795
0.00022000000000000014,0.000345,0.0021581884227579147,-0.0002261247465428594
0.00022000000000000014,0.00035,0.001525680961497901,-0.00017642241056801508
0.00022000000000000014,0.000355,0.000721785777171701,-9.090874875789433e-05
0.00022999999999999974,0.0,1.1477265313504527e-19,-2.0671284731523028e-22
0.00022999999999999974,5e-06,0.1554100658189445,-0.0014177042235481926
0.00022999999999999974,1e-05,0.267476937873504,-0.004752618397126221
0.00022999999999999974,1.5e-05,0.3483856145902041,-0.008560644222822666
0.00022999999999999974,2e-05,0.41014858946106225,-0.012125820130765609
0.00022999999999999974,2.5e-05,0.4565984989873884,-0.014751587389686498
0.00022999999999999974,2.9999999999999997e-05,0.491328174058924,-0.017148601155641117
0.00022999999999999974,3.5e-05,0.5180797105042639,-0.018654000321145697
0.00022999999999999974,4e-05,0.5384575247204899,-0.01905228997441752
0.00022999999999999974,4.5e-05,0.5527363159000516,-0.019228903531458598
0.00022999999999999974,5e-05,0.5612295273929404,-0.018840697236623224
0.00022999999999999974,5.4999999999999995e-05,0.5657132888867045,-0.018263984792498432
0.00022999999999999974,5.9999999999999995e-05,0.5645613225032595,-0.01676735893899134
0.00022999999999999974,6.5e-05,0.5604035161196275,-0.015121235005010314
0.00022999999999999974,7e-05,0.5536747779081668,-0.01316580325326277
0.00022999999999999974,7.5e-05,0.5426214731085414,-0.011204701622051281
0.00022999999999999974,7.999999999999999e-05,0.527576130617797,-0.008301158940493578
0.00022999999999999974,8.499999999999999e-05,0.5090724201922133,-0.005104960330050032
0.00022999999999999974,8.999999999999999e-05,0.4883032396356797,-0.002163200307270454
0.00022999999999999974,9.5e-05,0.4632194340042174,0.0006547917277886745
0.00022999999999999974,0.0001,0.4366150565025278,0.0049135552266014485
0.00022999999999999974,0.000105,0.4060371170434846,0.00818482692485245
0.00022999999999999974,0.00011,0.3727505980860332,0.011708514432564045
0.00022999999999999974,0.000115,0.3409168525465271,0.014997923920104546
0.00022999999999999974,0.00012,0.30862320458276693,0.018233914527300953
0.00022999999999999974,0.000125,0.274994497301699,0.020325922061529358
0.00022999999999999974,0.00013,0.24254731851159705,0.021709213472078544
0.00022999999999999974,0.000135,0.2122796696754129,0.023090916696106682
0.00022999999999999974,0.00014,0.1840874247961783,0.02386354049574644
0.00022999999999999974,0.000145,0.15861913794265992,0.023961162830634035
0.00022999999999999974,0.00015,0.13629501138562974,0.023573987293105496
0.00022999999999999974,0.000155,0.11642812890285789,0.022886509372197664
0.00022999999999999974,0.00016,0.09936470636567725,0.021799874802452643
0.00022999999999999974,0.000165,0.0847550684144535,0.020475055679409833
0.00022999999999999974,0.00017,0.07238397247969937,0.019111399913984556
0.00022999999999999974,0.000175,0.06176871650140501,0.017598629560173273
0.00022999999999999974,0.00017999999999999998,0.053264193922647925,0.016087597847478718
0.00022999999999999974,0.000185,0.04581593887758584,0.01454268667046666
0.00022999999999999974,0.00019,0.03979341699315242,0.013021354676960268
0.00022999999999999974,0.000195,0.034736509817887964,0.011598163762488596
0.00022999999999999974,0.0002,0.0305171227452731,0.01027091336988437
0.00022999999999999974,0.000205,0.027038572778507478,0.009088745196295007
0.00022999999999999974,0.00021,0.02403581382305454,0.007976235672682406
0.00022999999999999974,0.000215,0.021568095259080006,0.006983351785835538
0.00022999999999999974,0.00022,0.019334227573838837,0.006040229034737669
0.00022999999999999974,0.000225,0.017478814484687757,0.00520683211466352
0.00022999999999999974,0.00023,0.01593594490392723,0.004479776340078841
0.00022999999999999974,0.000235,0.014533092880306828,0.0038209477157619054
0.00022999999999999974,0.00024,0.013323699092999387,0.0032217539986496412
0.00022999999999999974,0.000245,0.01224795416634584,0.002708483947224404
0.00022999999999999974,0.00025,0.011276671321970076,0.0022388264191236695
0.00022999999999999974,0.00025499999999999996,0.010471237524308999,0.0018391261309294608
0.00022999999999999974,0.00026,0.009701692290621807,0.0014798756153392245
0.00022999999999999974,0.000265,0.00903437628275443,0.001157503300358938
0.00022999999999999974,0.00027,0.008424388476709444,0.0008781795776205736
0.00022999999999999974,0.00027499999999999996,0.007866971876099936,0.0006306745734665273
0.00022999999999999974,0.00028,0.0073710406264829685,0.00041835030086778214
0.00022999999999999974,0.000285,0.006898676192547327,0.00023102507386787784
0.00022999999999999974,0.00029,0.006474162586817803,6.605045464767729e-05
0.00022999999999999974,0.00029499999999999996,0.0060600551693223694,-7.922891555272635e-05
0.00022999999999999974,0.0003,0.005683134209921715,-0.0001960019467348864
0.00022999999999999974,0.000305,0.0053273490219898955,-0.00029741223095696557
0.00022999999999999974,0.00031,0.004979056380729813,-0.00037843230960739056
0.00022999999999999974,0.00031499999999999996,0.004632891320647875,-0.0004437792398597264
0.00022999999999999974,0.00031999999999999997,0.004289940798602947,-0.00048548342125291085
0.00022999999999999974,0.000325,0.003928223447737247,-0.000512803075479062
0.00022999999999999974,0.00033,0.003534716464482167,-0.0005154561514179797
0.00022999999999999974,0.000335,0.003111717713604996,-0.0005010262261257256
0.00022999999999999974,0.00033999999999999997,0.0026098459284064636,-0.00045086652466316807
0.00022999999999999974,0.000345,0.0020253116150146587,-0.0003724021051765658
0.00022999999999999974,0.00035,0.001311369839048361,-0.00025397851603451175
0.00022999999999999974,0.000355,0.0004209231185636957,-8.441153728683949e-05
0.0002400000000000002,0.0,3.462159406997979e-19,-1.0432771290693597e-21
0.0002400000000000002,5e-06,0.16174048831803073,-0.001859989809178962
0.0002400000000000002,1e-05,0.2746427661853088,-0.006139922019094927
0.0002400000000000002,1.5e-05,0.3581940878320617,-0.010896489405270226
0.0002400000000000002,2e-05,0.4177401726867165,-0.016148659468101675
0.0002400000000000002,2.5e-05,0.4625234641193424,-0.02058192003876627
0.0002400000000000002,2.9999999999999997e-05,0.49631597451718845,-0.024115071196911884
0.0002400000000000002,3.5e-05,0.5227837327359558,-0.027333088118747705
0.0002400000000000002,4e-05,0.5407869656268618,-0.029549671843520448
0.0002400000000000002,4.5e-05,0.5544637874300875,-0.03157286138225893
0.0002400000000000002,5e-05,0.5613462849354088,-0.0329759045146147
0.0002400000000000002,5.4999999999999995e-05,0.5658214752519974,-0.033984672987544304
0.0002400000000000002,5.9999999999999995e-05,0.5629327392241605,-0.03469966513015084
0.0002400000000000002,6.5e-05,0.5574466192218948,-0.0348923333162702
0.0002400000000000002,7e-05,0.5511320842017566,-0.034458128928317004
0.0002400000000000002,7.5e-05,0.5384914243284584,-0.03385364292005253
0.0002400000000000002,7.999999999999999e-05,0.5231157582274897,-0.03278730408654704
0.0002400000000000002,8.499999999999999e-05,0.5031823192500978,-0.03102927469809283
0.0002400000000000002,8.999999999999999e-05,0.48352653858425043,-0.028868321682541862
0.0002400000000000002,9.5e-05,0.456526948833231,-0.026088716782026775
0.0002400000000000002,0.0001,0.4290956722753079,-0.0233223822585078
0.0002400000000000002,0.000105,0.3981536838364727,-0.01921292006514759
0.0002400000000000002,0.00011,0.3662433694091975,-0.015809815703883828
0.0002400000000000002,0.000115,0.3329259282357184,-0.011880450824111218
0.0002400000000000002,0.00012,0.3021815738441156,-0.007992834146630731
0.0002400000000000002,0.000125,0.2690672315093508,-0.004171391886162276
0.0002400000000000002,0.00013,0.23858387843589465,-0.0009012827229994817
0.0002400000000000002,0.000135,0.20826177203940963,0.0018110520034435864
0.0002400000000000002,0.00014,0.1813345627721797,0.004149963641916209
0.0002400000000000002,0.000145,0.157766350044199,0.006105105335639945
0.0002400000000000002,0.00015,0.13604789099221015,0.007339754790873435
0.0002400000000000002,0.000155,0.11671831151060644,0.008318405602760292
0.0002400000000000002,0.00016,0.10042636151150744,0.008778292886155635
0.0002400000000000002,0.000165,0.08586717592504396,0.008892470235383573
0.0002400000000000002,0.00017,0.07415172294956397,0.008707142246030568
0.0002400000000000002,0.000175,0.06392116650458832,0.008368362811635655
0.0002400000000000002,0.00017999999999999998,0.05538181918410852,0.007820711814608302
0.0002400000000000002,0.000185,0.04809675685780478,0.007225622751349553
0.0002400000000000002,0.00019,0.04188885403604428,0.006550458707468285
0.0002400000000000002,0.000195,0.036800030268876786,0.005846228615160963
0.0002400000000000002,0.0002,0.03248825248806577,0.00519948856240408
0.0002400000000000002,0.000205,0.028867984881056304,0.004529609076058811
0.0002400000000000002,0.00021,0.0257168056110884,0.003924743667415545
0.0002400000000000002,0.000215,0.023009369069746564,0.0033439237633311057
0.0002400000000000002,0.00022,0.020756011162157834,0.002794888697542679
0.0002400000000000002,0.000225,0.01875605350051184,0.002315912009270789
0.0002400000000000002,0.00023,0.01707048783145705,0.0018816340108453646
0.0002400000000000002,0.000235,0.0155315336404196,0.0014754499746371028
0.0002400000000000002,0.00024,0.014214163184048403,0.0011144590329480715
0.0002400000000000002,0.000245,0.01304579262499435,0.0008096358538304195
0.0002400000000000002,0.00025,0.01199618992802211,0.0005214247955123253
0.0002400000000000002,0.00025499999999999996,0.011106076240516629,0.0002881014917986318
0.0002400000000000002,0.00026,0.010241053993537688,8.219217148043702e-05
0.0002400000000000002,0.000265,0.009522070355940574,-0.00011828974286130256
0.0002400000000000002,0.00027,0.008838513059101981,-0.0002829538038908765
0.0002400000000000002,0.00027499999999999996,0.008226103326936995,-0.000424290896753957
0.0002400000000000002,0.00028,0.007686785058942141,-0.0005455532480193412
0.0002400000000000002,0.000285,0.0071626498460965245,-0.0006397268467863664
0.0002400000000000002,0.00029,0.0066885196316644815,-0.0007264031155820175
0.0002400000000000002,0.00029499999999999996,0.006260313586456008,-0.0007976871756405697
0.0002400000000000002,0.0003,0.005840085963308944,-0.0008495929024416233
0.0002400000000000002,0.000305,0.0054508745806773565,-0.0008875168726181186
0.0002400000000000002,0.00031,0.005064841117521316,-0.0009083508311841486
0.0002400000000000002,0.00031499999999999996,0.004680406291433486,-0.0009172532959383604
0.0002400000000000002,0.00031999999999999997,0.004297674157673258,-0.0009075004318384861
0.0002400000000000002,0.000325,0.0038973112237752645,-0.0008732724287065517
0.0002400000000000002,0.00033,0.003463983813351008,-0.0008178181473894736
0.0002400000000000002,0.000335,0.0029741219023458293,-0.0007361879251720484
0.0002400000000000002,0.00033999999999999997,0.0024169208505674124,-0.0006221996302816442
0.0002400000000000002,0.000345,0.0017510787128670658,-0.00046440442039969105
0.0002400000000000002,0.00035,0.0009260258721712578,-0.0002503362119504755
0.0002499999999999998,0.0,2.516575448975807e-19,-6.320561849754015e-22
0.0002499999999999998,5e-06,0.16863226703272954,-0.0021696036713624665
0.0002499999999999998,1e-05,0.2850308194327993,-0.007314513067138794
0.0002499999999999998,1.5e-05,0.3678733195560811,-0.013482794956289155
0.0002499999999999998,2e-05,0.4295190620392959,-0.019413144875636532
0.0002499999999999998,2.5e-05,0.4730983272346525,-0.025530628058048493
0.0002499999999999998,2.9999999999999997e-05,0.5057802917836538,-0.031292992727826624
0.0002499999999999998,3.5e-05,0.5294605795811066,-0.03627593722533915
0.0002499999999999998,4e-05,0.5460991512248228,-0.040568274172288504
0.0002499999999999998,4.5e-05,0.5585799370294257,-0.04440153902339988
0.0002499999999999998,5e-05,0.5653274624341498,-0.04771146375617026
0.0002499999999999998,5.4999999999999995e-05,0.56907224540479,-0.05044982498707644
0.0002499999999999998,5.9999999999999995e-05,0.5665008294674702,-0.05290755041329711
0.0002499999999999998,6.5e-05,0.5606095427511967,-0.055437625139168736
0.0002499999999999998,7e-05,0.5517577054492456,-0.05752381324389168
0.0002499999999999998,7.5e-05,0.5391602934299804,-0.05849386581623224
0.0002499999999999998,7.999999999999999e-05,0.5218259861000151,-0.05933186343359468
0.0002499999999999998,8.499999999999999e-05,0.502491411977816,-0.05941612219071511
0.0002499999999999998,8.999999999999999e-05,0.47888341586524474,-0.058685200961204345
0.0002499999999999998,9.5e-05,0.45203164670591084,-0.05698198095511271
0.0002499999999999998,0.0001,0.4225563671766352,-0.05405176360795417
0.0002499999999999998,0.000105,0.39060022640344466,-0.05095274475983113
0.0002499999999999998,0.00011,0.3571583434770778,-0.046776055027856686
0.0002499999999999998,0.000115,0.32517730396131284,-0.0422257168093892
0.0002499999999999998,0.00012,0.29300338356763034,-0.037173944148022685
0.0002499999999999998,0.000125,0.2609504592987447,-0.03185242908914001
0.0002499999999999998,0.00013,0.2300671765606358,-0.026814760368566216
0.0002499999999999998,0.000135,0.20189165218409955,-0.02218769905448601
0.0002499999999999998,0.00014,0.17536142115317055,-0.017907088703516334
0.0002499999999999998,0.000145,0.15208904116541294,-0.013971631661647771
0.0002499999999999998,0.00015,0.1321152459628836,-0.010545066956331426
0.0002499999999999998,0.000155,0.11353734803225184,-0.0077793875151045975
0.0002499999999999998,0.00016,0.09801104826796157,-0.005696044938374235
0.0002499999999999998,0.000165,0.08484366701065663,-0.004082725007422182
0.0002499999999999998,0.00017,0.0732948292557446,-0.0028681461075178117
0.0002499999999999998,0.000175,0.06362822547830088,-0.0019308589956846395
0.0002499999999999998,0.00017999999999999998,0.05538574061363668,-0.0013065892590807737
0.0002499999999999998,0.000185,0.04825149486401074,-0.0009474138259179582
0.0002499999999999998,0.00019,0.04248443675484819,-0.0007108873800597597
0.0002499999999999998,0.000195,0.037508481928516024,-0.0005578030629982043
0.0002499999999999998,0.0002,0.033108692028828844,-0.0005132463497153409
0.0002499999999999998,0.000205,0.029578513883941678,-0.0005338099180535749
0.0002499999999999998,0.00021,0.026412468360562574,-0.0006079090929725786
0.0002499999999999998,0.000215,0.023688727480895507,-0.0006735235081659788
0.0002499999999999998,0.00022,0.021361131348744823,-0.0007879659466357506
0.0002499999999999998,0.000225,0.01930654039656403,-0.0008883324240298988
0.0002499999999999998,0.00023,0.0175698405004168,-0.000997766338950598
0.0002499999999999998,0.000235,0.01602548508934915,-0.0010983182254327565
0.0002499999999999998,0.00024,0.014641871585488497,-0.0011683072962442257
0.0002499999999999998,0.000245,0.013423061819316112,-0.0012611603333432682
0.0002499999999999998,0.00025,0.012321301947872277,-0.0013264499291659503
0.0002499999999999998,0.00025499999999999996,0.01135623597390373,-0.0013887480233930468
0.0002499999999999998,0.00026,0.010510368368403727,-0.001442067541070373
0.0002499999999999998,0.000265,0.009716108986866576,-0.0014901973491007877
0.0002499999999999998,0.00027,0.009038426989821342,-0.0015132090540052494
0.0002499999999999998,0.00027499999999999996,0.00837845170345504,-0.0015377547856972593
0.0002499999999999998,0.00028,0.007795337866843609,-0.0015577536684925866
0.0002499999999999998,0.000285,0.0072525700306884655,-0.001557960575022716
0.0002499999999999998,0.00029,0.006761739763525225,-0.001558569702744826
0.0002499999999999998,0.00029499999999999996,0.006308412123709338,-0.0015482114279001904
0.0002499999999999998,0.0003,0.005865279331517425,-0.0015207147392867282
0.0002499999999999998,0.000305,0.0054413798240266886,-0.0014889295007080206
0.0002499999999999998,0.00031,0.005027498130630364,-0.0014434401974296558
0.0002499999999999998,0.00031499999999999996,0.0046195898969706665,-0.0013859844416931138
0.0002499999999999998,0.00031999999999999997,0.004194263222670375,-0.001306274412107371
0.0002499999999999998,0.000325,0.0037453952068939094,-0.0012061132369811005
0.0002499999999999998,0.00033,0.0032603511109427054,-0.0010766711216418509
0.0002499999999999998,0.000335,0.0027061551835490124,-0.0009147088990552793
0.0002499999999999998,0.00033999999999999997,0.0020611824780613188,-0.0007108284397050447
0.0002499999999999998,0.000345,0.0012785776153067746,-0.00044700288068246733
0.0002499999999999998,0.00035,0.0003196000258532484,-0.00011231241090849208
0.00026000000000000025,0.0,3.565574970125185e-19,-1.2161451592878958e-21
0.00026000000000000025,5e-06,0.17570682141737326,-0.002460023620040441
0.00026000000000000025,1e-05,0.2996409617181235,-0.008077298371096631
0.00026000000000000025,1.5e-05,0.38232907096101715,-0.015223610129369751
0.00026000000000000025,2e-05,0.4426159593904738,-0.02317695192659813
0.00026000000000000025,2.5e-05,0.4861319558202613,-0.03074548970122022
0.00026000000000000025,2.9999999999999997e-05,0.5182272798468665,-0.03796130725044287
0.00026000000000000025,3.5e-05,0.541445842621323,-0.04470192691159894
0.00026000000000000025,4e-05,0.5572841967464331,-0.05114568388016335
0.00026000000000000025,4.5e-05,0.5681903420969794,-0.056542476464712665
0.00026000000000000025,5e-05,0.5737343963257477,-0.061781418198051954
0.00026000000000000025,5.4999999999999995e-05,0.5756844686015932,-0.06722137180706583
0.00026000000000000025,5.9999999999999995e-05,0.5732980260686643,-0.07249208533232562
0.00026000000000000025,6.5e-05,0.5666022633696576,-0.07666206408424356
0.00026000000000000025,7e-05,0.5569243709787421,-0.08155997851744637
0.00026000000000000025,7.5e-05,0.5433527625355594,-0.08530448305613351
0.00026000000000000025,7.999999999999999e-05,0.5264826432149402,-0.08863014554803732
0.00026000000000000025,8.499999999999999e-05,0.5034371961171962,-0.0911931267409706
0.00026000000000000025,8.999999999999999e-05,0.4777591104698882,-0.09253554063911608
0.00026000000000000025,9.5e-05,0.4494322085562053,-0.09246534892775754
0.00026000000000000025,0.0001,0.4173211436399469,-0.09138681675487025
0.00026000000000000025,0.000105,0.3839807330029943,-0.08806362695352721
0.00026000000000000025,0.00011,0.3478785630239245,-0.08405820025052323
0.00026000000000000025,0.000115,0.3144897320983533,-0.07814937751261192
0.00026000000000000025,0.00012,0.280867363037082,-0.07170077730766612
0.00026000000000000025,0.000125,0.24836314145351387,-0.0642097322994733
0.00026000000000000025,0.00013,0.21754325937372068,-0.05647373986298742
0.00026000000000000025,0.000135,0.1903212536450544,-0.04906124880042429
0.00026000000000000025,0.00014,0.16479839227576282,-0.04208901645630652
0.00026000000000000025,0.000145,0.14236865092889087,-0.03568118367922326
0.00026000000000000025,0.00015,0.12338233140399185,-0.030207701532657425
0.00026000000000000025,0.000155,0.10672335793363213,-0.02532915721198865
0.00026000000000000025,0.00016,0.09257577579363704,-0.02114601025227974
0.00026000000000000025,0.000165,0.08020164890027746,-0.017825560137693267
0.00026000000000000025,0.00017,0.0697728167688458,-0.015045630063493885
0.00026000000000000025,0.000175,0.0608566557907488,-0.012690089760606123
0.00026000000000000025,0.00017999999999999998,0.05326901607338951,-0.010966671760864563
0.00026000000000000025,0.000185,0.04652770244903073,-0.009412648505450547
0.00026000000000000025,0.00019,0.04123981241423962,-0.008202390299006594
0.00026000000000000025,0.000195,0.03653935270227407,-0.007227202240346271
0.00026000000000000025,0.0002,0.032480772658163466,-0.0064244573871554056
0.00026000000000000025,0.000205,0.028971234768713227,-0.005814512673970933
0.00026000000000000025,0.00021,0.025993265268728947,-0.00527851123565326
0.00026000000000000025,0.000215,0.023411402125006545,-0.004862819886571775
0.00026000000000000025,0.00022,0.021133490936176776,-0.004507767351825788
0.00026000000000000025,0.000225,0.01918151208860354,-0.004208759699210246
0.00026000000000000025,0.00023,0.017417844155859532,-0.003953603468422084
0.00026000000000000025,0.000235,0.015866998915361544,-0.0037395637866401775
0.00026000000000000025,0.00024,0.014560006822007351,-0.003546149957628263
0.00026000000000000025,0.000245,0.013321274092033314,-0.0033871280767862944
0.00026000000000000025,0.00025,0.01225308344129415,-0.003239718773895428
0.00026000000000000025,0.00025499999999999996,0.011312701913421796,-0.0031186003830583854
0.00026000000000000025,0.00026,0.010418171032945575,-0.0029924336781706013
0.00026000000000000025,0.000265,0.00966216678490594,-0.0028777389428712914
0.00026000000000000025,0.00027,0.008942072641184674,-0.0027712063578993707
0.00026000000000000025,0.00027499999999999996,0.008312725386453097,-0.002671673441856364
0.00026000000000000025,0.00028,0.0077215890501534604,-0.002572701135478097
0.00026000000000000025,0.000285,0.0071462073091775125,-0.00247684551035796
0.00026000000000000025,0.00029,0.006662732230762631,-0.0023786829899237823
0.00026000000000000025,0.00029499999999999996,0.0061933399422847745,-0.002284764651305582
0.00026000000000000025,0.0003,0.005738329328176433,-0.0021757714870146165
0.00026000000000000025,0.000305,0.0052902087143272825,-0.0020655453322818173
0.00026000000000000025,0.00031,0.004846907028349506,-0.0019372317868001318
0.00026000000000000025,0.00031499999999999996,0.004401653865930075,-0.0018006551501654358
0.00026000000000000025,0.00031999999999999997,0.0039392714117740734,-0.0016411358478609036
0.00026000000000000025,0.000325,0.0034298125863043015,-0.0014496505592145822
0.00026000000000000025,0.00033,0.0028727136879557746,-0.0012319792611104204
0.00026000000000000025,0.000335,0.002234153157884188,-0.0009661714080622329
0.00026000000000000025,0.00033999999999999997,0.0014614466704132123,-0.0006332130898251301
0.00026000000000000025,0.000345,0.0005465031294114479,-0.00023758368853261775
0.00026999999999999984,0.0,2.0134531880698455e-19,-7.714872483099595e-22
0.00026999999999999984,5e-06,0.1863510240892898,-0.0029865274290462357
0.00026999999999999984,1e-05,0.31243426726663304,-0.00886390178571947
0.00026999999999999984,1.5e-05,0.39841715311195713,-0.01745586462711471
0.00026999999999999984,2e-05,0.46003353953388093,-0.026415597039567612
0.00026999999999999984,2.5e-05,0.5025410174778682,-0.0353275038227225
0.00026999999999999984,2.9999999999999997e-05,0.5333132971860387,-0.04398861943113654
0.00026999999999999984,3.5e-05,0.5550502055891162,-0.05191403325784325
0.00026999999999999984,4e-05,0.570610315315607,-0.05993338632732308
0.00026999999999999984,4.5e-05,0.5809909747472458,-0.0678033767439076
0.00026999999999999984,5e-05,0.5879658821338967,-0.07544489385108571
0.00026999999999999984,5.4999999999999995e-05,0.5889282972299038,-0.08333395671579036
0.00026999999999999984,5.9999999999999995e-05,0.586661300580084,-0.09131488644622504
0.00026999999999999984,6.5e-05,0.5799191847655759,-0.09884881264473283
0.00026999999999999984,7e-05,0.5685619138877002,-0.10652087886171163
0.00026999999999999984,7.5e-05,0.5548470022829168,-0.1140908363588174
0.00026999999999999984,7.999999999999999e-05,0.5346583583920763,-0.12103480019994263
0.00026999999999999984,8.499999999999999e-05,0.5114000736964416,-0.12738079688027834
0.00026999999999999984,8.999999999999999e-05,0.48361532597988793,-0.131970039150423
0.00026999999999999984,9.5e-05,0.4506658222921789,-0.13502319014112962
0.00026999999999999984,0.0001,0.4150232812678498,-0.1358190740570002
0.00026999999999999984,0.000105,0.377435307007024,-0.13378241476646102
0.00026999999999999984,0.00011,0.3374476740979236,-0.1291421954371135
0.00026999999999999984,0.000115,0.2997976603257604,-0.12177719025930953
0.00026999999999999984,0.00012,0.26367918624338216,-0.1120862048658319
0.00026999999999999984,0.000125,0.2296472144769821,-0.1014039648854151
0.00026999999999999984,0.00013,0.19909873133598904,-0.08997835543285236
0.00026999999999999984,0.000135,0.17250346556347457,-0.07885608257832205
0.00026999999999999984,0.00014,0.1484628278271781,-0.06842221285950723
0.00026999999999999984,0.000145,0.12821234457006564,-0.05887044916647114
0.00026999999999999984,0.00015,0.11054435577890925,-0.05049946973918239
0.00026999999999999984,0.000155,0.09565863030218219,-0.04320502706888218
0.00026999999999999984,0.00016,0.08280280292949026,-0.03685956002358023
0.00026999999999999984,0.000165,0.07230899264018176,-0.03156076806017717
0.00026999999999999984,0.00017,0.06318738718296504,-0.02717220988156519
0.00026999999999999984,0.000175,0.05539132840729235,-0.02347140850273544
0.00026999999999999984,0.00017999999999999998,0.048776440252632954,-0.0203048851789147
0.00026999999999999984,0.000185,0.04302200002870693,-0.017708619815568007
0.00026999999999999984,0.00019,0.03816694670575561,-0.015543275896590497
0.00026999999999999984,0.000195,0.03388754496466004,-0.01368242469900074
0.00026999999999999984,0.0002,0.030341821489757045,-0.012200802995964702
0.00026999999999999984,0.000205,0.02720089555660622,-0.010938144581070586
0.00026999999999999984,0.00021,0.02451929743898452,-0.009828262633497967
0.00026999999999999984,0.000215,0.022126224626335508,-0.008907765587551105
0.00026999999999999984,0.00022,0.020072994775186568,-0.00811372837094979
0.00026999999999999984,0.000225,0.018272512375999056,-0.007446761802854557
0.00026999999999999984,0.00023,0.0166256153437436,-0.006846532208472851
0.00026999999999999984,0.000235,0.01521550678717985,-0.006321205081381532
0.00026999999999999984,0.00024,0.013941333790416765,-0.005857406479086515
0.00026999999999999984,0.000245,0.01278125521059459,-0.005449383772187649
0.00026999999999999984,0.00025,0.011775518424016107,-0.005099197248683693
0.00026999999999999984,0.00025499999999999996,0.010856989539551956,-0.004770021064851103
0.00026999999999999984,0.00026,0.010061886255988613,-0.00449418142046264
0.00026999999999999984,0.000265,0.009298887355865983,-0.004229309297058365
0.00026999999999999984,0.00027,0.008611198680578446,-0.003977898356163643
0.00026999999999999984,0.00027499999999999996,0.007987253976293218,-0.003747207771608944
0.00026999999999999984,0.00028,0.007404755491269856,-0.003540750780994968
0.00026999999999999984,0.000285,0.0068841511043895775,-0.003339128205721748
0.00026999999999999984,0.00029,0.006363580533516332,-0.003146872491836158
0.00026999999999999984,0.00029499999999999996,0.005888462269213342,-0.002952777848885602
0.00026999999999999984,0.0003,0.005431283466737351,-0.0027575938034541674
0.00026999999999999984,0.000305,0.0049727854630312665,-0.002554144677495963
0.00026999999999999984,0.00031,0.004501744572547869,-0.002333866921187827
0.00026999999999999984,0.00031499999999999996,0.004012628472231823,-0.0021022756732860365
0.00026999999999999984,0.00031999999999999997,0.003494462414181836,-0.0018416723948142188
0.00026999999999999984,0.000325,0.002917250106593725,-0.001541413136236485
0.00026999999999999984,0.00033,0.002260844649087172,-0.0011989495851201458
0.00026999999999999984,0.000335,0.0015019414389253005,-0.0007963864795358652
0.00026999999999999984,0.00033999999999999997,0.0005892421088023232,-0.00031149786883238314
0.0002799999999998997,0.0,1.6589432546792214e-19,-6.044137502980701e-22
0.0002799999999998997,5e-06,0.19472887100075748,-0.0030571498792030553
0.0002799999999998997,1e-05,0.32805983925675014,-0.00981984805371539
0.0002799999999998997,1.5e-05,0.41763728454369514,-0.01850326605405862
0.0002799999999998997,2e-05,0.47913363295169636,-0.02840101246973579
0.0002799999999998997,2.5e-05,0.521178958599237,-0.03843638884541444
0.0002799999999998997,2.9999999999999997e-05,0.5518893706706127,-0.04820787505083308
0.0002799999999998997,3.5e-05,0.5731225503464414,-0.05785352922127934
0.0002799999999998997,4e-05,0.5886953227496733,-0.06760624808357733
0.0002799999999998997,4.5e-05,0.5982350824260688,-0.07750941274845585
0.0002799999999998997,5e-05,0.604207655362862,-0.0874920110015664
0.0002799999999998997,5.4999999999999995e-05,0.6079990143121436,-0.09778063656978718
0.0002799999999998997,5.9999999999999995e-05,0.6053201774119709,-0.1087366459573277
0.0002799999999998997,6.5e-05,0.5985717716274046,-0.1195596681067112
0.0002799999999998997,7e-05,0.5883461473532138,-0.13114575410275325
0.0002799999999998997,7.5e-05,0.5751113023114004,-0.14365952097866994
0.0002799999999998997,7.999999999999999e-05,0.5543028632067043,-0.1562140818147591
0.0002799999999998997,8.499999999999999e-05,0.5276252331909246,-0.16789166326847393
0.0002799999999998997,8.999999999999999e-05,0.4968812124461083,-0.17889510712599604
0.0002799999999998997,9.5e-05,0.45946213927122775,-0.18817575726181104
0.0002799999999998997,0.0001,0.41720541222707425,-0.19369449049270476
0.0002799999999998997,0.000105,0.37183230225572167,-0.1937236086082407
0.0002799999999998997,0.00011,0.32338433577400194,-0.1880968295897425
0.0002799999999998997,0.000115,0.27931146548159597,-0.1773396531648203
0.0002799999999998997,0.00012,0.2382046047475479,-0.1626556198799861
0.0002799999999998997,0.000125,0.20196551322976186,-0.14528788411960852
0.0002799999999998997,0.00013,0.1709857873663799,-0.12739215739977375
0.0002799999999998997,0.000135,0.14542017804547483,-0.11053906951921816
0.0002799999999998997,0.00014,0.12411693955465866,-0.09518094300026649
0.0002799999999998997,0.000145,0.10664458542930179,-0.08130699547518251
0.0002799999999998997,0.00015,0.0920669508793531,-0.06969362228483318
0.0002799999999998997,0.000155,0.07993565210378172,-0.059866454434199017
0.0002799999999998997,0.00016,0.06946973355808857,-0.051314391109974024
0.0002799999999998997,0.000165,0.06072042203372925,-0.043982084677937607
0.0002799999999998997,0.00017,0.05347866780577623,-0.03808060952185659
0.0002799999999998997,0.000175,0.0472462941574599,-0.033018623918788716
0.0002799999999998997,0.00017999999999999998,0.04191125900430933,-0.02874997221612211
0.0002799999999998997,0.000185,0.037350478627788675,-0.02510639557931439
0.0002799999999998997,0.00019,0.033328563084523456,-0.022090937012377618
0.0002799999999998997,0.000195,0.029950830161188303,-0.01955236496505674
0.0002799999999998997,0.0002,0.02688032984808599,-0.017328360694785674
0.0002799999999998997,0.000205,0.024281276649974905,-0.015488195147343618
0.0002799999999998997,0.00021,0.022037133244451747,-0.013915517888033215
0.0002799999999998997,0.000215,0.020032887362108825,-0.01257587539625744
0.0002799999999998997,0.00022,0.018220082102920653,-0.011356917166010639
0.0002799999999998997,0.000225,0.016697062310569506,-0.010344402398961202
0.0002799999999998997,0.00023,0.015233587417126429,-0.009429537219871081
0.0002799999999998997,0.000235,0.013982055281855515,-0.008627004749008899
0.0002799999999998997,0.00024,0.012843354966956062,-0.007923340260333278
0.0002799999999998997,0.000245,0.011834772573175847,-0.007311364035978429
0.0002799999999998997,0.00025,0.010918760792041286,-0.006760134642151024
0.0002799999999998997,0.00025499999999999996,0.010089835983364428,-0.006275051782773369
0.0002799999999998997,0.00026,0.009347079128150554,-0.005820205880038746
0.0002799999999998997,0.000265,0.008658795864772788,-0.005427039923968841
0.0002799999999998997,0.00027,0.008014854598566866,-0.005046836149590249
0.0002799999999998997,0.00027499999999999996,0.007417397424427082,-0.004691299070340665
0.0002799999999998997,0.00028,0.0068958704735801735,-0.004379882896130281
0.0002799999999998997,0.000285,0.0063838832131665356,-0.004071233190986021
0.0002799999999998997,0.00029,0.005881149924422686,-0.003773551498267437
0.0002799999999998997,0.00029499999999999996,0.005395253679444885,-0.003477015463405589
0.0002799999999998997,0.0003,0.004926072149447011,-0.0031783690390452092
0.0002799999999998997,0.000305,0.004443800400779797,-0.002872430285880402
0.0002799999999998997,0.00031,0.0039410736412784295,-0.0025425820425694344
0.0002799999999998997,0.00031499999999999996,0.0034089347812605825,-0.0021981321473941696
0.0002799999999998997,0.00031999999999999997,0.0028137645573197007,-0.001809022575322726
0.0002799999999998997,0.000325,0.0021338355336714674,-0.0013673154772832674
0.0002799999999998997,0.00033,0.0013520055923125413,-0.0008616604195865016
0.0002799999999998997,0.000335,0.0004152928978698455,-0.0002620971016476525
0.0002899999999999999,0.0,1.6557150427452506e-19,-1.1173908324539068e-22
0.0002899999999999999,5e-06,0.20628153366698296,-0.0031239087748064502
0.0002899999999999999,1e-05,0.344438482289925,-0.01010380681305387
0.0002899999999999999,1.5e-05,0.43799549713540953,-0.019103068463006415
0.0002899999999999999,2e-05,0.4992524975881295,-0.029438594549479457
0.0002899999999999999,2.5e-05,0.5419882188904207,-0.040150577122060424
0.0002899999999999999,2.9999999999999997e-05,0.5721814251188895,-0.051138780126085026
0.0002899999999999999,3.5e-05,0.5942768129727741,-0.06199340010464813
0.0002899999999999999,4e-05,0.6094374328303176,-0.07300335243290962
0.0002899999999999999,4.5e-05,0.620055910042503,-0.08457522835674577
0.0002899999999999999,5e-05,0.6271887545565803,-0.0959800539323685
0.0002899999999999999,5.4999999999999995e-05,0.6308107475998161,-0.10849322051485753
0.0002899999999999999,5.9999999999999995e-05,0.6301478698100559,-0.12164756727605106
0.0002899999999999999,6.5e-05,0.6255536094921991,-0.13648845660777012
0.0002899999999999999,7e-05,0.6179013526436986,-0.15295380325435123
0.0002899999999999999,7.5e-05,0.6053652753552875,-0.1710092567008679
0.0002899999999999999,7.999999999999999e-05,0.5867915722283393,-0.19065955553687658
0.0002899999999999999,8.499999999999999e-05,0.5611030908681833,-0.21191343926151088
0.0002899999999999999,8.999999999999999e-05,0.5281268271483947,-0.23532492779129094
0.0002899999999999999,9.5e-05,0.4856390261621075,-0.2565776397397419
0.0002899999999999999,0.0001,0.43232354578232857,-0.27392061705437526
0.0002899999999999999,0.000105,0.36942792344130226,-0.2816918183569227
0.0002899999999999999,0.00011,0.302575241225118,-0.27523074085289395
0.0002899999999999999,0.000115,0.24287002322117865,-0.25504083898903385
0.0002899999999999999,0.00012,0.19299920380713878,-0.22597768843437716
0.0002899999999999999,0.000125,0.15532225829041083,-0.19468362765077363
0.0002899999999999999,0.00013,0.12708946827596088,-0.16549841465520274
0.0002899999999999999,0.000135,0.10613594555367735,-0.139992198856739
0.0002899999999999999,0.00014,0.0898649418820412,-0.11827873942149457
0.0002899999999999999,0.000145,0.07754199352931641,-0.10012049436794107
0.0002899999999999999,0.00015,0.06743201675532366,-0.08499988468024736
0.0002899999999999999,0.000155,0.059009924220976596,-0.07250898849796383
0.0002899999999999999,0.00016,0.052022842785115264,-0.062142905173302475
0.0002899999999999999,0.000165,0.046293344085692516,-0.05349644779892501
0.0002899999999999999,0.00017,0.04136155451557857,-0.046376961291679696
0.0002899999999999999,0.000175,0.037099377485057844,-0.04028956589961515
0.0002899999999999999,0.00017999999999999998,0.033289554079129376,-0.03522758008059097
0.0002899999999999999,0.000185,0.03003686572658046,-0.030965164800900103
0.0002899999999999999,0.00019,0.02709633986844674,-0.027180328020196022
0.0002899999999999999,0.000195,0.024675734260983174,-0.024139577069647394
0.0002899999999999999,0.0002,0.02240503364060957,-0.021479388462339245
0.0002899999999999999,0.000205,0.020427083900677285,-0.019167999394988214
0.0002899999999999999,0.00021,0.01871173824723142,-0.01720806538969159
0.0002899999999999999,0.000215,0.01709442041525573,-0.015462437268474379
0.0002899999999999999,0.00022,0.01573390134362589,-0.013985233353665203
0.0002899999999999999,0.000225,0.014463478572478771,-0.012703623110452335
0.0002899999999999999,0.00023,0.013304202392042126,-0.011545375885597755
0.0002899999999999999,0.000235,0.01226455218433068,-0.010532983362239743
0.0002899999999999999,0.00024,0.011339194562286938,-0.00963545924711901
0.0002899999999999999,0.000245,0.010499997214624539,-0.008842830468279168
0.0002899999999999999,0.00025,0.009710822350639199,-0.008121443260997828
0.0002899999999999999,0.00025499999999999996,0.008991298557052416,-0.007480596504190738
0.0002899999999999999,0.00026,0.008358681466156153,-0.0069011016155293755
0.0002899999999999999,0.000265,0.007747552178857431,-0.0063734107054372715
0.0002899999999999999,0.00027,0.007182179557264274,-0.005893761608662652
0.0002899999999999999,0.00027499999999999996,0.006654940381983682,-0.0054230592028712684
0.0002899999999999999,0.00028,0.006150369767296667,-0.004996887755100788
0.0002899999999999999,0.000285,0.005657088590833517,-0.004575538756983848
0.0002899999999999999,0.00029,0.005177036322423612,-0.004161997741631478
0.0002899999999999999,0.00029499999999999996,0.0047001378785483956,-0.00376570037136562
0.0002899999999999999,0.0003,0.004205697452871388,-0.0033484588585700804
0.0002899999999999999,0.000305,0.0036890438550479755,-0.002914015889089742
0.0002899999999999999,0.00031,0.0031399326732185267,-0.0024633519441363307
0.0002899999999999999,0.00031499999999999996,0.002513440823378535,-0.001948115692933328
0.0002899999999999999,0.00031999999999999997,0.0018129624508337583,-0.0013907213807877775
0.0002899999999999999,0.000325,0.0009789808060004298,-0.0007412566791800084
0.00029999999999989974,0.0,4.415134494180528e-19,-1.792415604769351e-21
0.00029999999999989974,5e-06,0.21645659505609238,-0.0028130703299856846
0.00029999999999989974,1e-05,0.3588861561091112,-0.00933813218042264
0.00029999999999989974,1.5e-05,0.45711963867749894,-0.018358709052451027
0.00029999999999989974,2e-05,0.5211071507193643,-0.028737595036008385
0.00029999999999989974,2.5e-05,0.5638340293627582,-0.04018811175786951
0.00029999999999989974,2.9999999999999997e-05,0.5946174320637821,-0.05186809798172385
0.00029999999999989974,3.5e-05,0.6162136657965498,-0.06347283027151496
0.00029999999999989974,4e-05,0.6325538239375494,-0.07495723300873663
0.00029999999999989974,4.5e-05,0.6445776324453558,-0.08695008124999497
0.00029999999999989974,5e-05,0.6525015198255981,-0.10011617313974122
0.00029999999999989974,5.4999999999999995e-05,0.6590561879136979,-0.11401996853273089
0.00029999999999989974,5.9999999999999995e-05,0.6615341619013684,-0.12928118617301443
0.00029999999999989974,6.5e-05,0.6597617144609285,-0.14655748289893866
0.00029999999999989974,7e-05,0.6567259502490701,-0.16659117752428568
0.00029999999999989974,7.5e-05,0.6497274627325476,-0.18956817377590773
0.00029999999999989974,7.999999999999999e-05,0.6380174633251773,-0.21667842023609818
0.00029999999999989974,8.499999999999999e-05,0.6205484229670339,-0.25039140643753055
0.00029999999999989974,8.999999999999999e-05,0.5948464046158319,-0.29067437129352053
0.00029999999999989974,9.5e-05,0.5539041092041613,-0.3385256066534961
0.00029999999999989974,0.0001,0.488159902789797,-0.39039896696405896
0.00029999999999989974,0.000105,0.38602851763083124,-0.43023817186188906
0.00029999999999989974,0.00011,0.2568353491934975,-0.4231711414598862
0.00029999999999989974,0.000115,0.1562598660237997,-0.363390583127188
0.00029999999999989974,0.00012,0.10026214089129669,-0.29242826687446005
0.00029999999999989974,0.000125,0.07386023964858006,-0.23297902782679036
0.00029999999999989974,0.00013,0.06031906323317911,-0.1888047094531768
0.00029999999999989974,0.000135,0.05214254880525981,-0.15486373010824156
0.00029999999999989974,0.00014,0.04644028361530864,-0.12891231978844184
0.00029999999999989974,0.000145,0.04192718726314155,-0.10816407889379337
0.00029999999999989974,0.00015,0.038525303181655327,-0.0917217351442029
0.00029999999999989974,0.000155,0.03533720964995362,-0.07835876226150786
0.00029999999999989974,0.00016,0.03255522900600486,-0.06727211373194565
0.00029999999999989974,0.000165,0.029832033629276125,-0.05811177802829488
0.00029999999999989974,0.00017,0.027688142357199488,-0.050731661292223736
0.00029999999999989974,0.000175,0.02550533780306089,-0.04413293604368697
0.00029999999999989974,0.00017999999999999998,0.02353008571166951,-0.03886730500604799
0.00029999999999989974,0.000185,0.021822550796316724,-0.03427197707511475
0.00029999999999989974,0.00019,0.020156387835643268,-0.030374876186444938
0.00029999999999989974,0.000195,0.018674084068337503,-0.02700927409171253
0.00029999999999989974,0.0002,0.01719230324639011,-0.0240757855142549
0.00029999999999989974,0.000205,0.015956883113193616,-0.02158169418774858
0.00029999999999989974,0.00021,0.014749391931699676,-0.019380775449866737
0.00029999999999989974,0.000215,0.01371482250394637,-0.01748735182649855
0.00029999999999989974,0.00022,0.012688875648926174,-0.015772121019564662
0.00029999999999989974,0.000225,0.01184336574172971,-0.014329514088785598
0.00029999999999989974,0.00023,0.010967234007983676,-0.012996631013268882
0.00029999999999989974,0.000235,0.01023081912265673,-0.011863613301826566
0.00029999999999989974,0.00024,0.009503716853046636,-0.010827354800791418
0.00029999999999989974,0.000245,0.008845082044202684,-0.009894734868466766
0.00029999999999989974,0.00025,0.00823711816992521,-0.009064042221136706
0.00029999999999989974,0.00025499999999999996,0.00767309102713943,-0.008302613977999593
0.00029999999999989974,0.00026,0.0071424914328616605,-0.00761309473338348
0.00029999999999989974,0.000265,0.0066255115423689715,-0.006959668298128101
0.00029999999999989974,0.00027,0.006120863036159635,-0.006360442488545382
0.00029999999999989974,0.00027499999999999996,0.005656002160416352,-0.00580096062955185
0.00029999999999989974,0.00028,0.005186052325817417,-0.0052464656676273515
0.00029999999999989974,0.000285,0.004725457278746931,-0.00471163844839053
0.00029999999999989974,0.00029,0.004242893644780775,-0.004185804520908234
0.00029999999999989974,0.00029499999999999996,0.003752835995304296,-0.0036490712291049167
0.00029999999999989974,0.0003,0.0032198343233753547,-0.003088629593688045
0.00029999999999989974,0.000305,0.0026384234353124193,-0.0024916688337156077
0.00029999999999989974,0.00031,0.0019878458127913163,-0.0018497542029513047
0.00029999999999989974,0.00031499999999999996,0.0012381581401791195,-0.0011293171892226123
0.00029999999999989974,0.00031999999999999997,0.0003640179657959605,-0.0003267710957609396
0.00030999999999999995,0.0,1.0792980296351181e-18,-3.529434711330478e-21
0.00030999999999999995,5e-06,0.22524192184160252,-0.002632078384856065
0.00030999999999999995,1e-05,0.37484370480265,-0.009037832456597202
0.00030999999999999995,1.5e-05,0.4770532562211699,-0.017766083260684372
0.00030999999999999995,2e-05,0.5431103591975321,-0.027546143055900668
0.00030999999999999995,2.5e-05,0.5861598749126121,-0.038637783202800605
0.00030999999999999995,2.9999999999999997e-05,0.6173041147670232,-0.04986417122352055
0.00030999999999999995,3.5e-05,0.6395025492982801,-0.06116502455485927
0.00030999999999999995,4e-05,0.657142187222282,-0.0729225370870745
0.00030999999999999995,4.5e-05,0.6704936474145261,-0.08500741566704033
0.00030999999999999995,5e-05,0.679579667300707,-0.09796470754968559
0.00030999999999999995,5.4999999999999995e-05,0.6874352600249076,-0.11284279758461732
0.00030999999999999995,5.9999999999999995e-05,0.6943229475730959,-0.12827365924837708
0.00030999999999999995,6.5e-05,0.6980659824593851,-0.14533733147016137
0.00030999999999999995,7e-05,0.7013376025401657,-0.16616891346622686
0.00030999999999999995,7.5e-05,0.7024705412445996,-0.19014089612415058
0.00030999999999999995,7.999999999999999e-05,0.7021946649847145,-0.21960011739015656
0.00030999999999999995,8.499999999999999e-05,0.7012940071504822,-0.25576573465221875
0.00030999999999999995,8.999999999999999e-05,0.6961113678365074,-0.30000333484620184
0.00030999999999999995,9.5e-05,0.6778325484590383,-0.3504822545389636
0.00030999999999999995,0.0001,0.6268751561292212,-0.40095032118903773
0.00030999999999999995,0.000105,0.494860812571069,-0.4301795933427257
0.00030999999999999995,0.00011,0.07868905740255666,-0.41790807961243925
0.00030999999999999995,0.000115,-0.07277076499198272,-0.2886032974538787
0.00030999999999999995,0.00012,-0.04700205502510497,-0.23033023909626493
0.00030999999999999995,0.000125,-0.025838675590776527,-0.1898601911320551
0.00030999999999999995,0.00013,-0.011654541113245442,-0.15896123006016652
0.00030999999999999995,0.000135,-0.0025863162695386657,-0.13462365911804874
0.00030999999999999995,0.00014,0.003961135240440025,-0.11467304433914255
0.00030999999999999995,0.000145,0.008165999371785894,-0.09866986121230832
0.00030999999999999995,0.00015,0.01086811977370017,-0.08514780593295805
0.00030999999999999995,0.000155,0.012626689734406385,-0.07393713085776764
0.00030999999999999995,0.00016,0.013623526378375987,-0.0645689377685112
0.00030999999999999995,0.000165,0.014160029938116356,-0.056718468516475336
0.00030999999999999995,0.00017,0.014182109190254984,-0.049894939977848794
0.00030999999999999995,0.000175,0.014131852736867394,-0.04399038359078155
0.00030999999999999995,0.00017999999999999998,0.013760623866784309,-0.03899468601170494
0.00030999999999999995,0.000185,0.013421824903257213,-0.03472812496331129
0.00030999999999999995,0.00019,0.012922823700219504,-0.030951115248853044
0.00030999999999999995,0.000195,0.012351945315500355,-0.02762575529394933
0.00030999999999999995,0.0002,0.011820988622226811,-0.02485118482453666
0.00030999999999999995,0.000205,0.01124662563134839,-0.022308280974673692
0.00030999999999999995,0.00021,0.010645720197286794,-0.02013164803691097
0.00030999999999999995,0.000215,0.010073224258059272,-0.018218452839258624
0.00030999999999999995,0.00022,0.009513782592639413,-0.016494387110710232
0.00030999999999999995,0.000225,0.009009141220937619,-0.01499600495811063
0.00030999999999999995,0.00023,0.008445932708018196,-0.013617063199921581
0.00030999999999999995,0.000235,0.00795378859014304,-0.012405312342210248
0.00030999999999999995,0.00024,0.007472546264521782,-0.011281679113904793
0.00030999999999999995,0.000245,0.007012470433395002,-0.010300605014393227
0.00030999999999999995,0.00025,0.006567316353955268,-0.00938242550975047
0.00030999999999999995,0.00025499999999999996,0.006129761899238226,-0.008530309413061115
0.00030999999999999995,0.00026,0.00569645400057063,-0.007734858917943937
0.00030999999999999995,0.000265,0.005278915654597354,-0.007006429994494689
0.00030999999999999995,0.00027,0.0048620320763664735,-0.006305735816608133
0.00030999999999999995,0.00027499999999999996,0.004422487743402952,-0.005608323446853613
0.00030999999999999995,0.00028,0.003991081364818219,-0.004957314030325935
0.00030999999999999995,0.000285,0.003525304415330559,-0.004268398674707546
0.00030999999999999995,0.00029,0.0030350070176382664,-0.003602410339726388
0.00030999999999999995,0.00029499999999999996,0.002486106356200206,-0.0028883793423062753
0.00030999999999999995,0.0003,0.0018727897414616936,-0.0021247146868356285
0.00030999999999999995,0.000305,0.0011696879664610152,-0.0012961440356152015
0.00030999999999999995,0.00031,0.0003653696110055657,-0.0003964577277906773
0.0003199999999998998,0.0,7.282857240691873e-19,-1.4553077302677317e-21
0.0003199999999998998,5e-06,0.23333846277305678,-0.002375865110536191
0.0003199999999998998,1e-05,0.38943014825099964,-0.00789722585710666
0.0003199999999998998,1.5e-05,0.49450584212609267,-0.015698579368475865
0.0003199999999998998,2e-05,0.5632426758516915,-0.024807852286169444
0.0003199999999998998,2.5e-05,0.6087427750001136,-0.035006828015560466
0.0003199999999998998,2.9999999999999997e-05,0.6404621499711897,-0.04536729036415709
0.0003199999999998998,3.5e-05,0.6620094555870607,-0.05600971976273459
0.0003199999999998998,4e-05,0.6806662499703181,-0.06759339710401843
0.0003199999999998998,4.5e-05,0.6947729279317231,-0.0791749407085278
0.0003199999999998998,5e-05,0.705924531195755,-0.09127592012072477
0.0003199999999998998,5.4999999999999995e-05,0.7166568151659095,-0.10382404119226835
0.0003199999999998998,5.9999999999999995e-05,0.7251928626147256,-0.1175236822217676
0.0003199999999998998,6.5e-05,0.7337213662338357,-0.13327760742200218
0.0003199999999998998,7e-05,0.7410892618916666,-0.15015344363535987
0.0003199999999998998,7.5e-05,0.749255505928979,-0.1685472711592407
0.0003199999999998998,7.999999999999999e-05,0.7562006662310359,-0.18806586734386976
0.0003199999999998998,8.499999999999999e-05,0.757918321966773,-0.20463824832575284
0.0003199999999998998,8.999999999999999e-05,0.7416275793071566,-0.2109573879164387
0.0003199999999998998,9.5e-05,0.6773249064425779,-0.1869472128853394
0.0003199999999998998,0.0001,0.5242141906738812,-0.11905765250924169
0.0003199999999998998,0.000105,0.262560307649496,-0.030488808655364675
0.0003199999999998998,0.00011,5.865305622659358e-17,-8.169216117198933e-19
0.0003199999999998998,0.000125,-0.026917067807933105,-0.04848705355044536
0.0003199999999998998,0.00013,-0.0287558481759085,-0.06800505263916969
0.0003199999999998998,0.000135,-0.02368322108499383,-0.07348460921592412
0.0003199999999998998,0.00014,-0.017595195643595456,-0.07251994661479
0.0003199999999998998,0.000145,-0.011863125807823798,-0.06849877682796585
0.0003199999999998998,0.00015,-0.007150773795113007,-0.06356884487525098
0.0003199999999998998,0.000155,-0.003444039255025001,-0.05780895189672236
0.0003199999999998998,0.00016,-0.0005069767790344469,-0.05262067216325081
0.0003199999999998998,0.000165,0.0017223555586117483,-0.04762316461592027
0.0003199999999998998,0.00017,0.0034237333472693526,-0.04300544345838629
0.0003199999999998998,0.000175,0.004535357730716144,-0.038870297611628246
0.0003199999999998998,0.00017999999999999998,0.0054600472037406285,-0.03498592905864647
0.0003199999999998998,0.000185,0.006113851810986509,-0.031692019230712416
0.0003199999999998998,0.00019,0.006483484457307143,-0.028617118215426732
0.0003199999999998998,0.000195,0.0067045561408931075,-0.025915779314099628
0.0003199999999998998,0.0002,0.006765384972044219,-0.02341502476798602
0.0003199999999998998,0.000205,0.006790650916797822,-0.021207986216272956
0.0003199999999998998,0.00021,0.006708192443853801,-0.01925670616397026
0.0003199999999998998,0.000215,0.006547292359189192,-0.017484823523872164
0.0003199999999998998,0.00022,0.006376315436474872,-0.015895712020441287
0.0003199999999998998,0.000225,0.006153501997967654,-0.014418345169160176
0.0003199999999998998,0.00023,0.005898057727717853,-0.013115768219327553
0.0003199999999998998,0.000235,0.005619533302197401,-0.01190612898329642
0.0003199999999998998,0.00024,0.005354141143579509,-0.010783730933524707
0.0003199999999998998,0.000245,0.005049605962472655,-0.009746758960000004
0.0003199999999998998,0.00025,0.004750719637432427,-0.008804844675082824
0.0003199999999998998,0.00025499999999999996,0.004426736074177683,-0.007900421269309215
0.0003199999999998998,0.00026,0.004094228726343309,-0.007037848224950933
0.0003199999999998998,0.000265,0.0037437442141297693,-0.006202903497209009
0.0003199999999998998,0.00027,0.003363690516866641,-0.005384386012803151
0.0003199999999998998,0.00027499999999999996,0.002962335985459583,-0.004586648950429471
0.0003199999999998998,0.00028,0.002496379727380997,-0.0037535536287955163
0.0003199999999998998,0.000285,0.0019932329728778557,-0.002896710623742858
0.0003199999999998998,0.00029,0.001424043171619494,-0.0020108713952467715
0.0003199999999998998,0.00029499999999999996,0.0007695312195148924,-0.0010534286583219867
0.00033,0.0,4.784579834523584e-19,-1.0777911547555197e-21
0.00033,5e-06,0.2409584881061819,-0.001561387064368499
0.00033,1e-05,0.40311428485763506,-0.006179614700342384
0.00033,1.5e-05,0.5114095619608745,-0.012561216173703977
0.00033,2e-05,0.5804946748064459,-0.021247893964009505
0.00033,2.5e-05,0.6282996945918343,-0.0300338305827833
0.00033,2.9999999999999997e-05,0.6599914782003853,-0.039336052320142006
0.00033,3.5e-05,0.684865108527523,-0.04952107128410037
0.00033,4e-05,0.7016798381534838,-0.059548380541213294
0.00033,4.5e-05,0.7163507176461438,-0.06904876014669477
0.00033,5e-05,0.7292913134152705,-0.07951040990837549
0.00033,5.4999999999999995e-05,0.7404591358266827,-0.08976216620868648
0.00033,5.9999999999999995e-05,0.7502660385923028,-0.10038969430352132
0.00033,6.5e-05,0.7605381864630609,-0.11154234399517242
0.00033,7e-05,0.7694286443399585,-0.1221574700441419
0.00033,7.5e-05,0.7761303857154528,-0.1314550256546861
0.00033,7.999999999999999e-05,0.7750032977729608,-0.13629791373854455
0.00033,8.499999999999999e-05,0.75440299459109,-0.13097263649340582
0.00033,8.999999999999999e-05,0.6954013114298285,-0.10911067404507468
0.00033,9.5e-05,0.5773731226055068,-0.07032452671647571
0.00033,0.0001,0.4026138531350212,-0.02873992550723797
0.00033,0.000105,0.19924066130401652,-0.004297579926506582
0.00033,0.00011,-3.490172776729469e-17,-1.5397588319486505e-19
0.00033,0.00014,-0.007385209413620758,-0.015846776490691928
0.00033,0.000145,-0.00977631309711121,-0.02527469477210775
0.00033,0.00015,-0.009259280007843394,-0.03003728428099147
0.00033,0.000155,-0.007800351928374142,-0.03198467307080273
0.00033,0.00016,-0.006194839334863059,-0.03238502628564961
0.00033,0.000165,-0.0043163786383344244,-0.031562043371732094
0.00033,0.00017,-0.0026366013983025183,-0.030183085452755748
0.00033,0.000175,-0.0012008303176875728,-0.028552958179493323
0.00033,0.00017999999999999998,-6.550332020111433e-05,-0.02669612135027342
0.00033,0.000185,0.0009515574841195399,-0.02473597873080326
0.00033,0.00019,0.001661404124081463,-0.022845596148692658
0.00033,0.000195,0.002278244347464223,-0.021146216170470987
0.00033,0.0002,0.0027505906566031675,-0.019375123598139882
0.00033,0.000205,0.0030907812210118797,-0.017731312021769356
0.00033,0.00021,0.0033125861665424163,-0.016220704131706426
0.00033,0.000215,0.0034489774069752276,-0.01480294187190973
0.00033,0.00022,0.0035117370453388143,-0.013477683692503122
0.00033,0.000225,0.0035391351255881854,-0.012229657665806788
0.00033,0.00023,0.0034746245848970127,-0.011028961732222446
0.00033,0.000235,0.0033827941507040436,-0.009940117235494336
0.00033,0.00024,0.003243527939506086,-0.00889259910790471
0.00033,0.000245,0.003062715825624557,-0.00786682930200696
0.00033,0.00025,0.0028596092617133068,-0.00690392124966971
0.00033,0.00025499999999999996,0.0026103895294448272,-0.0059541509725718625
0.00033,0.00026,0.002317658318277385,-0.005013426435248598
0.00033,0.000265,0.001979309641527126,-0.004086871547754158
0.00033,0.00027,0.001586858877586152,-0.0031224766943163417
0.00033,0.00027499999999999996,0.0011328151852560667,-0.0021330132121393053
0.00033,0.00028,0.0006084487065846904,-0.0011013806449537743
0.0003399999999999996,0.0,2.710995754423995e-19,-4.985536348423747e-22
0.0003399999999999996,5e-06,0.2480084206510535,-0.0008782136729780796
0.0003399999999999996,1e-05,0.4136207933627699,-0.004408792867955961
0.0003399999999999996,1.5e-05,0.5258494213006012,-0.010114121236279193
0.0003399999999999996,2e-05,0.5974145814068161,-0.01675270588050849
0.0003399999999999996,2.5e-05,0.6449428788655682,-0.02460335476463869
0.0003399999999999996,2.9999999999999997e-05,0.6788380783777447,-0.03275818826143136
0.0003399999999999996,3.5e-05,0.7024119269297913,-0.041023879162382315
0.0003399999999999996,4e-05,0.7193538109296717,-0.04894976642479615
0.0003399999999999996,4.5e-05,0.7339172749579278,-0.05721885037670416
0.0003399999999999996,5e-05,0.7467086979983115,-0.0652253121139891
0.0003399999999999996,5.4999999999999995e-05,0.759489007339931,-0.07297525156972241
0.0003399999999999996,5.9999999999999995e-05,0.768959154302559,-0.08046294126099995
0.0003399999999999996,6.5e-05,0.7764160210758493,-0.08665627349053943
0.0003399999999999996,7e-05,0.7821923176105399,-0.09171255029123968
0.0003399999999999996,7.5e-05,0.7815666711848341,-0.09350716295312206
0.0003399999999999996,7.999999999999999e-05,0.7628136117994779,-0.08796323420741936
0.0003399999999999996,8.499999999999999e-05,0.7201278141818641,-0.07407197509033116
0.0003399999999999996,8.999999999999999e-05,0.6351924301598995,-0.05118957126832453
0.0003399999999999996,9.5e-05,0.5121756809575638,-0.025969039594968088
0.0003399999999999996,0.0001,0.35711163140774216,-0.008104343761855516
0.0003399999999999996,0.000105,0.18669454275968358,-0.0004400187089431546
0.0003399999999999996,0.00011,2.0912287173231691e-16,4.441932818054825e-19
0.0003399999999999996,0.00016,-0.0015373911535023891,-0.00465037025824939
0.0003399999999999996,0.000165,-0.0023080343849705073,-0.008617943702807319
0.0003399999999999996,0.00017,-0.0024772681768737656,-0.011146077749154286
0.0003399999999999996,0.000175,-0.002187879137527666,-0.012591914016850479
0.0003399999999999996,0.00017999999999999998,-0.0016837713316607955,-0.013223239273558042
0.0003399999999999996,0.000185,-0.001172364869678422,-0.013332849492786673
0.0003399999999999996,0.00019,-0.0006372672657926304,-0.013071774011261366
0.0003399999999999996,0.000195,-0.00013577008282697803,-0.01256385418058578
0.0003399999999999996,0.0002,0.0002975068752697643,-0.011872949528284238
0.0003399999999999996,0.000205,0.0006713834923885333,-0.011113248247741092
0.0003399999999999996,0.00021,0.0009327861943315381,-0.010315023266947118
0.0003399999999999996,0.000215,0.0011490567687085721,-0.009422567650736192
0.0003399999999999996,0.00022,0.0012735984538934924,-0.008510840411595819
0.0003399999999999996,0.000225,0.0013750248889182817,-0.007620781929063503
0.0003399999999999996,0.00023,0.0014106591581912336,-0.00664577657349512
0.0003399999999999996,0.000235,0.001361360142031708,-0.005731328236068892
0.0003399999999999996,0.00024,0.0012679718778495894,-0.004821909813819188
0.0003399999999999996,0.000245,0.001124585017876808,-0.003892075904525882
0.0003399999999999996,0.00025,0.0009168090240251759,-0.0028763887981313268
0.0003399999999999996,0.00025499999999999996,0.0006527327232389109,-0.001903041002656953
0.0003399999999999996,0.00026,0.0003147877206895386,-0.0008560549168729727
0.00035000000000000005,0.0,2.2580504379309103e-19,-4.915196608814617e-22
0.00035000000000000005,5e-06,0.25009438436323594,-0.0006818233106050462
0.00035000000000000005,1e-05,0.4222244457662827,-0.003347251898733157
0.00035000000000000005,1.5e-05,0.5357893436754165,-0.007176877850202051
0.00035000000000000005,2e-05,0.6101475599699807,-0.012366616521264372
0.00035000000000000005,2.5e-05,0.6602694746229179,-0.018501429354210213
0.00035000000000000005,2.9999999999999997e-05,0.6935937897109241,-0.024977498007488073
0.00035000000000000005,3.5e-05,0.7167219075504363,-0.03191371880388565
0.00035000000000000005,4e-05,0.7333431142386962,-0.038479245259020536
0.00035000000000000005,4.5e-05,0.7481200601485888,-0.04499529543446511
0.00035000000000000005,5e-05,0.7607107652786195,-0.05087716342172205
0.00035000000000000005,5.4999999999999995e-05,0.769815656068417,-0.05640884249115494
0.00035000000000000005,5.9999999999999995e-05,0.7798515102016214,-0.0608125119849216
0.00035000000000000005,6.5e-05,0.7842581389869369,-0.06363912931000996
0.00035000000000000005,7e-05,0.7831229576696442,-0.06484892604197362
0.00035000000000000005,7.5e-05,0.7723972958262877,-0.061261798973285375
0.00035000000000000005,7.999999999999999e-05,0.7415580665021192,-0.05252328502405189
0.00035000000000000005,8.499999999999999e-05,0.6836557585583057,-0.03884471252743829
0.00035000000000000005,8.999999999999999e-05,0.595377354980911,-0.023002097131157306
0.00035000000000000005,9.5e-05,0.47887631255568874,-0.008964102975648973
0.00035000000000000005,0.0001,0.34087355138756387,-0.0009675499312948732
0.00035000000000000005,0.000105,0.18473849560056838,0.0007545217849602667
0.00035000000000000005,0.00011,1.0970465320680761e-16,-2.4355187219021857e-19
0.00035000000000000005,0.00021,-1.1239031006162514e-17,9.088598066425506e-16
0.00035999999999999964,0.0,3.30453364726935e-19,-2.250897399515553e-22
0.00035999999999999964,5e-06,0.25412453572809546,-0.0007471518694440642
0.00035999999999999964,1e-05,0.42470631269148773,-0.0017335443505397633
0.00035999999999999964,1.5e-05,0.5435280002066171,-0.003940727629199282
0.00035999999999999964,2e-05,0.6212337647114127,-0.007763034552802105
0.00035999999999999964,2.5e-05,0.6714502860528481,-0.0127630941996194
0.00035999999999999964,2.9999999999999997e-05,0.7053625347170457,-0.01789330606462187
0.00035999999999999964,3.5e-05,0.7302807773289598,-0.023212649810042958
0.00035999999999999964,4e-05,0.7443607250980329,-0.028239831552992752
0.00035999999999999964,4.5e-05,0.7587709135373649,-0.03297730999331692
0.00035999999999999964,5e-05,0.7691254543738459,-0.03723950204385023
0.00035999999999999964,5.4999999999999995e-05,0.7800934497053821,-0.040913293637514524
0.00035999999999999964,5.9999999999999995e-05,0.7834430240466808,-0.042809309763803836
0.00035999999999999964,6.5e-05,0.786146069362045,-0.044086039664939215
0.00035999999999999964,7e-05,0.7791596493043766,-0.04226806108129904
0.00035999999999999964,7.5e-05,0.7585859265203975,-0.03721139319761937
0.00035999999999999964,7.999999999999999e-05,0.7189465249167738,-0.029527890061288583
0.00035999999999999964,8.499999999999999e-05,0.6561261578814107,-0.01905653024335343
0.00035999999999999964,8.999999999999999e-05,0.5700235897081278,-0.008585739985405693
0.00035999999999999964,9.5e-05,0.4624418056593679,-0.0018709221284547337
0.00035999999999999964,0.0001,0.33556036158004204,0.001097237147796343
0.00035999999999999964,0.000105,0.18558036898063066,0.0009170198065347944
0.00035999999999999964,0.00011,-2.47224707903638e-16,-1.7920388609404894e-19
0.0003700000000000001,0.0,6.330409400813349e-20,1.032651578916476e-22
0.0003700000000000001,5e-06,0.2552721421536233,0.00040809832671398656
0.0003700000000000001,1e-05,0.4277319369249979,-4.999765870572012e-05
0.0003700000000000001,1.5e-05,0.5481991899962175,-0.0019181790103638514
0.0003700000000000001,2e-05,0.6283800914527313,-0.004559578202326347
0.0003700000000000001,2.5e-05,0.6799537624593438,-0.0077609795515239735
0.0003700000000000001,2.9999999999999997e-05,0.7149341228586894,-0.011378290338129348
0.0003700000000000001,3.5e-05,0.7388211403328993,-0.01513000324213854
0.0003700000000000001,4e-05,0.7546030947679236,-0.019377124261599602
0.0003700000000000001,4.5e-05,0.766443924648299,-0.023028058881146927
0.0003700000000000001,5e-05,0.7755677550952051,-0.026292300768464068
0.0003700000000000001,5.4999999999999995e-05,0.7836252981562611,-0.028400311228462906
0.0003700000000000001,5.9999999999999995e-05,0.787379197033628,-0.029505772138889975
0.0003700000000000001,6.5e-05,0.7836546387864709,-0.028976603748506382
0.0003700000000000001,7e-05,0.7714406699355892,-0.026140453264567643
0.0003700000000000001,7.5e-05,0.7465314719409445,-0.02109895431157873
0.0003700000000000001,7.999999999999999e-05,0.7017494385594921,-0.013862390881042099
0.0003700000000000001,8.499999999999999e-05,0.6379672256384753,-0.006803012168636456
0.0003700000000000001,8.999999999999999e-05,0.5565349984007293,-0.0015100643791955662
0.0003700000000000001,9.5e-05,0.4559362767847825,0.0018597784093825362
0.0003700000000000001,0.0001,0.33403350781011326,0.0023283892588166987
0.0003700000000000001,0.000105,0.1876344198633699,0.0011088702847766535
0.0003700000000000001,0.00011,1.6397806651260288e-16,1.7030525807576894e-19
0.0003799999999999997,0.0,5.261609266151067e-19,1.1455910491163772e-22
0.0003799999999999997,5e-06,0.2529845663737175,0.000510083782854812
0.0003799999999999997,1e-05,0.4298465611576854,0.0002765068681206368
0.0003799999999999997,1.5e-05,0.5521801081336801,0.0003536030166139587
0.0003799999999999997,2e-05,0.6317646113289831,-0.001343692201593842
0.0003799999999999997,2.5e-05,0.6858506337732321,-0.003886018472232134
0.0003799999999999997,2.9999999999999997e-05,0.7213191923392683,-0.006484181353756987
0.0003799999999999997,3.5e-05,0.74456072055255,-0.009101927945398708
0.0003799999999999997,4e-05,0.7626605584783149,-0.011457780128383572
0.0003799999999999997,4.5e-05,0.7741248444739377,-0.014447477211872655
0.0003799999999999997,5e-05,0.7801905357229636,-0.016973337446464353
0.0003799999999999997,5.4999999999999995e-05,0.7851269826526575,-0.01814084750429674
0.0003799999999999997,5.9999999999999995e-05,0.7872637964011596,-0.017983397889680123
0.0003799999999999997,6.5e-05,0.7786302023567625,-0.0160555067571409
0.0003799999999999997,7e-05,0.7647942520316023,-0.013905841642855387
0.0003799999999999997,7.5e-05,0.7356677954160108,-0.00970059572479467
0.0003799999999999997,7.999999999999999e-05,0.690012310775645,-0.004606532134210789
0.0003799999999999997,8.499999999999999e-05,0.6287834046757104,-0.0003259458867471627
0.0003799999999999997,8.999999999999999e-05,0.549829874945107,0.0026277352805513456
0.0003799999999999997,9.5e-05,0.4537039932616127,0.003784979338939339
0.0003799999999999997,0.0001,0.3379220740424082,0.00323569557337985
0.0003799999999999997,0.000105,0.19170824150497257,0.0012828506986586102
0.0003799999999999997,0.00011,3.1455600582775346e-17,-1.6575614373652722e-19
0.00039000000000000016,0.0,-6.638110179754772e-31,2.047433814629537e-34
0.00039000000000000016,5e-06,0.2509424383253,0.00043276237031332693
0.00039000000000000016,1e-05,0.42989063904926744,0.0015373358360052669
0.00039000000000000016,1.5e-05,0.5530774092081561,0.001516031039103792
0.00039000000000000016,2e-05,0.6352233273812077,0.0010265301757994211
0.00039000000000000016,2.5e-05,0.6899612752075107,0.0004052128038692029
0.00039000000000000016,2.9999999999999997e-05,0.7264464639764026,-0.0015358638180426726
0.00039000000000000016,3.5e-05,0.749874026654581,-0.0041538806930362295
0.00039000000000000016,4e-05,0.7659344229533696,-0.005610702835155284
0.00039000000000000016,4.5e-05,0.7770354146322555,-0.007447304505901062
0.00039000000000000016,5e-05,0.7829690210033696,-0.0086022505859921
0.00039000000000000016,5.4999999999999995e-05,0.787279682922904,-0.009504059617742262
0.00039000000000000016,5.9999999999999995e-05,0.784807821237949,-0.008964481273183661
0.00039000000000000016,6.5e-05,0.7762893782577482,-0.008026129286354936
0.00039000000000000016,7e-05,0.756954231985584,-0.005359062735597522
0.00039000000000000016,7.5e-05,0.7270780681478111,-0.0022122970750427812
0.00039000000000000016,7.999999999999999e-05,0.6828542405519946,0.0008525202891353779
0.00039000000000000016,8.499999999999999e-05,0.6223689620824577,0.003931249520433102
0.00039000000000000016,8.999999999999999e-05,0.5476410469110945,0.005217492353905414
0.00039000000000000016,9.5e-05,0.4557124408615412,0.004801705728976061
0.00039000000000000016,0.0001,0.3409527706629934,0.0031007176146216264
0.00039000000000000016,0.000105,0.19653054263664593,0.0009891563686301858
0.00039000000000000016,0.00011,-1.531083111851609e-16,-8.390869287917851e-20
0.00039999999999999975,0.0,2.273151253432468e-19,3.453317124962077e-22
0.00039999999999999975,5e-06,0.25041508573433213,0.0006765386528771789
0.00039999999999999975,1e-05,0.4270139042376529,0.0019334493093346972
0.00039999999999999975,1.5e-05,0.5505448207717072,0.002912026173387017
0.00039999999999999975,2e-05,0.6355835481089821,0.0032055535664665276
0.00039999999999999975,2.5e-05,0.6921834728601834,0.0023370318464284758
0.00039999999999999975,2.9999999999999997e-05,0.7294399616391981,0.001576465913882004
0.00039999999999999975,3.5e-05,0.7538778469124046,8.54518220914959e-05
0.00039999999999999975,4e-05,0.7684649096689747,-0.0013963812210235653
0.00039999999999999975,4.5e-05,0.7801794069517857,-0.002336970157659483
0.00039999999999999975,5e-05,0.7855236702082122,-0.0029971789345716194
0.00039999999999999975,5.4999999999999995e-05,0.7862456787895516,-0.0036594573069408027
0.00039999999999999975,5.9999999999999995e-05,0.7833567426170016,-0.0027601307080730103
0.00039999999999999975,6.5e-05,0.7721864592790432,-0.0011405914255633643
0.00039999999999999975,7e-05,0.7532904455181293,0.0002211309996398361
0.00039999999999999975,7.5e-05,0.7212019691172573,0.002655091445628144
0.00039999999999999975,7.999999999999999e-05,0.6768168446940095,0.0052941519462968035
0.00039999999999999975,8.499999999999999e-05,0.6195551373208639,0.0064193326157937014
0.00039999999999999975,8.999999999999999e-05,0.5490881005231372,0.006171913969301874
0.00039999999999999975,9.5e-05,0.4580167421570316,0.005317018489413849
0.00039999999999999975,0.0001,0.3452391751330817,0.0031310213190422374
0.00039999999999999975,0.000105,0.19933249729147712,0.001076815920433033
0.00039999999999999975,0.00011,7.041313341753565e-17,-1.5070822075263194e-19
0.0004100000000000002,0.0,3.557259410656728e-19,1.6874149847157454e-22
0.0004100000000000002,5e-06,0.24712256097511054,0.0007893270410826893
0.0004100000000000002,1e-05,0.42473463493354635,0.0015791118489284564
0.0004100000000000002,1.5e-05,0.5497611395376897,0.003189228538904627
0.0004100000000000002,2e-05,0.6360411047208036,0.004126168126805621
0.0004100000000000002,2.5e-05,0.6934621748591018,0.004323334772795032
0.0004100000000000002,2.9999999999999997e-05,0.7312556785570579,0.004019155292948663
0.0004100000000000002,3.5e-05,0.7555562494166934,0.003239782727163147
0.0004100000000000002,4e-05,0.7701682844809892,0.0027492146863625335
0.0004100000000000002,4.5e-05,0.7813361013621427,0.0020418586919614254
0.0004100000000000002,5e-05,0.7866238743095674,0.0014491537481868754
0.0004100000000000002,5.4999999999999995e-05,0.7870764849049415,0.0013170702669087725
0.0004100000000000002,5.9999999999999995e-05,0.7807631093514671,0.0015232502966592324
0.0004100000000000002,6.5e-05,0.768954732472724,0.002503204757948699
0.0004100000000000002,7e-05,0.7492896640226634,0.004115989587547995
0.0004100000000000002,7.5e-05,0.7181591849257472,0.005807883969064073
0.0004100000000000002,7.999999999999999e-05,0.6751976478193061,0.007126090972975028
0.0004100000000000002,8.499999999999999e-05,0.6187133284037385,0.007059805021294626
0.0004100000000000002,8.999999999999999e-05,0.5495919832172451,0.006746042924252099
0.0004100000000000002,9.5e-05,0.46225812599257354,0.005326496791921793
0.0004100000000000002,0.0001,0.35011631252309433,0.0029328541193458886
0.0004100000000000002,0.000105,0.20155006580895712,0.0009041438508892588
0.0004100000000000002,0.00011,9.196755624959649e-17,2.0976929493590047e-19
0.0004199999999999998,0.0,2.6040531478045107e-19,2.7771609758602204e-22
0.0004199999999999998,5e-06,0.24472026599752458,0.0007099315935298529
0.0004199999999999998,1e-05,0.4234679039293033,0.0019840053867170556
0.0004199999999999998,1.5e-05,0.544951777406974,0.0035286515842819044
0.0004199999999999998,2e-05,0.6347070104072661,0.0050805941659358
0.0004199999999999998,2.5e-05,0.6928954587654093,0.005355281072607002
0.0004199999999999998,2.9999999999999997e-05,0.7322179346057502,0.005630388010165565
0.0004199999999999998,3.5e-05,0.7566816298902664,0.005729259116745974
0.0004199999999999998,4e-05,0.7726581787433828,0.004972719072073261
0.0004199999999999998,4.5e-05,0.782104533803375,0.004731652429218975
0.0004199999999999998,5e-05,0.7872442255499971,0.003976534562180515
0.0004199999999999998,5.4999999999999995e-05,0.7874501039284239,0.004033851861918351
0.0004199999999999998,5.9999999999999995e-05,0.7792148001198314,0.004698980178853973
0.0004199999999999998,6.5e-05,0.7673261363245908,0.005319649452857471
0.0004199999999999998,7e-05,0.7457027690003496,0.006465662130028007
0.0004199999999999998,7.5e-05,0.715806664276771,0.00755512156940067
0.0004199999999999998,7.999999999999999e-05,0.6745534627644634,0.008105572737275971
0.0004199999999999998,8.499999999999999e-05,0.6195566567758566,0.008032071190007158
0.0004199999999999998,8.999999999999999e-05,0.5525736266329251,0.007176778968004861
0.0004199999999999998,9.5e-05,0.46646264283880057,0.005144832711962505
0.0004199999999999998,0.0001,0.3544221782622963,0.0027535694853026062
0.0004199999999999998,0.000105,0.20565631302411191,0.0009260709947809704
0.0004199999999999998,0.00011,2.846374714465494e-17,8.47500582706596e-20
0.00042999999999989965,0.0,6.864177088019174e-19,8.073901289388596e-22
0.00042999999999989965,5e-06,0.24414753714711615,0.0006087972472889379
0.00042999999999989965,1e-05,0.4191116350209116,0.0022364576788061743
0.00042999999999989965,1.5e-05,0.5435374113489039,0.003653070675427482
0.00042999999999989965,2e-05,0.6313968355917833,0.004698353698445228
0.00042999999999989965,2.5e-05,0.6916668026198777,0.006311944905562437
0.00042999999999989965,2.9999999999999997e-05,0.73192174966402,0.0068471653028472565
0.00042999999999989965,3.5e-05,0.7570660864216177,0.007092468987100572
0.00042999999999989965,4e-05,0.7725755789637262,0.0070900847681506455
0.00042999999999989965,4.5e-05,0.782966684531404,0.0063019355134610825
0.00042999999999989965,5e-05,0.785856076278101,0.006123978692184439
0.00042999999999989965,5.4999999999999995e-05,0.7852607369071037,0.006296819921578575
0.00042999999999989965,5.9999999999999995e-05,0.7786727878102724,0.006527218396530494
0.00042999999999989965,6.5e-05,0.765314181887019,0.007159842071846476
0.00042999999999989965,7e-05,0.7435007325269699,0.008073382343800721
0.00042999999999989965,7.5e-05,0.7137178278299853,0.008630729503909952
0.00042999999999989965,7.999999999999999e-05,0.6737107129128982,0.009093646192976214
0.00042999999999989965,8.499999999999999e-05,0.6211581449956833,0.00851012622057133
0.00042999999999989965,8.999999999999999e-05,0.5549224179417671,0.006882214640698485
0.00042999999999989965,9.5e-05,0.4709030273899673,0.004691918466054335
0.00042999999999989965,0.0001,0.3593179625522992,0.002527816454646041
0.00042999999999989965,0.000105,0.20727582088828903,0.0006469483186694529
0.00042999999999989965,0.00011,2.3629993606486106e-17,-8.229322057275333e-20
0.00043999999999999985,0.0,7.750526695464186e-19,6.203323702155266e-22
0.00043999999999999985,5e-06,0.2403642008013048,0.00072916343446736
0.00043999999999999985,1e-05,0.4163680505540304,0.002311703944606828
0.00043999999999999985,1.5e-05,0.5402967154519078,0.003911616242762431
0.00043999999999999985,2e-05,0.6301437438867977,0.005273818978900239
0.00043999999999999985,2.5e-05,0.6891524530170156,0.006147840344022624
0.00043999999999999985,2.9999999999999997e-05,0.7294427378002756,0.007105381856421324
0.00043999999999999985,3.5e-05,0.7569190856727108,0.007151710921441873
0.00043999999999999985,4e-05,0.7725478843498571,0.007435603091745191
0.00043999999999999985,4.5e-05,0.7832509334501745,0.00749106486824402
0.00043999999999999985,5e-05,0.7871509716736469,0.007287982520266316
0.00043999999999999985,5.4999999999999995e-05,0.7841811729528867,0.007913108981729696
0.00043999999999999985,5.9999999999999995e-05,0.7778127636267144,0.00841223785897911
0.00043999999999999985,6.5e-05,0.7642346658476883,0.008274426005280488
0.00043999999999999985,7e-05,0.743772702123066,0.009056113091824334
0.00043999999999999985,7.5e-05,0.7133304889195383,0.009142340747520001
0.00043999999999999985,7.999999999999999e-05,0.6752000163510133,0.008971708301516836
0.00043999999999999985,8.499999999999999e-05,0.6232749581853803,0.007850074057222232
0.00043999999999999985,8.999999999999999e-05,0.5602090480936984,0.006277665367011103
0.00043999999999999985,9.5e-05,0.4752575474247927,0.004475479209628456
0.00043999999999999985,0.0001,0.36251765538037345,0.0025950102656674885
0.00043999999999999985,0.000105,0.21068888298927266,0.001063902096082027
0.00043999999999999985,0.00011,-2.786361170781563e-16,-1.4122195893873297e-19
0.0004499999999998997,0.0,6.763683034399046e-19,1.2839166875693943e-23
0.0004499999999998997,5e-06,0.23939029811968904,0.00046211707075737143
0.0004499999999998997,1e-05,0.41127297405284446,0.001978310647439749
0.0004499999999998997,1.5e-05,0.5373338549338214,0.003860470240700367
0.0004499999999998997,2e-05,0.6264661824228527,0.0054352839418888976
0.0004499999999998997,2.5e-05,0.6879357588302026,0.005897437884910287
0.0004499999999998997,2.9999999999999997e-05,0.7295110449417953,0.007312460992688683
0.0004499999999998997,3.5e-05,0.7572174036329545,0.007464848790815757
0.0004499999999998997,4e-05,0.7717873043353092,0.007514207092301538
0.0004499999999998997,4.5e-05,0.7842884566063827,0.00783931863591864
0.0004499999999998997,5e-05,0.7867437182744738,0.008654923077259931
0.0004499999999998997,5.4999999999999995e-05,0.7839740943146792,0.008592820475134884
0.0004499999999998997,5.9999999999999995e-05,0.7777069387763395,0.00882194625697239
0.0004499999999998997,6.5e-05,0.7612216011701871,0.009482763030428627
0.0004499999999998997,7e-05,0.7432319071597889,0.009301561072298929
0.0004499999999998997,7.5e-05,0.7152515011185422,0.009205957387182526
0.0004499999999998997,7.999999999999999e-05,0.675593362257856,0.008877598357196459
0.0004499999999998997,8.499999999999999e-05,0.6269893898617419,0.0074857545130535795
0.0004499999999998997,8.999999999999999e-05,0.5625899017072274,0.005816789035862737
0.0004499999999998997,9.5e-05,0.4803180374185844,0.004111812531340313
0.0004499999999998997,0.0001,0.366692247991204,0.002151290815880793
0.0004499999999998997,0.000105,0.21425630913513236,0.0007385950859288739
0.0004499999999998997,0.00011,1.7403891695824574e-16,3.1236653525392577e-19
