frame,body_radius_px,body_radius_std_px,neck_radius_px,neck_radius_std_px
0,231.78905492435345,11.638403627919756,272.9294894891501,8.50586784149025
1,231.2193806132174,11.001622092098444,272.9274101255602,8.287161307395984
2,231.68904341944628,10.989460787400741,272.74835672884535,8.223900236125624
3,231.12622568995658,12.151376914327916,272.11180469965933,8.765223492017423
4,231.75302301503237,10.995676236960268,272.73223367671875,8.401383525064883
5,231.3559606914014,12.135320952778716,272.807231762431,8.554625332120096
6,231.76241743516832,11.084307105315576,273.0071446178674,8.466001755315174
7,231.05070623554846,11.551354389237419,272.3305415691554,9.56165835093486
8,231.05189786665503,11.820829251537484,272.51854549303727,8.499288812799316
9,231.02004686195457,11.988306215521364,272.3938816038517,8.677083085273928
10,231.37773783891788,10.748901769837918,272.26727293581297,10.580724094314652
11,231.30652200917714,11.555770559580386,272.8493240444575,8.440951284218812
12,231.32307065021902,11.71820884962399,272.87780815680617,8.231258896999915
13,231.4052465719483,10.79247062859013,271.98914700132815,8.8525985716567
14,231.16221369225332,11.042358865510472,272.8855181255617,8.282749654075449
15,231.68062779270682,11.383036956430633,272.7379912128689,8.517084477441315
16,231.97555644415422,11.075696028630183,272.4792526817533,8.743032762495842
17,231.20081730526655,11.75649578730473,272.75678444690266,8.403117068664871
18,232.2198847448355,11.69495762412726,272.6724813241048,8.634396608424106
19,231.2228624456472,11.657144942343201,272.7918288356931,8.514649542943868
20,231.6318020017921,10.836665744787082,272.68667993535126,8.467738615606585
21,231.51424202805862,11.057764370179502,272.16875933808456,8.975151741301662
22,231.4847666286807,11.025985384846264,272.55529301896235,8.824249087817513
23,230.97157390597297,11.883681669876463,272.54973206520765,8.508052422660798
24,231.38009339670364,11.069648517730839,272.0559643570646,11.156318837591837
25,230.81605034971932,12.228698872742319,272.92267867433975,8.745751531323542
26,231.7199490428197,11.237956360698552,272.43091048554777,9.1912709423696
27,231.78858956047569,11.736822480057642,272.71590291774044,8.931117232135318
28,231.55110819950238,11.990043476317938,272.59566257341083,8.552167276405974
29,231.5687849807168,10.71156694453782,271.9172797649134,9.104106807123973
30,231.3462435983674,11.150404890166987,272.406934664244,8.874299767831076
31,231.49385394887864,11.788614527243363,272.5656275225978,8.595398241667786
32,231.4681666330941,11.83063792289198,272.76932036176987,8.586570893979578
33,232.24672873914142,11.290864441833236,272.29041317528237,10.167082478188345
34,231.0936019358325,12.719815704224894,272.58155681209416,8.458169242754499
35,231.7249885904655,10.792406000680735,272.0576087697686,8.636962898583658
36,231.58715355561543,10.934171488769172,272.6655926843572,8.454204860251304
37,231.38303408633863,10.787709399333671,271.6848052943043,10.964558171310962
38,231.33235839797172,11.060880960783404,272.66730857079267,8.727521212650334
39,231.40618375429196,11.700428020342308,272.7145174790563,8.60599897728373
40,232.12867113562083,10.853494502087143,272.22917598089145,10.114984746337552
41,231.61706592819218,11.447855880173138,272.6322306021891,8.946971987890192
42,231.86241713488454,10.880429431499334,272.1929205256103,8.782336227336648
43,231.81110882428442,11.241589770057228,272.5644692661314,8.466082544265479
44,231.42357650344613,12.213137164426156,271.64216107423425,12.027853705405455
45,231.20735060621593,12.263291087672572,272.7478560423123,8.455464583410375
46,232.0147188809352,11.173770182275003,272.8985285809802,8.924710987609453
47,230.97512825112088,12.267969777415827,272.4610180815696,8.908738048828106
48,231.04561625926834,10.923306926774348,272.6021470728611,8.705587076029282
49,231.54444135650766,10.957760967577151,272.8324167699791,8.30326009684221
50,231.3655168267711,11.582059660301065,272.59292019434906,9.005567180443421
51,231.59116171812812,10.884567449430731,272.49855964606235,8.559698598996988
52,231.514299403125,11.705100185050624,272.7304252762724,8.611879200162509
53,231.95046052458537,10.904558701356853,272.57601795586714,8.514400762173942
54,231.12889686860777,11.430573826130892,271.82641548135405,9.274013468219579
55,231.40236882944987,11.622840073627446,273.0460367548249,8.194860661827866
56,231.50426798636238,12.1697423167468,272.52773048763066,8.667160002158392
57,231.56670160233946,10.873818135199269,272.5760036680941,9.188565835143397
58,231.31222729435234,11.673799135964899,272.96496509437975,8.625581997734152
59,231.7771953644472,11.420134941348714,272.6219460994499,8.441500588214167
60,231.28710797815944,11.553291749066348,272.8469764315942,8.496870107950187
61,231.80451590265656,11.042007227942108,272.3250650165061,8.648782669620514
62,231.51256660707466,10.632079763218933,272.84581861505194,8.642419580374687
63,231.09475080801406,12.173397132685837,272.3685768196938,10.668779663496757
64,231.345671497066,11.28966376100905,272.51767467385264,8.733814085719557
65,231.27374774587622,11.662605086891876,272.474720974794,8.532448563616718
66,231.11924920863126,11.494756012799407,272.17390831696025,8.909806758268623
67,231.32100965079272,11.12533802117597,272.26423005910715,9.03665310613006
68,231.74507700690071,11.036418031031712,272.540463849757,8.686047920977574
69,231.2896487234578,12.817045769864668,272.6443763003626,8.649813639320575
70,231.47433403504579,11.931634913434767,272.7754594996707,8.61764758193897
71,231.9235632316809,10.979556088776068,272.3113509320867,8.945442587276569
72,231.41627573328475,11.136167304390057,271.9885344442657,8.945345103723634
73,231.47998074872373,11.595409110618089,272.2387753673094,8.640624849486322
74,231.5106809599878,11.13617484043066,272.3870817397147,8.506427026752357
75,230.4904166544705,12.201893375853263,272.57158541524717,8.655403865229706
76,231.88375263925514,11.676511636405538,273.24093930555836,8.310264938714782
77,231.18331037502446,10.834459535451703,272.84774784750454,8.488167505458266
78,231.94817353261402,10.993103996740267,272.76481807131734,8.415294871443594
79,232.38422891624188,11.712581990524004,272.85741731458677,8.239611248291249
80,231.57710225393626,11.359576605410066,272.6389801942197,8.615036535750043
81,230.94458658906044,11.605669959069647,272.7366344352599,8.366695166421618
82,231.46656703722013,11.754747040607715,272.76606080821756,8.371551990590671
83,231.3192885890931,11.337978866832701,271.86512822550907,10.545862232173974
84,231.6697852461883,12.159788696153798,272.1722775678819,8.922191958050178
85,231.1192267045907,11.20867000427759,272.772887153851,8.232005507460718
86,232.15188678006012,11.174662326374035,272.77574571562474,8.564909129090926
87,231.49726997609784,11.939468101891146,273.26732216061293,8.470606053889938
88,231.60845051649036,11.95458391280345,272.7886423416284,8.400559581579005
89,230.84308830495155,12.786209157460869,272.96865961573036,8.361397893057049
90,231.521869167485,11.45347747325202,272.3849600160558,8.811150316833253
91,231.93282826345026,11.30484629367986,272.2981932933118,8.632578504992644
92,231.34797856600238,11.676984123028548,272.77107132654555,8.445341845960325
93,231.43255378523827,12.046328126945966,273.1600115298813,8.252885218622641
94,231.44441644853526,11.551705510356904,273.3199093749859,8.458934619491593
95,231.32159972965002,11.629922157421245,272.7184731256472,8.409906946357923
96,230.82494447089894,11.935325891885864,272.56144788587784,8.553514313289567
97,232.1374040668685,11.133542743292935,272.6236528945864,8.424409809187594
98,231.2374397507406,10.716095465744441,272.50846295551725,8.564319828205978
99,231.72713078870228,12.393439063834238,272.68914052168174,8.669030306666942
100,231.61726882278407,11.910528686482808,272.5343148185754,8.420560245422612
101,231.4696893901374,12.82409625507583,272.40055095126024,9.095556348967348
102,231.80063200648976,10.73207185095339,272.8735094598689,8.67101681373799
103,231.62556657479197,11.29848353357958,272.5516424590458,8.249268693323554
104,232.0393417351681,11.253212191680946,272.3746530396061,8.716460681953677
105,230.83906317748685,12.315349383219159,272.9330429360353,8.456568761206164
106,231.25955619470832,11.618433019806046,272.9344241553094,8.35547148020813
107,231.21299691523407,12.25270262916972,273.11849460530664,8.376642768682915
108,231.5373797514813,11.171227723341273,272.6811982360327,8.381275531900252
109,231.68414862074258,10.702832831652193,272.56113137048555,8.68534739261629
110,231.561211318169,10.767582247175262,271.8457179654672,10.28955244466418
111,231.60944858996845,11.672999004272,272.5637310592079,8.663502045403128
112,231.5522836232326,10.69080935442778,272.6327180229847,8.347905115378428
113,232.00559530717985,11.077591175687028,272.76923493537583,8.341834668998226
114,231.91974063271866,10.836583930170212,272.4299948836617,8.631608248328627
115,231.05608380537112,11.89201661921591,272.61624497387277,9.080707566110112
116,231.3755145209458,11.02052219931884,272.0025673094193,9.924579248944513
117,231.32911436663753,11.92948312408021,272.12202011987983,10.505599251885794
118,231.67166583260473,11.648163312608286,272.92187334649185,8.288476328937595
119,231.38283527980263,11.946756094593571,272.79400675495424,8.395155857581683
120,231.38969853988704,11.261377378389527,272.6011178220377,8.77684296860319
121,231.28704478187765,11.771842843515088,272.2863241803141,8.909527375324819
122,231.3864202199346,12.16153910696034,272.55643676684537,8.935854630482263
123,231.22076942471216,12.14578957052764,272.29885178274515,10.705457461098854
124,231.55873892904125,11.91419255930883,272.7448357479311,8.846193411303581
125,231.4552517644976,11.471487666241982,272.90844151585486,8.758838125584013
126,232.31860450357942,11.388155703940813,272.4198090448888,8.732670470456076
127,231.4944389361359,11.821847770738811,272.5521580345422,8.940777234538118
128,231.72113389007998,10.90118359475863,272.82952542767066,8.365093743458052
129,231.44245545707327,11.886163021169386,272.65893201587295,8.687295755416054
130,231.6671798567137,12.045309798152319,272.5966610297432,8.88734754720147
131,231.02701726381258,12.31827511442991,272.7402658359324,8.871496820966602
132,231.65719651812384,10.853650598140383,272.57493162433457,8.883809961221614
133,231.4571061405189,10.747067022284657,272.43729762353524,10.320941443552668
134,231.59880527218618,12.127090086762783,272.5764680566529,8.659456204763563
135,231.18210946829913,12.198972444857933,272.8073230041232,8.389512304182404
136,231.35504620696014,11.364471888746538,272.7125661447504,8.416396483390919
137,231.1772996677645,12.40215063106019,272.2910310512622,9.426175266725293
138,231.18456064910063,11.343686936810752,272.1640715417391,8.531922535431686
139,231.17522651101504,11.99903576839211,272.70124781153845,8.402977093712048
140,231.7191523872405,11.193908865728417,272.3452350011944,8.697039798007362
141,230.96045167420863,12.106568559818387,272.93083214815033,8.78927983643083
142,231.28125946262494,12.220939948550626,272.1450605346478,10.08026554568079
143,231.19448212135165,12.01212846691443,272.7780783480682,8.60786147973156
144,230.78242983845297,12.258882539329013,273.12254521963024,8.11645933996988
145,231.66917413465762,11.336297001260913,272.3175193307212,9.167820271420776
146,231.64202747421987,11.866391282681503,272.6463436416229,8.67288680652669
147,231.61079349769372,11.780674936453174,272.70524848762574,8.34248739114611
148,231.4726178457685,11.537118140537464,272.51493419646664,8.88886063118133
149,231.61731229764348,12.735359705940864,272.9024060910577,8.292494653852726
150,230.75709891021037,12.315759313109554,272.36731369572067,8.554538865642881
151,231.4771429230746,11.527945430085074,272.6357593450567,8.455673557216496
152,231.88707461133447,11.982325157136373,273.13725432146566,8.624227041895193
153,231.4778610478459,11.607056988899945,272.9987115404494,8.289061946899919
154,231.4926778616015,11.594485387267541,272.49928345864055,8.703983141129742
155,230.93924937374243,12.036361317510215,272.69291384964185,8.574719824176693
156,232.00160617004192,12.531005493964617,272.35441590708325,8.410460697980232
157,231.33048068986056,10.917088476744972,272.7290984640848,8.613178625715591
158,231.9044273413042,10.944347220394398,272.3258093909357,9.08140812893745
159,231.57680404925068,11.498574959642086,272.6806945716323,8.44753949656887
160,231.69038192857792,12.240973415226387,272.42676464445736,8.976379424102587
161,231.94321717229283,11.208786141214041,272.70953520653944,8.636822397141215
162,231.3933197547337,11.501420384249943,272.76624026689746,8.390674632758948
163,231.20516925671535,12.462063490487946,272.6653290389525,8.618184981597675
164,231.28248483115186,11.74334437848278,273.0313049855217,8.367303820859537
165,231.5823652333752,10.923268526643831,272.58689510398466,8.66176833395765
166,231.23153276249428,11.668554169657495,273.0891465069674,8.171500848796075
167,231.5527969918162,10.924961202058046,272.78408285248275,8.618791673752316
168,231.59088988103738,10.834273439984853,272.7699505617999,8.87764667610058
169,231.39604957878612,11.809667374263451,273.24427156357194,8.265415165781116
170,231.55913234884702,11.79691228980144,272.4956792763581,8.867456436102003
171,232.15718404823835,11.84090285313601,273.0535187884348,8.75566301954268
172,232.01418626133355,12.607979959560344,273.2270291348069,8.74672599346747
173,233.048410716803,12.420088858660883,273.10667636473687,9.970204156365577
174,232.3645746118645,11.794460513541038,273.57303234891646,9.158383800036173
175,233.63410852138438,13.256227234398107,273.31665331243863,11.41117361485699
176,233.5168552197298,11.865483830586221,273.97553810039267,10.576209030525456
177,234.92598527091297,11.485406930827061,274.6549534374715,10.581829437145284
178,234.349983230167,10.72350588886278,274.37172341872537,10.85463144166833
179,235.1567058977264,11.32422078597802,274.90970101591995,12.452347089859204
180,234.87303658787312,11.403092803614957,275.19393947450294,11.130700279037814
181,235.74521089103382,11.338434298777916,275.97704414051873,10.764847959130913
182,235.33975278467912,12.023062305685972,275.677498676465,12.541659092095067
183,236.5540470785209,12.322023864589053,276.5717296459179,11.171735037444877
184,237.090337015365,12.231256472703123,277.0052933971088,11.248071602357037
185,236.89518848867814,13.262859011615225,277.2781458763659,11.2675014119606
186,237.90259157451393,12.621742660759432,277.13067936120893,10.94330791945031
187,238.6643401393415,12.860815610816859,276.54087836113877,11.251064475692209
188,238.8794606040852,12.791220204458927,276.61186309070905,11.214630557201108
189,239.4153373053213,12.52119122051009,276.672277397924,11.066940761085224
190,239.62549858384065,13.768313515255128,276.52574329054767,11.467579166373264
191,239.80379581833387,14.205732313288568,275.7693034825571,11.686668053371067
192,239.84612061504893,12.956805443676767,276.1179603346023,11.356254555561799
193,239.25799035080058,14.567371363916026,275.6129473184433,11.896407633238608
194,240.09022143646527,14.17104359930219,276.043937303157,12.40492854315584
195,238.6472390689823,15.528771699419162,275.38547518371763,12.78802276049528
196,239.75800270392685,14.93991594493062,275.5285892874138,12.3636027777553
197,239.30940837347427,14.899239038909986,274.55167168025923,13.041422148680946
198,240.14805879580476,15.362912211795885,275.63508679294944,13.386549972984977
199,240.29331753269275,14.931348760662637,275.808446913439,13.683737293548115
200,241.4920260694209,15.545433579288515,275.59068911105254,13.792706448210113
201,241.37794838486786,15.1570936215194,275.83325011580786,13.930439614067325
202,242.636990784999,15.334772804222588,275.5293978010837,14.219519324316995
203,242.24653637450848,16.05030007372556,275.08629451702797,15.196236657116643
204,243.08133684171142,15.648306279564682,275.24466352531147,15.218363881738084
205,244.0990750651442,14.784991660591569,276.0931799278345,15.419693903276118
206,244.97227058517248,15.142185433736962,273.81230028298256,17.93602688978724
207,245.9842967100074,15.053283407142043,271.15252804431617,20.64062361693798
208,246.20303576547929,15.119283375502407,271.99985401184944,20.729285783192708
209,246.39832852394713,15.127560116819948,273.0755500156808,18.671641732360875
210,246.94380901789913,15.16963334510626,270.7416459701395,20.433463769475637
211,247.97389106429844,15.704744338238585,272.1182322181722,18.387144391618897
212,247.89699826550432,15.048585426207856,270.6541510910839,21.064878658710697
213,247.58081960720784,15.79795999703401,269.78359359146896,20.842119174209582
214,248.3601540440185,16.205518403791412,269.5677185077885,21.133690478812554
215,248.91658766756848,16.16414536802169,268.4519488593502,21.829109972526336
216,248.7407116435723,15.975232191366763,268.7768436071602,21.68216918418679
217,248.75523498515417,15.737024075316794,268.27538172596076,22.744140733993824
218,250.279603059335,15.580863869545661,267.9054150873953,22.403072839948113
219,249.82067199267863,16.337128175012783,264.4925952358146,23.075943532477798
220,250.25170753710853,15.52757036700845,264.9129858454197,23.469636226374025
221,251.00136776226043,15.129544771857677,266.3558923629603,23.369521807347468
222,251.38763968567196,15.630409386079288,266.40105264321033,22.35670582005936
223,251.65849657026504,15.124937263834017,265.6223398903492,23.114380722976655
224,251.62251029065305,15.064355698190564,261.907498859381,22.89086234571253
225,251.4872449838897,14.88785092588071,262.71735342329015,23.501437906903096
226,251.81679548207615,14.74164505774618,254.83716555897547,26.644407539183558
227,252.20313345427266,14.62188973917565,258.1995906606863,24.468333893726474
228,251.6484769234647,14.467588498754477,254.92651701178445,26.638912410749608
229,251.92186675991246,14.076158262780623,255.39700011159235,26.879755513018846
230,252.54457319282903,13.984557458772661,256.5997537862179,26.674818745473146
231,252.354103241866,13.950493453829205,250.51288884024675,29.216253421897598
232,252.71048014617776,14.18102694819502,253.54291017525335,28.05380849685217
233,252.84697173487922,13.839982531361608,253.71748500380224,27.11480947622541
234,253.26842716303793,14.183552588837069,253.05100473621152,27.061057128581798
235,253.10688562047133,13.904490992137513,254.05864448010712,27.33986714649211
236,252.63872926816728,13.795631134173783,253.13449869928527,26.902628714622864
237,252.95602100367825,14.147998698420775,252.0441556149698,27.007819856401806
238,253.12841475168202,13.810885853311008,253.82679031447526,26.503148206181848
239,253.40534548294417,13.716054752689155,252.58969116256085,26.57387670831715
240,253.50963802402256,13.838282613544543,253.89284329791096,26.632996184771788
241,253.74425557544708,13.677212927335562,255.67144900664607,24.20396098574061
242,253.75545730318873,13.349090106792747,253.9714093734,26.86993065305339
243,253.845332730175,13.748941322698569,253.54877428532217,27.18873044804184
244,253.85892171823943,13.983624925739614,253.82231884210026,26.9944793030454
245,253.82351774916933,13.859867501595904,255.8087444684695,27.344568340341716
246,254.16073058909032,14.048717607806532,252.68447074894257,27.566545762258244
247,254.22425072606418,13.510744307189487,254.00159729310232,27.546268769966744
248,254.6054790978273,13.639111010307198,254.09259076006083,27.42016258747779
249,254.56091691219981,13.729954856604856,255.70987339168633,28.058427041365228
250,254.39825846192952,14.034252642163429,258.2306919004869,25.2291442355894
251,254.62078675249367,13.349974405796349,255.0681791536989,27.651255060805713
252,254.8213025850015,13.436180306330927,257.9283643414945,26.080568432888057
253,254.64172058498932,13.365679342681835,255.65829202732127,27.52226153991736
254,254.81418908005213,13.391398223912292,258.82387507597565,25.254546054589497
255,254.79368513426442,13.793453933079869,259.948926153818,25.308919898347828
256,255.25923218437305,13.406572864001241,256.42427218528655,26.36798204943388
257,254.91425855356331,13.856108150669636,255.21296931544106,28.538249246485474
258,255.2508577801904,13.392089340056318,257.60532402882285,25.294211071677374
259,255.26619584271387,13.521671385707702,257.92521887485987,27.009584869216088
260,255.44783264954998,13.476871022121005,252.56424032215637,31.578239654570336
261,255.3713746817575,13.450464619023698,258.0684124294786,26.339524852216492
262,255.6726075235152,13.367405538651568,254.7462706725592,26.735866842756206
263,255.81935464666296,13.502860399598514,251.91794365468692,33.08932091948742
264,255.63832136248865,13.544859188115291,258.68082272370987,26.051986112064068
265,255.43179735096754,13.516704545123238,253.64096954899924,32.10470528834481
266,255.50891655825566,13.483173753611466,255.93471498653213,31.307976809627576
267,255.615767409175,13.472163278523695,257.0287134097442,26.203499595841386
268,255.73173645372185,13.378619878511492,256.927277195804,27.080333393938485
269,255.5238266564787,13.768114279818425,259.8229050632707,24.994030742988183
270,255.5128830079438,13.501051255297314,256.7621608210223,28.27042851096471
271,255.01775976418494,13.425923586076237,259.4375534950727,24.643477783864835
272,255.1204430864703,13.371258040556413,256.43360009357104,26.286194456357798
273,254.8772353498874,13.39767533868123,258.5812197851449,24.774442610369135
274,254.59071856819182,13.406353945294946,257.07004846811066,25.548142556386654
275,253.75010356842336,13.34996743122644,251.83805834127404,28.800420469877263
276,253.73028254169435,13.28233284996647,253.008659982585,26.595396521000364
277,252.7065126241243,13.460419787640202,253.2081871220981,26.938728059548808
278,252.60530284928709,13.850505213631742,254.90873607888153,27.545932717746624
279,251.89310409348627,14.201584659017962,257.89012537492954,24.98994250555597
280,251.65146521990613,14.12923314038108,262.05694473961626,23.569995827091237
281,251.65454147507762,14.433577756575652,261.86529236678797,23.374834147503663
282,252.44395510887463,12.982555581195662,264.02401681627936,28.042196229677295
283,251.73344570111064,13.409034319898803,275.84416891490326,4.063950833314345
284,247.1352957113662,15.06238742657137,263.76720364545906,30.2227971600975
285,242.6235592780951,17.051731028367332,266.4138625760091,27.391763094377993
286,240.20497472960074,16.597523292116318,265.8928536961513,35.570679881179956
287,236.59469266324092,19.17034654666998,270.1954178441766,29.388472198630964
288,236.95359154631402,19.799995367459488,265.80277983451873,27.342576551709822
289,243.76100319353196,15.065827827614271,260.8982609899649,30.762368885034686
290,245.97892230523917,15.159502609704084,257.3940320151753,28.023395248906766
291,245.28922537363445,14.520693192504158,268.13630450821324,18.850679193201714
292,246.51308461590284,14.602808730863346,271.7624527662537,17.07275483744761
293,245.22693792353155,16.63242793031531,272.5058890044469,18.936387424004916
294,246.33152885453842,14.531667724314401,276.5400454683465,15.92385935307937
295,246.66453820958878,14.600753009567748,272.466133657367,29.988448723568464
296,247.1073029600525,14.267213686733896,276.5280337030574,22.71835401958171
297,240.72465828967262,14.528053367362322,278.0292131500582,13.16483942933282
298,240.81298137466754,14.880930154592049,278.12412190976863,12.179753010142802
299,238.865775518842,14.657056432455288,276.6722925904435,17.09987503887071
300,239.1185692511678,14.826613472867733,277.1134926081818,12.252288334122746
301,239.89257627491827,15.422586741204086,275.91490913226323,12.694044287794142
302,239.8084706631902,14.805275086219687,264.01819879750366,29.394935571745446
303,239.98954062779222,15.589477603228556,271.17661603146064,19.570428354837368
304,239.2326903023223,15.397707786082073,271.3702076412729,19.983400751470043
305,238.98690602432345,15.61433097820474,276.58587441236546,11.896447819734897
306,240.21166246850143,15.626952607830992,275.61948324333025,13.601296162781221
307,240.25692761464,14.934236751890491,277.0847996343314,11.319347603326257
308,240.4418535664499,14.619651173374713,276.07426374240265,13.247134919089937
309,240.09841219005347,15.763236023963366,274.8933160743738,13.342711725033976
310,239.92734814300468,15.457915166293073,275.2235387249482,13.43797453489149
311,240.37527670667555,15.541452384880452,275.5617515022335,13.664269399498723
312,241.08696343152596,15.110066823325905,275.75707781401013,13.1290254716384
313,240.69419330533205,15.350480150523904,276.3966038450338,13.404328336313682
314,240.38549690088482,15.72058136204704,276.0367137027737,13.993128500476862
315,241.23442018780793,15.324054764353582,275.9639519538839,13.427219823482014
316,240.8818892758486,15.16267510741076,276.1723872592964,13.645580807263501
317,241.06704049155232,15.054705411096444,276.90314073383934,12.885220573219799
318,240.7242257929102,15.449876171282437,275.24541697674385,13.55386538759205
319,240.78042300966274,15.584250485694975,275.6150014992672,13.475409973934097
320,240.7704873971416,15.136357019728942,276.4434179361464,13.153558745945123
321,240.4761332331642,14.945989639206084,275.5445218679349,13.364025935821736
322,240.93215896542776,14.939285680471734,276.4171399486554,13.337991311319676
323,241.10178928870678,14.962508859140119,275.7621359057255,13.367442243780854
324,240.95257938622123,15.08219214251603,275.83469404874546,13.604699475048216
325,240.7994188707323,14.511642711872604,275.5662955552443,13.531194133302261
326,240.57905513570947,14.732709661520081,274.9759655649415,13.576861946654981
327,240.26659801930617,14.656799353403553,276.0234612485093,13.55521641749983
328,240.5033420083257,15.409476872592585,276.2113652116257,13.50824874215204
329,239.9901673244127,15.074111268922547,275.51781774757205,13.21345710756535
330,240.09025298184935,14.735515858714763,275.50923652578956,13.481394013414475
331,240.3906348075156,14.96205366567821,275.6333906996836,13.061959772936628
332,240.43256626493152,15.63965320956165,274.97667440233903,13.178303314968556
333,240.31714714442506,15.07242651772252,275.6614024717291,13.280639940524226
334,240.30836990693766,15.400232040272002,275.94190356399366,13.733493851603301
335,240.35143765367727,15.123416237030701,276.5393328636257,13.039279867664911
336,240.47935944802242,15.246379102692565,275.43484053388715,13.211810700386575
337,239.60912759733512,15.231795726546212,275.84883421008294,13.277369289779546
338,240.14080455574214,15.146539444378888,275.80334902736456,13.93831952254438
339,239.8978636539888,15.137268842115368,275.7184855703823,13.56720215336575
340,239.67608823599474,16.60528068792933,276.12388889383834,13.489095394171104
341,240.10066923868195,15.463054906235417,275.79704599895746,12.911795353174492
342,240.50542071416575,15.337719135168479,276.69026403405474,11.796622875990662
343,240.43075465466762,15.704532420618463,276.0201480095685,12.865123547610667
344,239.97379176529958,15.385767281280977,276.11211938328927,13.421407775418233
345,239.81957416461458,15.726204235235993,275.49214771933816,13.515876880662798
346,239.57013321853006,15.019189060616567,275.2343821184397,13.177503057034757
347,239.7248012512847,15.673607493970678,275.24579922186297,13.045864940806633
348,240.04892729838406,15.50539413059315,275.78915092222985,13.177238403811145
349,239.64929755092777,15.47506536369235,275.60808915010114,13.301515961855975
350,239.74008359184015,15.838262666781155,276.650374756897,13.15890326849374
351,240.2364626473453,15.724323336124986,275.49471439417016,13.273095003132912
352,240.1643993716066,15.00867646156789,275.8264041189021,13.291994324672167
353,239.52493475654205,16.27077641276911,275.9648772557075,13.436075859251183
354,239.83020197032943,15.336451780139306,275.9607412899946,13.050507543508404
355,240.2053365225544,15.456956751188576,276.5415018819123,13.069997157389663
356,240.31469625071358,15.092272953132,276.3617348727008,13.195796394197354
357,240.67611870281956,15.147305717921343,275.4524434048702,13.414401308954334
358,240.6155791885596,15.17262008971586,276.0687279240907,12.679585978405543
359,240.78405963145187,15.129136598274593,276.6088986613653,13.642310660136998
360,240.93694374028664,15.266505104347406,276.5655360252124,13.50943629588007
361,241.14131001939316,15.57781456978372,276.0293488721354,12.880110238186186
362,241.6465301930504,15.461607750304461,275.7026497418591,14.024289011604772
363,242.17247359963247,15.45042111292647,276.28356218370703,13.530296766244767
364,242.54399497297106,15.201439877114112,276.7377555070914,13.676023547056683
365,243.00687914959164,15.036142442045618,277.08272806945513,13.784314368513774
366,243.02559229636623,15.259170075110799,276.3357756228068,13.931001440838854
367,243.8723508974586,15.106547680544436,276.49821512896244,13.840000567634327
368,244.54721956365427,15.102020998884617,276.6540137831325,14.197309806252303
369,244.50884207027494,15.986436137361192,276.56186442735964,14.383512933875771
370,245.52036119288567,16.026682471230046,272.9460691964999,17.77658421938123
371,246.0141066731846,16.393614278197884,273.6847991205384,17.56394400729486
372,246.62697843903612,16.183207921333683,273.97522134432006,17.12813982497399
373,246.17361889588946,16.698852638054685,274.2593599639472,17.18268492499312
374,247.45690239058143,16.21939154114541,272.49859876170535,18.35341394378596
375,248.22793187268968,15.586846829162669,272.7232304508374,18.76763907346861
376,248.405877393923,15.396484892663656,270.5118375483804,20.965998481325666
377,247.8119452012556,16.32048203184036,269.4606368416541,21.538482309195956
378,249.153536596088,15.39302434978573,269.2658350325359,21.416745623320214
379,248.4863118645379,15.774020795717552,269.1960245141147,21.961338024446817
380,249.2352053895357,15.969885677910156,269.1532291877582,21.66828314211081
381,249.4104646513093,14.994405971600617,269.53880886223,21.584591931948065
382,249.68550191089096,15.410460241672327,269.7255856088569,21.64382910499926
383,250.2030959485296,16.577069873942538,267.0163477773184,22.14850130381575
384,251.6073099338024,13.825890355662969,269.55117681193735,21.324011229684945
385,250.94271726712154,13.90606710448345,267.52778967888696,35.552779446135176
386,248.45310725591332,14.876203426136165,275.95218317042946,18.964880846281574
387,247.75540710460444,15.833881683840906,271.4214128575422,21.98766792197213
388,249.0859006052745,14.207427487771232,271.8711254821777,26.906767801486662
389,247.427521480598,14.867580194274195,281.09181476970736,9.063520252802354
390,247.7702185234099,14.024141838179501,280.09677287948216,8.680432690347882
391,247.53657121934103,15.931011039812372,274.1823395791295,19.040644273800524
392,246.86087597187966,15.176682058478832,273.2867442679646,16.940240348252935
393,247.44273863631653,15.34860948706878,261.78023645154946,31.857081482225524
394,248.16556070610793,14.4830126505708,273.4269389425233,17.737158663484546
395,247.74334154996743,14.953353572206238,269.1647236294454,21.684337906799723
396,249.6463968393575,16.044666449702174,269.1214041262418,22.106192892203318
397,251.39188195934562,14.760611995235347,263.3582186981015,30.950488193579698
398,251.87724321608061,14.174001596297646,256.0505525885269,40.122193966321284
399,247.81765427033906,14.179962594050584,269.0823882589204,34.618917090829875
400,248.3905859264432,14.920434853660591,235.4587602808645,41.48178341426583
401,250.24803234705186,16.29088356820602,250.6162361189854,38.15831446903162
402,251.24803690775894,15.823218231626653,254.64481184323932,25.811931392510395
403,251.43917019561778,15.623712748140397,262.43131730568433,24.142786639169195
404,250.01668167633568,18.27435277500738,259.7562459800006,20.52332514300229
405,251.76867253149217,14.631840263926147,249.12394051517893,30.867903209997145
406,252.39191269080865,14.682126173291527,254.56987573610735,23.521606465200634
407,252.65184255844602,15.243131309974526,252.94066171018554,30.58554442161231
408,253.06905001079133,14.663279787543367,251.08196530577143,32.29990574474668
409,250.72012144595843,18.29702078979844,256.22689775730646,24.671723209868265
410,253.00605631975537,14.416151744368218,252.458397814204,28.080174557462215
411,252.9708844960064,14.722117305057658,257.0404218714162,26.091662699929888
412,253.84611388904563,14.505631394658737,255.62727831418817,25.526742538282576
413,251.66843038719972,17.786376255663487,253.12279519448782,27.37801451789577
414,252.7613653640658,15.433021169617705,250.33805753578056,30.518665989057368
415,254.19828703284006,14.521007362909302,251.92210335902854,26.784885275088172
416,254.1255698149003,15.824130304263727,257.8109510205633,24.66671266136885
417,254.35523824754168,14.212259340068918,251.91572212078023,25.97026951662418
418,254.20380489076067,14.238316382679635,252.6422939398128,23.76724135548874
419,254.00512874665733,14.239404873798852,250.05150855617188,31.798527074534285
420,254.47288076812794,14.17944178272098,248.0066033344544,31.798113024110872
421,254.90153047013825,13.159990183036273,252.87575090369452,24.73878746827091
422,253.91413644098597,14.720652349449312,243.80269771452464,33.42957500479473
423,254.81436870774158,14.175478935923875,242.2070934581127,32.50547776278809
424,254.41204120085806,14.376348552985766,250.27205013332065,25.793168264690525
425,254.7466299482701,14.023721887132991,245.85551578008244,32.492509524610426
426,255.2319325715977,14.157767001141048,258.49833965357556,25.6370948735247
427,255.10336212973098,14.068621441888558,257.1702595146796,25.714681934769626
428,254.89122078318377,14.451960576829311,252.77886221517662,25.44043947107863
429,255.2917762788467,14.14149887111602,244.96190715681132,28.819900910034157
430,255.23515443346426,14.780565258644767,246.74382367466714,29.884225679147423
431,255.140473016834,14.348846556984862,255.07902401901637,27.31860343856432
432,255.91797033414744,14.169385584150644,250.9543185047091,31.181861082546053
433,256.25256109418126,13.410384537475757,253.49687315637917,33.44478519388242
434,256.0190901208228,13.743767208903495,249.0578085606433,33.473944488680004
435,256.16019245424724,14.371902688775346,247.00957950079078,33.36080988245616
436,256.9698280801567,13.826738497549815,247.09931479042922,33.41194158315137
437,256.5325325027741,14.419926626791565,242.64576914155754,33.97566474660886
438,256.04619167793396,15.466721697259555,241.88310708201044,36.95608658049211
439,256.98746189905194,14.545668630046562,249.14656376405148,32.110670234485305
440,256.3475272571487,14.932674937187628,251.39235982621358,32.32841551193954
441,256.7918024709292,13.282588884639846,249.44717181468067,33.81069976959046
442,256.5970345915855,13.707548175253798,252.187435769427,35.10008114881926
443,256.6874848831221,14.251869756602607,246.3286073150724,38.33888811014452
444,256.52849207979085,14.814726597068855,250.73717753868016,32.02471699195015
445,256.1977793286647,15.286475930282172,239.96702857727007,39.607300080894674
446,256.5930406703103,14.913451106456936,245.1107140082997,36.80260647529241
447,257.2717558111074,13.200354167915117,245.28786126684503,35.79229100334092
448,256.74302007414974,14.689634370154142,247.6070008693378,34.11879620023113
449,257.3928410777794,14.551654356744699,242.19563737943176,40.390178891894216
450,257.0928333238313,13.732439163212522,240.0210387476316,40.16039220015636
451,257.1771631662356,13.835394922418772,244.22185807764876,37.89579100597265
452,257.3026786836403,13.830799137446942,244.2750332433734,36.77976086232137
453,257.4992410180498,14.00727804541484,252.55856825119346,33.575825227785316
454,257.8575461366502,13.29133667360495,247.7404455945103,38.05306476859063
455,257.9032392470519,13.218633528859838,248.13615032349827,37.97209469315968
456,257.52462549394676,15.035702227621526,246.74758016130642,38.24328237358346
457,257.5171789917966,13.633475149624491,248.18828090501418,38.22753072040829
458,257.61537514343337,14.23165327853126,248.25350462770734,38.4025470752568
459,258.05401237345126,13.116870122503396,244.73272434984034,39.46589434424636
460,257.3079892683904,14.755059170310599,243.36659126015542,42.53398025839538
461,257.86089717656824,12.994350910691443,249.63300409957398,36.281846737801494
462,257.52769514465666,14.373791624688957,248.1619053423423,38.28368098565391
463,257.73270635735906,13.654437273185819,248.19773329895597,36.344221661328724
464,257.8494309044591,13.800676137725192,248.32068855007128,36.84535094377347
465,257.91542413058323,14.235103447362562,249.67974842845024,37.258496310255865
466,258.1035079546561,12.834896052580666,248.69327742018353,38.588379418675075
467,258.0984842904444,13.000990489349519,250.96079661126836,38.15241742448055
468,257.69023508946384,14.701333075810068,252.4717254545714,35.91715178988756
469,257.60322927856686,14.200752456327944,249.6190838593242,38.737802958252985
470,258.0805387799886,13.761913925911871,249.04295087065066,39.651871232591255
471,257.812061027559,13.834251803924106,251.21240917426286,37.216181693251684
472,258.46663492444327,13.156801101501149,251.19537182660588,37.22221695510031
473,258.2197250999311,12.935840572826992,250.02954261150475,39.00353160068305
474,257.8218779304788,14.725538965655883,249.7047128724363,38.60860691450196
475,258.20214998306494,14.7642898294474,250.053215806395,37.56063005446221
476,258.65472456921765,13.197395728227642,250.28054214556147,38.96461586705334
477,258.48393222655994,13.273290569077187,249.04224567412524,39.82451224732541
478,257.71070857742404,14.652427873311789,250.76939930464147,36.543801271970814
479,258.31401298557324,13.136212116987911,249.42083975665253,39.86320208670664
480,258.5477861333012,13.223079690703933,252.53150336898221,37.47183546260134
481,258.42617979182916,14.319026096483451,249.3400980850905,38.91227712314582
482,258.6866091779457,13.322554309406271,252.63267507096583,37.67659297894917
483,258.4070877908614,13.985472871268449,251.04018944912949,37.89901519255498
484,258.72911996704795,13.094222266671517,252.60273551600048,37.63855018631039
485,258.36568704583874,13.727668658145886,251.8497570751808,38.522378246617386
486,258.8008379623348,13.317644217380286,247.09478519112685,38.44787769325511
487,258.4037350080735,13.982690376604758,251.02328178669072,37.937284310162504
488,258.7062576734988,13.265953876217104,249.60162818383827,37.875736600569404
489,258.7982512319397,13.170585733587012,249.09980551608746,39.26705007753351
490,258.9039225896411,13.189659471420518,245.05938859194035,37.99575178282702
491,258.40426752409275,14.516344716364344,250.26133966748068,37.63159019477075
492,258.63153330169763,13.216633740065808,249.90001910906426,38.90887318470129
493,258.6456644703988,13.379951785409089,250.73089362986696,37.93455873238807
494,258.57205911848285,13.191899382798121,251.27184155727628,37.36064488825438
495,257.9937407510767,14.751332483806925,250.7177050456779,37.868892585200015
496,258.2296571869431,13.757177533703823,249.98813282041567,37.93903603785147
497,258.4696149193718,13.90930746923556,249.7519081369495,37.79574287971217
498,258.26732077746715,13.81129851772374,249.76987209073104,37.56426632726629
499,258.1828639538607,13.7839834537481,249.90088973329426,38.7117297791425
500,258.03726674249685,14.458092913131125,251.16356455257707,37.10374076272022
501,258.59688435339325,13.234389954941403,251.617946029918,37.47890483513754
502,258.5524889294079,13.177727312546237,247.27211335620717,39.40808079500219
503,258.5605597687838,13.315693913733174,252.44974214610863,37.46753910080071
504,258.2799275225915,13.853039175385504,251.1982947160943,37.995821339864584
505,258.4963396454684,13.27341857799438,250.81977378741306,37.875446814045816
506,258.7340507945748,13.193986017737116,250.0237470426367,37.762663979825525
507,258.7409510591887,13.221460908336114,249.64830303424378,37.67177771120637
508,258.1301920336152,13.773804907679057,249.06659552034205,37.779448898748406
509,258.175722505211,14.22782890416049,250.8926544598702,37.909659840435225
510,258.63395164945535,13.145975469633342,250.06691949394602,38.88128810108493
511,258.2438883713491,13.744257051442082,249.8616523617348,38.65762376683638
512,258.87662995557497,13.027763374549403,251.2312494116073,37.4801910741027
513,258.36069986691354,13.967361096362106,249.39873937691937,37.6133601858013
514,258.2109130054191,13.801357123075796,249.6213354645402,37.44180040496541
515,258.4595544566899,13.245517108688096,249.95720974481696,38.81603896722469
516,258.46681699356895,14.38941014252862,248.86983184564286,38.482075983113866
517,258.0198996709271,14.766072667595383,249.83476760324916,37.68044569874442
518,258.7462217647913,13.02254649130581,249.74445504977743,37.73230381963295
519,258.47502035422593,13.25600221640385,251.06103881664848,37.35842985574799
520,258.31696123152955,13.10943795851421,250.12039610575755,37.65567570725988
521,258.3242227740553,14.32832710671289,249.91031195060012,37.71417494573465
522,258.55951269405307,13.143349023828659,249.59062522616205,37.737035865337745
523,258.18362711659364,13.729795810062633,249.95556383850197,38.74550975640049
524,258.1198299666967,13.73071599561085,249.72495698559052,37.667235811162435
525,258.3858111262602,14.354401964548446,249.77012890695707,37.671331728038766
526,258.2176043549095,13.922952473367497,255.27158157876576,32.54422054733197
527,258.32293769360285,13.147824794013662,250.62864179605808,37.76780694557963
528,257.8979617750493,13.883782144300907,248.85940378480987,39.758860736990194
529,258.0331416243374,13.147444895012384,249.2441801996373,37.33901341021755
530,257.6245223119793,13.770456885012146,251.3211875536971,34.64706091834777
531,256.87098562664545,14.217789273638628,250.847969100761,32.16824824006198
532,256.173646568967,14.281754808068827,249.37596458833525,32.641300405041434
533,255.37368363874762,14.388381268090662,256.0136486419765,26.470120585550685
534,254.2910070848063,14.574875740305357,256.4768681298266,25.41934608145698
535,253.09465746676557,14.517562570464296,255.32899583828376,25.016371035762507
536,252.8987800020028,14.552268397224953,260.4289126362093,23.508431135394478
537,252.09055573412138,14.757574550509558,261.8534581259834,21.910435416264317
538,251.88648047135234,14.882219490750142,263.07097544846033,21.17941905682342
539,251.44245000462024,15.911280411853276,264.857616295125,21.434858024335693
540,250.73848130120908,15.59242435983411,264.6361025916388,21.561505450617936
541,250.48155156813502,15.21207954067806,265.02814255291156,21.26173915124547
542,250.41087583486902,15.497819342832162,268.2563920395404,21.633580633143012
543,250.66699003122383,16.40216305257262,266.06802690515536,23.506262312729614
544,250.73166110823925,15.59706174945427,266.13557388859493,23.01007255160451
545,250.46542545357562,15.553590731261576,265.94626760989604,22.45938879458236
546,250.49436029483138,14.619257848059487,267.54910706983566,21.66078420789771
547,250.01962290573243,15.780572069465885,267.6653283279572,21.433726679309057
548,249.52317922862736,16.283864132644634,269.35244614208904,20.0485535374763
549,250.4325478698391,14.654034681539004,267.3297577072263,21.514522883353216
550,250.0285280134895,15.731108347412635,269.55814445903474,19.767961296457198
551,250.52506624653682,14.877141692797462,269.49592372493146,19.844387086051885
552,249.73026323690718,15.486635012605767,269.1336691662999,20.27807829957106
553,249.66709920983033,15.746826911166321,269.5180492597309,19.737057019313617
554,249.90923922625922,14.60069557662773,270.14814400658327,19.796000640093695
555,250.45632690839346,14.782041471590903,269.2226646577367,19.89655428121913
556,249.77252321516693,15.233732100122701,269.7909749065549,19.80345486827266
557,250.23700640403356,14.882632951623112,270.0356715882554,19.754514603991375
558,249.8562301880137,14.962656700045562,269.2687341341553,20.141558174423235
559,249.68860152041592,15.054921776023397,269.707510422397,19.899153320311065
560,249.28773131973858,15.871609831067085,269.96480932761204,19.795446794735973
561,249.8501409376745,16.011392270277636,267.5298773515455,26.023375500611156
562,249.73299683014102,14.740896016285543,270.5430997594242,19.832872022446782
563,249.66423022111007,15.774965870323381,271.0844160520843,19.766632344849487
564,249.5200760653382,14.686730855410367,270.5512858769176,19.719706824504854
565,249.33987688599973,14.960522091253509,271.7158043370395,19.35675867430106
566,249.27628008841202,16.14568407157678,271.7150554546609,19.64132665624862
567,249.00855652294453,15.605216691394057,270.05010635874584,19.829988318410717
568,249.31887232867206,15.058007769245556,271.54703364682496,19.66485539517722
569,248.58198219649947,15.311967701782866,271.0745808845499,19.65001322972994
570,248.78791853149983,15.743957208393606,270.2123827433356,19.562192629780245
571,248.90730586945423,15.89985341858809,270.94455523490143,19.453038095694623
572,248.87498331395096,15.823313373308876,271.3149837411332,19.06953130467749
573,249.05326213881173,15.424712841090374,273.49684328761896,17.751654480588158
574,249.0376175503144,15.339164105494053,271.0004121022106,18.980374370874564
575,248.75956866628502,15.209242367856993,271.4248909194912,18.503920222372386
576,247.9438240943717,15.880424445853345,271.5869941519971,18.94293707677124
577,247.84808498131565,16.18800179886719,271.79837804395487,19.20553371749602
578,248.31482177082682,15.238586290075467,274.348112446438,17.589132216193292
579,247.7353863623977,15.953028233803947,273.73811894877264,17.8803523108258
580,247.94770795884557,15.996625923539144,272.1339554150858,18.887133566038
581,248.22299740942645,15.364005434964378,273.45565937763644,17.697171682779416
582,247.49132915632381,17.079362990232575,274.0536041939838,17.716194922375696
583,247.6282891676233,16.468770732500413,272.6366754199043,18.305814498304244
584,248.03842504305425,16.36367938833563,274.1507447429994,16.8480416827207
585,247.5848607496807,16.227474860611064,273.58320632806016,17.59063001595714
586,247.54391860233926,15.47805603294753,274.874343242456,15.449292655991362
587,247.18306215289437,15.871235554731669,275.79163684674967,14.584299745218063
588,246.65343808693237,16.11434061065479,274.14610273970897,17.67768076067303
589,247.0256055939558,15.103957765809902,274.48391018112534,17.52961340877592
590,246.65636434875944,16.07056198646245,274.6622319540049,16.992249203920345
591,246.71795214877275,15.870528845535206,274.5269403941687,17.431121342218134
592,246.662485737877,15.293128493932887,275.40490542494047,15.084419113462488
593,246.60401147476296,15.793960828816417,276.02129458228336,14.677137098681255
594,245.95875303889812,16.90141656768377,276.20236816551125,14.68984513912019
595,246.2743584266428,16.157563627697925,276.1609234756794,15.208930009990556
596,246.53023487927356,16.020326307227577,276.262875573376,14.187343837133934
597,246.56011960553042,14.984637660530007,273.84808962182655,17.745397501598287
598,246.15545417265676,16.003744634923077,276.39147268152897,13.94713805718551
599,246.4340774675908,16.39483438390673,275.3192004649511,17.05155585675798
600,246.00888467255754,15.659099987709036,275.09778817175015,17.21444994690481
601,246.15301656447966,15.668526388291623,274.8093544688788,17.175720749114927
602,245.7735196176566,16.704810886808676,276.1056970185618,14.928614823788507
603,246.66580145929706,15.142576781873222,276.20328351371006,14.39527914299968
604,246.41323981250318,15.737203122691652,274.6543466267155,17.497295233782236
605,245.977709615801,15.748689698317904,276.1779781739227,14.942474643316856
606,245.79161276960312,16.570124631680685,276.2147824964802,14.823044935931774
607,245.9686776255115,16.397898363372224,274.19599697059795,17.20551869805674
608,246.604752091972,15.601584204432246,274.6332134628412,17.564527405724608
609,247.49405720578952,15.163818077948074,274.10918709863364,17.591695087471
610,247.866004794966,15.831315472153461,273.81805959025064,17.37950827621095
611,248.12821206663406,15.47620019998865,273.30814920081156,17.55153563173801
612,248.0438476433872,15.108542526010158,272.2925098847243,18.284037491187355
613,248.15130678094616,15.089246598063546,272.42367515652995,18.81784795993059
614,247.85315351971136,15.583685447414972,271.6511790606344,18.615847637846414
615,248.4790423133848,16.20334078304705,271.60769429194977,19.262979689111468
616,249.29446318623158,15.267966596776768,271.4686318290822,19.356151743717813
617,248.9945009172766,15.965499623240119,271.51532088170035,19.639747069733584
618,249.63599681001912,16.017159048037527,270.4005117787534,19.738190373840055
619,248.86405403538635,16.479486208735658,270.27485042167854,19.988949446451887
620,249.96366200852614,15.762132108193791,270.4167213355788,20.130057802012825
621,250.4286226006563,15.03493552220295,268.55601332276234,21.22528879527952
622,249.96102152395812,15.578002469893336,269.3221835512949,20.0126593246391
623,250.21778798577148,16.648342717263123,266.46854721591654,21.466026074355526
624,251.38045227526231,16.07005084341228,265.75229201560774,21.619722538620465
625,251.20919983617634,15.985405895572748,264.81293067107157,21.073573436511882
626,251.2481198325534,15.600368103410043,264.6401180654155,21.658479930206774
627,251.54063533960507,16.392602843912655,262.8453666405598,21.293342035968987
628,251.41234360603266,15.188433515709788,260.2256423220941,23.789619676754796
629,251.33816928901857,14.994122626029302,262.02323292050306,21.901043786309938
630,252.05109768013565,14.850097926744748,259.6822273024446,23.437585960540915
631,252.2961863424458,15.186656829160547,256.38645051074144,25.135357115401305
632,251.9444489877821,14.926129351781078,256.87403727788717,25.403556703675683
633,252.7616557457326,14.974439559266806,257.3039052525198,24.745189742799774
634,253.08232804691832,14.670202874209886,254.76662559187807,28.04505501958184
635,252.6651823380475,14.583294258013636,257.59253943104295,25.05851492190098
636,252.4576358706822,14.88537333524794,257.6308802501815,24.912047623959484
637,253.14411524528654,14.423171087571724,257.5576130628465,25.17925277079805
638,253.33415613504025,14.257707956649362,252.47562271813544,29.691223873251065
639,253.58813407737864,14.708115219921043,257.95925603710043,25.18560579680924
640,253.47833883969165,14.419829745185547,256.781659258992,24.6888158677063
641,253.5052319448375,14.664219752841166,252.00183875998835,29.54973294226144
642,253.88492892449088,14.473441399421365,258.37387291324166,25.317276817165162
643,253.6295979329201,14.126281768828619,256.407563927799,25.240145687615936
644,253.84959924757663,14.656909075612734,258.6266780721035,25.23632291546147
645,254.07788473068445,13.917757645219849,258.99372553934006,26.069134008093346
646,253.74211473767718,15.05037396214707,255.8611368306453,25.328946750586503
647,254.87000459316366,14.376891679868043,255.66931414717155,28.074550339537176
648,254.80117156581508,14.18146068632322,256.5525108320691,26.068015644838972
649,254.78769428045484,14.122820056124246,252.83039014632178,32.97684809327079
650,254.80873610599997,14.072489991727739,250.50604903907362,25.30475985968649
651,254.95896445239592,14.143738240889718,250.21465979001192,31.803321890364
652,255.05697392084147,14.704626915881521,252.42946226845424,32.56326877512089
653,255.51241297114123,15.016151027915722,246.26945132311783,33.42774062755966
654,255.0787749116727,14.315910198743438,248.73453997821957,34.330606758231156
655,254.83500130099026,15.12971670242881,256.26101223840857,34.04313037574542
656,255.58190184099743,14.200621650292433,253.20410027548172,32.48024513168136
657,256.10041117082426,14.243252299481862,250.8569593153917,33.48367964060811
658,255.821223401261,14.082934355109273,253.9290691503382,33.642299665220875
659,255.7581754764415,14.746886393163736,248.3604501094261,33.56418482767189
660,256.7139116195758,13.680039501022824,253.61682489937868,32.9288182485267
661,256.8478933277264,14.82045103127013,253.3641592551396,33.28660370822745
662,256.09572862719875,14.783863771507628,250.67134880016815,33.12180476078578
663,256.3898890030347,14.257029412812718,247.34222408668782,34.42171776984825
664,256.5721784048165,14.286218405387544,252.07008892646465,32.073586517528774
665,256.5290380178234,14.106861565675173,244.08911899187734,39.30543092291055
666,257.0954483358988,13.385909875825812,251.6976377238903,32.627949714001325
667,256.57942716331604,13.652589530579244,243.2980860882452,37.41166456765659
668,256.93060484617536,14.376959352171728,250.1752105605404,33.09406501944177
669,256.8717709970823,14.354738605561542,249.6133527282674,33.974034228880676
670,256.96007999079063,13.812474175591806,243.62465480063352,38.83077927818948
671,257.3887502187643,13.287077593012022,245.92105648174794,38.728050502657354
672,257.1747830361748,14.315790364925569,245.75347100003387,38.65317215267802
673,256.9911693143417,14.838406328035042,254.35054563584134,33.70686611620363
674,257.24375367980446,14.345864094083137,244.80794435471805,39.38356053249606
675,257.04905899328224,14.885796896823726,247.9815474505227,38.01256276246304
676,257.65273105181996,13.361277336598015,248.09899701591263,39.19629572871545
677,257.4437503561087,13.808468605004569,248.76154953721704,37.009635955657075
678,257.38665095066636,14.986738778499452,245.6520351939766,38.100541529658315
679,257.5765506736026,15.01567918766905,249.6127298848006,35.29594050245293
680,257.5985482175713,13.870388338761762,248.80814934511196,37.3557659367067
681,257.5585967045748,13.805643390081029,250.4485801914162,36.53429252519677
682,257.72097910899316,13.959782695139392,249.96657688227677,37.5323425606593
683,257.59082753074546,13.757848972085812,249.49263220902947,37.31865912039881
684,257.9443874153522,13.266292322358721,248.93985990874353,37.32008666110653
685,257.6908186922546,13.732791471196087,249.73158516039487,38.5149120731307
686,258.34168022207837,13.267350883205458,250.7548603822863,36.86649249601379
687,257.84691047539627,13.762491026319267,248.88422642718456,38.31832519014735
688,258.02933771466934,13.069784548264941,249.61450566026795,37.69154667198518
689,257.95683309779383,14.282555842321914,250.25589086746012,36.87862619192375
690,258.0512225116781,13.959465448303535,249.97799746196313,37.45562919020773
691,258.11552376185375,13.930589292284074,245.8237948944192,40.942988537248674
692,258.51646209466435,13.40416658241033,250.01201792594594,35.81120055528812
693,258.36958531345675,13.310113983028089,251.3627702985194,37.987984199220435
694,258.4190685724626,13.222411671483357,249.20903033601746,38.57611264198943
695,258.50413092706066,13.29518878274423,249.5364977638167,38.83563305874793
696,258.1730797068453,13.924829476542325,248.47189572666997,37.35831057378214
697,258.22953952982266,13.913544482840516,251.04087554007583,37.913404881424505
698,258.4396528703689,13.422414434409689,247.68488493216816,41.71800996900375
699,258.1701371261013,14.336328214085398,251.79005335633747,38.04590369423222
700,257.93954322547876,13.70056801076767,250.42131095378357,37.81152099302311
701,258.13842426205576,13.635500308679687,250.1600164954513,37.7599853280294
702,257.9076371355288,14.219536630456988,251.5456586157224,38.08056120873924
703,258.15723369784655,14.470772388531556,253.12234501745243,37.83037287516021
704,258.5614375147318,14.238925713060993,253.66442271076593,37.656912517063276
705,258.57872982989494,13.137002099443876,249.98724647793892,40.00310975825598
706,258.52539672719774,13.796226400931774,248.36983707768724,38.96486272445295
707,258.31555429311385,13.864937463978707,245.35293364819512,41.489498491097756
708,258.60623379511867,14.298025909707258,248.45260854974393,38.858454047556975
709,258.583376641426,13.782500407525408,251.6238506097736,34.279895386482885
710,258.82325505601005,13.863241247653896,244.8844242903273,41.43589934043026
711,258.51621005828207,13.86352684114373,247.25686873512123,41.15205068381883
712,259.0739678104866,13.306643864982316,248.39253855754458,40.61826852431709
713,258.4999168472574,15.01756953463093,246.2768678199925,40.038979346634264
714,258.98078444890956,13.325650093546992,244.12701255595994,40.425007201703714
715,258.795398063918,13.782891130989482,249.47149410308805,37.66078198297421
716,258.669879973578,14.288236469971869,248.06221927699391,38.531338101665966
717,258.9369239340351,13.687812204448205,240.94322508750275,41.76281403758683
718,258.87404162120026,13.178283677321872,245.01322809450286,41.11845776030695
719,258.8633684301373,13.27405476439107,245.16712420339172,40.83784367451839
720,259.12645225679375,13.051526494187351,243.15482224449474,41.49604868178898
721,259.3810435718027,13.222045768637162,245.67360619015773,39.98128678934165
722,258.6913423127745,14.773235697775831,248.02149305302268,38.58617781340544
723,259.2290039293522,13.281468428488491,243.56493991367984,41.63233052614561
724,258.5667245326416,13.93087631993602,245.34291164890328,41.27434342654697
725,258.86440190626604,14.316072167528038,244.43031103873057,40.590614625483184
726,259.4610735379245,12.889077174676576,244.21641036220615,40.23261786713482
727,259.1669666418152,13.243296411881982,249.61398061527083,37.70295358539473
728,258.88706581349845,13.820135904085014,243.43135959950476,40.17164179822987
729,258.7644688615409,13.697298948396643,249.36435366989446,37.43775544144648
730,259.03235761527077,13.262381055218572,241.3400421686374,41.84857078247122
731,259.1125310550407,13.307801869891902,243.35387661338464,41.307972314986664
732,258.6060271682737,13.881009731042186,240.3521663609516,41.11986753747013
733,258.97363733856855,13.295126914280445,244.37173406350823,40.588317510461636
734,259.28627604803575,13.692349165914461,242.3462577602795,40.92443973914591
735,258.93995155462886,13.915904959270089,241.32978109078198,41.984345070121066
736,258.96814948191087,13.874941563781702,250.07347821337416,35.697161841717175
737,258.5885610039843,13.827544982648982,240.5775605989913,39.408116355023914
738,258.2125963761671,14.25556807394518,245.03313834317345,41.04886504351321
739,259.1553030267456,12.821850242545352,247.51912392347668,38.20947887506829
740,259.268440665659,13.186330484384486,242.95558293823555,41.14370471371911
741,258.78117605350474,13.84832370569843,248.23536494850583,38.72236582192627
742,258.10863803281677,14.347897913990284,241.33591474601167,42.038317890252884
743,258.747911311874,13.210824231028363,246.1830599274352,40.156979671205356
744,258.6042809177743,13.266850815593896,245.86084813694708,40.357626505605865
745,258.68062931370497,13.954256330131024,242.78383120324884,41.155614236646215
746,258.51381594002225,13.564671326856377,247.98168643038085,36.888727547122855
747,258.97334090948107,13.333494750055829,246.48193495182954,39.73119632902711
748,258.52681445274845,13.715029158958881,240.97169937787353,40.84731275718248
749,258.449639978291,13.836483428946588,248.56921901372442,38.86142484338033
750,258.8466404060936,13.399935520683698,248.6229253752269,37.22009513888647
751,258.97761059232414,13.3064185893622,245.92097919251432,40.12082577008025
752,258.56903457706454,13.271916782780487,242.75340466302382,41.14330177854167
753,258.99922550141775,13.304655654675578,242.70978044150107,40.92599795652895
754,258.9637940670005,13.362897200166064,247.35651552823913,41.10113426099324
755,258.3107514016512,13.76179685784866,245.01693359375784,41.320689607641455
756,257.95437481436664,14.325403982761276,246.47675126308187,40.563761332616195
757,258.7431238604178,12.962305005764275,247.27749766091458,41.33713489193784
758,258.4246653697662,13.92870203182237,246.65977884705464,40.67791048497972
759,258.28988758989436,13.857270859299943,242.79548242580603,41.70238718632468
760,258.35825621541215,13.80783772535045,242.47989926239705,43.09970798084282
761,258.1757927107572,13.873184311605833,245.03228737163045,41.32750394752685
762,258.0171609206643,13.753643945457656,245.359732645331,41.70871866735794
763,258.487310655589,13.56308351249388,245.25837588148693,40.17205224480169
764,258.2661551098234,13.824010634359826,245.3010450633709,42.13711946903457
765,258.52510553859327,13.977607994978738,248.6378550509337,40.63961761645512
766,258.5765259089592,13.11273397152303,248.10501291451928,40.74641777514502
767,258.3269699833315,13.278347517090872,247.4891292021255,41.27537481521275
768,258.4756390504738,13.18275563999223,247.71785362662126,41.61131676130884
769,258.6315328760682,13.42957031533568,245.29778780778847,43.22307583767629
770,258.53409777613166,13.229779447478352,246.56415783327157,42.41067428928247
771,258.3858923261103,13.137257060147709,251.88818516623547,38.15516348750586
772,258.36646737215824,13.324566185448198,243.76924304963626,42.113449252785955
773,258.20861811460577,13.868243340228943,247.3770328152551,40.2734608005738
774,258.16907486992426,13.512236691110552,246.3242030955953,42.15287425515114
775,258.19940472120913,13.911759876444036,248.47502636084707,37.908241832821595
776,258.15583053203994,13.428969762626762,243.70055797883967,41.95718385359279
777,258.6383762237569,13.22188219419293,247.79219447692847,41.59931082398983
778,258.51808336772194,13.453063084573497,246.48224292721227,41.183364203824794
779,258.15786372489026,13.94539751432941,251.76842155359603,37.33338543921216
780,258.0627503112671,13.930181039081747,247.62255211110255,40.56122542429841
781,257.8851934743114,14.160827585932234,253.73239568296268,36.421262370906476
782,257.87925138329047,13.953778318707704,251.55426876490796,38.13685417764316
783,257.4155961820589,13.982424433876714,244.5743292106057,41.60686848475113
784,256.966772596013,13.953069756136818,245.75094888743396,37.60607335767116
785,256.0317281735455,13.733665195954618,248.4077309907855,37.39638525967372
786,255.21621173958064,14.414798066641046,252.11194581536589,32.593876938082374
787,254.330043146694,13.867585712935933,250.1848464460783,34.998669224273186
788,253.5008320075605,14.276375715071605,255.52635891828044,31.35094625501669
789,252.89933842839324,14.460587115871324,260.9210548682758,24.728923577964594
790,252.0092422064512,14.35253813026948,261.45928237471514,25.512149033819853
791,251.3476330805933,14.093320061966137,258.650643403344,27.912649157240267
792,251.43748270420858,14.472590202093494,258.4624881151807,25.74452437448265
793,250.75649759397808,14.582484666927163,259.69822338052893,25.184609034929604
794,250.16434682450446,14.677502336311848,261.9253546538317,23.48076219201657
795,249.8389076927389,14.473340859828486,259.24264063967127,28.25176351018608
796,249.99322597537324,14.82274598942674,261.2595813331976,23.508563730941933
797,250.3688282468515,15.096306796384553,262.04290002507076,23.417633176127556
798,250.14982007664295,15.01472434987362,262.85671969899687,23.55491979740922
799,249.96725246056357,15.524912797402454,263.36864200256673,23.40978499475559
800,249.76732820922211,15.36053379328141,260.1862522312595,28.344487312419616
801,249.6492668773331,15.642480272429868,263.27793849672514,23.576730274781006
802,250.38043905601697,15.559617628244226,264.50326606014585,23.396962671817473
803,250.08478189344672,15.415694588868092,264.81826551124345,23.534591802305755
804,250.06300803714421,15.681512475604956,260.6161742634948,28.866178033719468
805,249.54650839453106,15.395151947182063,264.77600313061436,23.590956263120496
806,249.84977210857224,15.48988235506691,265.6364631443017,23.447464176320178
807,249.46020418372055,15.635786883686357,265.45180963273936,23.58801976286732
808,249.78425784867926,15.462894874478877,266.4582770729379,23.776687080207086
809,249.62551894613622,15.4581929680475,268.4543992886925,21.2131187365747
810,249.373519755588,15.605249737168371,266.2204001671707,23.568208556096256
811,249.51082208249233,15.398832791229626,268.95418659094344,21.544628751095964
812,249.45625451687863,15.48859503391083,263.6166030463087,28.333809617998185
813,248.90711235189647,15.44339877906926,265.39487294050787,26.634961943025637
814,248.95555903153132,15.72721239181885,266.30231506951236,23.450210961134527
815,248.68674697480577,15.792836515897674,265.6884348703571,28.08743892276397
816,248.5605311337961,15.803816582171132,271.21775829212953,19.909753495457306
817,248.86596189264182,15.622579040459373,269.8202168669334,21.51833300987544
818,248.77399200845346,15.74342617414235,267.88242164696885,26.112027871017595
819,247.97000339485876,16.606706601137173,270.89192961805344,20.16376429665673
820,248.193564862423,15.687872487069564,271.89395586299133,19.93218718284793
821,248.39025025038595,15.62972757783566,272.14452832690495,19.95465396223987
822,248.0699487505951,15.910570936854599,272.7205252516412,17.829935071864252
823,247.9240381434753,14.699111691937691,271.8975725884178,19.724162127809837
824,247.3980203064321,15.501579735695211,271.13414593439865,19.8092725038453
825,247.21981485687857,15.514062084080273,270.5847612667466,19.96040741377673
826,246.99951395120289,15.60391047341356,270.46751932922956,19.998841690112403
827,246.5727629629118,15.211284480168285,272.4854180674869,17.701547841940826
828,247.5974309430238,15.96322330044895,271.0038569963566,19.419421608876227
829,247.008269433672,15.759761168056087,270.1937084603626,19.652814283684886
830,247.21625308971198,15.834283070233557,272.2084681748339,17.37546660132813
831,246.1421581221387,16.164793531570474,272.0912366657231,17.119943330690287
832,247.00719751147867,14.542326244432935,271.8130492206552,17.76719214194297
833,246.4561473989045,15.444050044708208,269.7681712265208,19.971776664702148
834,246.61263461332922,15.36977916768257,271.34162703696256,17.749195593864886
835,246.24481283788003,15.459752734509445,274.47379822592603,15.487493585608782
836,246.68058629917357,14.758316542963405,273.17282855114433,17.36796256482547
837,245.81288192926536,15.417311491298403,273.6390254945033,16.81940823788857
838,246.11823349915997,14.772006287420373,273.3640287598684,17.021185801190537
839,246.03631271885428,14.358780480210239,274.66575039818827,15.110977763192837
840,246.127493671122,14.718768581579074,272.86631742162456,17.41742037189639
841,245.87046584802522,14.637026339056957,274.67673925875044,15.186148507169154
842,246.14162103000183,14.894296735042374,273.14185031433317,17.145824508602836
843,245.9767501412927,14.673772988413967,274.35690172071975,16.92959771421068
844,245.54368696434514,14.455424859614777,273.65752300108915,17.05839924985423
845,245.02265182117597,15.572357978913583,272.97586008653195,17.197753737848675
846,245.77534352620464,14.524870869554013,273.10939463283916,16.94886369748006
847,245.77743482502584,14.652402484655147,273.02584548193516,17.698508897100513
848,245.4576402593347,14.853188296036441,274.6422137105961,15.308863380874316
849,245.11283797197262,15.748769904117358,273.6337146827655,16.91726480861888
850,245.13905225573177,15.720938073108796,274.6259010273537,14.961923838871039
851,245.48835786416757,14.596164263121539,273.33649397332266,16.741116041160193
852,245.22870926859486,15.964221743089894,273.39995445664294,17.069569132831216
853,245.41883185713385,14.67102807024856,274.94135265004604,14.501192162654212
854,245.26619732062872,15.275244470659764,274.79690312846736,15.096803067070962
855,245.14312341410508,15.263874048589884,273.58716479582915,17.09997296077877
856,245.84930914863838,15.147327472153094,271.4827037470978,19.03726413184245
857,245.72783307823948,15.605648388383115,273.54177559918526,17.200122176829844
858,246.20954961236788,14.981924195317623,272.85885441065403,17.20269726015098
859,245.78869038722803,15.193469928815343,273.2108747717739,17.291768510590266
860,246.13955121943152,15.331893490472504,272.4141861987442,17.620079449381414
861,246.60731276345786,15.82665880204432,273.30330311338963,17.149345128683553
862,246.93535921807486,15.522297634417585,271.6774269171552,17.55777889712328
863,246.91247716151784,16.291800681286762,268.07437402188947,20.79456153699633
864,247.37067202878802,15.57107573157932,270.62925819346145,18.635727725572174
865,247.3546999037598,15.710216552439407,271.50466248489874,19.82914613848162
866,247.87836854621364,15.559447337785382,270.8123497632946,19.933503819285505
867,247.8886580413689,15.333072356946573,269.11451257916514,21.023170407523338
868,248.76348653297782,15.428142225017073,262.7276789743156,28.344503383620868
869,248.665631705302,15.6123424504968,266.35223385070367,23.5131490985766
870,249.08395106598573,15.198002582511485,265.93314391151614,23.55442993289308
871,249.6190155079767,15.555773238222612,264.41731182187715,23.428169940699014
872,250.0000662556518,15.47118128389858,263.0807039451691,23.506777238231933
873,249.63012773152445,15.580445991470611,262.9988881314906,23.365041770658273
874,250.4839831623728,15.247559180733136,257.3474710735684,24.452376192611013
875,250.20742451786705,14.66578539242139,258.7824478315555,24.58315285944662
876,250.32013643554606,14.889773477986036,261.47722096479504,23.737253371942575
877,250.406382329461,15.055496159110472,259.4753857836041,29.10496904907084
878,251.17728311407723,14.527878386950649,264.2333342309546,23.805796768094293
879,251.3049538894323,14.753736569240841,259.13666463408543,25.035978818983903
880,251.44920754643022,14.588616535110509,258.93974678948376,24.65431381788062
881,251.17685822571357,14.067916031095672,260.9720442167573,24.444471247621394
882,251.32234951787066,14.66244842103785,258.6739138931794,24.85361020949534
883,251.87608108358586,14.257216943115944,259.7141374900137,24.475517456151767
884,252.22060551142476,14.371858986583991,264.1979258031453,24.27147235584623
885,252.6009802104097,13.460659633653279,257.3837540821216,30.53319989432303
886,252.93128953504393,14.556510078345452,260.98688271391455,24.540364679761254
887,253.0324901014124,13.548121783564447,256.5407641752244,30.975737667606595
888,252.88640536748366,14.195450134728832,256.40594929044056,30.826011321873064
889,253.1513674004439,14.311749941411906,256.6997423769221,30.70510255913594
890,253.03471825190954,14.664305331368416,256.2936717192334,31.59345331515627
891,253.0631884182028,14.551451835571589,257.5569782454309,30.81898063246627
892,253.78247837297218,13.25586868166947,257.8943825883834,31.57805872714431
893,254.18383655336058,13.32140747499392,253.83326527458138,32.07729314841323
894,254.0481449589863,13.282924441233687,256.4021902703606,32.58116076576973
895,254.238837737405,13.297687955899743,251.58904870492537,30.689058461920713
896,254.44455627696428,13.319856763611865,253.55523904974982,32.26088228722607
897,254.29154682128714,13.86755121063742,249.38812812210446,31.50771827548668
898,254.39915486050884,13.765705837345102,253.91780595897407,31.79549314305093
899,254.96952570384718,13.451884694739162,250.94276153161496,31.44951255714425
900,255.09310490400813,14.518966020535805,250.91661041529733,31.3241133764175
901,254.9168923221317,13.760662970145196,250.9452405555206,32.373187899642716
902,255.6573392363109,13.447847331724617,252.2720665103041,31.33030035839365
903,254.8425154475367,14.248736614943844,252.81078653632642,32.34759474030816
904,255.9026276187634,13.531410734566125,244.7385007508643,36.47453091819379
905,256.1844637999534,13.595738258930469,256.0333379277307,32.552062428736704
906,255.73738054045464,14.082445220908951,243.94333120783716,37.85891014289394
907,255.3144854603921,13.65957644829353,248.03494251896086,36.19468750256043
908,255.9809381721691,13.335569276116802,245.66807574421316,37.1775517297709
909,255.88492695050584,13.923856028358484,245.4188939518508,39.26557710039749
910,256.12628177470174,13.969446053267971,247.80849875919102,36.868315204570465
911,256.2386289835711,13.394213444933989,246.27824568396196,37.315361014995474
912,256.1845694326753,13.25682081531719,249.0790836327044,36.60000932284573
913,256.2612114302835,14.024082309181182,248.97887218051358,38.07709840857914
914,256.6255522650682,13.550382769975595,247.08822002891353,36.28366591345857
915,256.4796223040378,13.911899646948799,246.27434842289017,38.574324656055765
916,256.5078148382506,14.05162210393291,248.32213770920472,37.978589525288776
917,257.2026426119661,13.500800139857287,246.4033302908188,38.62418593377569
918,256.90283302063716,13.454258691579776,246.9488618718767,37.402194462811956
919,256.8594545055878,14.076386797166984,246.56869527460464,38.46864692920802
920,256.87309001538597,14.105304244212249,249.49330174118606,37.33865109107259
921,257.2666895020081,13.505945073896001,239.9252036130719,40.6837284616636
922,257.40108313461667,13.62632642220593,243.70217171926123,42.4059907490319
923,257.39032342523205,13.436723832545784,248.3940792790154,39.50579897081352
924,257.4096544653193,13.68075565302872,245.3517383006398,41.78181930403311
925,257.0138212071833,13.871840734347856,248.0065177516264,38.25013862305923
926,257.5394045260267,13.536738586731841,244.9102667326912,41.46500005726162
927,257.2514702113414,13.908297403009838,251.3678421692211,37.681716458916654
928,257.57961903475376,13.280908379944561,247.05501444358111,41.215842510834584
929,257.2391721604949,13.88648792491319,251.19356392912533,36.56933908228516
930,257.77831859405643,13.075103738356937,251.36395756437008,36.69654202240474
931,257.5050602547437,13.954639887179496,247.13414785136712,41.09985158190394
932,257.8852345213045,13.482661929841084,246.5035369524088,41.091137095780006
933,258.0912347265061,13.41202883541772,247.31521947068717,41.15854806152481
934,257.37496771072296,14.490397731178852,247.37478297611125,40.017808764765896
935,257.92488447274576,13.348537873914514,245.2115310336433,43.057983873013114
936,257.1616972286864,15.088502208899854,252.65736251019698,37.03571004185934
937,257.8903819359828,13.994133492290395,252.0522934574607,38.04189303318432
938,257.67145981436636,13.817292028395299,247.5047413320438,41.46763461654836
939,257.4021210133965,14.356045783110199,247.80417406078496,41.3043463562065
940,258.1230651549044,13.204308704751476,249.86956467007363,37.670895844702635
941,258.13341996278444,13.217983744984242,247.71301635449822,41.37190747610651
942,257.32232378380246,14.984972149613965,252.18389687985695,38.108531052483926
943,257.5634517557863,14.085585281733822,244.52408076975178,41.0493739648196
944,257.7525188978295,13.994006606912905,248.83310530119758,40.62597805388446
945,257.86723719404887,13.808022161208628,246.57920238146932,40.44787339361283
946,257.16832769419926,15.554294303512314,242.91823049104673,41.20983477571189
947,258.24462067733856,14.554452878479958,242.07616322390768,40.86359223051722
948,258.029183052776,13.742728523778569,245.94262279838514,40.414341182240186
949,257.3211700209876,15.481148606118825,243.09728225079792,40.928413699680696
950,258.21675999375265,14.642247633919768,242.81241988641176,40.886045054056254
951,257.71321885331696,14.922608768424599,244.28010835788942,40.403412970630754
952,257.75637261659534,14.960203584163384,244.40572092575894,40.30313645116022
953,257.9765569705169,15.107445084786697,243.31849298673455,41.09306353090312
954,258.2530585746516,14.590735712852917,244.4915374856842,40.07442865314942
955,258.1800935449674,15.084132680463922,242.52632870848635,39.28781148408703
956,258.80437457865975,13.399494206309702,240.6357130519413,40.552853805785944
957,258.21196362906613,15.006900337321897,242.05736280255064,39.8334411394399
958,258.2920666902448,15.011635980132088,239.3698986902756,39.670956407918744
959,258.375349981866,14.932406836350832,240.13572462564014,40.41490663064134
960,258.7639970550441,14.56015740580633,234.98830255004847,36.99864956748007
961,258.9454649188087,13.853290959147014,236.00527872822877,36.996939274059805
962,258.24467418860064,15.174222801895645,233.43456224228638,38.721642646170125
963,258.3850376447218,14.9267778813969,238.99357571489617,39.110436662029294
964,258.73457652786396,14.555952300208507,235.55205737007145,38.223755791179485
965,259.0500736480814,13.90939297288707,234.92190427132562,37.13535912891752
966,258.45952869686494,15.31084800065489,238.11166942893192,38.11580848646477
967,258.8671600244488,14.72527996518082,233.18789167709363,38.335046650473764
968,258.5481772442153,15.132913198749092,239.27131581964977,39.286436945660846
969,258.7331625819631,15.130453608938979,236.7775862443179,39.00737907509981
970,258.52715724382585,15.116609332617697,232.79258063348462,37.446761072368396
971,259.322407642938,13.844282975671288,232.7458453724856,37.49480571521911
972,259.07335668909786,14.575032707423167,239.1738324699084,39.35471436863133
973,258.5645422490301,15.168048048730517,235.89567026390492,38.30863237621004
974,258.47289498613736,15.066034888271238,237.02653026502392,35.76665431489162
975,258.79758042002777,15.180199389905788,235.47754251847527,36.065735741025264
976,258.8253250182896,15.324645014717687,235.90780080642878,38.29566465306134
977,259.1055916415229,15.22799992884598,235.29776678400881,36.085618674495564
978,259.2040200612507,14.246856039054002,235.02469465083993,37.15697409535591
979,258.7547339684789,15.351053398896262,234.8510154325971,37.148856081210226
980,258.95722192624595,15.198480666610834,232.82738262036008,37.62237754710246
981,258.6400689529194,14.576289022119362,237.0440084172435,37.242630162596626
982,258.96764605543916,14.50223039646058,234.09689535299438,37.45666630417709
983,259.1821997628176,15.141763928398595,237.78884153063254,35.45518260865488
984,258.44255575574806,15.240041320980673,237.4623183676045,35.73351898261907
985,259.08169503818846,15.21361158495217,235.35552686239475,37.70509995077995
986,258.69475645557014,15.266720545103757,237.62846848218467,36.42279711376933
987,258.34234099658545,15.34692731093192,237.35605188767693,36.09103002011985
988,258.4209633982629,15.165394983314462,237.38987135186534,39.854307821658836
989,258.38863552190406,15.136179185874756,237.4388690241913,39.69011487965807
990,258.58963470422,15.107606117680273,234.81201777874946,37.253408814984404
991,258.50370244324176,15.361806964030212,234.8263937502742,40.206494280336585
992,258.5128098894481,14.684313344015337,239.27101422986016,39.411806855528816
993,258.3454544765972,14.872870592352232,239.33411742410922,37.60212444118921
994,258.2138383092042,15.198813284094912,238.07924427535738,38.39346314842945
995,258.6996864450553,14.468798090896199,237.44954583224845,39.941701175799814
996,258.8694966998304,14.622065916722306,238.12571984440865,38.38659667316041
997,258.135050983786,15.183863811218231,239.14099685875163,39.15532315245949
998,258.6463099225454,14.643135613832596,238.83781703322038,39.3522159574861
999,258.12418523440687,14.919846543749511,239.66478259160925,38.65931086808493
1000,258.22179269755725,14.940060963883363,241.74719422159907,38.179702294097716
1001,258.97815819020633,14.52826448323391,240.78043500530654,39.77019623287611
1002,258.93792874166536,13.28195080046605,240.38988901829782,40.48898394551404
1003,258.2112346393702,14.967009482485272,240.3850724661365,40.54449082189004
1004,258.17897442421867,14.615983969830967,240.20913201577477,40.71517036996644
1005,258.2943945746847,14.621013156804873,238.7025669777435,41.47534198360283
1006,258.50210020301654,15.058141126782392,243.4237981307581,41.10510128374285
1007,258.0497767433673,14.899521501656997,240.4629283108801,39.58531243818465
1008,258.3091062358546,14.654237444011963,240.62208745098778,39.44378779195033
1009,258.2787714947382,14.984559004552148,243.52137400050105,41.239886667823654
1010,257.5775429269321,15.573099819718864,240.392626644785,40.744547830293364
1011,257.5755254516588,15.38333886902728,243.163237233915,39.6615132622222
1012,258.23061334344146,14.650677182662218,244.62274560140426,40.34446909320063
1013,258.08381317983475,14.507665135999568,239.03888959439112,41.42812971426111
1014,257.9900773788737,14.633296534035422,243.2696372935054,41.07494481491214
1015,258.12563330202846,14.564380221132684,243.2361373289068,41.13766624791776
1016,257.82368701509444,15.115853530270428,242.96298105890625,40.970844156047924
1017,258.0453129892556,14.971167884892456,244.57963020015845,40.4120821666293
1018,257.9773173431117,14.682114906830353,243.04358792553182,40.673138774935715
1019,257.69485227513326,14.827972269199378,244.61565359725623,40.26313299350092
1020,258.62658615760427,14.553752126372945,244.31755849091522,40.15420067011843
1021,257.74104629245113,15.199120979420993,243.24004571909552,40.03450078210421
1022,257.7365364067872,14.771756406528098,244.43280653537047,40.195115425415274
1023,257.80168637369525,15.015296847202006,241.05123534507422,41.06335115034962
1024,257.83208789574263,15.097013398478026,248.08771876967225,38.07808039493578
1025,257.86749351262176,14.352306838376501,243.15158037036193,40.96238980242206
1026,257.71701760951936,14.780778058108922,242.01438003994002,40.578449646795626
1027,257.9814693808881,13.672720619855815,244.27900709916992,40.150407781063215
1028,257.42701714877313,15.056269789873996,244.0619604350108,40.07649011814072
1029,257.8578189720935,13.811943405710837,244.61882441269998,41.03388305230099
1030,257.3377921359343,14.496106043942886,247.70666521310417,40.35851055285423
1031,257.10829658905675,14.560390099982506,247.3230627387323,40.014072189188205
1032,256.840440086199,13.553530786367913,242.10979404877938,41.90184877785973
1033,255.95886164551277,13.249834046746809,248.66097931722325,36.133698184545345
1034,255.54325651315943,13.763274632895975,251.85319741046294,32.463540144784446
1035,253.6937313774132,13.890146101918218,254.2760305802434,31.058218325449126
1036,252.11098154942906,14.673391085541079,256.5583551751851,31.113450172422446
1037,252.2669923808943,13.461080349842868,263.0598277269907,24.381156995179353
1038,251.32164263597448,14.306371385715575,262.80713579978004,23.900957056516116
1039,251.15332679203203,14.527480221152187,263.3944622508451,24.03517035775408
1040,251.18261971831632,14.798468933450156,263.2537700076867,23.909549126456103
1041,250.15178801591065,14.64605501181507,262.98730727676997,24.009123676019346
1042,250.05259700537263,14.458759538961942,262.7295761450001,23.329854057871994
1043,249.7473230942655,14.805431958490214,260.7996329023417,23.084974372505883
1044,249.28421478904755,15.004695885960256,262.1964989303652,22.887011181498632
1045,250.2067531161017,15.083699643250043,263.00127977989223,23.368673956172884
1046,249.43334439451698,15.075514025041866,264.21919748327315,21.682764734541323
1047,250.02383040565397,15.698312103092954,259.2181354723019,28.820463189416902
1048,249.59070053031644,15.546329937120007,266.7561916768723,21.21694738479634
1049,249.64619620886458,15.3666509387475,263.8713888842887,27.407539716367253
1050,249.3555201915472,15.768512742637919,264.1449949611189,23.78281722232677
1051,249.49689968701088,16.02493200291367,265.0712289962268,22.07787582639765
1052,249.4297553363493,15.837609144900785,266.99859621670663,21.760050148105694
1053,248.92213865565884,14.860605416303038,266.4129013474933,21.62811237657148
1054,249.1552081674603,15.292450926962625,267.47092460689254,21.529505916676978
1055,249.43277551798073,15.743149855268161,264.0417365126654,22.812619513490368
1056,249.72670774003566,15.463788163052426,261.20042228771905,28.642079403352284
1057,249.02034693301323,15.602192039736089,267.41042194350354,21.044801248112492
1058,249.5488630473862,14.420311981147208,262.6012035229573,23.149525400081366
1059,249.54286707789765,15.450559399937614,268.23689473787516,21.541510078502935
1060,248.94851705487963,15.21314150373062,267.76398265737026,21.31924851199764
1061,249.39175942014126,15.685482208740337,262.4767642440277,28.443037078980474
1062,249.1571714801387,15.233964555462592,267.889545163952,21.429910944614058
1063,249.12825488412645,15.55514646142188,268.5804150616304,21.304878816957572
1064,249.23530060584022,15.79123066463402,266.4175568433252,22.93006908967429
1065,249.0489404670499,15.489987815171938,267.5882905251612,22.121556156619448
1066,248.60998801001335,15.349010650283844,267.75416645872554,22.69147119020081
1067,248.2423695288541,15.603143156455419,270.2170858278482,20.65283246777013
1068,248.4631236351958,15.332879976279878,270.34450897034037,20.837806085249575
1069,248.29094672389502,15.762898188446451,270.44776291523243,20.97480122489894
1070,247.98197270411617,15.39907735142727,269.3103383916427,20.84569729699732
1071,247.85077741139338,14.967919679523021,271.35126055228574,20.374511472517703
1072,247.68201261551567,15.527981890292711,268.35442750165305,22.518672339331587
1073,247.927343285267,15.139876911997929,269.43627263444796,22.440745015983634
1074,247.4984252477069,15.157321255164009,268.89835466700305,26.187206833278026
1075,247.18592903633692,15.638340266974977,269.3002970882932,22.13714926109588
1076,247.4648533589489,15.601369644033056,271.832619257953,20.432376184086024
1077,247.4189091009725,15.796068767658554,269.27333404392493,22.321066416132812
1078,247.0852691316055,15.563777826170185,271.71395094415357,19.964918159211738
1079,246.98995324074684,15.326741345716602,271.98032148707586,20.348542123538845
1080,246.51243724271205,16.303542838373527,270.99492873674063,20.588995424788052
1081,246.39637650442472,15.580366605594612,271.0226474034772,20.54312136742984
1082,246.24048114518868,15.352885029633306,268.2314243120048,22.533870143566045
1083,246.6343962891292,15.214862841266962,270.46943198385054,20.545600378630017
1084,246.650570447739,15.931116274496228,270.38199038509276,20.413789622400223
1085,246.50023491179573,15.656363108803,271.25059633070293,20.176044107849624
1086,245.9797364205506,15.949766703360922,270.7465654159351,20.000783785997402
1087,246.06239874442838,15.491316552616505,270.1366089771925,19.76131353117497
1088,245.78054969341053,15.5493937891467,269.7053196144941,20.51968472975152
1089,246.10427094368947,15.607844666320693,270.78121662385365,20.137920649857126
1090,245.70327482147172,15.745785995078936,271.89679081131914,17.767164643136454
1091,246.1500634540649,15.40986700904357,270.5545818248767,20.055626106768035
1092,246.10832320151005,15.407549465097805,270.02679051891096,19.533512662834827
1093,245.80743167415005,15.563993364248683,271.79086707654295,17.6732136836722
1094,245.9481923209344,15.581861096989467,271.0122969511352,17.860477708112533
1095,245.6706407271973,15.677196733668982,270.46044779833386,19.81895631474781
1096,246.14088807735902,15.871078699277959,272.0054068709495,17.703199736386367
1097,246.2538801566249,14.981086644242694,271.3721746575058,17.599929727320003
1098,246.7636560410636,14.85982499780444,271.14799025871463,17.70124612684898
1099,245.91623755216173,15.573152250513555,272.3660394253907,17.17674900480023
1100,245.60637011088687,15.792000152536561,270.8632963433662,17.699992944601714
1101,245.76547955775607,15.46297270573615,270.4191880315114,19.99995298953031
1102,245.82833788662245,16.469519754834696,272.1760630266291,17.505850191410627
1103,246.29687501543495,15.809431758671067,269.92896346662224,20.23936196377116
1104,246.05258097732923,15.623782992538377,271.5967295167422,17.853017215638047
1105,246.1737191334014,15.967969993149753,269.7886065866337,20.359748122594688
1106,245.93588399373525,16.40255392513857,270.51116182702265,20.240334833488657
1107,246.22353809943783,15.571022477222941,270.43065100105025,20.220112308533107
1108,246.24832686512462,15.58566603514234,271.6596525008235,18.049916298808427
1109,246.43576153038907,15.473711412363498,268.86035636518045,22.424079252672968
1110,246.3332792115291,15.69547232355927,269.3556708764552,22.463591625659408
1111,246.7108641474728,15.343109429918801,271.5145725587203,20.163203797055957
1112,247.19904164786234,15.631304395514794,271.1103810170706,20.346054282506447
1113,247.5746072758924,15.531625002169973,270.848045178629,20.394226058276363
1114,248.02973771014186,15.1512350812585,270.281556295481,20.61751514449273
1115,248.40845845789408,15.722313559516367,268.94232628231737,20.896066616342928
1116,248.68118411068,15.932782964768927,269.2063814574398,20.926308218277114
1117,248.9194914534554,15.178028873555613,261.5390882156441,28.200631775010827
1118,249.69980229507442,15.486816776918687,260.988634102244,27.3867177823418
1119,249.03242633176933,14.752121954131777,264.48120454001497,21.969528837366518
1120,249.45074408129253,15.524522518208112,262.9821121163379,23.430569272054896
1121,249.94347138764164,14.802603354908982,258.8115776861367,23.658280313947586
1122,249.92361275305993,14.537974864955073,263.6203003652238,23.862000944651772
1123,250.00729918438952,14.554369037320113,263.58634145949003,23.51970464265031
1124,250.52496281313103,14.800857272217678,263.08860558826296,24.07699987336607
1125,250.49008100581074,14.617220928803796,260.98094104140966,25.681776988900452
1126,250.8764137176027,14.557738242686705,262.04251542923805,24.00835947006725
1127,250.9582801447844,14.600253463784169,263.2268249371063,24.30643127606442
1128,250.9088326450416,14.44292163994778,260.03090110602426,25.0538187406366
1129,251.54822467397125,14.411251488240927,257.6692191418854,30.966494599781758
1130,251.26436781863495,14.08977953161795,256.27783350310744,31.015802627828045
1131,251.57853156426873,14.023812405699159,259.15472291444667,30.79903894533715
1132,252.44798844946928,13.442193056439354,257.6164656383554,30.777697308667793
1133,252.39868371132255,14.335871619786253,256.46379194838653,30.980705479235212
1134,252.42963698962285,14.944576997097158,256.56177958555116,30.851847841559838
1135,252.85486714736902,13.503331613664447,257.74842705994047,30.89459185044879
1136,253.02333916995562,13.358487523429975,255.40581693724857,31.227510721822316
1137,253.10517121354556,14.533300763959375,254.5105166665515,31.127132297360564
1138,252.76155183455197,14.836965097898709,257.4039789836811,31.54284947123088
1139,253.47700285950322,13.474687115618194,254.52414207663006,31.589305172598625
1140,253.5729823331547,13.42331185179751,256.0653247890037,30.879342107104463
1141,253.8364509941096,14.054852510719101,252.9739907015819,30.73297425125137
1142,253.61052835210143,13.953855884182396,251.34233254257848,31.6543570182404
1143,254.29094627958298,13.591804789534544,251.83539532925408,30.629541180906795
1144,253.85830753788923,13.830858802892452,253.1844393407162,31.200045760427738
1145,253.85690231440643,13.79874747477109,252.6982843679141,31.767398234422156
1146,253.95900907825182,14.93512918474287,254.57849526822739,31.82235294980294
1147,254.0500052464405,13.741401354689035,252.6445593366335,32.48311187766533
1148,254.8038848510525,13.533844849528094,253.16409359020025,31.174367623017684
1149,254.52366605052254,14.04644012600046,246.4986096097141,34.55702563878756
1150,254.7029492083847,13.956920455271836,256.41444952916567,31.924836838008996
1151,254.58563357673518,14.413321870903406,254.6855348862079,32.16397963811352
1152,255.60627108495225,13.630128959594886,252.94571904580437,32.18301484640097
1153,255.25340054118985,13.439122416758206,247.40589104197286,36.761283827841886
1154,255.36542843073775,13.450108524161525,251.3552364763452,35.106596218135685
1155,255.36601567941992,14.0965257998618,247.229625283552,35.528752818103115
1156,255.41485841029854,14.438615281855782,249.24949432362016,32.399454969518544
1157,255.2225940656897,13.73882702968726,256.08017335632655,33.5355180809719
1158,255.65267484838222,14.055532645747794,245.93479989761988,37.0977669678719
1159,255.59829494304142,13.9625486181435,246.37120868538335,36.128305665868744
1160,255.473238624681,13.83695526016502,249.06890717615886,37.14250993721111
1161,255.9875269045946,13.544099316439905,243.89932824077425,39.98178579189762
1162,256.09168776133373,13.507124464064066,241.78896305005873,41.340456304226116
1163,256.0371158938947,14.244757006241514,244.26375689424523,37.5614762316234
1164,256.35585817937977,13.524946136777656,244.09316609791804,40.19112253677814
1165,255.81080900046268,14.552926511575691,244.0792940028571,41.22648120782209
1166,255.5856876810456,15.120367849732764,244.28897841817331,41.19536692222648
1167,256.65846517193006,13.525254520489014,244.41075377745128,40.159901770553
1168,256.2385949291327,14.776252285225468,244.0030885431867,41.09111338536633
1169,256.29653300404846,14.124444187290555,242.32047721999297,41.72037730573147
1170,256.6628841955837,14.180442951580709,244.49971953161628,41.4098620546392
1171,256.5846028664929,14.152192377380453,242.71764683631494,41.86307814247021
1172,256.25837990730633,15.13328526778501,244.2018196824982,41.36227896910136
1173,256.3425297770635,14.65736394946351,244.8047374470902,41.273602685066116
1174,256.6578431222298,14.823750861620267,245.38866173015882,41.51021183308705
1175,256.45325869763076,15.02900491206201,244.28045742599625,42.61155138302195
1176,256.3905615771158,15.178166515113517,243.85042522260332,42.407912902060716
1177,256.0908348957298,15.46850605007931,248.63463989106987,40.46668413453667
1178,256.4503053571831,14.981972870779542,246.104168438438,42.032892583356656
1179,256.4350819774131,15.098306226093026,247.6013058575608,39.893213873515506
1180,256.54768165024973,15.060088637021652,247.57926143102455,39.92924065371
1181,256.9442849395213,14.559042840782944,245.43965302046712,40.14004488159694
1182,256.79483949889607,14.967715460588476,247.4607549758019,40.080192003703914
1183,257.18996250512083,14.662393903763597,247.59213690415191,39.95361509460251
1184,256.21411077510425,15.397619882999177,248.51215997705162,40.33832933785162
1185,256.97403584266266,14.823487655489089,246.45749791513603,39.4354191551343
1186,256.8183697687699,14.985245396525332,247.80003289435024,41.283842129166224
1187,257.0100256563825,14.742003469304823,246.88298149586268,42.05353954476628
1188,257.0869939262324,14.84381004712597,247.95365382270546,41.39360766117605
1189,257.06316465747204,14.84643935066449,248.0439788095966,41.25948907427693
1190,257.52072240663375,14.682264805240548,246.67168108690197,40.168433381677204
1191,257.2307495752433,14.86341279322643,245.6616880040007,41.05564559015498
1192,257.2532958758012,14.877728618243749,242.8640321248912,42.6399095435653
1193,257.2057257388705,15.031700215928817,245.7381110958345,39.90984763508726
1194,257.31546768449005,15.054509081106232,243.15609691108105,40.89298229176012
1195,257.24399870943364,14.985765141514065,244.63714768363855,40.065376625585955
1196,258.0058054475781,14.353209899939877,244.535072812309,40.028626786479464
1197,257.26856065948436,15.41297665096508,243.41011859000145,39.31235303139118
1198,257.542056738909,14.766075045491368,242.34441392247103,38.84218595183009
1199,258.04611660589427,14.438470542977102,243.28558981033342,40.847234596077115
1200,257.7181569497146,14.967580108288933,243.4311336036558,41.08332208912103
1201,257.9415001726119,14.999876294818486,242.38247845757633,40.025191238450475
1202,257.49867622230084,15.510368541827367,239.425621481829,39.423237747706224
1203,257.72833702589753,15.179852272750868,242.948651018003,37.9829305803991
1204,257.3710080303152,15.646556581285877,236.59696173198347,38.76327104543537
1205,257.9308734556287,15.231792022832428,239.5450413267084,38.44815365232966
1206,257.62204375764304,15.565701874953389,239.78524068338686,39.682613351312995
1207,257.95759510839014,15.149047250191268,238.1373715704563,38.19805018540946
1208,258.07252444681507,14.990201697825453,239.45294184140022,39.29478978597254
1209,257.9876663272879,15.119434123567919,236.53089211687427,38.67565371640921
1210,258.46383769982936,15.227764212856428,239.6441005374641,37.47130708320026
1211,258.2616389944134,15.301302134660169,238.18908274089165,37.904694255778715
1212,258.0439590302617,15.304104971424943,236.5684748430747,38.63353303699766
1213,258.60201120190885,14.574095040490258,237.71572629528845,37.82888635848248
1214,259.08819533701353,13.577666372757404,238.4679929867029,38.113986484432395
1215,258.60746882500143,15.165093282981058,231.07141691734915,37.14529114272434
1216,258.5532320606211,15.260682315563587,233.12481193461056,37.366925065423025
1217,258.1448248197957,15.249706441704193,235.09342467204777,37.00640541200487
1218,258.4557809553883,15.219870187834115,236.18624812450832,36.07610163310135
1219,258.798730380597,14.762248860127077,233.2214289506413,37.43946300116925
1220,258.6792121986577,14.801114873993944,235.20811579397937,37.112644150356736
1221,258.5954472646381,15.137623269809124,234.41499927126313,36.633453198084204
1222,258.96884206513363,14.771001605845322,230.81786233105214,36.95180923263112
1223,258.8335466430887,15.313404713855732,236.94752414223254,36.74463089650863
1224,258.8772570191717,14.804870930968725,235.3437546072317,37.07128786830281
1225,258.46000304452315,15.228584487408389,235.34911617675755,37.052048706667236
1226,258.4685582087493,15.118868495252034,235.31524054061208,37.13350054689023
1227,258.5001482123402,15.32191491938489,236.39921474124975,36.45085418456904
1228,258.3894037654254,15.049703980307829,235.25529612015646,35.95477045808977
1229,258.550546751326,15.828394896623664,235.07975713678246,36.96775883236366
1230,258.5884137218935,15.313723161937585,235.43153841038978,37.04728651728499
1231,258.58835718375286,15.253405393671663,234.9197758239318,37.01076101513413
1232,258.5131751011583,15.881176898445872,235.18320367150122,37.010454825944215
1233,258.73701320090004,15.4170703385501,234.55147922036178,36.816579054521846
1234,258.71209958296816,15.382438442739804,233.10864328412674,37.23961153972376
1235,258.45876012028305,15.229445225989938,234.71607885196659,36.710560643917226
1236,258.48133756918327,15.529890747890386,235.29588740101568,37.91259371818902
1237,258.2717794616198,15.168784703986237,234.96668554404445,36.898638702026126
1238,257.9339927794406,15.573618878504318,232.98291492166607,37.35765537080626
1239,257.7314012694166,15.9496131465391,249.33965232227143,30.899801572183634
1240,258.32515839852465,15.226105148491119,242.50373989124176,39.84559347203408
1241,258.10638106823575,15.136232389622943,242.69641975249237,36.71296422248992
1242,258.09658553021245,15.163731397770581,243.45638795831985,34.98817439752045
1243,258.11109366641824,14.984529948540219,238.4429348657802,33.92666517219354
1244,258.7095927801886,14.734428857317376,234.7573906164777,33.15790747527902
1245,257.67547949022236,15.163570266954007,236.0863130999097,35.38069888153056
1246,257.4440109875971,15.966352727817222,233.74311648247735,36.84932475005776
1247,258.4219577432391,14.566156735479135,232.99100153516727,37.622825910688505
1248,257.3907540399491,16.817466970321735,240.92895799512405,38.905060101666166
1249,257.3211510921174,16.15377981232206,241.1584370018562,39.09818427980351
1250,257.1781722981581,16.18998869719534,238.09416017882975,38.09203043445723
1251,257.69404888089105,15.173468275037385,238.1429385726383,37.16479140233828
1252,257.8741457078334,15.287960123705362,238.01213648578565,38.1354254701392
1253,257.9970739929408,14.995923205585745,239.32330547534252,39.389374097998534
1254,257.7316505751664,14.946420311761267,240.6830978093269,40.52465351993068
1255,258.1735085497771,14.267323767155396,240.76289165790877,38.82135110865732
1256,257.881049599962,14.965348341794195,239.60062261858366,39.41721806368969
1257,257.68993941076,15.905090874824275,241.1632817162681,38.71822606916307
1258,257.35208218595943,15.519990066207605,239.609369740278,39.51849193331589
1259,258.2194637748762,14.54632858639274,242.4759477003419,40.10591543326846
1260,257.7501139597963,15.13408963960028,246.01359772131136,38.196476177598974
1261,257.99306865336507,14.706842315141557,239.43717275293073,39.51479568684699
1262,257.825790988276,14.732241806134608,241.57602166482351,39.56292907749453
1263,257.6422025174697,15.245718107556762,243.1718879507322,40.80094926080045
1264,257.95602084282723,14.507022675194236,242.3561339169287,39.20988281930106
1265,257.7818216740996,15.146244840607382,243.70154150991914,39.904981026880535
1266,258.22387833515836,14.511797332346053,244.7780770537007,40.21437627728509
1267,257.6953712669053,15.001205101172728,243.1919463392609,40.932057837988246
1268,258.2012627516752,14.559731490037471,244.68714944675196,40.089564771952716
1269,257.80185210460485,14.615048278408457,244.90709292326937,40.39490926449357
1270,257.7513109573433,14.748962293464073,243.44034534076434,39.511570566645624
1271,257.4361242808297,15.109347404841635,244.70271100677004,40.16592343657862
1272,257.4333079539644,15.215857306754012,244.61251777146606,40.14119997137973
1273,257.7386405893357,15.009668686673775,244.84086031489875,40.262175491990156
1274,257.4206307978356,15.129207727087108,241.95817096320854,39.901189313714774
1275,257.69060337020676,14.906581391409697,244.73947835416033,40.13405284125677
1276,258.1738717931035,14.429822170833933,243.99736151273743,40.02422251133573
1277,257.40430934251924,15.028850686248754,243.4959638134289,40.92154462005305
1278,257.096214518343,15.669068763816313,240.85279696394127,41.25868702303129
1279,257.49170582668586,15.177984993309977,240.7167848862075,40.62406203917012
1280,257.57216695746854,15.091015157656651,240.21600914226235,38.39616390691625
1281,257.28344746428627,15.623225295181143,243.51698116825526,40.908311321377546
1282,257.39246712289673,15.07099923032582,242.96132114161168,40.73234356322927
1283,257.6601133346549,14.421772889453258,243.18243179798938,40.883353565444324
1284,257.33485808421295,14.542475006124828,245.68702498659096,40.04295693754948
1285,256.7054472933047,14.90745661229879,249.4527977151967,39.90105178541696
1286,257.4167412807474,13.429844517605504,246.19374688013028,41.92029968531049
1287,256.44018624550813,14.759644564785424,242.7897142281067,42.06388686744931
1288,255.92196986875584,13.238498180673213,246.0652845960245,41.23165988253727
1289,255.2287919176127,13.891469124017947,248.02433045025336,38.058743964196864
1290,255.44265311935123,13.696375310447857,250.6509141210782,32.23595810046038
1291,254.1113133830099,13.923305105391544,249.35639945286354,33.97915229518821
1292,253.9611885162039,13.564639596359157,255.14037369093214,31.096770323425183
1293,253.007957782393,13.396633637167954,257.1315592605898,31.048322309140065
1294,252.50557039168731,13.428450184444955,255.26838423942377,31.01920695613337
1295,252.56366040838344,14.006063906478742,258.48156448028664,31.047098060714877
1296,251.50405378069343,13.62364117672907,262.5880056155187,24.435079530524384
1297,250.98616097782943,14.530887313822241,262.903411168821,23.634451031752057
1298,250.5380262397209,14.565621425982746,263.40208378444703,23.881633071073892
1299,249.79860546426352,14.393047494469444,263.2280725499753,23.982829313553427
1300,249.35026991207405,14.313240313826393,261.5563584769702,23.582303179432465
1301,249.48302365274822,14.553786504792459,265.3738731664291,21.66852789416333
1302,249.98934545442154,15.296306337493757,262.87930730239475,23.207441691416154
1303,249.35732963493706,15.630947767812854,264.46503407823326,23.689829110382682
1304,249.34884793787893,14.9611054684868,264.4137795624146,23.404170224792413
1305,248.89561455232223,15.340818427376048,267.54477048575393,21.12201916717821
1306,248.652235176427,15.183692926771048,264.865395340757,27.478461819168828
1307,248.73061727218942,15.382272017929854,264.57590862700334,27.493607926699024
1308,248.7549670644793,15.308344069747147,267.519127396838,20.912920080999115
1309,248.67659015408452,16.347606296411275,267.7577137908621,21.24543272865667
1310,248.20222251300757,15.830932530377554,269.66254553371266,20.45308498500944
1311,248.36341936681438,15.81457591546198,266.64619540096174,26.695010020505027
1312,247.9451630524755,15.672774223979978,270.6155912054412,20.48357926552943
1313,247.8510246327343,15.671093769407841,270.9087909024192,20.50275374545069
1314,247.92118059672003,15.717727048722438,268.85710965475823,22.497340029713747
1315,247.42968198699694,15.35822969563029,270.909382075516,20.43816176564411
1316,247.1274525281428,15.483294892885683,270.81715007018977,20.40174155870156
1317,247.0371219617566,15.473168261978174,270.47923632240844,20.679736688499982
1318,247.3596612294342,15.26072167339884,270.0163019292042,21.09076427339572
1319,247.26795093226957,15.741257236403165,271.0907359260635,20.535009335541815
1320,246.79244995217923,15.565422275088244,270.00514072482537,22.358467056881832
1321,246.37277946729802,15.59394531379677,271.2137089829246,20.6548391517682
1322,247.00232403748748,15.497462411813068,269.0420155256475,22.42484004123665
1323,246.3771056898037,15.311713107363458,271.1488864457568,20.474784579001014
1324,246.0343362615205,15.57060239893241,270.9532712844652,20.145047529334093
1325,245.8259423132061,15.377283947663374,270.56734054654004,20.63944630469701
1326,245.8048791327781,15.124275930530258,269.91282661071597,20.420805861592978
1327,246.42250234426822,14.807980805078738,271.7462066003326,17.87032580171039
1328,246.39541955464324,14.502875720224175,270.35015573981,20.122859350813183
1329,245.57815928842555,16.552492896237176,270.01278384950456,19.991170225744334
1330,246.10647425408078,14.640237768430437,270.4080081758425,20.390570938531788
1331,244.7864960364536,15.419670344465214,270.04763878109986,20.120271777576384
1332,244.79346545977864,16.41007999839987,271.6060631452266,17.764379090569687
1333,245.06274697928094,15.808608636585593,270.1838094179352,20.09878314295453
1334,245.33991677009774,14.252380942678448,271.8280791254467,17.056913236461245
1335,244.87611985776184,15.862062426586546,271.82200948808315,17.423216772794845
1336,244.74712632291912,15.994395584508599,270.44046285489736,19.8616644680273
1337,245.01643866079465,14.695462205376154,270.6564016884009,19.943112663319653
1338,244.77686369584228,15.427788311951755,273.49161453551295,17.168860315158437
1339,244.50300575772857,15.474148568822482,272.830998794856,17.008051359662343
1340,244.10792056348504,14.627709157531445,273.04652917750786,17.576643155510762
1341,244.40214189671357,15.32072066019962,273.07033753116104,17.332104427714658
1342,244.13056868915115,14.443908267416967,273.38854989722245,17.104084293715506
1343,244.39477678329732,15.839544228875022,272.448979913037,17.35867802060642
1344,244.00321129299215,15.052139402808075,272.6580441447611,17.391495072610624
1345,244.69174434344774,14.932357374395862,272.3722782428808,17.082950255781107
1346,244.10275953678672,16.251084626609117,272.95200283707476,17.200360036812814
1347,244.13437963638225,15.352419954954257,273.2072825997056,17.338593610989385
1348,244.31836025550737,16.343315057324816,273.35529763852924,17.27189711480462
1349,243.77213033322676,15.332880027421727,273.45541794713614,17.431445592313565
1350,243.9337653687728,15.402419385443508,272.53358333036766,17.33770918319265
1351,244.06780972086838,15.368283085314914,273.02628552778015,17.551481078649665
1352,244.0207032988485,15.51311424224622,273.3107113586549,17.174606890136488
1353,244.5953246064447,15.019477171961599,272.82526180778797,17.270239471347658
1354,243.79864241285784,14.976610946473986,272.9621954262884,17.03863554675303
1355,244.55301018800017,15.485454673765428,272.85688734172686,17.255717821814994
1356,244.40998190788943,15.721064499842237,272.89634618970115,17.04070648330478
1357,244.99682068712585,15.650328814447729,270.6734602452992,19.808775467161734
1358,244.92397970752106,15.462998062326012,271.29328007113315,17.512768893896514
1359,244.84715626794068,16.083237241169076,269.30560652328506,20.48895501575284
1360,245.46623200902158,15.0859856697808,269.95312418924846,20.083644986142286
1361,245.75518163259355,15.747624599749718,270.140381711965,20.38254283912732
1362,246.1385742867091,15.214624086860736,270.82860578907014,20.210186295348933
1363,245.6803617965952,15.485038357092712,268.4013612031414,22.575064867544732
1364,246.60443785217393,15.56263622323694,270.7889312119131,20.676164802825102
1365,247.37567844353364,15.951667779691615,270.91114061855205,20.097860907003643
1366,247.46131506260843,15.673172392185437,268.20438711423066,26.457746574962584
1367,247.40599900983003,15.65003579895391,265.537106395236,24.162531233652462
1368,248.18926055682473,15.620748476719577,267.1583138039087,22.78137072955773
1369,248.2694051758738,16.03759186182082,267.58305132216947,21.97415954005598
1370,248.78936920400858,15.18595417736565,265.0836091586173,23.41684835342799
1371,248.6369882107029,15.588372408713825,268.22738020235977,21.046473438072187
1372,248.5753963455477,15.117745094520533,264.32528040154256,23.33063470597019
1373,249.46892452986214,15.036174232824102,262.60762870118407,23.364238341924235
1374,249.6836451384675,14.92221254819179,263.7044696596239,23.472436315808444
1375,249.77484242511213,13.855831776491952,262.8439826699576,23.20291109761416
1376,249.7503845638429,14.690692994723303,263.2992811316651,23.5259263991317
1377,250.71367554179005,15.067581120344554,263.28279602624997,24.111085292037668
1378,250.61964089118877,14.76139632812828,264.3190278509114,23.697193955737404
1379,250.41693918650552,13.668944936128263,262.4466971227427,24.020929867351622
1380,250.3602634498561,14.079956048081264,262.5404972440697,24.414487939078146
1381,250.75781980831366,14.808439687436666,257.22402435568216,31.157167779844986
1382,251.08000160982078,13.164554527992676,257.19770797712323,30.72529461127729
1383,251.01869307114703,13.950225179256869,257.46446409422055,30.919519721139338
1384,251.6775674761314,14.560278577762562,257.7568723854854,30.85352902482551
1385,252.41035868419823,13.871624093261671,258.2552319929993,30.931223436409653
1386,251.87592429258234,14.305409941268605,254.79077519230037,30.73849931347329
1387,252.31284465507997,14.532879116763295,256.3208893529567,30.684242258736603
1388,252.45506092809694,14.4860484431494,255.08258545862614,32.852080757790766
1389,252.6463683763811,13.399840529952204,256.58372958140825,30.657596443386055
1390,252.8871004839782,13.486305482022034,256.86026258897203,30.870823169068988
1391,252.81903099583408,13.883998546632107,255.5753045146677,31.071359488675814
1392,253.03454478892158,13.920331292013575,254.85476296816174,31.209719167721033
1393,253.07781404557406,14.00714263844659,252.84560383249195,30.692676157978177
1394,253.31405736376064,14.450930928028615,250.32980721082345,32.53047051412521
1395,253.34659087635353,13.901170297742766,253.4834549364262,31.3376522175512
1396,253.49476720924406,13.829989159402169,248.63567968164563,32.58784382081916
1397,253.62769203683266,15.04218457867345,251.71706469259846,30.56233529398944
1398,253.72857305910298,14.067145330349707,247.72199368314068,33.34213085823814
1399,254.23060000127202,13.411064869905024,253.10338057077894,31.673145452645123
1400,254.03214495187947,13.96115761167956,254.83346068076622,31.13884469984968
1401,254.42269323531417,14.045846559773953,252.09414046717848,31.05663260644717
1402,254.75350768012848,13.403864481090876,250.50591818164673,31.675101484493013
1403,254.20554267326438,13.906100379757778,255.01553202104313,32.02955256448047
1404,254.75595633067854,14.173925410846651,253.69456564642152,32.105977662881884
1405,254.13943597382877,14.340941896955359,249.51269084005517,36.37440107251931
1406,254.9701414000923,13.411422136344619,245.598847397177,38.452512446445006
1407,255.06906452076936,13.324418631389138,249.5555390314903,36.68815432141135
1408,254.89791675436595,14.918675046248566,251.88356102058907,33.00273373113743
1409,255.28337125404352,13.476254999927303,249.8340230563345,36.68788966918518
1410,254.30854988535552,15.437861634787968,250.3025261648287,36.896917914048174
1411,255.2229776679964,13.932857738569389,242.49875061994518,40.320956280498464
1412,255.37551772669346,13.983904701813168,250.10872113421848,37.14876941137077
1413,255.680244028999,14.051881050175682,242.1142221657588,40.58205258396716
1414,255.6343070797465,13.965945474205512,247.99603487390362,37.03592083864787
1415,255.93107410987076,14.260828481092725,246.92307045112025,40.540947234187755
1416,255.65179112586696,13.987704412739077,244.6209021317122,40.21086327070461
1417,255.86648614823125,13.45710981358286,244.11475481804356,41.36988838843269
1418,255.47116685258382,15.089323296735863,246.4913392344307,38.647181007682335
1419,256.2707036461116,13.48205862937006,244.6999147463758,39.1666439060544
1420,255.65978764438165,15.152527002338347,244.2434589765155,40.15239070443371
1421,255.44281946829906,15.645433431664832,243.6670241588145,39.02517022520247
1422,256.37891559415823,13.968960825821972,246.81504942385618,38.87388208518637
1423,256.7255759470901,13.563025259615955,245.76821930200023,40.64463073504108
1424,255.9540960369304,15.238336427664125,240.79390008912569,40.66306157232957
1425,256.7251659041481,14.16289211064214,245.48094590453945,41.565379550861316
1426,256.25038248250365,14.600853688378502,245.8612930028696,40.78679051785122
1427,256.6513882772456,14.24337211727162,245.47738218440287,41.700826410447654
1428,256.5364015313373,14.673574806881604,247.14987848767927,39.95257371197676
1429,256.2740929617142,15.218662715958715,245.97621867415234,41.833647581991066
1430,256.7928239097797,14.354068088631907,245.4902344353145,41.42704241104497
1431,256.7490014608338,14.596163336301885,243.65879687869096,41.822198659730475
1432,256.7939913632222,14.5939714972162,246.45522915853954,40.617889747252406
1433,256.35663048978284,15.019515116371373,247.69407141322205,39.89973849169133
1434,256.8936167985222,14.603509400616584,245.8206656111877,41.80846869837436
1435,256.92947726377616,14.675053621768049,245.497486455454,42.81986245801479
1436,257.13412076481194,14.591267798306486,248.5947831808086,40.28589737830624
1437,256.802354132685,15.211771416635168,247.56071686872536,41.16269111171216
1438,256.9083960990025,14.749145164423142,247.86120215018954,40.136102448977056
1439,257.6885849223071,13.405740872738336,248.99024386692403,40.21599060583471
1440,256.66249299104857,15.034594952890805,247.88102587814856,41.177050312740086
1441,256.898867939099,14.981706138077273,247.8728331144373,41.134990529821856
1442,257.14660761607774,14.536984897485215,246.35556249811134,41.84099115114849
1443,257.0868631798884,14.800514922758932,248.26393348011908,40.12420271241044
1444,257.09378875544286,15.142330973366466,242.71120142472827,40.609941227653586
1445,257.3952500889341,14.881635885604213,242.53774629034814,40.32341486745266
1446,257.3278407859252,14.879534415098052,242.76442195585525,40.73679428192227
1447,257.3707626991577,14.477143007885456,244.97198507345283,39.10590652492573
1448,257.420893089541,14.886613865796528,244.54422101178352,40.02846496743872
1449,257.4130088062004,15.031449798198482,243.14957233880318,40.653111579134375
1450,257.3653603506099,15.110981292155294,243.40785361251855,40.983600983065244
1451,257.49943610773556,15.070141506813785,243.64448703940147,39.38501951679863
1452,257.5501152924894,15.216583495251198,242.3613946415468,40.25579296192246
1453,257.91372981611516,15.024101277219257,239.5683320757979,39.53809639316308
1454,257.77663857533696,15.061482416321123,240.95122163220327,38.73150159356433
1455,258.11283815330506,15.253639419129712,237.62593992313305,37.63299948034031
1456,258.29870610029246,14.721416632563937,242.10807336218056,34.88065109872633
1457,257.6831070692702,15.533730242087023,238.06242424048708,38.07867671920428
1458,258.16447620415937,14.814820507730367,234.38348731628352,38.446106466170455
1459,258.16889019760765,15.094334030584719,236.16911890687473,38.19531698555865
1460,258.135204048259,15.190588410991301,238.35629165601654,38.11907636601242
1461,257.8888613667856,15.689331488117743,240.04466360789007,37.612499457976156
1462,258.41289215834587,15.280889640666793,238.45694935172608,38.10686701741551
1463,258.69697264271656,14.71836800614984,238.1694429878359,38.02217094993341
1464,258.86657108396133,14.787865976157182,235.1846971442099,37.11016439168919
1465,258.7402800473904,14.757907144205575,235.1128440497262,36.990328620888725
1466,258.15929588039677,15.481260806340082,236.75598259478946,35.37659685240076
1467,258.42670897280806,15.400063800980597,233.57147167326076,36.275597862632765
1468,258.8654909137068,14.807033331419401,234.66125145821383,36.49012457754772
1469,258.43526416844657,15.309570860136667,235.97458401841985,37.022199839982484
1470,258.36078931899783,15.224140926726353,235.22751034927117,37.148555382295285
1471,258.79633434462374,15.276716365828973,236.05300060303762,35.990001207633696
1472,258.34248748072787,15.153047401811149,231.42932626789658,35.80452997969586
1473,258.439218730221,15.250868373630455,232.79103749124005,37.07558170269934
1474,258.55790367186523,15.557203351979036,237.09843434398977,36.22325164078343
1475,258.57753847097865,15.355076035969498,233.31830585537077,36.09251060654595
1476,258.61885090020695,14.597013457937363,237.0473203616342,37.28969495347473
1477,258.3853705905442,15.16576887160234,235.47245353651232,36.0727581205955
1478,258.57188687141735,15.359364477015653,237.9862827035885,34.7109108811316
1479,258.16432642659174,15.47075383547423,237.5840792190968,35.705858463289
1480,258.5882531484977,15.358338782652819,235.85506209385724,38.208473229426176
1481,258.7874720119068,15.186249222187815,234.1254676603819,38.16155698463352
1482,258.5626777419812,15.42515737447727,233.5710393713187,36.31448523298862
1483,258.1229467930739,15.800715710165694,235.07806378567736,35.757840360423536
1484,258.51187043765475,15.279745471135282,238.43033759442676,36.80505688201186
1485,258.66465650673376,15.379576684330742,239.15354114865167,37.52198858875743
1486,258.0970701581793,15.792413931286129,235.9747051447062,37.95035485488986
1487,258.91383426918804,14.731374969098505,242.7548731794932,36.133768786562015
1488,258.08795209769187,15.306387225956811,238.42172425791367,37.06174554565527
1489,258.59666287694995,14.50882552564256,235.19495761555706,35.71621372426811
1490,258.20464334749846,15.261823786173624,240.52658414458716,38.57584531080014
1491,258.4111631928663,15.398970469108454,239.3117972851806,39.07690930717396
1492,258.06083936409806,15.052924282157337,240.9513786224537,38.763185112971144
1493,258.40469620453894,14.824180005294448,236.30714231020983,38.27814273540085
1494,258.4171024876994,14.60099249101202,240.3739558619499,39.497209071869655
1495,258.0718622697924,15.054896420537942,239.86005618608354,38.823487464249474
1496,257.9060352831528,14.98168691465797,236.5505562354766,37.46873217868243
1497,258.47516017829196,14.55499571989395,243.20464267813531,36.703317976285625
1498,257.9810444464797,14.540071728533473,241.1020914766773,39.04243283381713
1499,258.02321962679173,15.281094770337482,239.59488078190546,39.4267313056162
1500,257.82729916427803,14.689088479129735,241.1674121099308,38.98965755523328
1501,258.2421885683569,14.454664309279314,238.97168938819652,41.2938254062449
1502,257.8085399794982,15.22765841361379,239.18916971603306,39.024303733273605
1503,257.73151898468046,14.699126135313097,237.4505245172109,39.079104941658834
1504,257.7810638322229,15.308901848432242,240.7682789152098,40.17374422435121
1505,257.90549289200476,15.08370825515972,243.72977577050978,39.418690955655016
1506,257.5144556762744,15.164621095401634,238.75684520642235,38.9995929358214
1507,257.6429904302222,15.301761163357025,243.66178901074935,41.11749899393613
1508,257.75774298047924,14.985639172643962,241.33676911108935,41.44874927869904
1509,257.98133481327454,14.640042644931812,242.1561733368544,39.913723105652366
1510,257.89993007522185,15.246787682552359,242.11985818210013,40.26736701805077
1511,257.820725582806,15.109758388739499,242.116909426704,39.052762468739516
1512,257.59791212917423,15.2048702413035,243.35071616265614,39.15677668021164
1513,257.81544672026655,14.75759657027849,240.51409768510166,40.52514684046761
1514,257.9203255678749,14.52649513722905,239.74975382976214,38.94238063586189
1515,258.0268566181333,14.540206708518149,242.4448182701226,39.20425792254386
1516,257.55135395689706,14.980150177744113,241.97956434713853,41.829317651100546
1517,257.298579997701,15.117968313497899,238.61348647650922,39.75625341799611
1518,257.41928899616545,14.964507550805257,242.0668436247321,40.008028412574454
1519,257.51954590187927,15.057469222833841,243.0249320274309,39.1315567212901
1520,257.33193054823494,15.145385880698585,242.19065678329181,39.9903156145779
1521,257.88997455028937,14.555474712733592,241.62635352396865,37.66234162138373
1522,257.7438819615134,14.452357493313638,243.06567059872802,39.29851879670732
1523,257.3795943854567,15.099880457079479,241.81585273054785,39.78489617994479
1524,257.88466881341867,14.471886923210478,242.6154767879306,38.952436183892736
1525,257.6441318443825,15.044635888526939,243.4505199082132,39.50147106675975
1526,257.71029168073113,14.829265105799125,242.08913792507377,39.79308167909399
1527,257.33323902629684,15.117310901110809,242.17007203597734,39.880949896817356
1528,257.53876623675666,15.003049049530825,243.16765108385854,40.82974826833081
1529,257.20798323409167,15.282826661860518,243.42742490236685,39.34265037611217
1530,257.44045123437724,14.964571664463408,243.47805950356386,40.99133301370284
1531,257.5227921053063,15.060722666215723,242.0979415563612,40.01950705908728
1532,257.6722484739993,14.383246362846235,243.35086536524375,39.36192441170063
1533,257.3977462877942,14.967931147086897,242.06931074831448,39.991711756951055
1534,257.17303429493796,15.104697329652828,242.9216040639008,40.85936777963188
1535,257.8952298156531,13.615347131839542,243.66612529511414,39.70383552274998
1536,257.74129959590124,13.383690031859558,242.0958089293926,38.86200263524053
1537,257.3350742463025,14.63388928009598,241.1185589310168,41.27941661825119
1538,256.7012588559046,14.99507701364548,248.7871476427556,40.30730431667525
1539,256.4778422663586,15.002349131886469,246.43589647816583,41.94696272976211
1540,256.8505521339965,14.663386538641953,247.6315816724503,40.046825567705035
1541,256.19656533101414,15.014225559058541,247.60022100333072,40.09341185891807
1542,256.5250758971162,15.363282224193243,242.87954113593042,41.75630815670613
1543,255.89776137697638,15.235183734541307,244.37236952610536,41.53600691443494
1544,256.08016095526585,14.20660073336262,249.0001644049027,38.22691733186372
1545,255.7893845989873,14.701462312369388,242.47932388623624,38.629164583956964
1546,255.25800545036125,13.873965369649877,246.30840611682385,38.36336962259177
1547,254.6915821355734,13.648779608805967,252.12105085146257,31.357086182067583
1548,254.81954005436245,14.227745626338194,251.51806899738062,31.96087580733602
1549,254.15591779155582,13.878414268341256,251.12960229997316,31.871666747765122
1550,253.48554265977018,14.47147410996335,253.182329036214,30.887055852510887
1551,252.60479843568606,13.366890016052498,255.4287623900847,31.211919729674378
1552,251.50229729267267,14.51378303764007,258.5106957482718,31.15923589666523
1553,250.42609067629476,14.322176695085581,262.6968142136959,23.81942428643441
1554,250.2290900578226,13.846100981437264,263.1208681879832,23.835023882133754
1555,248.93349012715098,14.327189874361421,261.4425629427798,23.518334611882466
1556,249.31902078827306,15.238768109197975,264.62526414102757,21.40289367644697
1557,248.5266366851684,15.51437084933744,266.91386802760377,21.12803821883027
1558,248.5432634179498,15.367658539000201,267.97191576189,21.315218350575673
1559,248.33968141226796,16.15823239310673,269.91749945580716,20.70083051825888
1560,248.28793604048573,15.578038421988952,269.9686007678406,20.78467589570533
1561,248.04761022973537,15.51139107324364,269.6640485374382,20.616127992772782
1562,247.48800093139457,15.300141283317435,270.0006746811867,20.612481317445095
1563,247.55748608054841,15.705921954851444,270.41902373481605,20.547796256050738
1564,246.96882704896936,15.576213102134963,271.30200925090526,20.300613810609434
1565,246.35538194661106,15.493764217702775,271.37917131213993,20.598646142892548
1566,247.0033449907928,15.492864735702552,271.36767268061124,20.404313604177027
1567,246.4235272886445,15.280069516986067,270.442155266041,20.65453477254249
1568,246.02525867801063,15.32753250494643,268.3063165069699,22.492136695051823
1569,245.75010476089946,16.279681642905196,270.6435651644182,20.355520832096
1570,245.50876985697226,15.444115170324087,270.3732787978755,20.14140567118862
1571,244.81225621026954,15.939791151723535,270.2146064816626,20.11440003845663
1572,245.05484293134214,16.4512507893127,271.78345380415584,17.64151454316423
1573,245.60305987265505,14.383597299158103,270.06996963348644,20.01052196173625
1574,244.8740584681055,15.557431210038411,269.72277288918167,20.03980051340882
1575,245.28524893753334,15.35318970669569,272.5151670154566,17.29237332524673
1576,244.26964748671972,15.27314834838389,272.66691474682284,17.381051250998915
1577,244.39171885476827,14.60750748488623,272.1957212376099,17.509247770687512
1578,244.91597035270843,14.857095139725637,271.7688019393295,19.550287391827684
1579,243.82696845872923,15.464307370182093,270.57692745723017,19.8984284226812
1580,244.31676704369912,14.21124383740334,271.42981823654617,20.018122106254335
1581,244.18933270729136,15.76275671986396,273.4703780018576,16.881438383071956
1582,244.0843307454429,15.753025329688267,272.76501591940433,17.268476490848403
1583,244.03832009564326,14.88382888170142,273.71104307639047,16.468594195159024
1584,243.26259448728715,15.689306852663762,271.4355748436159,19.446264589745304
1585,244.0496266853181,15.03004245211394,273.28025758208327,17.03327109893133
1586,243.73097273905165,15.707803178461626,272.27798608782086,17.637330942099084
1587,244.08214412773606,14.928626328047722,273.9831351465237,16.473539807294713
1588,243.7304008148283,15.536814762946861,273.7410885469537,17.058831773870267
1589,243.92867242265135,14.770506292717952,272.56659784982094,19.16659751942056
1590,243.85324668655758,15.167913197629668,273.63946951858134,16.79306008030422
1591,243.63495005531257,14.85283871316634,274.34218015431264,16.153630080652267
1592,244.0132356229805,15.091225764172503,273.53996506059514,16.6222327205952
1593,243.30616843019413,15.037563578424125,273.8566326797057,16.564666382172874
1594,243.54455261259935,14.784880914466427,272.2277959803316,18.866554861266376
1595,243.26314294417372,15.672991358842243,274.32651581005166,16.223472268838318
1596,243.59377316231993,14.805536876413315,273.7100287706841,16.47129805141779
1597,242.80714998284705,16.02105863850821,274.47313279037434,15.996014454244749
1598,243.1731629957178,14.486709352944105,273.8194479938938,16.488552342020572
1599,243.07377825577504,15.292542947000431,273.4287828110422,16.31049313993701
1600,243.44493922393997,15.056148445562709,273.95207341018494,16.080334474494506
1601,243.5102701180447,14.71279950849354,273.0327944838253,16.563167962090763
1602,243.23285633397126,14.419593061257862,274.28982595643066,16.740945869680182
1603,243.19259972421816,14.820962522515504,274.04614763729205,16.465728033753205
1604,242.81691790632894,15.412829277020023,274.4557108721829,16.117686105729963
1605,243.6287795065008,14.370623087534943,272.6881122845136,16.77491336050259
1606,243.7560045147146,15.19651390898604,273.79605282836735,16.550610053275424
1607,243.5931092026464,14.81304401199523,273.3943917320644,17.000248201963522
1608,243.37849145838922,14.432600099171115,272.5129705641625,17.197327856579616
1609,244.36155734796685,14.785358288516903,273.7070427458073,17.03027722907049
1610,244.5459255960816,14.68231843275818,272.8983959070172,17.644989539112853
1611,244.08014054690472,15.422124638569093,272.516326799172,17.599365100800203
1612,244.32938370283995,15.572468718269036,272.1750914098868,17.527652524641457
1613,245.17229886664458,15.097164849269676,271.1190205581696,17.575935122500166
1614,244.98633965691243,16.206325320923685,271.9441670158193,17.63354736188993
1615,245.58074855712096,16.57541035342242,269.9908861093799,20.228335119886044
1616,246.0456894797849,15.359567394320198,270.9253708226272,20.249794429786473
1617,246.71681277533773,15.82250447196992,268.9895469049891,22.37250803335242
1618,247.20538464027237,15.51481852462381,272.1430245344885,20.262727037854315
1619,247.19245977130987,15.85593393220569,271.11962609366316,20.397381407501314
1620,247.46893675420534,15.363147273512933,268.9736672953758,20.828516901657537
1621,247.50843787846281,15.437802668055635,270.250100606713,21.5258784585202
1622,248.17474951930407,15.68993524664837,268.8648197835916,20.978533293856525
1623,248.51543993031865,15.418956881406748,265.073067203336,23.251312826210125
1624,249.10611812747226,15.593659556879077,262.6697240605739,23.54426894376724
1625,249.28358063614203,15.306454244793123,263.483235613218,23.348645387315027
1626,249.20604296691494,15.317528298323685,264.3721824666212,23.030182166656083
1627,249.35950958247832,14.918951983248403,260.63595607654634,22.867463048376734
1628,249.68132672113143,14.649810425837927,263.5219898650744,23.484054602772986
1629,249.51125773989833,15.081167056795998,264.7650632028644,22.861407723940243
1630,249.89604596627424,15.440656187169008,264.18817876767014,23.188716150000165
1631,250.43000871069046,15.023235291071268,262.3479360885465,24.078365091473252
1632,250.3781171888554,15.251455469118271,261.89532255859643,23.812502656977852
1633,250.8689283286209,15.109665416956222,261.9588767364101,23.997903050766464
1634,250.5567219564239,15.035273966913872,258.2948585411334,30.656909781807585
1635,251.1630966411374,13.739859736608183,257.5709400200165,30.569318831923766
1636,250.7090470733141,15.053529472393977,257.24602734861054,30.722885646628722
1637,250.87995797601658,14.24466816028602,257.2660769710796,30.98128741418127
1638,251.2787209858692,15.001841370725042,257.65924487969727,30.798503055155347
1639,251.8032868765332,13.36804640131056,256.30972224595996,30.65766573371119
1640,252.37234908834907,13.772986713329972,253.69389097084348,30.298988982616493
1641,252.34842302576843,13.668878633379506,256.67597653317387,30.684777979400543
1642,251.9459982841592,14.41653856524585,252.5239979525467,30.24174140636608
1643,252.5482730238354,14.023899789744423,252.71197544752022,30.303721011537654
1644,252.73107022147306,14.640452725917006,250.99123377016062,33.03785298551526
1645,253.01065425359923,14.655127393552172,254.5649429504068,30.59734053903986
1646,252.70893104061912,14.986079758826365,252.89122812062163,30.662567253140136
1647,253.16906361577608,13.263664750908159,251.46305887471974,30.687557015394077
1648,252.83656413577322,14.90903859484303,253.19324004606665,30.7626484218441
1649,253.63516173199028,14.184368312250662,252.77764624426737,31.852657360317828
1650,253.81933653189225,14.068587913744498,254.2156198520744,31.686208153562173
1651,254.32073080039535,13.577601873359841,251.28607694846883,31.233873442897412
1652,253.91559278885273,14.012549572250233,251.97782821335596,31.220256223271253
1653,254.3223630981022,13.721687616354059,250.78250729208347,36.084788751911255
1654,254.0708491622586,13.60025772097119,250.52475150242185,31.647180776691968
1655,254.3368643069162,13.541667972552835,251.63023580621893,32.30831289305871
1656,254.5244338602993,13.656975257962504,249.34184883889165,36.403507489643594
1657,253.99067108430347,14.704629411834604,249.03881832808193,35.386407492497774
1658,254.05489217612575,13.902450220095611,249.32155970697195,36.391778015516344
1659,254.91320223216675,13.398902778649738,252.86021825601648,31.10792330078466
1660,255.21888119339692,13.425084012911965,252.9198092405113,31.997150825650916
1661,255.2179671346833,13.317594030624587,249.4806644830441,32.908083014162685
1662,255.02638636166077,14.330667744766389,254.63918592495193,32.63309592634458
1663,255.2587111380751,13.98845540891409,251.56106648779758,32.92597829706501
1664,254.73505045276895,13.57776538643408,247.70131935262185,34.664460257838655
1665,255.07010089966548,14.876876870381048,247.19868430717844,35.39647350973706
1666,255.33251751198756,15.43538452850244,252.38143186598785,36.124898567238546
1667,255.35624365976295,15.542546644464457,250.72827609620393,36.30341312540875
1668,255.08619794009,16.047148516916415,247.66106588722735,41.79677402787362
1669,254.78716954516867,15.583167383614446,248.96339709953918,36.56411995914526
1670,255.3229922468887,14.875778400632948,245.97889488662622,41.02158518688211
1671,255.56516728409747,14.821393315069852,242.3650317623809,40.267694244164005
1672,255.97141480149844,14.079812882663518,242.1051528815964,41.5857115737594
1673,256.16243084316125,14.174775881549888,243.7880565305324,38.790881612402636
1674,256.50132608333473,13.423860889418377,246.42401622493398,38.54117305124604
1675,256.2459514447699,13.924619082870214,246.52268440685876,38.59105529107246
1676,256.5423976951885,13.474077371536355,244.14743706536586,41.1966973006089
1677,256.8191361440827,13.292176260285064,244.369122108678,41.36209987718696
1678,256.0113917823666,15.343250706207705,239.6625579887828,41.458204370098564
1679,256.2066663322309,14.93303389914113,243.7930461430199,41.05594694077027
1680,256.75750103381375,14.96019141099525,245.50901770184942,40.72012922991549
1681,256.61835814346364,14.763606782928663,243.60600810419768,39.59666214065569
1682,256.2015223587181,15.088050307448752,248.84801582554837,40.69581858365772
1683,256.3712860498658,14.620550160879267,246.74659177014146,40.784367559536136
1684,256.359335457208,14.84043226251207,245.4345348156686,41.56838185445386
1685,257.068105320911,13.352913782639256,245.90464225189174,41.8803133055581
1686,256.5789466891485,14.579808207324334,245.9607848265723,41.72255135099103
1687,256.7990810531756,14.569811163462889,245.00165564126394,39.19493058028274
1688,256.72137365301364,14.628335031836505,246.22454320516323,40.41187294513048
1689,256.4571932172666,15.138686447492436,245.24757515121655,41.22420968199843
1690,256.61774768378945,15.204445029711435,246.85171047324002,38.90115000402517
1691,256.5091195501161,15.193313736050778,247.04249865214325,39.86578804641092
1692,256.7112781104482,14.982929622178837,247.46502796958023,41.0555785800588
1693,257.5832538988567,13.180920373005593,246.26701525986454,40.38998339813193
1694,256.639050196364,14.969933348721833,248.01065969222404,40.228847888488744
1695,256.718387921511,15.066742593078432,245.2475494396002,39.945213323968254
1696,256.99921030856297,15.234436351270949,247.78566747905413,41.39693373131764
1697,256.98921633598735,14.933457237199946,245.21389343424175,38.68681180331946
1698,257.29593649311005,14.919464978274416,243.14658496482838,41.0084993612036
1699,257.9198496081061,13.47994121780784,241.85143011401863,39.9579947589727
1700,257.4130281822396,14.504591350168946,241.54498024853604,38.9015454642311
1701,257.2426139213416,15.112590242873505,241.83312072313393,38.81408476937259
1702,257.31764274445027,14.374517172634663,241.80666993876784,38.88794881749906
1703,257.4360502414387,14.89854460483123,242.9757878841759,39.673279869025606
1704,257.4873816466445,15.207424758295591,242.2737945886309,37.957869193271954
1705,257.6884963752037,14.817217452602153,242.08088090215378,38.906370245071834
1706,257.70652469558405,15.125397503766449,243.12876867992009,39.84462917624457
1707,257.713785562333,14.706300967700201,243.18158552897876,39.21152048105411
1708,258.1054154758312,14.529761176368318,243.263452602269,39.242558030580604
1709,258.1079117155582,15.261628718160095,242.25179336549678,40.14630135936031
1710,258.16895711665364,14.558099599956629,239.13744188085718,38.1785366501453
1711,258.0015513103251,15.123004599218056,239.904373945401,39.899160525836706
1712,257.8883744280014,15.129590009304701,236.53241173731763,37.58913142549414
1713,258.1061674437111,15.42265583789121,241.94010416890816,38.02731007753602
1714,258.1778944462692,15.318165917760298,237.90105428954192,36.659369791185114
1715,258.09305208436325,15.38047243473136,237.77964982070418,37.06878032322859
1716,258.45500985145264,15.460280973860574,234.35543640550625,38.477833595891695
1717,258.06930107135764,15.76549940743415,236.69931659935114,37.492053387413684
1718,257.9433799778553,14.938074050614155,241.01345735134797,38.93674460933616
1719,258.23188946714095,14.929853127024769,236.30398210651634,38.47903579188137
1720,258.2075091868347,15.044670194523418,236.45339701688687,38.714497229914606
1721,258.85050908170473,14.7385417639824,235.41441844141445,38.26973481411832
1722,258.01412236042637,15.057227445656416,235.40040717464834,36.00607884163923
1723,258.26614561406393,15.399454123063679,238.23841378253792,37.070724795911275
1724,258.43037748701084,15.257866168736344,233.274380549097,36.11494358301984
1725,258.7742882601791,14.710675381722847,235.10803539870383,34.986650628186396
1726,258.30072997698414,15.362580823820204,233.05946830994526,35.943453458242594
1727,258.73533034672636,14.81502645597606,234.9455438525585,35.77750606558633
1728,258.44405487617615,15.300465483783922,233.32416914869,36.25197926672089
1729,257.9348107114781,15.697014823729479,235.05154912786463,35.76567647801823
1730,258.0398978962183,15.70667237243292,238.14503337619539,34.319291457182544
1731,258.40607987104624,15.075989130168995,235.90410860925738,36.020308518182574
1732,258.51848079498217,15.16747315633083,235.38382279568182,36.46959189614344
1733,258.0267751895237,15.514009172024975,231.4630859483903,35.85356756500512
1734,258.50422561853253,15.263333263736758,230.38302105135082,36.38787815645125
1735,258.7983747586049,15.390259440147702,236.39039743692433,37.6281313997647
1736,258.34710193555946,15.404959590266847,234.92881171119302,37.21436151054855
1737,258.54489048732876,15.35390896877567,238.36115347368238,38.42715149477647
1738,258.61204770057725,15.182068704490883,236.4663331484555,37.869549740988894
1739,258.7623716210068,15.363913937543813,238.1021011837779,37.245580285844724
1740,257.99249936563916,15.239404865326598,236.46720575601714,37.490852294732896
1741,258.2010826846375,14.98869021331965,236.22623652427183,38.91688033677502
1742,257.9297039133615,15.677800049027587,238.2357588169887,37.38527924689282
1743,259.08745291328603,14.063454170821514,238.7197081005374,38.07554379956775
1744,257.9369175921916,15.595976772833083,239.83350940975197,37.91972862707096
1745,258.2130540861889,15.223220645343579,235.84032086455747,38.663821390730284
1746,231.6693155783457,11.594295887891674,272.1288758720543,8.790969842285081
1747,231.8741919620031,10.98204013240797,271.8941057722089,8.863595198114682
1748,231.27020596911436,12.462192409737527,272.2451467838015,9.98851507856187
