frame,area_px2,coverage,r_eff_px
0,212348.84825799047,0.35,259.9860337023125
1,218183.6022996472,0.3527777777777778,263.5336745373732
2,204712.6030574646,0.3611111111111111,255.26857499427751
3,201236.80625964855,0.3472222222222222,253.09220631322938
4,193304.5566745301,0.3611111111111111,248.0539284790261
5,193016.2159567603,0.36944444444444446,247.86885591542625
6,191169.32072176266,0.35555555555555557,246.68012631903864
7,210119.33425776716,0.36666666666666664,258.6175967961263
8,204565.22094759534,0.36666666666666664,255.17666859842626
9,201339.20819296897,0.36666666666666664,253.15659273311152
10,192918.78787418123,0.3611111111111111,247.80629009560167
11,201560.71676223783,0.37777777777777777,253.29581285862426
12,203868.79185862854,0.3527777777777778,254.7419320271929
13,189045.64869578136,0.3861111111111111,245.30613306620575
14,194574.1159523839,0.3888888888888889,248.86716276583178
15,194840.27859324467,0.37777777777777777,249.03732030166438
16,206076.0638459575,0.4083333333333333,256.11725523285287
17,202989.07419875244,0.39444444444444443,254.19171722296133
18,208843.01276676438,0.3638888888888889,257.8309438839115
19,206254.21241917185,0.37222222222222223,256.2279354014194
20,200701.6518297328,0.3861111111111111,252.75545483890357
21,194921.99696952937,0.37777777777777777,249.08953946339875
22,204833.562498595,0.36666666666666664,255.3439796931742
23,189348.89436391328,0.38055555555555554,245.50280041988083
24,191351.05401642222,0.38055555555555554,246.79735052288495
25,207300.25260524877,0.3611111111111111,256.87685729284334
26,202271.07096428503,0.3638888888888889,253.74176159417476
27,190048.0278600005,0.37222222222222223,245.95561818663674
28,206551.49278938517,0.3861111111111111,256.41252340882505
29,198265.16776223844,0.3861111111111111,251.21656590401892
30,190643.57536029845,0.38333333333333336,246.34068842683604
31,189007.18588250066,0.41944444444444445,245.28117707271662
32,206632.23995229037,0.4222222222222222,256.46263817779635
33,205173.23338752662,0.3861111111111111,255.5556075838367
34,204824.72425275983,0.37777777777777777,255.3384707883289
35,211595.45621056537,0.36666666666666664,259.52442194019494
36,211352.73850025574,0.38055555555555554,259.3755311062493
37,195971.6933349527,0.35833333333333334,249.7593389659204
38,213981.77408550226,0.34444444444444444,260.98374308481715
39,200913.04725129693,0.36944444444444446,252.88853118201877
40,190479.95697726987,0.425,246.23495573481867
41,201180.09801008314,0.3888888888888889,253.05654328634424
42,207334.77385508435,0.38333333333333336,256.8982449682245
43,202633.755113695,0.38055555555555554,253.96914680180026
44,207232.07663486755,0.4166666666666667,256.83461356926813
45,204380.3568385152,0.39166666666666666,255.06134188361494
46,193424.53148173794,0.4111111111111111,248.13089408839247
47,198867.02366109675,0.4222222222222222,251.59757484378287
48,191046.23473756414,0.40555555555555556,246.60069998918453
49,215264.3470605252,0.40555555555555556,261.7647222455001
50,195102.9422169582,0.3861111111111111,249.20512701628485
51,211107.89811572523,0.37777777777777777,259.225251512494
52,195582.48395880085,0.42777777777777776,249.5111985632488
53,194306.294246232,0.4,248.6958270786067
54,206527.45014801796,0.4,256.397599736121
55,214144.3571387621,0.37777777777777777,261.08287180077593
56,202983.09113125774,0.4,254.18797106713106
57,193881.63820118713,0.37777777777777777,248.4239162982235
58,208935.31593085025,0.38055555555555554,257.8879148655929
59,200942.1408655451,0.35833333333333334,252.90684053310795
60,208236.2092307012,0.38055555555555554,257.45610122809
61,207836.37065312432,0.375,257.2088091171221
62,211875.34374855278,0.3472222222222222,259.6960079665326
63,204412.94740119853,0.36666666666666664,255.0816771580599
64,205294.15282338255,0.36666666666666664,255.63090270819887
65,202944.91070783144,0.375,254.1640639999868
66,213666.50753455362,0.3638888888888889,260.7914141504889
67,214275.66476634695,0.3527777777777778,261.16290407278746
68,197748.96324242288,0.3527777777777778,250.88931819162457
69,196853.03130507382,0.38333333333333336,250.32032676083705
70,202878.5365884689,0.37222222222222223,254.12249780491604
71,202172.4224092752,0.3638888888888889,253.67987852133177
72,208300.13768031166,0.33611111111111114,257.4956176657924
73,190776.64065717318,0.34444444444444444,246.42664379914507
74,204459.99079578245,0.3277777777777778,255.1110275925845
75,196428.4545727637,0.32222222222222224,250.05023298992208
76,198495.8598740319,0.30833333333333335,251.36267536063656
77,193953.8597565383,0.32222222222222224,248.47018135786556
78,206006.19183401184,0.2972222222222222,256.07383207942286
79,197988.71158851637,0.28055555555555556,251.04135964301977
80,203391.3381372729,0.2861111111111111,254.44345873542164
81,181799.54100540193,0.2972222222222222,240.55891420958582
82,189966.5450885981,0.275,245.90288600559288
83,174879.57456326784,0.28055555555555556,235.93621484440138
84,204641.05639878998,0.25555555555555554,255.22396315947594
85,173580.42605579557,0.25833333333333336,235.05821760056418
86,194003.8963702933,0.2972222222222222,248.50222971402084
87,198425.75589883563,0.35555555555555557,251.31828380778626
88,188371.0179072369,0.2916666666666667,244.86804052464132
89,201549.92533990362,0.28055555555555556,253.2890321259415
90,204529.1662354895,0.30833333333333335,255.15418010623355
91,197534.61019883887,0.32222222222222224,250.75330364673536
92,200719.7972100637,0.29444444444444445,252.76688035573196
93,194045.62807375067,0.3111111111111111,248.52895563015943
94,191938.89073207355,0.34444444444444444,247.17614460778648
95,202188.1866528821,0.36666666666666664,253.6897685780527
96,195864.5251100306,0.3972222222222222,249.69103847598547
97,192991.14182855395,0.375,247.8527554616386
98,215802.44063352066,0.39444444444444443,262.0916830352314
99,193740.9089020764,0.38055555555555554,248.33374048196532
100,204496.59461656937,0.38055555555555554,255.13386242788897
101,186118.62754252343,0.35833333333333334,243.39966957607803
102,201488.48970660564,0.35833333333333334,253.25042591445632
103,193422.06790726917,0.3111111111111111,248.1293139090911
104,191075.72126874735,0.3333333333333333,246.61972972481476
105,195646.68319223606,0.35555555555555557,249.55214577149366
106,196352.22123763652,0.3388888888888889,250.00170638234965
107,201338.97387522837,0.3194444444444444,253.1564454217691
108,199332.19476870712,0.3527777777777778,251.89165970629588
109,195188.48481227903,0.3416666666666667,249.25975283824522
110,198783.12477116313,0.33055555555555555,251.54449670220814
111,197917.8161370286,0.3388888888888889,250.99640939328592
112,208035.04151463372,0.32222222222222224,257.3317127498343
113,193395.04891199787,0.3638888888888889,248.11198279745918
114,205793.3036307022,0.2861111111111111,255.94148365607927
115,185629.24792782564,0.31666666666666665,243.07946186440523
116,198759.21738957646,0.32222222222222224,251.5293697866223
117,192482.32047508485,0.36666666666666664,247.5258077914628
118,197919.09987926122,0.3888888888888889,250.9972234032997
119,192211.25465936234,0.425,247.35145561299055
120,197892.50489392455,0.39166666666666666,250.98035921045766
121,192261.77121148133,0.3888888888888889,247.38395766868277
122,193120.717201613,0.3472222222222222,247.9359463897429
123,199025.18389499438,0.3638888888888889,251.6976035510145
124,182755.12810038513,0.38333333333333336,241.19030665666827
125,187812.5807429825,0.3972222222222222,244.50480813305649
126,198597.0456470923,0.35,251.42673484807267
127,205756.28337429703,0.3527777777777778,255.91846190236504
128,183413.17078805965,0.3527777777777778,241.62414100862404
129,171013.04854863393,0.35833333333333334,233.31340300003927
130,194683.23985655443,0.39444444444444443,248.9369396466331
131,183944.51417400286,0.3972222222222222,241.97387745552106
132,193159.20258384765,0.375,247.96064968017873
133,188659.543409994,0.37222222222222223,245.0554994084424
134,191602.17122910876,0.37222222222222223,246.95923816797134
135,194543.82186359694,0.38055555555555554,248.84778840721327
136,200134.95921497914,0.38333333333333336,252.3983678416277
137,191513.86434418426,0.35555555555555557,246.90232149984985
138,194069.01357729876,0.3388888888888889,248.54393097315915
139,195434.22546663543,0.3888888888888889,249.4166114449918
140,199775.5112445519,0.4166666666666667,252.17160872422158
141,194907.41394900242,0.40555555555555556,249.0802215160488
142,203685.74761871598,0.3638888888888889,254.62754592104486
143,196386.17587538384,0.39166666666666666,250.02332149414246
144,195761.3528683009,0.39166666666666666,249.6252670518226
145,195650.88539967383,0.4,249.5548257664597
146,191684.54117267887,0.375,247.01231646188728
147,207843.84434105898,0.3888888888888889,257.2134336231372
148,190587.01258386177,0.38055555555555554,246.3041418321619
149,193443.03115651596,0.40555555555555556,248.14275977847524
150,200405.05941731288,0.41944444444444445,252.56862761194367
151,193499.02448909686,0.4166666666666667,248.178670440872
152,191606.41374216366,0.4027777777777778,246.96197227579881
153,195058.96326790526,0.39444444444444443,249.17703826182526
154,186590.43212470095,0.375,243.70797937818506
155,191528.0150366556,0.40555555555555556,246.91144296554018
156,203195.93569700568,0.37222222222222223,254.32120470916837
157,208077.6232441072,0.3972222222222222,257.3580474207586
158,199396.39540857333,0.37777777777777777,251.93222090070395
159,204012.48790695966,0.36944444444444446,254.83169309514133
160,190291.2179242805,0.39166666666666666,246.11293326286744
161,190868.1390256764,0.40555555555555556,246.48573104619058
162,192755.58143576744,0.36944444444444446,247.70144769078263
163,192996.5777570797,0.3861111111111111,247.85624603732938
164,201317.41249171164,0.39166666666666666,253.14288980149527
165,207212.44048046242,0.3861111111111111,256.8224451740959
166,195157.90745467742,0.375,249.24022811288935
167,200414.1928182149,0.35555555555555557,252.57438291636439
168,207258.80866805816,0.35,256.8511783070454
169,188346.58846636527,0.39166666666666666,244.85216179938863
170,188479.05734430638,0.38055555555555554,244.93825199689476
171,211979.06138582257,0.38055555555555554,259.7595636412026
172,192929.75069245242,0.41388888888888886,247.81333092548036
173,205591.8449943958,0.3972222222222222,255.8161777145489
174,197160.5855762795,0.39444444444444443,250.51579502042392
175,206639.37508266946,0.37222222222222223,256.4670660409522
176,194679.05984369325,0.375,248.93426718958034
177,193589.62672329167,0.37777777777777777,248.2367661098039
178,200360.34767931202,0.4,252.54045114703217
179,193723.46411437754,0.4166666666666667,248.32256001696095
180,193071.570924435,0.3861111111111111,247.90439642386855
181,211638.06480999943,0.3888888888888889,259.5505506097582
182,201395.55239258218,0.4083333333333333,253.19201282821797
183,187256.43744697378,0.38333333333333336,244.14253068838363
184,203420.22421940722,0.3888888888888889,254.46152640185252
185,190281.19555135258,0.39166666666666666,246.1064519651337
186,194410.4599472609,0.37222222222222223,248.76247984523513
187,200415.96187249277,0.37777777777777777,252.5754976498079
188,197005.63154124955,0.37777777777777777,250.41733197496723
189,203704.34884229794,0.3888888888888889,254.63917235008256
190,201225.307760826,0.38333333333333336,253.08497547394387
191,197723.72917360195,0.3861111111111111,250.8733101170467
192,190630.06845175076,0.36666666666666664,246.3319617753348
193,191563.32741474712,0.375,246.93420367858394
194,183219.32770548773,0.39444444444444443,241.4964251259311
195,196749.59560676865,0.4111111111111111,250.25455317395802
196,190271.3539112004,0.4222222222222222,246.10008737810304
197,200830.11891244206,0.37777777777777777,252.83633499419457
198,206030.62712734172,0.375,256.08901864640575
199,207682.91440750676,0.37222222222222223,257.11383635925046
200,191882.58270674633,0.35833333333333334,247.13988561548746
201,195530.82697779126,0.37222222222222223,249.4782461071971
202,198534.84643863485,0.3638888888888889,251.38735921561016
203,194107.4133898649,0.36944444444444446,248.56851905170515
204,188999.44323254857,0.375,245.2761530686429
205,209285.57429729463,0.36666666666666664,258.1039855067742
206,208358.87109577705,0.39444444444444443,257.5319175245661
207,198521.22571716527,0.38055555555555554,251.3787357019235
208,197750.20816970305,0.36666666666666664,250.89010792639692
209,190476.9524302808,0.38055555555555554,246.23301372626295
210,207579.94059895014,0.375,257.0500870766043
211,204131.11647205066,0.3277777777777778,254.90577170944673
212,209320.49196466076,0.33611111111111114,258.1255159282132
213,205353.9368869096,0.35555555555555557,255.6681213563113
214,188614.17976003623,0.40555555555555556,245.0260355392181
215,198926.49486463654,0.4222222222222222,251.6351921717288
216,210230.44250084515,0.3611111111111111,258.6859644913345
217,191206.1909537609,0.39166666666666666,246.70391338632587
218,195257.77270214618,0.3861111111111111,249.3039899506637
219,192516.7557088081,0.38055555555555554,247.54794807904054
220,199373.9730383962,0.39444444444444443,251.9180554582423
221,196631.75763716435,0.3611111111111111,250.17960027469167
222,182016.564477624,0.3861111111111111,240.70245516495484
223,196200.8428769705,0.38333333333333336,249.90531800130282
224,192684.45095678314,0.3611111111111111,247.6557401988491
225,189527.04872084432,0.38333333333333336,245.61826745395325
226,201378.7663466527,0.41944444444444445,253.18146100304264
227,195070.9145187386,0.41944444444444445,249.18467167590316
228,192975.23011571373,0.37222222222222223,247.84253778240662
229,188401.53107710008,0.4166666666666667,244.88787212519046
230,193125.52816809545,0.41944444444444445,247.9390346241812
231,196007.36775809698,0.4222222222222222,249.78207085830692
232,188906.2854068325,0.37777777777777777,245.21569731004485
233,195146.44715525713,0.39444444444444443,249.23290991191556
234,193586.8457369237,0.3611111111111111,248.23498309706315
235,190130.20636940785,0.3861111111111111,246.00878917133602
236,194850.59179444876,0.4222222222222222,249.0439111822155
237,187588.80274026413,0.4083333333333333,244.35910142576444
238,194908.06540396882,0.4027777777777778,249.0806377762835
239,196037.12701743658,0.41388888888888886,249.8010320009058
240,186629.48213882753,0.41388888888888886,243.73347988766332
241,195605.53826380867,0.36666666666666664,249.52590370875737
242,192267.7346553341,0.38333333333333336,247.38779423196016
243,191404.3305829106,0.3972222222222222,246.83170518175115
244,199105.63396991976,0.43333333333333335,251.74846908673874
245,184981.5163566564,0.4166666666666667,242.654992566797
246,198932.80344433026,0.37777777777777777,251.6391822085487
247,202809.38429034405,0.3888888888888889,254.0791845674574
248,192170.6973486428,0.3972222222222222,247.3253581841259
249,193477.1275666643,0.36944444444444446,248.1646277270628
250,194660.23736078426,0.37222222222222223,248.92223283351152
251,202769.5971043639,0.37222222222222223,254.0542606921269
252,199319.15371368272,0.3527777777777778,251.88341972597527
253,191611.1664305442,0.39444444444444443,246.96503513260717
254,184854.30191627055,0.3527777777777778,242.57153955802843
255,190423.0004330729,0.35,246.19813889350863
256,191073.00411264013,0.38333333333333336,246.61797621400078
257,202576.3952381641,0.37777777777777777,253.93319852233307
258,195500.56021664356,0.39444444444444443,249.4589366437433
259,192532.84445995474,0.38333333333333336,247.55829173487538
260,192789.07200278845,0.38333333333333336,247.72296535986771
261,189582.86933463518,0.36944444444444446,245.65443525469712
262,188532.5615489609,0.3472222222222222,244.97301526614774
263,187057.79290883496,0.3333333333333333,244.013001232726
264,191297.4088144835,0.375,246.76275332187456
265,198555.8045658148,0.38055555555555554,251.40062758966113
266,202462.00866534078,0.38055555555555554,253.86149557348446
267,201737.64180191723,0.37777777777777777,253.40695689138963
268,192314.78581029802,0.3888888888888889,247.41806236153425
269,194110.23847220294,0.39444444444444443,248.5703279057969
270,191085.62815241053,0.36944444444444446,246.62612300515116
271,203791.90858458893,0.3888888888888889,254.69389318697452
272,204966.10410747648,0.35,255.42657902024573
273,185043.67381162246,0.39166666666666666,242.69575758551701
274,195649.12236340754,0.3888888888888889,249.55370137798957
275,193754.7712781433,0.37777777777777777,248.34262459978993
276,197304.5352489614,0.3611111111111111,250.60723085865382
277,189430.2295000983,0.37222222222222223,245.55552282924862
278,202582.80118137941,0.36944444444444446,253.9372134738002
279,186954.3294448513,0.35555555555555557,243.94550893008363
280,178490.7814522963,0.3277777777777778,238.35977078554237
281,212151.1725429649,0.3138888888888889,259.8649949221882
282,186277.342563423,0.35555555555555557,243.5034285384544
283,198637.31938747223,0.3527777777777778,251.45222712491446
284,201845.7959256674,0.35833333333333334,253.47487514105975
285,193776.90208448627,0.35555555555555557,248.35680712950145
286,185952.73825499543,0.3611111111111111,243.29117318454408
287,188114.63002329934,0.3527777777777778,244.70134137806093
288,189689.99270612255,0.3277777777777778,245.72382869491912
289,181833.37272769,0.32222222222222224,240.58129639971142
290,185481.2114394903,0.3333333333333333,242.98251645444734
291,193733.99784946212,0.35,248.3293112087114
292,192435.55248128573,0.3527777777777778,247.49573492897397
293,188384.93293497834,0.38333333333333336,244.87708459811833
294,185569.55414699123,0.37777777777777777,243.04037454650526
295,195591.6095256151,0.36666666666666664,249.51701939267184
296,195181.4192677661,0.375,249.25524137380413
297,202982.60062177034,0.34444444444444444,254.18766394379873
298,193577.81399398114,0.35833333333333334,248.2291923608727
299,201349.96066684325,0.3611111111111111,253.1633525275205
300,209637.63206480042,0.35,258.3209840535337
301,193859.43668110901,0.34444444444444444,248.40969229403586
302,198569.04616265904,0.39166666666666666,251.40901034700383
303,195432.6418207387,0.3638888888888889,249.41560090450812
304,198596.32317579412,0.3388888888888889,251.42627751809542
305,207859.33911912795,0.36944444444444446,257.22302108724165
306,184727.38399510487,0.35555555555555557,242.48825244640457
307,204473.66416260423,0.3194444444444444,255.1195577904234
308,200469.51958375107,0.3472222222222222,252.60924361951405
309,211443.38441470487,0.3194444444444444,259.43114621679524
310,212801.5099059289,0.3111111111111111,260.2629908340697
311,205826.03825773406,0.3111111111111111,255.9618385843481
312,211485.37518281693,0.3333333333333333,259.4569052925336
313,225197.42502421467,0.2972222222222222,267.7360019279075
314,196313.76737187032,0.3138888888888889,249.97722485948836
315,213440.8009056803,0.32222222222222224,260.65363424142816
316,212585.98093744434,0.30833333333333335,260.1311580654409
317,198395.02191780036,0.2972222222222222,251.29881982628905
318,193688.591669774,0.28888888888888886,248.3002085571103
319,192433.17200093527,0.2777777777777778,247.49420412931596
320,203262.43364702392,0.2833333333333333,254.36281591385264
321,197270.77523571148,0.275,250.58578972612847
322,188247.2139129354,0.2972222222222222,244.78755939598352
323,210127.1332552581,0.2861111111111111,258.6223963051294
324,211636.78216377954,0.2833333333333333,259.5497640970925
325,195432.64350670137,0.275,249.41560198034014
326,,0.21944444444444444,
327,,0.23333333333333334,
328,,0.24444444444444444,
329,,0.24444444444444444,
330,228156.66019001228,0.3,269.4893699891642
331,212525.98029994898,0.2916666666666667,260.0944455392604
332,223333.59376892922,0.2777777777777778,266.6257504698389
333,239065.38428248133,0.29444444444444445,275.85662084032134
334,212504.12960085928,0.2611111111111111,260.0810744880047
335,212018.92317027153,0.2833333333333333,259.7839858481253
336,211356.43255154256,0.29444444444444445,259.37779779636793
337,191636.28406174338,0.29444444444444445,246.9812214893637
338,209138.35160756248,0.29444444444444445,258.013187447597
339,199519.83385811525,0.32222222222222224,252.0101894899996
340,205401.5185219263,0.32222222222222224,255.69773949468566
341,213396.9476436759,0.3194444444444444,260.6268560920513
342,201027.943145066,0.3333333333333333,252.96083037155674
343,208121.59162377016,0.31666666666666665,257.3852368379967
344,195774.44081145016,0.32222222222222224,249.63361146365682
345,225609.01508171464,0.3138888888888889,267.9805588334678
346,204525.36148982876,0.31666666666666665,255.1518068474649
347,208739.51263663062,0.33055555555555555,257.7670469812343
348,211473.4108988236,0.2916666666666667,259.4495661089117
349,215573.62906528087,0.3138888888888889,261.9527005625181
350,213768.2034908086,0.32222222222222224,260.85346944764353
351,207617.42611163674,0.3138888888888889,257.0732955313847
352,186434.7379982705,0.3055555555555556,243.60628118530587
353,202371.74839514686,0.31666666666666665,253.80490184090993
354,209204.60018904973,0.30833333333333335,258.05404952316064
355,214433.7250950771,0.3,261.2592096538996
356,215231.04952411758,0.2972222222222222,261.74447630702673
357,207339.14517221507,0.3194444444444444,256.9009530951807
358,209302.70450481007,0.3,258.1145483092452
359,197383.17626139952,0.3111111111111111,250.6571689985371
360,205341.047062757,0.3055555555555556,255.66009723734086
361,203272.80076064027,0.28055555555555556,254.36930253939795
362,210565.38624221893,0.3055555555555556,258.8919545466924
363,205353.2209185248,0.3333333333333333,255.66767566129758
364,212466.59999750904,0.3111111111111111,260.0581074742029
365,205776.9473610854,0.32222222222222224,255.93131245268717
366,212330.47867481562,0.30833333333333335,259.9747882013376
367,213860.2070517919,0.29444444444444445,260.90959768835216
368,202899.53452081647,0.30833333333333335,254.13564830630352
369,220900.16446549344,0.2916666666666667,265.1692029798933
370,213617.3456293302,0.3111111111111111,260.761410055544
371,210922.45292242075,0.2861111111111111,259.11136984575126
372,213599.8812197363,0.29444444444444445,260.7507504877512
373,209109.53385940832,0.2916666666666667,257.9954106621546
374,212324.9935774648,0.30833333333333335,259.97143023727995
375,204009.70869953322,0.29444444444444445,254.8299573373129
376,210499.76890381088,0.26944444444444443,258.85161286243954
377,215376.79570352606,0.2722222222222222,261.83308294984215
378,206633.8578183645,0.2833333333333333,256.46364218711625
379,212078.61185767103,0.2777777777777778,259.82055115489146
380,213084.56886364412,0.30277777777777776,260.4360283495904
381,213639.05304527868,0.30277777777777776,260.77465877507245
382,208561.66466212287,0.2722222222222222,257.657213640337
383,208912.67558830537,0.30833333333333335,257.8739420508879
384,209805.88904442155,0.2861111111111111,258.42462859104364
385,215723.2356161302,0.2777777777777778,262.04358144432666
386,204140.9923048693,0.29444444444444445,254.91193778638348
387,215652.69288823407,0.3,262.0007330685961
388,199869.80336172768,0.2833333333333333,252.23111298895734
389,206730.36759755388,0.3,256.52352675867877
390,203049.89730298528,0.30277777777777776,254.2297970343831
391,219641.89072201363,0.30833333333333335,264.4129067139438
392,219973.08106746434,0.31666666666666665,264.61218112188703
393,219205.76370408427,0.29444444444444445,264.1502634779643
394,204971.4395045367,0.30277777777777776,255.42990345614746
395,198199.1087572246,0.3,251.17471160576838
396,208847.65084705615,0.30833333333333335,257.8338068812515
397,211964.7182518677,0.2916666666666667,259.75077544009616
398,200044.20166699105,0.3,252.34113232754424
399,213980.12196647524,0.28888888888888886,260.98273557601925
400,211175.3177843807,0.2916666666666667,259.26664145001774
401,212095.96577171618,0.2972222222222222,259.83118120201846
402,212024.0756266748,0.28055555555555556,259.78714244733186
403,213425.5443372899,0.2861111111111111,260.6443184240092
404,216349.63474591647,0.26944444444444443,262.4237558070484
405,203538.00865750047,0.2777777777777778,254.53518493490125
406,214422.36405146128,0.2833333333333333,261.25228859567903
407,207134.93152608795,0.2722222222222222,256.7744077566071
408,209883.89209140884,0.3055555555555556,258.47266355153954
409,201297.14532711287,0.30833333333333335,253.13014719348476
410,214858.54983337555,0.30833333333333335,261.51787805631204
411,208909.8319493019,0.2972222222222222,257.8721870044482
412,207403.33284196563,0.3,256.94071547939797
413,199750.8433873078,0.30277777777777776,252.15603943536658
414,211867.68604049372,0.2861111111111111,259.69131489053046
415,209799.38395705368,0.28888888888888886,258.42062229783284
416,209374.19267523848,0.33611111111111114,258.1586245707825
417,211962.9686794413,0.31666666666666665,259.74970343684964
418,208986.07994289935,0.33611111111111114,257.9192418580298
419,210298.04361817747,0.325,258.7275523186039
420,213840.27217970794,0.3388888888888889,260.8974371262272
421,202548.70747040215,0.31666666666666665,253.91584436891216
422,193922.06852841732,0.33055555555555555,248.4498169888756
423,203047.2449347222,0.3111111111111111,254.2281365724567
424,202350.5513068409,0.3111111111111111,253.7916093091098
425,198805.04341772667,0.3111111111111111,251.5583644863755
426,201107.6646411577,0.3138888888888889,253.0109836402658
427,205851.14535870275,0.31666666666666665,255.97744949493426
428,210868.51785168762,0.3194444444444444,259.0782389879847
429,207922.65769715593,0.3277777777777778,257.2621960308451
430,219275.39243074684,0.3138888888888889,264.19221261713426
431,199706.98904258542,0.3,252.12835808820256
432,207573.3308736577,0.3138888888888889,257.0459945713691
433,197879.07296639448,0.3333333333333333,250.97184143661823
434,207253.92574453767,0.33055555555555555,256.84815264059733
435,208559.3330490092,0.3194444444444444,257.6557733981473
436,209713.85006463877,0.31666666666666665,258.3679386944899
437,220306.87870193674,0.30833333333333335,264.81287258197943
438,217369.93711383812,0.32222222222222224,263.0418216605176
439,221893.1118301464,0.3194444444444444,265.76450321971333
440,226978.08463260002,0.32222222222222224,268.792426019815
441,215817.50958499665,0.32222222222222224,262.10083348297354
442,216611.77466736262,0.3138888888888889,262.58269048137413
443,216089.00444394953,0.3055555555555556,262.26564092561233
444,221549.25583638353,0.29444444444444445,265.5585028000097
445,201755.917600095,0.31666666666666665,253.41843494148665
446,214589.1687800739,0.33055555555555555,261.35388631252374
447,198404.7508274151,0.32222222222222224,251.30498135571816
448,213202.88213236444,0.35,260.50832068402167
449,222699.5818484733,0.3333333333333333,266.2470254319573
450,211950.0455784314,0.2916666666666667,259.7417850187369
451,213401.30991256432,0.32222222222222224,260.6295199507151
452,210979.86397499486,0.3194444444444444,259.1466312514061
453,214575.34411741424,0.325,261.3454674637803
454,217275.2617331475,0.34444444444444444,262.9845315466891
455,214507.03036568224,0.33055555555555555,261.3038622395835
456,201643.54621150653,0.325,253.34785225906413
457,206153.7820306039,0.32222222222222224,256.16554587711346
458,224439.92167092385,0.30277777777777776,267.28532679922904
459,212059.69189128253,0.33611111111111114,259.80896133521617
460,239897.23276778864,0.325,276.33613744517953
461,224660.7962719948,0.3194444444444444,267.41681415217414
462,218184.67090019427,0.34444444444444444,263.53431989266346
463,219193.7753751451,0.33055555555555555,264.1430402109013
464,216238.2932794664,0.33611111111111114,262.35622066641395
465,226330.15070781842,0.3333333333333333,268.40850305414295
466,212476.78380182828,0.35833333333333334,260.0643398635381
467,201007.15568919678,0.33611111111111114,252.9477512245478
468,209213.7326486605,0.3611111111111111,258.0596819099821
469,208797.2009883337,0.3611111111111111,257.8026634503425
470,206734.57619426146,0.3333333333333333,256.52613788588786
471,211840.74197873328,0.34444444444444444,259.6748013734493
472,212334.9204905068,0.3611111111111111,259.9775074389657
473,213332.59442603696,0.3638888888888889,260.58755505788184
474,225834.05195283252,0.34444444444444444,268.1141760025575
475,204457.8004943812,0.35833333333333334,255.10966113566664
476,212417.48915862042,0.35,260.0280500206219
477,222318.43483396334,0.3611111111111111,266.0190889552052
478,215231.15479681414,0.35833333333333334,261.74454031857044
479,218963.85249850346,0.3472222222222222,264.00446770303523
480,213175.01130853643,0.3472222222222222,260.4912927275085
481,206419.64244034438,0.35,256.33067099214793
482,207966.0575344967,0.34444444444444444,257.28904388624346
483,213061.991808532,0.375,260.42223093020607
484,204204.2860913701,0.3638888888888889,254.95145236688936
485,206476.9158374633,0.3638888888888889,256.3662294059088
486,223920.4854904107,0.3527777777777778,266.97584956447236
487,215842.7027565263,0.35833333333333334,262.11613103361583
488,194037.4525650745,0.3638888888888889,248.52372007794656
489,191526.80506831518,0.36944444444444446,246.91066303916577
490,212535.19088804076,0.3611111111111111,260.10008154866557
491,211615.01498402478,0.37222222222222223,259.53641620078304
492,204688.88869748364,0.3638888888888889,255.25378912835478
493,204989.3474109261,0.3472222222222222,255.44106138845692
494,220412.78188829677,0.3527777777777778,264.8765137121757
495,214066.47424914403,0.3861111111111111,261.03539042438365
496,222531.26591760703,0.3333333333333333,266.1463919097314
497,211943.4128471405,0.3388888888888889,259.7377208277178
498,208180.79989186072,0.34444444444444444,257.4218458469069
499,219782.72189787828,0.3472222222222222,264.4976619792269
500,207556.05308580806,0.3527777777777778,257.0352964759906
501,221691.01343382473,0.38333333333333336,265.64344760240175
502,209899.41237978608,0.3638888888888889,258.48222001649214
503,214016.42180481076,0.3333333333333333,261.0048713456349
504,224818.55606016447,0.34444444444444444,267.51068949018673
505,219293.6813060722,0.34444444444444444,264.2032299904002
506,210226.1995412846,0.36666666666666664,258.68335402348015
507,211764.26522851066,0.375,259.6279244663048
508,200196.10297207077,0.375,252.43692034145536
509,198270.8661830436,0.3638888888888889,251.2201760374477
510,205348.1865636074,0.38333333333333336,255.66454172041475
511,198071.7380340415,0.3638888888888889,251.0939911464258
512,198840.42271643798,0.38333333333333336,251.58074712427063
513,207816.2636898262,0.35833333333333334,257.1963670860248
514,226565.7984894851,0.33055555555555555,268.54819591709725
515,216673.8947904267,0.3861111111111111,262.6203396344985
516,216970.1038949059,0.36944444444444446,262.7997889574357
517,200433.20929063644,0.37222222222222223,252.58636550050437
518,206127.07720180825,0.4027777777777778,256.1489537037093
519,195234.56879241255,0.3861111111111111,249.28917620196486
520,199165.48736652554,0.3861111111111111,251.78630545638885
521,196977.5241881074,0.38055555555555554,250.39946746165685
522,211513.04058573142,0.38333333333333336,259.4738751304872
523,204295.74838765385,0.38333333333333336,255.0085418512612
524,199843.53482615383,0.37222222222222223,252.21453729925923
525,209952.61535932962,0.36944444444444446,258.51497654684806
526,209118.2738768761,0.38055555555555554,258.00080224041784
527,200469.61692679676,0.4166666666666667,252.60930494991035
528,199847.35993429576,0.3888888888888889,252.2169510457549
529,203698.23546914748,0.4027777777777778,254.6353513321026
530,208135.17048801444,0.3861111111111111,257.39363323299926
531,209209.06860293963,0.39166666666666666,258.0568054045825
532,200824.86801880985,0.3888888888888889,252.83302964989
533,208946.55294650322,0.39166666666666666,257.89484967113407
534,206175.9597612689,0.4083333333333333,256.1793244690979
535,199325.16952575548,0.4166666666666667,251.88722084557608
536,201671.28176994133,0.4083333333333333,253.36527533726718
537,198566.59394616165,0.42777777777777776,251.4074579619819
538,206351.36312421644,0.4222222222222222,256.28827306363314
539,186836.27155015597,0.4,243.86847342806317
540,204868.83299698553,0.4111111111111111,255.36596271601368
541,208630.08968710096,0.4222222222222222,257.6994763339948
542,206237.19253747165,0.4111111111111111,256.21736335281247
543,213949.01414507232,0.375,260.9637644226727
544,192617.16944025338,0.36944444444444446,247.6124982337745
545,194484.5633335479,0.3472222222222222,248.80988569429041
546,211215.45373280664,0.3861111111111111,259.2912783684545
547,206879.5188839637,0.39166666666666666,256.6160480361894
548,193789.624105705,0.38333333333333336,248.36495967162224
549,196402.0875711778,0.3972222222222222,250.03345004427007
550,210477.10993254592,0.38055555555555554,258.8376806164858
551,196349.0985933899,0.3861111111111111,249.99971845094512
552,196485.2409750732,0.3861111111111111,250.0863744620451
553,199659.01561775286,0.3861111111111111,252.09807325097628
554,199256.18346173706,0.39444444444444443,251.84362822815677
555,193127.01790063642,0.39444444444444443,247.93999089894007
556,205040.40980950263,0.39166666666666666,255.47287431259818
557,208022.60682405354,0.375,257.32402200692405
558,209904.91009926665,0.3972222222222222,258.4856050984588
559,202737.40877310152,0.4111111111111111,254.03409517575113
560,194429.38881782535,0.4083333333333333,248.77458999139355
561,192586.37797936404,0.40555555555555556,247.59270598133511
562,204824.63760993286,0.40555555555555556,255.33841678300956
563,203346.84380296522,0.40555555555555556,254.41562590917036
564,204352.45899915535,0.4027777777777778,255.04393340246088
565,196290.64175725382,0.39444444444444443,249.96250086101855
566,199817.62311415386,0.3972222222222222,252.19818570120978
567,197241.0034508758,0.4,250.56688001255264
568,200856.56724508666,0.4083333333333333,252.8529830930425
569,201760.64142401906,0.425,253.42140163776247
570,203986.15552236472,0.39166666666666666,254.81524669335025
571,192002.0809080648,0.37222222222222223,247.21682895971517
572,202491.6353512424,0.38055555555555554,253.8800689337854
573,196804.99474195295,0.3888888888888889,250.2897830050451
574,211149.3763010249,0.375,259.2507163696132
575,212991.33563679896,0.4027777777777778,260.3790464009787
576,195058.1402988089,0.4027777777777778,249.17651261251677
577,206972.6463393732,0.4027777777777778,256.67379979157175
578,201120.45063299267,0.39444444444444443,253.01902645892184
579,210941.04531120072,0.375,259.12278966640145
580,198384.55926381575,0.40555555555555556,251.2921934320417
581,210748.167962447,0.4111111111111111,259.00429602145385
582,209021.98148393343,0.38333333333333336,257.9413947703262
583,201860.24600767225,0.4027777777777778,253.48394807508845
584,206467.20734019336,0.4222222222222222,256.3602021943774
585,198874.57993102775,0.38055555555555554,251.60235472406578
586,209807.74052474662,0.39166666666666666,258.42576885231546
587,211766.56874074152,0.4083333333333333,259.6293365423047
588,209411.9133523768,0.3888888888888889,258.18187834301017
589,209957.56661159015,0.38333333333333336,258.51802477111903
590,202508.63344473258,0.4166666666666667,253.8907246494598
591,209284.80869097024,0.4111111111111111,258.1035134096767
592,196822.626706025,0.4222222222222222,250.30099461486273
593,217317.1343860275,0.3972222222222222,263.0098711307314
594,213985.32071080687,0.39166666666666666,260.9859059038608
595,199974.71897487994,0.37777777777777777,252.29730485387586
596,202595.08733317026,0.3861111111111111,253.9449136927467
597,204342.6740978903,0.38333333333333336,255.03782726213555
598,190649.19689528225,0.38333333333333336,246.34432034201316
599,196981.29930117508,0.39444444444444443,250.4018669277293
600,207110.8644179378,0.38055555555555554,256.759489951784
601,190368.64244113557,0.37777777777777777,246.1629966270329
602,199936.6720688483,0.38055555555555554,252.27330284871798
603,205121.31062976757,0.375,255.52326907824127
604,204673.98390417275,0.37222222222222223,255.24449557496874
605,201002.73230074873,0.39444444444444443,252.94496800941164
606,204047.60671770424,0.3888888888888889,254.85362557826664
607,204702.50193668462,0.38055555555555554,255.2622770661644
608,210582.19155517567,0.3611111111111111,258.90228547902234
609,199325.3221445897,0.36944444444444446,251.8873172777696
610,209733.57425966152,0.3611111111111111,258.3800885353058
611,193419.95967059702,0.38333333333333336,248.12796164161168
612,204086.57371071773,0.3888888888888889,254.87795912847852
613,200610.30051055277,0.3888888888888889,252.69792623369528
614,217710.52046353865,0.39166666666666666,263.2478128869503
615,206919.75749285208,0.4,256.64100306990565
616,199670.22923614839,0.39166666666666666,252.10515255037885
617,197294.11188039478,0.4,250.60061112730855
618,202415.81329312726,0.40555555555555556,253.83253237348194
619,203734.81224842684,0.4222222222222222,254.65821192035554
620,203979.8136638357,0.4083333333333333,254.81128560392762
621,204495.27936139362,0.40555555555555556,255.13304195781402
622,210578.3317801749,0.3972222222222222,258.8999127495411
623,205876.51170065373,0.3888888888888889,255.9932206277169
624,211420.7628892521,0.4111111111111111,259.4172680685849
625,205191.50267721384,0.40555555555555556,255.56698508035993
626,206231.40890004282,0.4,256.2137706964546
627,201297.01710038166,0.3972222222222222,253.13006657123736
628,196301.5349710148,0.38055555555555554,249.96943664041638
629,211628.65370737747,0.39444444444444443,259.54477971021527
630,204268.2111127408,0.38055555555555554,254.99135481475258
631,210576.91061824132,0.375,258.89903910950824
632,206720.8682463521,0.38055555555555554,256.5176330066039
633,200357.69643169316,0.3861111111111111,252.53878028377886
634,195681.86726431042,0.39166666666666666,249.57458383644413
635,205715.18178602,0.3972222222222222,255.89289966817336
636,194894.60351202314,0.3861111111111111,249.0720358887105
637,203652.52147622124,0.3861111111111111,254.60677707425222
638,202671.84253593613,0.39166666666666666,253.9930139398975
639,198645.1769032995,0.37777777777777777,251.45720043587582
640,195788.02641543557,0.3611111111111111,249.64227287149566
641,204229.73210731646,0.3638888888888889,254.96733669712668
642,201847.30540731823,0.3638888888888889,253.47582293131688
643,202665.9634580235,0.38333333333333336,253.98933001536057
644,212858.00699959157,0.3527777777777778,260.29753740930494
645,205764.17704426343,0.3638888888888889,255.92337090555222
646,208097.12529501697,0.34444444444444444,257.37010756463326
647,211696.5407289199,0.35833333333333334,259.5864052390354
648,207291.27633143656,0.38055555555555554,256.87129574156836
649,210230.61539652967,0.37222222222222223,258.68607086431547
650,200246.2330202709,0.37777777777777777,252.46852406075348
651,196109.52876020293,0.4,249.8471568363687
652,207757.18695436756,0.37222222222222223,257.1598073830925
653,194905.45385860177,0.39444444444444443,249.0789690727252
654,206734.81246778404,0.38055555555555554,256.5262844755828
655,207171.3174740282,0.40555555555555556,256.7969596504287
656,208307.37218640491,0.37777777777777777,257.5000891881381
657,210484.28897038978,0.37222222222222223,258.8420948486565
658,207226.74147136707,0.36944444444444446,256.83130746073124
659,199253.57107799698,0.39166666666666666,251.84197730233748
660,204448.1743077316,0.38055555555555554,255.10365558803315
661,204371.34110259922,0.4,255.0557161202176
662,200161.7095559622,0.3972222222222222,252.41523525158163
663,199977.6255610347,0.375,252.29913838861535
664,197604.2840451029,0.4027777777777778,250.79752224419232
665,206916.88802594875,0.4027777777777778,256.6392235747371
666,196501.32065108573,0.39444444444444443,250.09660735686052
667,203214.24611421925,0.40555555555555556,254.3326631629173
668,207180.34841049367,0.36944444444444446,256.80255668910763
669,201578.08279272358,0.3861111111111111,253.3067243302052
670,207589.18073908397,0.4111111111111111,257.05580813131644
671,202234.04183733222,0.36944444444444446,253.71853467913846
672,204837.06838708083,0.375,255.34616489094378
673,223201.7373999906,0.3888888888888889,266.5470307990981
674,198297.53109502274,0.375,251.23706843016495
675,206266.4728511595,0.4,256.235550805864
676,196298.06462400896,0.3972222222222222,249.96722706900334
677,202061.92332965875,0.37777777777777777,253.6105435843343
678,190230.62755253346,0.3888888888888889,246.07374789871025
679,202400.30848347372,0.4166666666666667,253.8228105528316
680,202134.7586759979,0.39444444444444443,253.6562477605172
681,209265.7571397441,0.39166666666666666,258.09176534193557
682,193228.01864035605,0.40555555555555556,248.00481572124988
683,200766.1771361473,0.39444444444444443,252.79608184020933
684,201193.90731045,0.3972222222222222,253.06522822557324
685,204901.1348339235,0.3861111111111111,255.3860938029237
686,197724.71771429956,0.38055555555555554,250.8739372500875
687,199275.4226759576,0.35555555555555557,251.85578633656772
688,193713.80529633586,0.3888888888888889,248.31636940827252
689,197194.04364001445,0.37777777777777777,250.5370503282388
690,206346.3920529592,0.3888888888888889,256.28518601123494
691,206877.0675447705,0.4083333333333333,256.6145276951644
692,198561.2856003713,0.4111111111111111,251.40409746056517
693,202854.47474199996,0.39166666666666666,254.1074276108407
694,199281.427795953,0.3888888888888889,251.85958111668714
695,204313.24677629615,0.3888888888888889,255.01946264393933
696,193952.63587315832,0.38055555555555554,248.4693974110921
697,199025.86883634696,0.35,251.69803665687908
698,208672.3516445044,0.3638888888888889,257.72557595563956
699,205969.98294907092,0.36666666666666664,256.0513265534785
700,203343.91349800696,0.4027777777777778,254.41379278985087
701,195877.62616535646,0.39444444444444443,249.69938904740178
702,208125.33790503064,0.38333333333333336,257.38755335197015
703,206202.20563540404,0.38333333333333336,256.1956295619659
704,209689.33701983085,0.3888888888888889,258.35283818982305
705,215424.62820162857,0.3972222222222222,261.86215626555475
706,195471.80205683986,0.38055555555555554,249.44058824668684
707,203964.95554732534,0.38055555555555554,254.80200506619067
708,204422.33819325414,0.4083333333333333,255.08753635510908
709,201989.52170847676,0.4222222222222222,253.5651034060948
710,210517.64221766216,0.39444444444444443,258.86260203819324
711,218291.21987635113,0.4,263.59865962057194
712,198077.17088447115,0.40555555555555556,251.0974347137845
713,214105.73533267906,0.39444444444444443,261.0593270600418
714,206635.01182591403,0.3861111111111111,256.46435833443394
715,189447.18447403298,0.38055555555555554,245.56651182066548
716,203996.70538773373,0.37777777777777777,254.82183594393516
717,196365.40340967805,0.3861111111111111,250.0100982155896
718,194093.6796285537,0.39444444444444443,248.5597253610449
719,208663.7551658199,0.41388888888888886,257.7202672618405
720,204690.6692783264,0.41388888888888886,255.25489934743274
721,208669.53287642685,0.4027777777777778,257.72383525766526
722,209579.559626314,0.39444444444444443,258.28520238507855
723,200508.02253453748,0.39444444444444443,252.6335010086856
724,218113.45321782178,0.4027777777777778,263.4913062492165
725,196911.21281105635,0.3861111111111111,250.35731612677017
726,206064.18849543782,0.37222222222222223,256.10987561306183
727,198989.90350794836,0.38333333333333336,251.67529385567136
728,206305.76359023078,0.4027777777777778,256.25995420171756
729,206682.653649964,0.39166666666666666,256.49392187629684
730,202775.7253295649,0.4083333333333333,254.05809975375595
731,207192.64489295034,0.39444444444444443,256.8101773956663
732,213067.24000684495,0.4027777777777778,260.425438304466
733,210873.55980762988,0.39166666666666666,259.08133630490914
734,203567.713021602,0.3972222222222222,254.55375770669875
735,221667.39975644354,0.3861111111111111,265.6292995645066
736,205408.81278051288,0.4,255.70227964825153
737,211321.53433317167,0.37777777777777777,259.35638326784226
738,209792.80011508855,0.39444444444444443,258.41656743872403
739,202075.5519964476,0.38333333333333336,253.61909619844465
740,209960.1766712583,0.3861111111111111,258.5196316324097
741,214633.6746690157,0.3972222222222222,261.3809873634713
742,202403.28761015667,0.4083333333333333,253.82467855276408
743,204801.68280143742,0.39166666666666666,255.32410842451668
744,206518.36950767293,0.42777777777777776,256.39196300361954
745,221752.8442566699,0.36944444444444446,265.68048971701415
746,211287.95811933232,0.375,259.33577828940264
747,214832.05835436357,0.3611111111111111,261.5017553352309
748,215462.91246118792,0.38333333333333336,261.8854236920199
749,215723.48572127408,0.38055555555555554,262.0437333482893
750,213338.95314937664,0.38333333333333336,260.5914386459139
751,204410.59161650465,0.3638888888888889,255.0802072921592
752,219262.24729331816,0.36944444444444446,264.1842935913077
753,212157.86244142472,0.39444444444444443,259.86909213434024
754,204636.41333841652,0.38333333333333336,255.22106778009237
755,204719.98589870636,0.4,255.2731780092935
756,207955.59846164385,0.40555555555555556,257.28257398745046
757,192651.37607103543,0.37777777777777777,247.63448384730657
758,202408.95731043513,0.40555555555555556,253.8282335833907
759,222760.1308705672,0.3611111111111111,266.2832174653457
760,217270.12677999528,0.37222222222222223,262.98142391902525
761,212166.61054168222,0.3611111111111111,259.87444978974656
762,203906.67450460134,0.3972222222222222,254.7655988426909
763,209347.9795743559,0.38333333333333336,258.1424636729102
764,199149.44085501277,0.4,251.77616219992842
765,212592.2082444401,0.4,260.13496806436547
766,209346.21754696837,0.4111111111111111,258.1413773117022
767,212698.67726568787,0.3888888888888889,260.20009944633756
768,215657.65604694322,0.39166666666666666,262.0037479712181
769,205392.33622538,0.38055555555555554,255.69202405809136
770,211463.48834000828,0.3972222222222222,259.44347921182253
771,209438.42373691197,0.40555555555555556,258.19822002138005
772,217170.90697110884,0.39166666666666666,262.921369767473
773,195742.20984131852,0.39166666666666666,249.6130616293021
774,203017.28316833594,0.39444444444444443,254.20937885659416
775,212092.44049931393,0.4,259.82902185048346
776,200674.29883831568,0.4083333333333333,252.73823063247923
777,203666.9239233396,0.38333333333333336,254.61577989873484
778,214588.33775315975,0.40555555555555556,261.35338024708443
779,198103.43701817948,0.3861111111111111,251.1140826195824
780,202291.60692545786,0.37777777777777777,253.75464207848222
781,211074.78425535222,0.37777777777777777,259.2049200007387
782,206699.94230001225,0.38055555555555554,256.5046492906376
783,204472.85786386047,0.40555555555555556,255.1190547848589
784,204915.0975220749,0.3888888888888889,255.39479511061307
785,204732.529931392,0.38333333333333336,255.280998706486
786,198785.4777935026,0.38333333333333336,251.54598548066767
787,210473.48945634917,0.4111111111111111,258.83545443689854
788,201566.7932595253,0.3888888888888889,253.29963091341284
789,195790.51380119403,0.38333333333333336,249.64385865453204
790,197965.5490050132,0.3638888888888889,251.02667462263327
791,215513.92483271117,0.36666666666666664,261.9164234723022
792,202293.64480500948,0.36944444444444446,253.7559202335716
793,200368.0635223493,0.38333333333333336,252.545313745208
794,197152.4649102119,0.39166666666666666,250.51063583493482
795,207570.65436016166,0.375,257.0443373515122
796,204266.16855524064,0.3861111111111111,254.99007993256848
797,200159.7871541096,0.3638888888888889,252.41402311994554
798,209083.28443459072,0.3888888888888889,257.9792171305815
799,211041.01650093874,0.3638888888888889,259.18418536346945
800,225364.60685382754,0.3972222222222222,267.8353642771928
801,212465.66950253234,0.37777777777777777,260.0575380128674
802,207319.19792222258,0.3861111111111111,256.88859510367024
803,203931.29296419167,0.3888888888888889,254.78097780789116
804,208125.42740317187,0.3611111111111111,257.3876086929136
805,189789.69924762388,0.3861111111111111,245.78839998333328
806,209048.9833123943,0.39444444444444443,257.95805489459985
807,201996.261946238,0.3888888888888889,253.56933400878387
808,206106.0549681617,0.37777777777777777,256.1358914691685
809,207979.843672967,0.3972222222222222,257.29757163266174
810,201979.0317862395,0.39166666666666666,253.55851912209562
811,195338.75727888985,0.36944444444444446,249.3556849095816
812,196520.35588262728,0.39444444444444443,250.10872058726207
813,194693.93731097615,0.38055555555555554,248.94377884600954
814,205029.42699159606,0.3611111111111111,255.4660321256483
815,210565.8875100559,0.3611111111111111,258.89226270306875
816,194462.29857038995,0.3888888888888889,248.79564329983583
817,200657.61320799708,0.3888888888888889,252.7277230977018
818,191701.09533402498,0.36666666666666664,247.0229824066609
819,189258.59300639678,0.36666666666666664,245.4442527320013
820,202859.272969093,0.35555555555555557,254.11043286358498
821,194992.01366096226,0.35,249.13427238172
822,207032.9421681637,0.3416666666666667,256.7111845203545
823,197165.40311591924,0.3527777777777778,250.51885562809332
824,201485.38340068274,0.3527777777777778,253.24847375249618
825,195367.62218301356,0.36666666666666664,249.37410767975265
826,195358.66132171694,0.3472222222222222,249.36838863483365
827,196612.29677728045,0.3527777777777778,250.16721969416741
828,199507.92944533358,0.35555555555555557,252.00267124478634
829,205118.97959472812,0.3388888888888889,255.5218171681886
830,186843.9423403155,0.33611111111111114,243.87347953493543
831,202339.9286018315,0.3472222222222222,253.78494763024327
832,199734.90271243968,0.35,252.1459778567312
833,194786.74978165902,0.325,249.0031087217796
834,198893.66449372427,0.35555555555555557,251.61442666841347
835,197114.875170124,0.33611111111111114,250.48675310390024
836,198044.65891404773,0.35555555555555557,251.0768265655717
837,193213.80851772826,0.3472222222222222,247.99569633042992
838,198573.67166251253,0.3333333333333333,251.41193851126437
839,210175.63401532525,0.32222222222222224,258.6522417108041
840,203994.69678415134,0.325,254.82058142045767
841,205301.22505453526,0.3388888888888889,255.63530581768615
842,205310.68285666656,0.3416666666666667,255.6411940443517
843,198113.51534268196,0.3416666666666667,251.12047013375823
844,209736.22764638794,0.3194444444444444,258.38172294250876
845,200361.30058674986,0.3416666666666667,252.5410516834929
846,201502.91436758023,0.3472222222222222,253.25949091405553
847,205369.99807003548,0.3333333333333333,255.67811934390926
848,207398.27083853586,0.34444444444444444,256.937579939816
849,196945.55547804033,0.33055555555555555,250.37914719205043
850,203893.67914313928,0.3277777777777778,254.7574803644576
851,224375.83513664143,0.3388888888888889,267.24716377304605
852,215076.3991338756,0.33611111111111114,261.6504235217736
853,199744.25896823453,0.35,252.15188347114193
854,205880.41910867306,0.34444444444444444,255.99564991216715
855,190551.56581184128,0.34444444444444444,246.28123604064987
856,221175.64760281576,0.33055555555555555,265.3344968432836
857,204732.82844403185,0.3138888888888889,255.2811848141287
858,206430.12653001654,0.3277777777777778,256.33718044925723
859,186549.27265064552,0.3277777777777778,243.68109845676565
860,209067.90262150392,0.3416666666666667,257.96972746455106
861,207617.20173206594,0.3194444444444444,257.0731566171992
862,207110.04287020155,0.34444444444444444,256.75898070668114
863,204108.33763678392,0.33055555555555555,254.89154894254028
864,202344.62015644752,0.3388888888888889,253.78788980544593
865,194534.96669478496,0.3194444444444444,248.84212486511305
866,198875.5402344823,0.3277777777777778,251.60296217806726
867,212929.5949254841,0.3138888888888889,260.3413050706543
868,214586.17762681955,0.3277777777777778,261.35206480341344
869,208047.88078808083,0.3277777777777778,257.3396534823828
870,196033.4068706796,0.33055555555555555,249.7986617842993
871,197288.61502213715,0.3333333333333333,250.5971200813253
872,208160.7594639871,0.3472222222222222,257.4094552515761
873,195650.95746239639,0.35,249.55487172484746
874,207256.11967993507,0.3638888888888889,256.8495121004014
875,199128.40801779705,0.33611111111111114,251.7628663884021
876,224329.81634292717,0.3527777777777778,267.2197565820084
877,203051.09731510546,0.3638888888888889,254.23054827432722
878,207719.92396593885,0.36666666666666664,257.1367444681986
879,205611.95372023963,0.3472222222222222,255.82868796660847
880,200563.39928469184,0.3416666666666667,252.66838504044077
881,193501.74406321233,0.34444444444444444,248.18041447528876
882,200536.76928278676,0.33055555555555555,252.65161033737533
883,196800.58501089067,0.3611111111111111,250.28697891764173
884,200862.54992622635,0.36666666666666664,252.85674878397666
885,200885.50530780473,0.35833333333333334,252.87119711525196
886,197237.57472455426,0.35833333333333334,250.56470214645114
887,197341.04142917108,0.3611111111111111,250.63041402972257
888,200872.79846141985,0.3472222222222222,252.86319940962954
889,187875.475300667,0.35555555555555557,244.54574451353858
890,196763.7220295067,0.33055555555555555,250.26353702509542
891,202922.01652016048,0.3388888888888889,254.14972748896972
892,187001.86543407696,0.31666666666666665,243.9765203917737
893,199502.35203669572,0.3055555555555556,251.9991487489574
894,198589.6631933713,0.30833333333333335,251.4220616580004
895,212647.91539932607,0.3333333333333333,260.1690484050319
896,193881.22376680013,0.33055555555555555,248.4236507870863
897,196636.5845949592,0.32222222222222224,250.1826709866029
898,203748.55673838747,0.35,254.6668017341635
899,192786.49155310867,0.35,247.721307488965
900,197615.89262964533,0.3416666666666667,250.80488888985118
901,208390.75882304422,0.3277777777777778,257.5516234130878
902,205423.39679670878,0.33055555555555555,255.71135691214036
903,197934.94030166956,0.3333333333333333,251.00726746295584
904,202680.03149554317,0.33611111111111114,253.99814518431717
905,209456.71982139823,0.33055555555555555,258.20949759212846
906,197057.8567202686,0.33055555555555555,250.4505219484488
907,202204.46774657787,0.3055555555555556,253.69998248771554
908,192754.7455876227,0.3055555555555556,247.7009106349464
909,204783.46014820845,0.3111111111111111,255.3127491765718
910,210816.2577540401,0.325,259.0461329790144
911,207015.92608605497,0.3472222222222222,256.7006347298039
912,203325.45442824278,0.2972222222222222,254.4022449926916
913,194293.58984115382,0.3333333333333333,248.6876966570276
914,194351.30442580447,0.3138888888888889,248.7246300458583
915,208072.63909973524,0.325,257.3549651158836
916,196680.67794256686,0.3333333333333333,250.21071961538587
917,202960.75606305475,0.3277777777777778,254.17398600605662
918,210137.5340597238,0.3194444444444444,258.6287968295355
919,208803.5772072993,0.325,257.8065997906644
920,193864.59299442574,0.325,248.4129958982069
921,214456.75403457962,0.31666666666666665,261.2732381398681
922,206242.89123088025,0.3277777777777778,256.22090319471874
923,204532.28000353693,0.3277777777777778,255.1561223424534
924,204943.2102498356,0.3416666666666667,255.41231358093495
925,198165.41846755653,0.3333333333333333,251.1533631030474
926,201147.1704307971,0.3111111111111111,253.03583328457367
927,204713.328661841,0.3138888888888889,255.2690273939546
928,198351.14558749908,0.32222222222222224,251.27103011764274
929,205902.44327042846,0.3138888888888889,256.0093421779262
930,198031.72004235702,0.3111111111111111,251.06862461777848
931,203276.44894918863,0.3111111111111111,254.37158514437374
932,201494.09646704234,0.33611111111111114,253.25394945218522
933,209229.9120534697,0.30833333333333335,258.06966015396785
934,203137.4835890268,0.33055555555555555,254.28462258045562
935,206309.0721309127,0.3,256.262009023332
936,204251.35572315287,0.3333333333333333,254.98083416822084
937,208352.55116990895,0.3388888888888889,257.52801177541085
938,208227.77261486786,0.325,257.4508858041526
939,204474.48485275017,0.325,255.120069772976
940,197148.4061565567,0.3527777777777778,250.50805720576994
941,192445.27297818198,0.35555555555555557,247.50198572596065
942,191475.37300029345,0.3138888888888889,246.8775084666934
943,202248.92925075028,0.33055555555555555,253.72787322365642
944,204540.71795529293,0.3277777777777778,255.16138550395928
945,205301.7147131973,0.32222222222222224,255.63561067209494
946,200503.57660829782,0.3416666666666667,252.63070013288217
947,203381.2477153222,0.3388888888888889,254.43714707601472
948,205033.92779127424,0.3472222222222222,255.46883610150195
949,196306.56385219799,0.3388888888888889,249.97263849654462
950,211933.13682172625,0.3472222222222222,259.73142409092014
951,201575.8989119103,0.36666666666666664,253.30535217410127
952,196817.0216180687,0.3638888888888889,250.2974305706715
953,193460.08839238714,0.35833333333333334,248.15369978561037
954,208588.0837485998,0.3333333333333333,257.6735322017219
955,207961.13677702303,0.3416666666666667,257.28599996530306
956,194833.20388391172,0.3611111111111111,249.03279895048206
957,209169.48085805099,0.3416666666666667,258.03238875197195
958,198406.1074222622,0.3388888888888889,251.3058405046513
959,206164.76146528748,0.3416666666666667,256.17236727860404
960,212023.07410722022,0.3388888888888889,259.7865288797837
961,204053.42919603456,0.3472222222222222,254.85726166386146
962,203555.73599006791,0.35555555555555557,254.54626918314136
963,204295.57315353482,0.3611111111111111,255.00843248479833
964,199975.10459669936,0.3527777777777778,252.2975481128721
965,201401.019524371,0.3611111111111111,253.19544941033584
966,211562.67228459008,0.35555555555555557,259.5043162177587
967,210293.439021055,0.34444444444444444,258.724719808506
968,208623.38375687457,0.3388888888888889,257.6953347248026
969,206345.03021266763,0.34444444444444444,256.28434029722746
970,208376.6654107302,0.3388888888888889,257.5429141914942
971,212478.60027592667,0.375,260.0654515123479
972,213696.23243793656,0.3611111111111111,260.8095539377813
973,207343.57865220503,0.35,256.903699704234
974,215647.06014083783,0.3472222222222222,261.99731137799705
975,213595.85157648046,0.3527777777777778,260.7482908949536
976,212646.3915536334,0.34444444444444444,260.1681162110969
977,201851.02873211564,0.33611111111111114,253.4781607590697
978,202346.6952645879,0.3472222222222222,253.78919113968814
979,205494.0371612485,0.33055555555555555,255.75531974964795
980,201198.54575366623,0.3472222222222222,253.06814536640857
981,206993.06551839612,0.3388888888888889,256.68646073759834
982,208975.21229207463,0.3527777777777778,257.91253563935925
983,200215.0133358687,0.3472222222222222,252.4488425547372
984,200791.57333297582,0.3333333333333333,252.8120702306039
985,206268.89181787672,0.36666666666666664,256.23705328817096
986,202741.56434813933,0.3416666666666667,254.03669867241604
987,201372.49454658196,0.35833333333333334,253.17751839306055
988,208398.63277458044,0.33611111111111114,257.5564891035252
989,202072.4322241584,0.35833333333333334,253.6171384235569
990,198369.4321162904,0.36944444444444446,251.28261252876132
991,198528.1280446983,0.35555555555555557,251.38310572150417
992,186896.85036209313,0.3527777777777778,243.9080055407506
993,199169.07238198043,0.36944444444444446,251.78857154612749
994,200470.77722729658,0.37777777777777777,252.61003598906524
995,215125.48282194056,0.3638888888888889,261.6802781110662
996,201156.2468396554,0.35833333333333334,253.04154211648572
997,203060.02282529674,0.35555555555555557,254.23613581471486
998,211687.03439714995,0.3611111111111111,259.58057674938044
999,222728.45223966567,0.3638888888888889,266.2642827761543
1000,193586.48673303143,0.35555555555555557,248.2347529229361
1001,188840.22875663414,0.35833333333333334,245.17282011357867
1002,203799.34348596426,0.35555555555555557,254.6985391189917
1003,202870.52609045108,0.35833333333333334,254.1174808428126
1004,199554.25447819315,0.3333333333333333,252.03192660939777
1005,209419.81559209953,0.38333333333333336,258.1867495936839
1006,206525.46165119688,0.35,256.39636540373834
1007,192921.85367199095,0.3472222222222222,247.80825911316467
1008,204198.74196009277,0.3416666666666667,254.94799138685204
1009,201336.64298418435,0.35,253.15498002789167
1010,201136.5937936491,0.36944444444444446,253.0291806844653
1011,188445.0047674057,0.3472222222222222,244.91612445777596
1012,201922.34648593175,0.35,253.5229360982964
1013,189780.33469144904,0.3638888888888889,245.78233609345656
1014,202537.19832151558,0.35,253.90863030961643
1015,191941.61173605375,0.3638888888888889,247.1778966364845
1016,202839.71457835025,0.36666666666666664,254.09818271878146
1017,189504.48950701297,0.3611111111111111,245.60364917137255
1018,202104.77775307416,0.375,253.63743573018033
1019,196464.7921017489,0.3638888888888889,250.07336046254466
1020,202821.49776597964,0.36944444444444446,254.08677232298996
1021,196257.74612063816,0.37222222222222223,249.94155482901922
1022,190530.82814892987,0.3611111111111111,246.26783432391096
1023,200700.62264643642,0.3611111111111111,252.7548067823896
1024,191642.81746095367,0.35,246.9854315823853
1025,188128.42596837567,0.3611111111111111,244.71031416335796
1026,202502.99453730494,0.3861111111111111,253.88718979705598
1027,199639.11993916443,0.3638888888888889,252.08551236766377
1028,205127.0224745371,0.36944444444444446,255.52682672684247
1029,190122.6533390237,0.37777777777777777,246.0039027034021
1030,191051.15128739484,0.36666666666666664,246.603873087129
1031,203142.7250459597,0.37777777777777777,254.28790315004076
1032,188554.20548938145,0.3416666666666667,244.9870765750718
1033,199638.2420405776,0.375,252.08495810315281
1034,204759.09243511275,0.35833333333333334,255.29755856278183
1035,203292.55324305175,0.35,254.3816610622865
1036,187743.42067674213,0.3472222222222222,244.45978578770234
1037,209403.67414042895,0.36944444444444446,258.1767992715603
1038,203078.79909036084,0.3388888888888889,254.24788971551692
1039,213299.0647044298,0.3416666666666667,260.567075834949
1040,206602.40731827472,0.3388888888888889,256.44412404806076
1041,197423.672309985,0.38055555555555554,250.68288067392498
1042,197068.34584487788,0.4027777777777778,250.45718743192614
1043,219486.2910737166,0.375,264.3192318590857
1044,198243.16446824255,0.375,251.20262562043573
1045,195753.13872430896,0.36666666666666664,249.620029860295
1046,201482.04826721843,0.38333333333333336,253.2463777668208
1047,206942.13479091457,0.3888888888888889,256.65487989112285
1048,205732.8060546386,0.3888888888888889,255.90386100941092
1049,211317.46841938712,0.41944444444444445,259.353888193761
1050,205223.64700983636,0.4,255.58700225544226
1051,209230.3867882339,0.36944444444444446,258.0699529289554
1052,199588.3128552212,0.37777777777777777,252.0534331219479
1053,207717.63598615356,0.39166666666666666,257.1353283178307
1054,214206.73601115693,0.39166666666666666,261.120894911749
1055,195563.3065048447,0.41944444444444445,249.49896559962505
1056,205543.02139576565,0.39166666666666666,255.78580051746152
1057,207017.6582562509,0.3972222222222222,256.7017086767871
1058,200431.51260459184,0.39444444444444443,252.58529641452338
1059,205920.95183065403,0.4166666666666667,256.02084825278064
1060,208936.86490016824,0.39166666666666666,257.8888708067306
1061,196193.26941089414,0.3972222222222222,249.90049470980944
1062,193927.68572195765,0.39444444444444443,248.4534152915638
1063,208339.7469793678,0.3888888888888889,257.5200985332258
1064,207964.69294384847,0.39444444444444443,257.288199770614
1065,202678.1863722179,0.39166666666666666,253.9969890295509
1066,208432.60508966376,0.39444444444444443,257.5774811645651
1067,203495.49344291855,0.38055555555555554,254.5085997696929
1068,198663.17245181225,0.375,251.46859011027033
1069,201513.66763864062,0.36666666666666664,253.26624846302343
1070,208765.58538146084,0.36666666666666664,257.78314475904983
1071,203457.19807046716,0.36944444444444446,254.4846509341641
1072,205527.53370381278,0.35833333333333334,255.77616359015133
1073,221536.12234305055,0.35555555555555557,265.55063149729983
1074,207594.94990113037,0.36944444444444446,257.05938005713494
1075,211971.33863484996,0.39166666666666666,259.75483186090077
1076,203295.86411974966,0.38333333333333336,254.3837325176138
1077,205122.18354419566,0.38333333333333336,255.523812780186
1078,207802.03413396174,0.36666666666666664,257.18756158481216
1079,207031.5291590212,0.37777777777777777,256.71030848616925
1080,206069.79805727306,0.39166666666666666,256.11336155212075
1081,208840.15262653516,0.375,257.8291783587689
1082,202179.09812006037,0.36944444444444446,253.68406672737225
1083,200383.65472909872,0.39444444444444443,252.55513918729
1084,193706.5124001062,0.3972222222222222,248.31169508329012
1085,204580.62709387578,0.39166666666666666,255.18627730671594
1086,196843.68469145993,0.3861111111111111,250.31438406559178
1087,203506.07151996758,0.39166666666666666,254.51521460068207
1088,199369.13731502145,0.37777777777777777,251.91500036183834
1089,207522.23302529324,0.38333333333333336,257.01435441408165
1090,197211.98739290953,0.39166666666666666,250.54844892977525
1091,196450.9022929685,0.4,250.0645203733984
1092,204366.33732515687,0.38333333333333336,255.05259374052415
1093,212111.8895024949,0.38333333333333336,259.84093481545193
1094,204960.4097678316,0.37222222222222223,255.42303088285044
1095,198811.97154136526,0.3638888888888889,251.56274770582988
1096,199189.57117250495,0.37777777777777777,251.80152844833592
1097,207718.48164434382,0.38055555555555554,257.13585174082766
1098,217975.08868595434,0.35555555555555557,263.4077175606816
1099,211978.41280050718,0.3638888888888889,259.7591662520305
1100,205210.59764765424,0.36944444444444446,255.5788762416262
1101,201458.68052695852,0.36666666666666664,253.23169167636348
1102,193925.701073747,0.38055555555555554,248.4521439571336
1103,210959.09578090845,0.35,259.1338761479409
1104,207711.5953470045,0.3527777777777778,257.1315894128113
1105,195555.18310018754,0.33611111111111114,249.49378364053692
1106,192446.59331798306,0.33611111111111114,247.50283476256476
1107,206087.80689280908,0.36944444444444446,256.12455242697274
1108,213164.64225447242,0.3861111111111111,260.48495736688824
1109,201557.20412490366,0.39444444444444443,253.29360573161168
1110,213521.92379851532,0.36944444444444446,260.70316312244745
1111,200798.75225327516,0.3638888888888889,252.81658959725567
1112,219258.13352583745,0.38333333333333336,264.181815285382
1113,197328.4973229396,0.38333333333333336,250.62244816393314
1114,202704.30620782226,0.3611111111111111,254.01335523546032
1115,213351.88732687657,0.3861111111111111,260.59933801165926
1116,215057.28989285024,0.35833333333333334,261.6387996241911
1117,206633.17462478383,0.375,256.4632182138606
1118,210327.05406168237,0.37777777777777777,258.7453973305537
1119,209710.13070294147,0.36944444444444446,258.36564755330994
1120,212410.30726707602,0.37777777777777777,260.0236541748596
1121,210232.70789764065,0.35555555555555557,258.6873582589766
1122,215012.9484690331,0.39166666666666666,261.6118253352076
1123,205842.32319947163,0.39166666666666666,255.97196422544184
1124,212096.4050683956,0.4083333333333333,259.8314502852035
1125,201257.23993316197,0.37777777777777777,253.1050555338408
1126,214937.5031593107,0.4111111111111111,261.565923176679
1127,201446.40127180345,0.4166666666666667,253.223974103879
1128,203974.5545301148,0.425,254.80800073166904
1129,202481.59973688153,0.3972222222222222,253.8737776269117
1130,204859.78489876806,0.40555555555555556,255.36032349361304
1131,208666.5051531461,0.3888888888888889,257.72196550869955
1132,200227.47761574382,0.4,252.45670046709972
1133,206302.80450447797,0.38055555555555554,256.25811640066587
1134,209735.8641424642,0.38055555555555554,258.3814990355284
1135,203847.2267013748,0.38333333333333336,254.72845842228935
1136,205601.63014036807,0.39166666666666666,255.8222654289153
1137,205321.13188272613,0.39166666666666666,255.64769922828884
1138,200107.8935314994,0.3861111111111111,252.38130044535723
1139,202834.0354406899,0.39166666666666666,254.0946255537983
1140,206421.2817763581,0.4083333333333333,256.3316888489301
1141,203529.8358050408,0.4111111111111111,254.5300745886587
1142,210727.96041754945,0.39444444444444443,258.99187843685854
1143,199222.10369255056,0.40555555555555556,251.82209027738435
1144,192043.49369253716,0.4027777777777778,247.24348852823007
1145,200149.1816426443,0.4027777777777778,252.40733592439219
1146,198434.20673911888,0.40555555555555556,251.32363550231346
1147,208101.28861841492,0.4,257.372682106761
1148,201123.03592580179,0.3888888888888889,253.02065266392862
1149,204179.9765845662,0.4083333333333333,254.93627656267816
1150,207903.74856106465,0.3972222222222222,257.2504976509393
1151,196968.5878678069,0.39166666666666666,250.39378743487944
1152,197991.02123195463,0.4027777777777778,251.04282390412192
1153,205903.6570642464,0.41388888888888886,256.01009676367556
1154,206497.9231455806,0.3888888888888889,256.379270639533
1155,191415.16037532868,0.3888888888888889,246.83868803921908
1156,204986.71375144753,0.4,255.43942045700885
1157,205697.72980836453,0.38333333333333336,255.8820450198971
1158,209186.9351632202,0.37777777777777777,258.0431543810853
1159,222060.64954524598,0.36666666666666664,265.864815428153
1160,209667.29874557155,0.3861111111111111,258.3392614376795
1161,217271.44328658702,0.3972222222222222,262.98222066052574
1162,207979.6867173344,0.3861111111111111,257.29747454558344
1163,206332.6396216292,0.3972222222222222,256.2766455102023
1164,212033.00632991063,0.37777777777777777,259.7926136595897
1165,214990.32419436387,0.4027777777777778,261.5980612025331
1166,202005.7076649642,0.38333333333333336,253.575262624947
1167,190872.89540701432,0.37222222222222223,246.48880220524686
1168,216656.90290636037,0.3861111111111111,262.61004189683257
1169,214570.14828105117,0.3861111111111111,261.3423032686834
1170,208004.55783631818,0.39166666666666666,257.31285846336584
1171,199814.99865436176,0.38055555555555554,252.1965294754949
1172,211070.33522447568,0.4,259.20218822779526
1173,210743.28841952654,0.38055555555555554,259.0012975851999
1174,214395.04886979455,0.38055555555555554,261.23564765190935
1175,221495.89271722105,0.35,265.52651920475995
1176,217496.52714505256,0.3888888888888889,263.1184045271471
1177,212785.07499874604,0.36666666666666664,260.25294043384065
1178,210088.87710514193,0.38055555555555554,258.5988525879767
1179,211628.4367064112,0.37222222222222223,259.5446466434461
1180,214303.10623441922,0.38333333333333336,261.17962660650005
1181,207899.74926141344,0.3638888888888889,257.24802336468815
1182,206038.8097195395,0.37222222222222223,256.0941039369519
1183,214945.18754009512,0.37777777777777777,261.5705988478851
1184,210219.98607376043,0.3861111111111111,258.67953115910956
1185,219753.61479688555,0.3388888888888889,264.48014691933537
1186,220849.1693913697,0.38333333333333336,265.1385938952524
1187,199995.53178975696,0.39444444444444443,252.31043371462906
1188,206451.724869295,0.4083333333333333,256.3505901019004
1189,201048.2708762111,0.3972222222222222,252.97361961290486
1190,200986.931064142,0.4,252.93502555292025
1191,208351.4789690692,0.39166666666666666,257.52734914348196
1192,201608.99605114784,0.39166666666666666,253.32614666999768
1193,204374.12260909748,0.38333333333333336,255.05745177628881
1194,200295.04957134818,0.3861111111111111,252.49929590442932
1195,202665.28769697528,0.37777777777777777,253.98890656922282
1196,209854.48511982223,0.3527777777777778,258.4545555289142
1197,204700.5711404354,0.38333333333333336,255.26107322008372
1198,212852.88071769342,0.34444444444444444,260.2944030038698
1199,218160.27802880097,0.3888888888888889,263.5195880179911
1200,200776.44361401096,0.38055555555555554,252.80254530989615
1201,203176.06559194805,0.4083333333333333,254.30876963613224
1202,206078.5083088124,0.39166666666666666,256.11877425269597
1203,197294.9223064098,0.4111111111111111,250.60112582347497
1204,208941.9630063156,0.39444444444444443,257.8920170605483
1205,193288.83141077255,0.37777777777777777,248.0438387200152
1206,206737.33322607787,0.36944444444444446,256.52784840857584
1207,223248.6794613278,0.38333333333333336,266.5750583794681
1208,213174.03801895157,0.39166666666666666,260.49069806645986
1209,209286.2080861464,0.39166666666666666,258.10437632039174
1210,219238.7558616963,0.375,264.1701410557454
1211,213226.88700308316,0.36666666666666664,260.52298580600404
1212,211421.09682353676,0.38333333333333336,259.4174729403403
1213,205529.66190686543,0.38333333333333336,255.7774878463062
1214,196758.26682424083,0.3611111111111111,250.2600677666016
1215,213569.07688162447,0.37777777777777777,260.73194770600537
1216,221465.4461284173,0.375,265.5082690817349
1217,200023.07761926745,0.36944444444444446,252.32780875504102
1218,198806.05268540798,0.37222222222222223,251.55900302501777
1219,212844.08048840254,0.3611111111111111,260.28902211802364
1220,202826.65925096418,0.3638888888888889,254.09000535482087
1221,206645.65978831798,0.39444444444444443,256.4709660908888
1222,215533.40366462624,0.36666666666666664,261.92825962330255
1223,210631.61057684306,0.3638888888888889,258.9326630408443
1224,217617.5200180732,0.3611111111111111,263.1915804666853
1225,218773.05701175277,0.3611111111111111,263.8894216854684
1226,214686.2903419943,0.35555555555555557,261.4130230955995
1227,196583.21926632387,0.36666666666666664,250.1487200652978
1228,212406.78090785255,0.36666666666666664,260.021495756493
1229,210567.81928277778,0.38333333333333336,258.89345026452486
1230,210828.9126444949,0.4111111111111111,259.0539078804285
1231,204955.00478668825,0.375,255.4196629988557
1232,214352.8067354325,0.37777777777777777,261.20991082868886
1233,202143.91438905694,0.36944444444444446,253.66199238736309
1234,205857.65104023437,0.37777777777777777,255.981494394965
1235,203983.16924702792,0.37777777777777777,254.81338149012186
1236,202771.36367873548,0.37777777777777777,254.0553673786687
1237,221753.1173068818,0.37777777777777777,265.68065328671247
1238,200899.57184325924,0.3888888888888889,252.8800503159554
1239,200737.25957056027,0.3861111111111111,252.7778753110151
1240,202011.1037301235,0.37222222222222223,253.57864940920703
1241,203059.73477050033,0.36666666666666664,254.235955488811
1242,214260.28004685347,0.36944444444444446,261.15352832274937
1243,214687.94228914156,0.38333333333333336,261.4140288413934
1244,210363.78532670302,0.3527777777777778,258.76798983748785
1245,205485.27515767812,0.37222222222222223,255.74986715125667
1246,211919.29094686796,0.3611111111111111,259.72293965194365
1247,207006.51702020207,0.35,256.69480102254397
1248,203701.00355732333,0.37777777777777777,254.63708146665428
1249,211132.31730308893,0.38055555555555554,259.24024357816484
1250,209966.40931948967,0.38055555555555554,258.5234686694923
1251,196926.01846920257,0.3888888888888889,250.36672807216004
1252,200602.20634432154,0.36944444444444446,252.69282829094752
1253,219206.9491106646,0.37222222222222223,264.15097770425086
1254,205054.37445866643,0.37222222222222223,255.48157388631083
1255,207303.19717512387,0.36666666666666664,256.8786816735667
1256,206419.21967924718,0.37222222222222223,256.3304085009191
1257,205129.7933080096,0.3611111111111111,255.5285525352833
1258,210696.4507426266,0.375,258.9725144783016
1259,212358.7037997681,0.38333333333333336,259.9920668725134
1260,208900.20423892804,0.3638888888888889,257.86624485392383
1261,208988.01951548536,0.36944444444444446,257.92043871269675
1262,216480.28442783435,0.33611111111111114,262.5029803588115
1263,217791.61438325144,0.35,263.2968362630223
1264,208502.1060771346,0.375,257.6204216565398
1265,200419.27519202838,0.375,252.57758545724593
1266,214571.04341131076,0.35555555555555557,261.34284839381303
1267,209536.73221577334,0.37222222222222223,258.2588108524591
1268,206819.43153626318,0.3638888888888889,256.57877876571206
1269,212535.19697093865,0.3611111111111111,260.10008527078384
1270,212139.71741074056,0.36944444444444446,259.85797910411435
1271,212197.01374087902,0.3527777777777778,259.8930689579841
1272,218545.17206707603,0.35,263.7519456737484
1273,219160.2956527132,0.35555555555555557,264.1228667972939
1274,217226.96964276166,0.3472222222222222,262.95530415459814
1275,221660.288392233,0.3416666666666667,265.62503867218146
1276,200607.67777311304,0.39444444444444443,252.69627436817143
1277,202384.76298805908,0.4,253.8130628475661
1278,209806.28982454268,0.375,258.424875417777
1279,213394.60618389677,0.36666666666666664,260.62542624738484
1280,206061.75908776463,0.3861111111111111,256.10836589627064
1281,210336.1265466185,0.37222222222222223,258.75097777862317
1282,202875.55450456866,0.38055555555555554,254.12063014210923
1283,212172.14310417091,0.38055555555555554,259.8778380756228
1284,203035.51362529234,0.37222222222222223,254.22079229153206
1285,210508.33178189324,0.36944444444444446,258.85687769544404
1286,209246.6956533717,0.35555555555555557,258.08001061252116
1287,220194.80222583437,0.35555555555555557,264.74550503222457
1288,214475.09712244628,0.35,261.2844116175003
1289,209131.06657115364,0.3388888888888889,258.00869364763406
1290,208987.8678446924,0.3388888888888889,257.92034512119653
1291,216049.865136717,0.3611111111111111,262.2418883048467
1292,215447.8273704283,0.35,261.87625590882806
1293,208526.22259473774,0.35833333333333334,257.63532013384105
1294,212268.17860026212,0.35833333333333334,259.9366456863864
1295,220058.9846079541,0.35,264.6638440442487
1296,194631.60470013795,0.36944444444444446,248.90392511945137
1297,214097.6010762287,0.3638888888888889,261.0543679596206
1298,204022.42724196814,0.3638888888888889,254.83790062377219
1299,204263.90719987013,0.35,254.98866847812482
1300,212271.83844525472,0.36666666666666664,259.9388865397654
1301,217164.92638429598,0.3638888888888889,262.9177494968655
1302,211991.27686437627,0.375,259.7670479692451
1303,201797.16054430846,0.3638888888888889,253.44433551585044
1304,208487.85123022672,0.36666666666666664,257.61161502501506
1305,205480.12821654193,0.3888888888888889,255.74666415349034
1306,202515.33300052074,0.37777777777777777,253.89492432474546
1307,206667.73408101214,0.37777777777777777,256.4846640896662
1308,201631.70041612684,0.3972222222222222,253.34041053590624
1309,207642.24553759117,0.4083333333333333,257.0886608623908
1310,203610.7760171401,0.37777777777777777,254.58068060991818
1311,209493.19586669432,0.36944444444444446,258.23197968610714
1312,214756.4425670357,0.3527777777777778,261.4557300782466
1313,204061.282183286,0.37222222222222223,254.8621657019342
1314,211206.57138966097,0.35833333333333334,259.2858262618912
1315,220109.19233630013,0.35555555555555557,264.69403461463537
1316,194457.8055927903,0.3638888888888889,248.79276911878043
1317,213819.3803944957,0.3638888888888889,260.8846922248612
1318,219480.2242144738,0.3416666666666667,264.3155787866126
1319,199450.6191475023,0.36666666666666664,251.96647372245388
1320,210915.05762653312,0.38333333333333336,259.10682736575933
1321,207471.59423376346,0.3861111111111111,256.98299466485884
1322,206104.1479018951,0.3527777777777778,256.13470647426794
1323,199393.83040260215,0.36944444444444446,251.93060048593213
1324,194651.9738533625,0.3472222222222222,248.91694928773737
1325,206184.11219563778,0.3611111111111111,256.18438923146624
1326,209505.64633547646,0.3527777777777778,258.23965311296985
1327,215422.25249780243,0.35,261.8607123530204
1328,203362.04026259258,0.3277777777777778,254.42513219037403
1329,202896.68329235495,0.35,254.13386269023286
1330,203819.24805503324,0.3333333333333333,254.71097669802813
1331,206478.893283936,0.33611111111111114,256.36745702324373
1332,193251.7348369568,0.33055555555555555,248.0200349180925
1333,210411.35974572523,0.3138888888888889,258.7972487729312
1334,200866.51459588314,0.3277777777777778,252.85924424301814
1335,211062.42823798844,0.3138888888888889,259.1973331462123
1336,202156.32411945274,0.3333333333333333,253.66977849518554
1337,196245.63801145073,0.3388888888888889,249.9338446459188
1338,212572.07950947442,0.3333333333333333,260.1226526746806
1339,212663.2170082332,0.30277777777777776,260.17840879167795
1340,244402.97254704198,0.31666666666666665,278.9191323205152
1341,213122.29645521732,0.3055555555555556,260.4590830205165
1342,201137.66887851982,0.325,253.0298569101967
1343,204313.52391521985,0.32222222222222224,255.0196356033449
1344,209764.84995385815,0.325,258.39935277429106
1345,217714.69720743888,0.3055555555555556,263.2503380598747
1346,207484.60419696968,0.3055555555555556,256.99105188085105
1347,189998.0004623934,0.3333333333333333,245.92324392446568
1348,208839.0684065829,0.3277777777777778,257.82850908157593
1349,203840.12511556322,0.30277777777777776,254.7240212960383
1350,213815.41595773186,0.30277777777777776,260.88227367501514
1351,207986.97760762207,0.3333333333333333,257.30198438798095
1352,220408.07392583104,0.3055555555555556,264.8736848486837
1353,209975.614842277,0.3277777777777778,258.5291358083585
1354,199421.10327781088,0.3277777777777778,251.94782929607857
1355,204892.5613585887,0.3,255.38075081328606
1356,225000.3243554858,0.33055555555555555,267.61881031966095
1357,202007.95178621906,0.325,253.57667112984203
1358,205852.83230582363,0.3138888888888889,255.97849835850994
1359,200689.56183905463,0.3333333333333333,252.74784190426692
1360,209335.45051674813,0.3194444444444444,258.1347389024163
1361,218257.4565438191,0.3277777777777778,263.5782732913066
1362,201294.18914651696,0.3,253.12828849554973
1363,219366.45345312165,0.3111111111111111,264.24706399732236
1364,215648.48208594392,0.3416666666666667,261.99817516250766
1365,218988.46148091624,0.3138888888888889,264.01930279726497
1366,205421.4400216754,0.325,255.71013901097055
1367,204858.82866203823,0.3333333333333333,255.35972751230383
1368,213245.9789875353,0.3388888888888889,260.53464894457585
1369,221900.4082271252,0.3138888888888889,265.7688726824737
1370,207779.50629210018,0.3277777777777778,257.17362034073915
1371,219061.68630261728,0.3333333333333333,264.0634401696217
1372,210059.30576735752,0.3333333333333333,258.58065223572635
1373,205608.9129785691,0.3111111111111111,255.8267962676726
1374,212069.14729072407,0.32222222222222224,259.81475350180546
1375,213604.05449483983,0.3388888888888889,260.7532977253571
1376,200795.97015812885,0.30833333333333335,252.81483818636482
1377,199724.73489951642,0.33055555555555555,252.1395598353278
1378,205533.8887609053,0.31666666666666665,255.78011794976493
1379,201065.97229254106,0.3277777777777778,252.98475597527997
1380,204982.4882393174,0.3416666666666667,255.4367876816637
1381,206657.03068548546,0.28888888888888886,256.4780222876358
1382,192623.35470610458,0.3333333333333333,247.61647383169014
1383,217351.1285482324,0.3277777777777778,263.0304411852482
1384,211032.96126978015,0.3416666666666667,259.1792389116305
1385,199565.01859844,0.3388888888888889,252.03872392220902
1386,212285.82568583183,0.3416666666666667,259.9474504827642
1387,208298.58819450764,0.3416666666666667,257.49465994547927
1388,204129.53215881478,0.33611111111111114,254.9047825134373
1389,209208.1375963595,0.30277777777777776,258.0562312113777
1390,203393.59991168213,0.31666666666666665,254.44487347635635
1391,214080.2862830589,0.30833333333333335,261.04381157375445
1392,201031.23409236717,0.3,252.9629009228989
1393,195394.24687930982,0.3111111111111111,249.3910994504828
1394,203122.52167438943,0.3333333333333333,254.27525785168217
1395,198698.78534257793,0.3416666666666667,251.49112856570792
1396,219365.7435631699,0.3333333333333333,264.24663643311567
1397,204357.06105316264,0.3527777777777778,255.0468052038413
1398,212129.70053194623,0.32222222222222224,259.85184400447383
1399,205486.89115134138,0.33611111111111114,255.75087279351453
1400,216157.62541133707,0.3277777777777778,262.30728000275013
1401,211528.00260877082,0.33611111111111114,259.48305230801185
1402,204958.67517910487,0.3611111111111111,255.42195005253836
1403,205295.60378647115,0.35,255.6318060713577
1404,215525.85790476593,0.34444444444444444,261.9236745682411
1405,217058.95343608104,0.3194444444444444,262.85359187846694
1406,202488.41247504595,0.33611111111111114,253.8780485360409
1407,212503.50981881752,0.3277777777777778,260.0806952160884
1408,219162.52771593715,0.325,264.1242117887185
1409,213907.324772223,0.3416666666666667,260.93833793087106
1410,210690.73392622292,0.31666666666666665,258.96900111023973
1411,205607.20486502332,0.3,255.8257336140227
1412,206123.34154137596,0.30277777777777776,256.14663258738733
1413,201222.3141159144,0.3111111111111111,253.08309288428512
1414,219154.6328741792,0.2722222222222222,264.11945450275033
1415,211050.96132150208,0.2916666666666667,259.1902920196413
1416,208020.9177721955,0.28888888888888886,257.32297732599636
1417,207375.48144609822,0.29444444444444445,256.9234631099626
1418,216610.0439151639,0.3,262.5816414468112
1419,225941.0128804774,0.3111111111111111,268.1776614377774
1420,216068.47002756034,0.33611111111111114,262.253179394223
1421,206685.88842715335,0.3055555555555556,256.49592905354825
1422,211012.90608357554,0.32222222222222224,259.1669232729629
1423,214506.7368187365,0.3194444444444444,261.3036834459636
1424,208932.5490761277,0.2861111111111111,257.8862073018087
1425,213114.65722578912,0.29444444444444445,260.4544149858829
1426,222001.35185271103,0.31666666666666665,265.8293156160248
1427,223133.38042396196,0.325,266.5062117973159
1428,212420.29072442104,0.325,260.0297647647634
1429,215065.58469941048,0.3277777777777778,261.6438453083117
1430,205511.86946486123,0.3,255.7664164404272
1431,221463.6272196463,0.3111111111111111,265.5071787619594
1432,213819.86158891866,0.3138888888888889,260.88498578147914
1433,220226.052572465,0.325,264.7642908872849
1434,226631.5927432701,0.3277777777777778,268.5871860155683
1435,204424.7305389573,0.3194444444444444,255.08902898989516
1436,205046.00624972853,0.3416666666666667,255.4763607690385
1437,207725.86753120043,0.3277777777777778,257.1404232151872
1438,203422.96614859058,0.3333333333333333,254.4632413570317
1439,208136.62829187774,0.3194444444444444,257.3945346394627
1440,238188.28432754093,0.3333333333333333,275.35011471690353
1441,207783.41443991396,0.3194444444444444,257.17603893296206
1442,213559.09118118518,0.3527777777777778,260.7258522037982
1443,207677.37337428035,0.34444444444444444,257.1104064049446
1444,218658.58267391604,0.35,263.820371776031
1445,211617.7154201828,0.3472222222222222,259.5380721779989
1446,210087.72866633278,0.35833333333333334,258.5981457791055
1447,216222.92476775576,0.35555555555555557,262.3468973957014
1448,208041.87817060133,0.35833333333333334,257.3359410613802
1449,216508.17990865954,0.35,262.5198927787856
1450,223729.1264147629,0.3472222222222222,266.8617484111991
1451,211042.37990179862,0.35555555555555557,259.1850225736391
1452,218293.31730989268,0.35555555555555557,263.599926000737
1453,212180.70048111601,0.3388888888888889,259.8830787499275
1454,210199.7181526755,0.33055555555555555,258.66706083504914
1455,215573.22575958306,0.34444444444444444,261.95245552543594
1456,207014.84020550532,0.3388888888888889,256.6999614806555
1457,217184.85452146872,0.35,262.92981254238146
1458,212189.63815230728,0.3333333333333333,259.8885522096744
1459,211159.95556793103,0.325,259.2572109380999
1460,215456.029957886,0.33611111111111114,261.88124097289995
1461,220915.1624667976,0.3416666666666667,265.1782046494017
1462,215986.8969594707,0.32222222222222224,262.2036700512776
1463,218537.081935296,0.3416666666666667,263.7470638277549
1464,200356.63104137158,0.3611111111111111,252.53810885279617
1465,214730.88661096487,0.3333333333333333,261.44017303635775
1466,194977.82667952418,0.30833333333333335,249.12520911927442
1467,208815.7897848308,0.325,257.81413902225734
1468,186942.1195630308,0.31666666666666665,243.93754282821027
1469,220237.53665888665,0.3111111111111111,264.77119410405777
1470,200379.26197440835,0.3388888888888889,252.55237095039496
1471,190923.23321828688,0.325,246.5213025999056
1472,208655.88673866633,0.31666666666666665,257.7154080751921
1473,214350.52177384487,0.3277777777777778,261.208518600119
1474,210214.7561475275,0.3416666666666667,258.6763133792362
1475,221478.217983088,0.3111111111111111,265.51592486776667
1476,185697.0149122328,0.33055555555555555,243.12382787662443
1477,200804.462465362,0.35833333333333334,252.82018430605308
1478,195644.45423597915,0.35555555555555557,249.5507242232416
1479,202774.98957000073,0.3611111111111111,254.057638836045
1480,212731.29747353442,0.3611111111111111,260.2200512768585
1481,204601.74622372017,0.3388888888888889,255.19944857596616
1482,195197.14225592674,0.35833333333333334,249.26528064470838
1483,199940.95578885276,0.35555555555555557,252.27600536045446
1484,213969.07750924714,0.3527777777777778,260.9760002544662
1485,210945.9399984967,0.33611111111111114,259.12579599849613
1486,212174.43859263597,0.35833333333333334,259.8792438797905
1487,202057.53953981638,0.36944444444444446,253.6077924936372
1488,219574.60352241457,0.3861111111111111,264.3724022209405
1489,208361.61472285062,0.375,257.533613082839
1490,190689.17525296973,0.38333333333333336,246.37014768687726
1491,200926.02837277524,0.39166666666666666,252.89670069555908
1492,219313.94112732206,0.35,264.21543414183145
1493,205215.45878498556,0.3638888888888889,255.5819033675959
1494,225177.3832680098,0.3472222222222222,267.7240878949894
1495,204099.3705536139,0.3416666666666667,254.88594981109523
1496,211338.5303511208,0.3388888888888889,259.36681272343776
1497,197790.37683728337,0.34444444444444444,250.9155880756011
1498,200812.32706927336,0.37777777777777777,252.8251351699877
1499,201675.94974121574,0.39166666666666666,253.3682075717754
1500,200363.22152154514,0.375,252.54226228087185
1501,203769.1079207973,0.35833333333333334,254.67964494643374
1502,204247.53596935121,0.36666666666666664,254.97844992807507
1503,203814.8459232217,0.37222222222222223,254.70822603203754
1504,213271.46233796794,0.3888888888888889,260.550215703325
1505,204664.14148513973,0.3972222222222222,255.23835836730743
1506,202411.26085057913,0.39166666666666666,253.82967794106625
1507,210068.6908482097,0.37777777777777777,258.58642863590416
1508,216285.9759246845,0.3638888888888889,262.3851451201771
1509,213739.14725807146,0.3388888888888889,260.83574071959004
1510,213350.04666381344,0.3416666666666667,260.59821386737264
1511,197277.03202428974,0.3472222222222222,250.58976357849835
1512,203192.20210517442,0.37222222222222223,254.3188682059038
1513,212978.690850753,0.38333333333333336,260.37131724572873
1514,214201.92327216928,0.35,261.1179614984639
1515,200106.34312494684,0.35833333333333334,252.38032273684965
1516,223005.86069292907,0.3861111111111111,266.43004735856
1517,210352.60197002246,0.35833333333333334,258.76111143589964
1518,215819.14420862426,0.36666666666666664,262.10182607019414
1519,207512.33656997173,0.3472222222222222,257.00822600710694
1520,202860.6149889339,0.325,254.1112733986852
1521,207833.98025053702,0.3861111111111111,257.2073299862829
1522,192360.2239544467,0.4027777777777778,247.4472893228544
1523,218568.23550723775,0.38333333333333336,263.76586240016127
1524,213618.36291838632,0.4027777777777778,260.7620309541235
1525,215019.82274462222,0.43333333333333335,261.6160073563916
1526,213661.63355847003,0.4111111111111111,260.78843965912176
1527,202323.88069488175,0.3972222222222222,253.774883383385
1528,212672.4510810996,0.39444444444444443,260.18405734797165
1529,218720.12721854792,0.3861111111111111,263.8574971476842
1530,209557.60390985085,0.3972222222222222,258.271672952131
1531,199635.35366870507,0.38333333333333336,252.08313451031648
1532,206771.35028854563,0.3638888888888889,256.5489523978137
1533,198476.60805793374,0.37777777777777777,251.35048542039007
1534,194769.2169566882,0.37222222222222223,248.99190204018575
1535,203106.52319419838,0.3861111111111111,254.26524395034946
1536,202029.94457922873,0.3861111111111111,253.59047431780996
1537,199917.93769558534,0.3972222222222222,252.26148337385936
1538,209640.34498291914,0.40555555555555556,258.3226555125268
1539,201623.46241212072,0.39166666666666666,253.33523515765418
1540,207197.20586372341,0.39166666666666666,256.8130039855483
1541,210499.54982144444,0.3888888888888889,258.85147815958703
1542,207627.8848953689,0.40555555555555556,257.07977051807495
1543,202184.78576646096,0.3888888888888889,253.68763498723442
1544,196195.82701368918,0.38333333333333336,249.90212357333436
1545,207872.11831355855,0.4111111111111111,257.23092800278175
1546,193324.66733303343,0.375,248.06683142914747
1547,201087.1105558997,0.4,252.99805389385068
1548,207799.18388648456,0.40555555555555556,257.18579776494556
1549,196819.1546233835,0.4027777777777778,250.29878686673473
1550,191078.6358062835,0.41388888888888886,246.62161060144768
1551,196360.15348404562,0.39166666666666666,250.00675612178608
1552,194909.28840182233,0.3972222222222222,249.081419233446
1553,195228.6096995626,0.4027777777777778,249.28537167930145
1554,198171.57688594438,0.4,251.15726563933458
1555,207768.59816800314,0.4027777777777778,257.1668696302516
1556,205881.70202418356,0.38055555555555554,255.99644751176328
1557,193672.4034791855,0.3861111111111111,248.2898320680908
1558,199714.8631726736,0.41388888888888886,252.1333285500056
1559,208613.27081907023,0.3972222222222222,257.68908880828957
1560,201183.54736992394,0.39166666666666666,253.05871268417485
1561,202198.00695638635,0.39166666666666666,253.6959293738799
1562,198882.88580866632,0.42777777777777776,251.6076086799849
1563,194435.76191655413,0.4,248.77866718373778
1564,199358.67700490067,0.39444444444444443,251.90839165692958
1565,202874.28664457428,0.3972222222222222,254.11983608418325
1566,203777.41969349957,0.4,254.6848391040668
1567,207254.7832685183,0.3972222222222222,256.8486840013946
1568,205830.91777688428,0.4222222222222222,255.96487261080418
1569,203596.43348658425,0.39166666666666666,254.5717140032261
1570,205126.40917079573,0.4,255.52644473017986
1571,209091.5300418166,0.3972222222222222,257.98430403729077
1572,203163.949314334,0.4027777777777778,254.30118675085862
1573,198036.37565347852,0.39166666666666666,251.07157583945892
1574,207596.19099314912,0.37222222222222223,257.0601484618294
1575,211654.56652317112,0.3888888888888889,259.56066917056245
1576,213342.2288238218,0.3888888888888889,260.59343924033647
1577,215034.8248799642,0.38333333333333336,261.62513379469635
1578,206080.2983203274,0.3888888888888889,256.1198865825632
1579,215368.45631399174,0.3972222222222222,261.82801381228364
1580,214199.26314013748,0.36666666666666664,261.1163401068363
1581,197207.3310616575,0.37777777777777777,250.5454910886351
1582,206281.00111374308,0.38333333333333336,256.24457455016284
1583,202843.2746145061,0.37222222222222223,254.1004125452984
1584,199473.85860144472,0.36666666666666664,251.98115252547646
1585,198296.42963049997,0.4027777777777778,251.23637066781652
1586,212527.67267486238,0.3861111111111111,260.0954811219168
1587,209760.34490290293,0.4,258.3965779802738
1588,203261.03641737177,0.4,254.3619416650473
1589,189952.1941815222,0.39166666666666666,245.89359753820685
1590,208306.169170169,0.4222222222222222,257.499345630116
1591,202544.9807538557,0.39444444444444443,253.91350844501733
1592,206443.46331808847,0.39444444444444443,256.34546087685715
1593,208996.992288356,0.37777777777777777,257.92597548145704
1594,195682.07836620053,0.37222222222222223,249.57471845712436
1595,201476.68417677726,0.3972222222222222,253.24300663393947
1596,197170.95423457652,0.39166666666666666,250.5223822359141
1597,211215.02883167108,0.37777777777777777,259.29101756080036
1598,198765.65751959247,0.3861111111111111,251.53344473907998
1599,206585.79107433656,0.36944444444444446,256.43381142911016
1600,211369.11814786942,0.39444444444444443,259.38558159700494
1601,210171.71224994434,0.38055555555555554,258.6498285430172
1602,217880.64020545722,0.4,263.35064417132253
1603,210408.37334845107,0.3972222222222222,258.7954121939993
1604,196843.0519289646,0.39444444444444443,250.3139817420887
1605,202451.69781732006,0.39444444444444443,253.85503124804583
1606,209771.15126111783,0.4,258.403233885664
1607,202225.59703797358,0.38333333333333336,253.71323729085657
1608,194455.7787933327,0.38055555555555554,248.79147255379576
1609,197605.11140638997,0.3972222222222222,250.79804728327386
1610,199236.56103144513,0.38055555555555554,251.83122734396775
1611,212893.81341727913,0.38333333333333336,260.31942977443555
1612,207604.23813516216,0.3888888888888889,257.06513068107085
1613,195186.50487555514,0.39166666666666666,249.2584886248608
1614,208635.92080236072,0.3972222222222222,257.7030775998801
1615,203766.04582031333,0.4166666666666667,254.67773136492522
1616,209792.26298862253,0.4111111111111111,258.4162366302635
1617,199154.91885014175,0.4027777777777778,251.77962497416405
1618,223349.76690585472,0.39166666666666666,266.63540440642686
1619,202906.9843420672,0.38055555555555554,254.14031378712747
1620,212886.45978106392,0.38055555555555554,260.3149338454876
1621,199081.0295973904,0.4027777777777778,251.7329137647622
1622,202493.70368499536,0.39444444444444443,253.88136554876397
1623,199731.64256608646,0.3638888888888889,252.1439200387599
1624,213906.77283475184,0.37222222222222223,260.93800128569205
1625,204857.44052002858,0.3888888888888889,255.35886234049713
1626,212970.32932260647,0.40555555555555556,260.36620611593065
1627,199028.30183708627,0.3861111111111111,251.69957509919652
1628,209981.97957423562,0.37222222222222223,258.53305401615864
1629,205310.2676232661,0.38055555555555554,255.64093553170517
1630,203688.2930459383,0.3638888888888889,254.62913693531468
1631,209594.24434830548,0.3638888888888889,258.2942509296069
1632,199274.81014761887,0.38055555555555554,251.8553992619278
1633,199080.70384121317,0.39444444444444443,251.73270780946504
1634,197145.53473736683,0.38333333333333336,250.5062329042808
1635,191261.35968716882,0.41388888888888886,246.73950156669233
1636,200479.6395458035,0.39444444444444443,252.6156195606125
1637,194693.6068067923,0.4,248.94356754771098
1638,203332.8137763704,0.3972222222222222,254.40684898521576
1639,211621.73489075276,0.3861111111111111,259.54053700162495
1640,200288.43204057074,0.40555555555555556,252.49512471880317
1641,213957.55482049886,0.3888888888888889,260.96897310422776
1642,203762.93319083645,0.38055555555555554,254.6757861918767
1643,197820.59092736113,0.38055555555555554,250.93475204303317
1644,205866.09783038768,0.35,255.98674608169037
1645,211642.41406146047,0.37222222222222223,259.553217532679
1646,205264.08563109822,0.36666666666666664,255.61218228960593
1647,205386.43003130224,0.38333333333333336,255.68834773403128
1648,212628.622284196,0.3611111111111111,260.15724583162904
1649,202728.85156166955,0.3611111111111111,254.02873393922513
1650,203611.83929915185,0.3611111111111111,254.58134533579891
1651,212794.513003166,0.39166666666666666,260.2587120819838
1652,203468.13515626508,0.3888888888888889,254.49149090611826
1653,209952.49460599074,0.4083333333333333,258.5149022049519
1654,203812.64476524445,0.375,254.7068506303714
1655,205246.7436614842,0.3861111111111111,255.60138421863192
1656,208696.7224626316,0.3638888888888889,257.74062538530944
1657,198792.99224619474,0.3888888888888889,251.55073988366925
1658,209950.786308963,0.38055555555555554,258.513850488138
1659,204872.34551057522,0.3638888888888889,255.36815185468495
1660,211013.4935603907,0.38055555555555554,259.16728404343786
1661,208410.9189762327,0.38055555555555554,257.56408115027193
1662,219399.56253745797,0.375,264.26700471317207
1663,215059.18268364418,0.36944444444444446,261.639951006741
1664,206422.16964639054,0.37777777777777777,256.3322401219825
1665,206449.32018655335,0.3638888888888889,256.3490971532819
1666,202165.48548455164,0.36944444444444446,253.67552636168594
1667,204344.89365616758,0.36666666666666664,255.03921236142006
1668,206481.47843524904,0.39444444444444443,256.369061900583
1669,209838.18674423874,0.3888888888888889,258.44451888088406
1670,209541.16580128137,0.38055555555555554,258.2615430857345
1671,202491.16216265387,0.3638888888888889,253.87977229629354
1672,205606.38974568987,0.3972222222222222,255.82522650944853
1673,209647.74563434563,0.3527777777777778,258.3272150810999
1674,202325.74335715183,0.3638888888888889,253.77605154952238
1675,213134.39877091048,0.36666666666666664,260.46647810153837
1676,200408.2742671078,0.36944444444444446,252.57065342642838
1677,208819.3868734117,0.375,257.8163595830269
1678,211776.09112362366,0.35555555555555557,259.6351737766067
1679,215915.41013687718,0.3527777777777778,262.1602746908766
1680,198322.93302062023,0.36944444444444446,251.25315965660843
1681,203165.1373429236,0.35,254.30193028001227
1682,207828.2106079282,0.37222222222222223,257.20375981775715
1683,214329.82876111657,0.33611111111111114,261.1959099961988
1684,200954.29518451283,0.3527777777777778,252.9144891624957
1685,217699.66676750628,0.3472222222222222,263.2412508536876
1686,209292.7535673838,0.3638888888888889,258.10841242998276
1687,206473.41300824695,0.35833333333333334,256.3640548022166
1688,217478.93288959967,0.35555555555555557,263.1077619065251
1689,213271.49306952147,0.3611111111111111,260.5502344754395
1690,204603.66776607215,0.38333333333333336,255.20064694158702
1691,213162.68525915488,0.3888888888888889,260.4837616502664
1692,197432.52553227847,0.3638888888888889,250.6885013939768
1693,193162.46212505875,0.3638888888888889,247.96274182628372
1694,207164.77181164196,0.37222222222222223,256.79290281597486
1695,201637.57508291944,0.3527777777777778,253.34410112536594
1696,200916.38177742768,0.375,252.89062975134536
1697,199251.0588050965,0.3638888888888889,251.84038963250126
1698,196136.40585445787,0.3638888888888889,249.86427720670727
1699,200438.73430799198,0.3638888888888889,252.58984679594704
1700,212243.68313937,0.35555555555555557,259.92164708488866
1701,206238.28870747727,0.36666666666666664,256.2180442615564
1702,189095.88869836007,0.35833333333333334,245.3387266808845
1703,183061.36676125808,0.3472222222222222,241.39230066103025
1704,197033.00852447492,0.35,250.43473105357305
1705,187690.1408050419,0.34444444444444444,244.42509559673397
1706,203306.18369317587,0.33611111111111114,254.3901888670938
1707,189925.0544282438,0.3472222222222222,245.87603067095526
1708,203438.74794554,0.3388888888888889,254.47311194685722
1709,195516.8851309945,0.3416666666666667,249.46935173094136
1710,191699.669957483,0.33611111111111114,247.02206404618323
1711,204927.68571003058,0.33055555555555555,255.40263959925602
1712,205747.4068927896,0.3388888888888889,255.91294158493417
1713,215668.86953335025,0.33055555555555555,262.01055954779287
1714,194816.05781009776,0.33055555555555555,249.02184078571702
1715,197298.25652871619,0.3388888888888889,250.6032433547419
1716,199660.18275257584,0.33055555555555555,252.09881008724983
1717,205056.52362517573,0.3416666666666667,255.48291272876446
1718,202023.87188837395,0.3611111111111111,253.58666303099818
1719,207903.75913481624,0.325,257.2505041926752
1720,202882.65683031717,0.3333333333333333,254.12507826722518
1721,211253.48851074802,0.325,259.3146233512197
1722,195781.8632209222,0.3388888888888889,249.63834360671083
1723,191917.11214400124,0.35833333333333334,247.16212113363736
1724,209383.75875058267,0.3611111111111111,258.1645219944682
1725,188679.48932712426,0.35,245.06845323895254
1726,204019.54017488443,0.35833333333333334,254.83609754572993
1727,191270.55974302706,0.375,246.74543582833073
1728,198945.92983426392,0.35833333333333334,251.64748415645437
1729,186061.95297236912,0.33611111111111114,243.3626082079345
1730,202712.76918314904,0.34444444444444444,254.0186577531052
1731,195504.02656663905,0.36944444444444446,249.4611481672039
1732,205000.70984708978,0.3472222222222222,255.44814076251063
1733,199543.43267504568,0.35,252.02509268625752
1734,194749.7110806293,0.35555555555555557,248.97943362535233
1735,207883.97664525593,0.33055555555555555,257.23826493230985
1736,200927.18694576068,0.3416666666666667,252.89742981678228
1737,195018.25709353253,0.36944444444444446,249.1510369619271
1738,197873.60631761685,0.3527777777777778,250.9683747123068
1739,210182.59738869467,0.35833333333333334,258.65652640636944
1740,203748.51622401396,0.35833333333333334,254.6667764145573
1741,194934.2972877386,0.35555555555555557,249.09739858733428
1742,201124.6844653173,0.35555555555555557,253.0216896254271
1743,196152.59950493774,0.36666666666666664,249.8745917917054
1744,183431.19912514355,0.3611111111111111,241.63601576768454
1745,196192.87037816297,0.33055555555555555,249.90024057640332
1746,194088.33804506197,0.3527777777777778,248.5563050753788
1747,188814.90896735794,0.3611111111111111,245.15638311739409
1748,214969.93339136522,0.35555555555555557,261.5856552465034
1749,203771.20732494892,0.3611111111111111,254.68095690714316
1750,207781.093357486,0.3416666666666667,257.1746025130883
1751,204992.43529728986,0.35,255.44298531769942
1752,188995.72179763587,0.3527777777777778,245.27373828975013
1753,202712.31059441346,0.33055555555555555,254.0183704249773
1754,205178.07269018554,0.3472222222222222,255.5586213873883
1755,206976.89442265563,0.3388888888888889,256.6764338741482
1756,200167.21166983456,0.3472222222222222,252.41870446611475
1757,199319.27456044513,0.3388888888888889,251.88349608414407
1758,205966.99836297907,0.32222222222222224,256.0494714045254
1759,197471.18417493315,0.31666666666666665,250.7130434566605
1760,201320.25595161962,0.3111111111111111,253.1446775234503
1761,199100.1677754981,0.3277777777777778,251.7450133444403
1762,205423.5841443955,0.34444444444444444,255.71147351745657
1763,207817.3303527903,0.33611111111111114,257.19702714381424
1764,204746.34138265735,0.35,255.2896093108006
1765,211878.78931393826,0.3388888888888889,259.69811957593964
1766,207443.56473170858,0.3277777777777778,256.96563482168193
1767,201377.1804247024,0.3472222222222222,253.18046405874153
1768,202906.66628693254,0.3416666666666667,254.1401146055575
1769,202946.82009888993,0.3333333333333333,254.16525963836972
1770,197239.7270299382,0.3333333333333333,250.56606925484058
1771,201964.96520868744,0.3388888888888889,253.54968958508024
1772,199867.0166844705,0.3333333333333333,252.2293546213993
1773,195297.42569468144,0.3277777777777778,249.32930302084705
1774,213688.4539257737,0.32222222222222224,260.80480717943686
1775,202668.06118315505,0.325,253.99064448971268
1776,217478.31873542414,0.31666666666666665,263.10739040193266
1777,205501.52654413227,0.3194444444444444,255.75998030352204
1778,197071.8163640189,0.32222222222222224,250.45939279025603
1779,202109.99758264932,0.31666666666666665,253.6407110996563
1780,192418.92936209214,0.325,247.48504501253083
1781,232089.8696359333,0.33055555555555555,271.8023178492501
1782,211297.39210754912,0.3333333333333333,259.34156788429766
1783,182361.64399721063,0.3611111111111111,240.93051725557947
1784,205355.46475721415,0.3416666666666667,255.66907246299516
1785,203138.0457314166,0.3527777777777778,254.28497442114997
1786,243882.7869484983,0.35555555555555557,278.62214943496895
1787,209852.64676834256,0.36944444444444446,258.4534234793541
1788,203008.64667947884,0.38055555555555554,254.20397168193554
1789,206583.71159755348,0.35,256.43252080428937
1790,198662.6090861282,0.37222222222222223,251.46823355481777
1791,209390.63084713995,0.35,258.1687585144749
1792,191283.7918731363,0.37222222222222223,246.75397062649654
1793,196885.40368148717,0.375,250.3409084370828
1794,198278.7573515501,0.37222222222222223,251.22517526162733
1795,203221.05457824405,0.37222222222222223,254.33692369168654
1796,213020.07369164136,0.3611111111111111,260.39661175147626
1797,202817.43571330592,0.33055555555555555,254.08422792056712
1798,202263.32641798726,0.3611111111111111,253.73690392070372
1799,200280.8032558622,0.38333333333333336,252.49031603048002
1800,202727.52221608913,0.3611111111111111,254.02790107176264
1801,195444.8925707792,0.3333333333333333,249.42341812549984
1802,200919.49248759638,0.3527777777777778,252.89258744738208
1803,213760.20686632625,0.36944444444444446,260.8485904087731
1804,202017.5312126299,0.36944444444444446,253.58268349282568
1805,209471.45026397036,0.38055555555555554,258.21857696974087
1806,203718.81548520958,0.3611111111111111,254.64821415158937
1807,204198.6914145001,0.35833333333333334,254.9479598330383
1808,209836.50373802113,0.33055555555555555,258.44348245226473
1809,223095.5247227471,0.32222222222222224,266.48360377818875
1810,224702.25740588177,0.34444444444444444,267.44148889076104
1811,205924.42611291792,0.3333333333333333,256.0230080255783
1812,218621.8295419599,0.3388888888888889,263.7981987785234
1813,216219.91423313905,0.3388888888888889,262.3450710232984
1814,227508.1802236557,0.3111111111111111,269.1061183861734
1815,216029.69041222357,0.3138888888888889,262.2296439524609
1816,221472.19367265468,0.3055555555555556,265.5123137649498
1817,219890.3138289886,0.3055555555555556,264.56239484821606
1818,227578.17552541994,0.3,269.1475118766866
1819,207162.67572607458,0.3111111111111111,256.7916037020999
1820,224047.01928977564,0.2972222222222222,267.05127075141587
1821,206905.4323932001,0.30277777777777776,256.63211926001685
1822,230175.94372018025,0.2722222222222222,270.6792907627349
1823,216920.7967443519,0.2972222222222222,262.7699262141538
1824,226625.45565740508,0.2833333333333333,268.5835493783235
1825,208988.98768022686,0.2972222222222222,257.92103613733923
1826,206637.49872164562,0.2972222222222222,256.46590163097744
1827,226046.8224106518,0.29444444444444445,268.24044869061436
1828,207723.61270190784,0.2916666666666667,257.13902760341557
1829,200894.00988567658,0.28055555555555556,252.8765497663139
1830,214042.53362584836,0.3055555555555556,261.0207932654676
1831,215930.01026529656,0.2916666666666667,262.16913813645436
1832,228569.28122432058,0.30277777777777776,269.7329455065219
1833,214377.010143796,0.28888888888888886,261.22465752545844
1834,230180.11979038274,0.2833333333333333,270.6817462117607
1835,220772.91877980458,0.29444444444444445,265.0928189319033
1836,201895.31413970445,0.2777777777777778,253.5059653437173
1837,225028.4993583611,0.2638888888888889,267.63556568376544
1838,217108.69201704575,0.2833333333333333,262.8837063141371
1839,215797.9291475236,0.2916666666666667,262.088943425025
1840,227323.9644626419,0.2972222222222222,268.99714729891025
1841,217946.2321647978,0.28888888888888886,263.39028143529293
1842,226661.8637950265,0.2916666666666667,268.605122934766
1843,229035.1196323165,0.3,270.007671858141
1844,210142.92372585877,0.26944444444444443,258.63211350005844
1845,223370.95651511417,0.3055555555555556,266.6480522056939
1846,206180.6062886627,0.3,256.1822111721444
1847,210722.3861294037,0.2861111111111111,258.9884529187108
1848,217484.84877137703,0.2833333333333333,263.11134042286346
1849,225558.12425290118,0.28055555555555556,267.95033282078657
1850,226128.85829005786,0.28055555555555556,268.2891185739348
1851,218664.29875399158,0.3,263.82382009371605
1852,205621.41217428126,0.2833333333333333,255.8345721479913
1853,205541.89945712208,0.2777777777777778,255.78510242427467
1854,221945.28903032708,0.25555555555555554,265.79574806657826
1855,216815.98814281783,0.2916666666666667,262.7064378894557
1856,235389.78797704118,0.2916666666666667,273.72777831231997
1857,216596.30681079548,0.2638888888888889,262.5733150355796
1858,199731.91372863884,0.2638888888888889,252.1440911983339
1859,207318.60431104462,0.2861111111111111,256.88822733249367
1860,213416.92326923343,0.2722222222222222,260.63905416403827
1861,210826.39687633386,0.26944444444444443,259.0523622633936
1862,221690.06199998033,0.2972222222222222,265.64287756928707
1863,212978.58569937648,0.26666666666666666,260.3712529707403
1864,226923.97043089318,0.25833333333333336,268.76038249755396
1865,223022.48178436654,0.2638888888888889,266.4399759668362
1866,,0.23055555555555557,
1867,206160.6408280271,0.2777777777777778,256.1698071934838
1868,205800.46806629634,0.25555555555555554,255.94593875807766
1869,213701.12488717047,0.2611111111111111,260.81253946116794
1870,,0.24444444444444444,
1871,215300.34767384187,0.2722222222222222,261.7866099772698
1872,219702.87216610933,0.2638888888888889,264.4496100081189
1873,219918.83104337225,0.3,264.5795496237155
1874,,0.24166666666666667,
1875,216728.5253450418,0.2611111111111111,262.6534451237239
1876,,0.2388888888888889,
1877,211180.478778848,0.25277777777777777,259.2698095890332
1878,,0.2361111111111111,
1879,,0.24166666666666667,
1880,209819.22457885122,0.2833333333333333,258.4328413628294
1881,220680.27517286967,0.25277777777777777,265.03719224532193
1882,223305.8878760958,0.26666666666666666,266.6092116825868
1883,213655.79974614675,0.25555555555555554,260.78487935404297
1884,231065.05077506904,0.25833333333333336,271.20156712907107
1885,,0.2388888888888889,
1886,222924.91718076094,0.275,266.38169046565304
1887,211217.34868965225,0.28055555555555556,259.2924415046556
1888,223986.40745930193,0.28055555555555556,267.01514538521326
1889,218777.93747646196,0.2833333333333333,263.89236513710864
1890,214788.40793572197,0.2916666666666667,261.47518751043526
1891,215585.40535372627,0.2916666666666667,261.9598553996986
1892,218066.42170947356,0.2722222222222222,263.4628965809968
1893,211869.79871037902,0.25555555555555554,259.6926096624303
1894,213718.20059044982,0.2861111111111111,260.8229593140731
1895,217193.1095949423,0.26666666666666666,262.9348094016265
1896,228176.58460842475,0.2777777777777778,269.501136688723
1897,231457.91894620683,0.26944444444444443,271.43202433777805
1898,224939.72440110688,0.25277777777777777,267.582768638658
1899,215349.04837814622,0.2722222222222222,261.81621622625926
1900,227336.98728450327,0.25833333333333336,269.0048522757463
1901,206613.33812910868,0.275,256.4509078633368
1902,212358.33813224835,0.2833333333333333,259.9918430279206
1903,225648.8675454346,0.25277777777777777,268.0042263582583
1904,220906.437155998,0.2861111111111111,265.1729678311732
1905,206645.4355217385,0.26666666666666666,256.47082692057677
1906,188982.9333364988,0.28055555555555556,245.2654398830374
1907,208894.8583528123,0.275,257.86294535404414
1908,208751.7009506481,0.28888888888888886,257.77457238888695
1909,216725.99436569886,0.29444444444444445,262.6519114714653
1910,206226.1176488153,0.30277777777777776,256.2104838544267
1911,184310.50305396135,0.2972222222222222,242.21448191547844
1912,213125.29551432267,0.30833333333333335,260.4609156054912
1913,204943.52634400153,0.2777777777777778,255.41251054845344
1914,208467.18303712434,0.2972222222222222,257.59884569928204
1915,206714.79608398076,0.28888888888888886,256.5138655394625
1916,214603.8834419189,0.3,261.3628468489672
1917,214928.38602261318,0.30277777777777776,261.5603756162692
1918,199790.72197011198,0.2722222222222222,252.18120859985527
1919,217322.8702655321,0.2861111111111111,263.0133420557905
1920,202660.13695121932,0.2777777777777778,253.98567898000482
1921,214687.37958759896,0.275,261.4136862553774
1922,206374.50311455314,0.2777777777777778,256.3026425880735
1923,202679.69250008988,0.30833333333333335,253.9979327700706
1924,199723.41810441244,0.3055555555555556,252.1387286496328
1925,208545.87155881705,0.3,257.64745805069856
1926,207052.82548099916,0.28055555555555556,256.72351141430175
1927,212339.13668243482,0.2972222222222222,259.98008852554494
1928,209908.8431320486,0.2972222222222222,258.48802673689465
1929,213404.20276932043,0.2861111111111111,260.63128648465243
1930,208360.21502836348,0.28055555555555556,257.5327480747032
1931,217059.73323944394,0.28888888888888886,262.8540640403556
1932,215734.72648732035,0.275,262.05056045364637
1933,208513.41454464,0.28888888888888886,257.6274078033972
1934,212097.3371561234,0.2722222222222222,259.8320212176527
1935,231146.08090422343,0.26666666666666666,271.2491155828027
1936,207990.53849937863,0.30277777777777776,257.30418697923
1937,194247.13702677967,0.30833333333333335,248.65796604677968
1938,222746.8632819792,0.2777777777777778,266.27528743592256
1939,214693.7115344132,0.2722222222222222,261.41754126855113
1940,222421.51371950159,0.2861111111111111,266.0807522480365
1941,226326.9199963209,0.29444444444444445,268.4065873713922
1942,213058.01819717046,0.29444444444444445,260.4198024783932
1943,216664.05962948236,0.30277777777777776,262.61437919652946
1944,203368.59023922667,0.2916666666666667,254.42922947728746
1945,214635.00027335627,0.30277777777777776,261.3817945230117
1946,220024.57212153426,0.2916666666666667,264.64314937221184
1947,210277.1430465175,0.275,258.71469511836716
1948,200264.5518941316,0.2777777777777778,252.48007192661538
1949,217454.70854825803,0.29444444444444445,263.09310809697274
1950,223947.75606736782,0.28055555555555556,266.9921061472027
1951,207677.45320241837,0.275,257.1104558196755
1952,211080.62051328516,0.31666666666666665,259.2085035086382
1953,209794.6909742071,0.3055555555555556,258.417731988274
1954,220427.30686981505,0.30277777777777776,264.8852411168473
1955,214753.41918324665,0.3194444444444444,261.45388965895904
1956,209946.18861410307,0.30277777777777776,258.5110198859534
1957,218928.44592673847,0.30277777777777776,263.9831220084615
1958,218562.89533054066,0.30277777777777776,263.7626401457647
1959,216479.66804830357,0.28888888888888886,262.5026066490775
1960,219197.26934001507,0.325,264.14514543223754
1961,202948.5748231148,0.3,254.16635842122813
1962,209708.03601802964,0.3111111111111111,258.3643572103654
1963,215803.06680829148,0.325,262.09206327903223
1964,206675.1032384716,0.3111111111111111,256.4892367895017
1965,210068.55743518242,0.33055555555555555,258.5863465227544
1966,190796.23526083326,0.32222222222222224,246.4392986724552
1967,210399.0974791126,0.3194444444444444,258.78970762329135
1968,200258.35939642266,0.3388888888888889,252.47616835421903
1969,208896.97189900704,0.33611111111111114,257.8642498473013
1970,221001.88234183233,0.35,265.23024717145694
1971,221396.28309634296,0.33611111111111114,265.4668071038472
1972,220645.80856139812,0.325,265.01649422273533
1973,209052.38654090356,0.33055555555555555,257.96015460974746
1974,208523.43908392082,0.325,257.6336006064726
1975,215876.02024889868,0.33611111111111114,262.136360383745
1976,227078.37208600875,0.3277777777777778,268.85180076298155
1977,201446.53945208434,0.34444444444444444,253.22406095217625
1978,217574.73694655154,0.3416666666666667,263.1657077848955
1979,211006.68425814627,0.3333333333333333,259.1631024089455
1980,210911.48537152135,0.3194444444444444,259.10463311848207
1981,207881.74874613705,0.31666666666666665,257.23688651332697
1982,209445.17338100096,0.3194444444444444,258.20238050926395
1983,209395.54418348533,0.32222222222222224,258.17178745253733
1984,209877.82036551324,0.3277777777777778,258.46892484987166
1985,205276.52679076593,0.325,255.61992856382022
1986,204085.85459990072,0.33055555555555555,254.87751008948604
1987,194487.95199468633,0.3333333333333333,248.8120532923338
1988,205395.99073707173,0.3111111111111111,255.6942987908104
1989,214472.9211129741,0.3333333333333333,261.28308615173677
1990,204017.36630273197,0.3277777777777778,254.83473987535402
1991,213594.66627966892,0.30277777777777776,260.74756741520366
1992,211274.04733910787,0.3055555555555556,259.32724107216393
1993,206989.8576348073,0.33611111111111114,256.68447172537446
1994,204990.84593536847,0.33611111111111114,255.44199505642393
1995,202423.05262031878,0.3472222222222222,253.83707144652678
1996,216944.39449717032,0.3388888888888889,262.7842185531804
1997,212570.1480686493,0.3277777777777778,260.12147092810943
1998,205915.55862670444,0.34444444444444444,256.0174955543819
1999,210244.5570712819,0.3388888888888889,258.6946482479319
2000,204656.9987787646,0.32222222222222224,255.23390446409104
2001,208519.4247735431,0.3194444444444444,257.63112072646817
2002,212653.4411509866,0.34444444444444444,260.172428687903
2003,198684.9017110095,0.35555555555555557,251.48234222320477
2004,209682.14994976806,0.35,258.34841064981066
2005,224907.5978338352,0.3388888888888889,267.5636594688409
2006,213447.6636249527,0.35555555555555557,260.6578245797634
2007,216149.55076171245,0.3194444444444444,262.30238066330656
2008,208605.42907969968,0.325,257.6842455170281
2009,216928.64082264664,0.32222222222222224,262.7746771861038
2010,211663.1503335492,0.3333333333333333,259.5659324564274
2011,208639.44962556253,0.35555555555555557,257.7052569579471
2012,208314.29023204188,0.38055555555555554,257.504365039155
2013,196730.29388181496,0.37222222222222223,250.2422775120627
2014,203334.01454949245,0.3888888888888889,254.40760017841876
2015,221151.42598122443,0.3638888888888889,265.3199676493772
2016,222243.06648964158,0.3416666666666667,265.973993464501
2017,213135.96947120677,0.35,260.4674378575021
2018,224004.14243398016,0.35555555555555557,267.0257161452017
2019,212781.4852639474,0.3611111111111111,260.2507451600956
2020,203230.47063970784,0.38333333333333336,254.34281585766016
2021,223402.1229728075,0.36666666666666664,266.66665396462975
2022,208140.98177753485,0.37222222222222223,257.3972265192256
2023,213953.816246288,0.37222222222222223,260.9666930815954
2024,221326.2734904766,0.37777777777777777,265.42483102422074
2025,203885.45221868018,0.38055555555555554,254.75234069632958
2026,210585.5630978565,0.39166666666666666,258.90435805839223
2027,224782.6169375327,0.38333333333333336,267.48930672735435
2028,216644.3936340929,0.3611111111111111,262.6024605368816
2029,211201.65780619025,0.3861111111111111,259.2828101863221
2030,201620.6817247989,0.37222222222222223,253.33348821685425
2031,217151.48640306655,0.3611111111111111,262.9096135967665
2032,222950.59924351648,0.35833333333333334,266.3970342736789
2033,223642.1070204217,0.37777777777777777,266.80984545472376
2034,208632.83790301945,0.36666666666666664,257.70117362385326
2035,204716.66202252536,0.3611111111111111,255.2711056667315
2036,212783.98273243822,0.375,260.2522724690336
2037,208935.5207462611,0.37222222222222223,257.88804126692924
2038,208191.16758040572,0.375,257.42825574709053
2039,218596.38905653573,0.36944444444444446,263.78284955768737
2040,199109.21393272097,0.3972222222222222,251.75073232280465
2041,211604.76345766368,0.40555555555555556,259.5301296037839
2042,208360.70162527252,0.3861111111111111,257.5330487908596
2043,220354.4276109283,0.35833333333333334,264.8414483666198
2044,207927.96978985073,0.3638888888888889,257.26548232950734
2045,214040.8929317031,0.3638888888888889,261.01979286591916
2046,208832.8984091877,0.35555555555555557,257.82470037616577
2047,203067.32245264057,0.3388888888888889,254.2407054300061
2048,212487.55453117687,0.35833333333333334,260.07093128277705
2049,210227.26565064007,0.3611111111111111,258.6840099464688
2050,211567.79607910928,0.37222222222222223,259.5074586405884
2051,202276.39640152708,0.36944444444444446,253.74510185664158
2052,199185.46646719152,0.3527777777777778,251.7989339942427
2053,200670.97372836803,0.35555555555555557,252.73613672735303
2054,214654.3702193904,0.375,261.3935885850826
2055,206334.6273033866,0.37222222222222223,256.27787991302694
2056,216233.5883088389,0.37777777777777777,262.3533664424742
2057,198103.20858051028,0.3972222222222222,251.11393783680342
2058,207465.61007529654,0.38055555555555554,256.97928852364413
2059,207980.96422294097,0.3472222222222222,257.2982647632886
2060,194908.6941902563,0.3611111111111111,249.08103955125077
2061,197073.95995094354,0.3611111111111111,250.46075493333035
2062,210259.0525795944,0.35,258.7035660668835
2063,200596.18477573007,0.36666666666666664,252.6890356641247
2064,199526.52683782534,0.33611111111111114,252.01441635032558
2065,206324.5404579319,0.36666666666666664,256.27161565434284
2066,209855.41502232137,0.36944444444444446,258.4551281573018
2067,195779.61948286276,0.3472222222222222,249.63691312523454
2068,202783.20920490494,0.3527777777777778,254.062787991467
2069,210011.77854129404,0.34444444444444444,258.55139783945236
2070,212256.55041620185,0.36666666666666664,259.9295258425738
2071,201816.60239605245,0.35555555555555557,253.456544083373
2072,197964.36241015408,0.35833333333333334,251.025922301309
2073,209695.91291105768,0.36666666666666664,258.3568891512763
2074,208799.28400668502,0.3638888888888889,257.8039494023024
2075,193973.60853113,0.36944444444444446,248.48283090427628
2076,196774.52969837814,0.3472222222222222,250.27041006111708
2077,222332.2969656763,0.3472222222222222,266.0273823164172
2078,209217.32924972635,0.35,258.061900057248
2079,216033.32152147847,0.3472222222222222,262.23184777102887
2080,206081.73887054727,0.35555555555555557,256.12078175041086
2081,205094.84890805438,0.3611111111111111,255.5067866276834
2082,208023.11517523995,0.35555555555555557,257.32433642201084
2083,209082.37695936565,0.36944444444444446,257.97865728190015
2084,208648.39789915798,0.3611111111111111,257.7107832197001
2085,210258.8130264309,0.3472222222222222,258.7034186932638
2086,202523.07663553517,0.35,253.89977840370068
2087,208929.2760296368,0.35,257.88418732728746
2088,198395.31903965297,0.3416666666666667,251.2990080022378
2089,197121.12964794497,0.3638888888888889,250.4907270592219
2090,211546.46361053697,0.35833333333333334,259.4943751884681
2091,215811.8564172716,0.3638888888888889,262.097400699233
2092,195423.2579837986,0.37222222222222223,249.40961289911922
2093,200446.82350867768,0.34444444444444444,252.59494368840714
2094,204899.56888343274,0.35833333333333334,255.3851179109567
2095,204848.07766734317,0.3416666666666667,255.35302678304075
2096,202886.68162732184,0.3416666666666667,254.12759892817581
2097,215416.24119216457,0.3416666666666667,261.85705874774106
2098,203796.43555173627,0.3277777777777778,254.69672201490033
2099,196205.97569611814,0.3277777777777778,249.90858687210203
2100,209808.83086904895,0.35555555555555557,258.4264403544675
2101,217129.03139596694,0.3388888888888889,262.896019883997
2102,201436.61006968934,0.34444444444444444,253.2178201164591
2103,201096.11296752203,0.3472222222222222,253.00371702940384
2104,207093.1133200697,0.3388888888888889,256.74848652009274
2105,201506.99073418623,0.3527777777777778,253.26205259737785
2106,198707.80570387555,0.3861111111111111,251.49683699289622
2107,207326.8787953675,0.36944444444444446,256.89335373301117
2108,202271.4433922343,0.35833333333333334,253.74199519278073
2109,208186.52752194938,0.35833333333333334,257.4253870163359
2110,207189.33005282935,0.3611111111111111,256.8081230561291
2111,192472.92646779795,0.3527777777777778,247.51976752862765
2112,206124.419359077,0.3527777777777778,256.14730228110494
2113,196457.98910561667,0.33055555555555555,250.069030773715
2114,205317.87097888728,0.3472222222222222,255.6456691258192
2115,207358.41972970866,0.3333333333333333,256.9128937663781
2116,206726.10091794303,0.3472222222222222,256.5208795681343
2117,190564.37796088893,0.375,246.28951552880895
2118,184052.92872640886,0.36944444444444446,242.04517511137573
2119,187395.0056507102,0.3527777777777778,244.23284570280134
2120,203622.2316827532,0.3416666666666667,254.58784219091575
2121,203371.97733551136,0.30833333333333335,254.4313482231289
2122,193528.66943996807,0.325,248.1976807763052
2123,206016.7044747637,0.3194444444444444,256.0803658098794
2124,202140.13995263074,0.325,253.6596241846491
2125,220347.5492179774,0.325,264.837314803733
2126,209971.46075532935,0.3111111111111111,258.52657846897125
2127,225568.09520418005,0.3111111111111111,267.95625521927457
2128,194598.74943426013,0.31666666666666665,248.8829158136961
2129,202542.99170588437,0.3388888888888889,253.9122616913656
2130,207145.33900605905,0.33611111111111114,256.78085848154916
2131,210288.61842019268,0.32222222222222224,258.7217543908477
2132,193705.6458377481,0.34444444444444444,248.3111396610536
2133,192186.36945936165,0.3388888888888889,247.33544304988996
2134,192058.7261398861,0.325,247.25329372566702
2135,199540.24883509948,0.32222222222222224,252.0230820694521
2136,199126.1703340557,0.33055555555555555,251.7614518055681
2137,203884.1895439591,0.3194444444444444,254.7515518469162
2138,212288.53849451194,0.3055555555555556,259.94911141666046
2139,195909.63384482492,0.30277777777777776,249.71978946702308
2140,192800.08700385204,0.3,247.73004208295183
2141,207714.93746512663,0.3333333333333333,257.13365805198987
2142,204136.1705621463,0.3,254.90892730077474
2143,221655.7818891199,0.30833333333333335,265.62233849039296
2144,206685.77129026776,0.34444444444444444,256.49585637045703
2145,197387.47144007374,0.33611111111111114,250.65989621037528
2146,193309.3964378261,0.2861111111111111,248.05703372083948
2147,203178.03333805836,0.325,254.31000111455268
2148,196469.5672713624,0.28888888888888886,250.07639951967874
2149,193318.99831400637,0.3333333333333333,248.06319426810538
2150,194923.86829060176,0.32222222222222224,249.0907351349818
2151,202089.96959196564,0.30277777777777776,253.62814358762378
2152,197424.61243112854,0.32222222222222224,250.68347754256067
2153,190679.67356730893,0.32222222222222224,246.36400952812176
2154,203319.1521211723,0.3194444444444444,254.3983022165737
2155,201396.09290140308,0.3111111111111111,253.19235258851273
2156,206154.5120054,0.3333333333333333,256.165999408028
2157,215206.6782926266,0.30833333333333335,261.72965684713233
2158,199630.48607079015,0.3333333333333333,252.08006129007512
2159,192537.76715970962,0.3111111111111111,247.5614565126978
2160,193346.13584032923,0.30833333333333335,248.0806048311938
2161,203204.23211565404,0.3138888888888889,254.32639657888134
2162,198909.20117702737,0.3111111111111111,251.6242539731977
2163,202478.98456256356,0.3,253.87213815367593
2164,198226.3360241954,0.3277777777777778,251.19196336366232
2165,206786.117379683,0.3333333333333333,256.5581132755596
2166,198899.90616612925,0.325,251.61837471398476
2167,198848.94813327852,0.3138888888888889,251.58614041331924
2168,190276.12672062425,0.3277777777777778,246.10317397371054
2169,194364.4024928865,0.3,248.73301114988976
2170,194980.44805934714,0.32222222222222224,249.12688379585873
2171,195209.47522195935,0.3111111111111111,249.2731550727021
2172,191231.61812919672,0.32222222222222224,246.72031655590655
2173,188281.6203699418,0.30277777777777776,244.80992861903266
2174,194107.6168514725,0.2861111111111111,248.56864932529015
2175,197357.9108123692,0.26666666666666666,250.6411261707782
2176,181921.9671256771,0.25833333333333336,240.6398982922524
2177,188778.9846852819,0.25277777777777777,245.13306004915708
2178,191348.87248043114,0.2638888888888889,246.7959436875791
2179,204440.85148081015,0.26666666666666666,255.09908695676262
2180,194864.384511835,0.25555555555555554,249.05272545233595
2181,188745.21902150326,0.26944444444444443,245.11113639422697
2182,186950.83528588372,0.26944444444444443,243.9432292600355
2183,191481.74077925348,0.2916666666666667,246.88161355945138
2184,195005.50854003517,0.2833333333333333,249.1428931930245
2185,194594.67503824388,0.2611111111111111,248.88031031681703
2186,,0.24722222222222223,
2187,179858.48175364223,0.25277777777777777,239.271253718852
2188,201921.46688540472,0.25,253.52238390792485
2189,,0.2361111111111111,
2190,210299.24526545653,0.25,258.7282915047841
2191,185211.88093678805,0.25555555555555554,242.8060393418475
2192,177496.00004710662,0.25555555555555554,237.694618309024
2193,,0.2388888888888889,
2194,192973.8089557508,0.275,247.8416251664712
2195,188637.82844780947,0.2777777777777778,245.04139589705994
2196,185466.82172945447,0.2722222222222222,242.97309092895875
2197,194090.10100897198,0.25277777777777777,248.5574339293965
2198,184931.0162231121,0.26666666666666666,242.6218677815987
2199,206893.04075192235,0.25277777777777777,256.62443424966915
2200,179434.00612654895,0.2611111111111111,238.9887404620632
2201,188163.05806551987,0.2722222222222222,244.73283718542885
2202,192751.58529594148,0.2833333333333333,247.6988800485306
2203,187749.33823330875,0.2833333333333333,244.46363836801277
2204,183610.1618228053,0.2722222222222222,241.75386183472756
2205,190494.33569113817,0.26666666666666666,246.24424929833998
2206,190804.1803647149,0.275,246.44442971039916
2207,194917.58427416944,0.28055555555555556,249.08671997023507
2208,193549.27861187645,0.26666666666666666,248.210895904876
2209,172627.10941387396,0.2833333333333333,234.41185027589157
2210,187591.6164597394,0.2777777777777778,244.36093403883723
2211,184107.96025901337,0.26944444444444443,242.08135796788733
2212,189525.4447352815,0.2611111111111111,245.61722810629502
2213,184622.10490861928,0.26666666666666666,242.41914363447964
2214,201386.1675286092,0.25277777777777777,253.18611349167907
2215,192717.74071408884,0.26666666666666666,247.6771328005452
2216,,0.24166666666666667,
2217,190812.2506855391,0.2611111111111111,246.44964150549475
2218,189401.04082851685,0.26666666666666666,245.53660368510575
2219,192116.2494309791,0.2638888888888889,247.29031823027705
2220,195348.7812631205,0.2777777777777778,249.3620827832614
2221,,0.24166666666666667,
2222,185556.22347564247,0.26944444444444443,243.03164480212405
2223,195266.18025066712,0.26944444444444443,249.3093572474435
2224,186568.7877850145,0.25,243.69384400369196
2225,,0.24722222222222223,
2226,204240.42374194114,0.2611111111111111,254.9740105097507
2227,194074.26389492265,0.26666666666666666,248.54729298786538
2228,194522.7416091315,0.3138888888888889,248.83430579757604
2229,182382.25013375308,0.26944444444444443,240.94412896358065
2230,192373.8215853369,0.2722222222222222,247.45603499120696
2231,200323.07858175403,0.26666666666666666,252.51696248637373
2232,,0.24166666666666667,
2233,178192.4735101624,0.25277777777777777,238.16050462204672
2234,,0.24722222222222223,
2235,177969.9849628333,0.25555555555555554,238.01177630035536
2236,199367.62298420956,0.25,251.91404363559533
2237,169021.53448001223,0.25833333333333336,231.95091162343454
2238,191237.729275013,0.26944444444444443,246.7242587172489
2239,184122.10583901402,0.28055555555555556,242.09065771635306
2240,186700.00715338282,0.2861111111111111,243.77952749873438
2241,,0.24444444444444444,
2242,201378.16678221524,0.275,253.18108410453445
2243,,0.24166666666666667,
2244,,0.23333333333333334,
2245,,0.2388888888888889,
2246,181342.36789692566,0.2638888888888889,240.25625587187008
2247,,0.24722222222222223,
2248,192695.02434912714,0.25555555555555554,247.66253505274761
2249,188151.97701238666,0.25555555555555554,244.72563083597925
2250,175735.37963521696,0.2611111111111111,236.51280872322994
2251,187890.844940282,0.25277777777777777,244.55574715781557
2252,175176.43249759363,0.2722222222222222,236.13638070062717
2253,187125.52318865393,0.2638888888888889,244.05717360541303
2254,199843.541349693,0.25,252.21454141580824
2255,178563.6593735945,0.2611111111111111,238.40842705695206
2256,,0.24722222222222223,
2257,205587.94436918918,0.2611111111111111,255.8137509457146
2258,190752.4081747952,0.25555555555555554,246.41099272435684
2259,188279.55481070594,0.26666666666666666,244.80858576146912
2260,198281.65730243956,0.25,251.22701241759995
2261,188950.14525402806,0.25277777777777777,245.244162479396
2262,189166.17459665934,0.2611111111111111,245.38431797017046
2263,193293.43938594015,0.2638888888888889,248.04679536533433
2264,182727.47295776557,0.26666666666666666,241.17205708754497
2265,,0.24444444444444444,
2266,,0.24166666666666667,
2267,184698.02259395568,0.25,242.46898059391688
2268,187121.99736173652,0.25277777777777777,244.05487432685695
2269,192060.0877950803,0.275,247.2541702105363
2270,184453.9344962092,0.2638888888888889,242.30870990461887
2271,191806.32278450817,0.26944444444444443,247.09077031501644
2272,,0.2388888888888889,
2273,186342.57717894277,0.2722222222222222,243.546062446149
2274,182877.76649546786,0.275,241.27121883622635
2275,184004.8152618987,0.25,242.0135364050623
2276,197649.5941932379,0.25833333333333336,250.82627420571785
2277,193811.46844443795,0.2722222222222222,248.378957364875
2278,,0.24722222222222223,
2279,185979.23859974087,0.25555555555555554,243.30850842342437
2280,204311.82931789133,0.28888888888888886,255.0185780216415
2281,201982.7721237977,0.2861111111111111,253.5608668659511
2282,191659.04562609267,0.25277777777777777,246.9958886284051
2283,203964.37966579635,0.2861111111111111,254.8016453576529
2284,186584.26530236358,0.2916666666666667,243.70395206496252
2285,204988.3176537925,0.30277777777777776,255.4404197878351
2286,190256.02916127004,0.28888888888888886,246.09017653718692
2287,194243.88638974878,0.3055555555555556,248.65588544938586
2288,189738.54154154958,0.3194444444444444,245.75527168866407
2289,186719.15686775412,0.3138888888888889,243.79202934244626
2290,205084.64432877256,0.32222222222222224,255.50043012553772
2291,199633.4745048158,0.28888888888888886,252.08194808058468
2292,196597.61341218255,0.325,250.15787804751764
2293,202093.27024690094,0.32222222222222224,253.63021478286274
2294,186644.34630900781,0.3416666666666667,243.74318581340543
2295,203527.5499473966,0.35,254.5286452622211
2296,204824.51324796502,0.37777777777777777,255.33833926696178
2297,209822.80745978293,0.3472222222222222,258.4350478578456
2298,203194.721110695,0.325,254.32044461641777
2299,207338.21448431886,0.33055555555555555,256.90037651598317
2300,203214.16584852754,0.30277777777777776,254.33261293467413
2301,199725.5528505034,0.31666666666666665,252.1400761399076
2302,205712.7546291638,0.3055555555555556,255.89139007118467
2303,206553.27996777117,0.2916666666666667,256.4136327058877
2304,214703.44450187328,0.2833333333333333,261.4234667788244
2305,216672.66147341006,0.29444444444444445,262.61959221036835
2306,218753.50257124426,0.2777777777777778,263.8776278992941
2307,218278.65753701402,0.28888888888888886,263.59107465344414
2308,203858.29497310187,0.28888888888888886,254.73537381076403
2309,207397.14605613062,0.2833333333333333,256.9368832144773
2310,212445.29505377632,0.29444444444444445,260.0450685724484
2311,202963.61049652746,0.30277777777777776,254.1757733471089
2312,211075.47437786497,0.3138888888888889,259.2053437439279
2313,206228.40623149372,0.3138888888888889,256.2119054911604
2314,212447.09020518395,0.3055555555555556,260.04616725360444
2315,208729.78439448812,0.28055555555555556,257.76104033343887
2316,208747.84368997053,0.29444444444444445,257.77219083149026
2317,215921.31635109519,0.2722222222222222,262.1638602713413
2318,211596.08275841962,0.28055555555555556,259.52480617422395
2319,,0.2361111111111111,
2320,211775.40956918878,0.2638888888888889,259.63475598712535
2321,201263.63756783272,0.26944444444444443,253.1090783973434
2322,209419.97940387845,0.25555555555555554,258.1868505727206
2323,208691.65908115756,0.25,257.737498726184
2324,,0.2388888888888889,
2325,200976.0113212756,0.2611111111111111,252.92815440228765
2326,208528.57476678677,0.25277777777777777,257.6367731906375
2327,208976.50858756114,0.2777777777777778,257.91333556757496
2328,193718.95168417165,0.2833333333333333,248.31966789248074
2329,188032.33466859252,0.26944444444444443,244.64781022366034
2330,205316.5350480322,0.26666666666666666,255.644837426437
2331,203525.31007396604,0.28055555555555556,254.52724468151703
2332,211185.73131133648,0.26666666666666666,259.27303388002406
2333,200332.66783177815,0.26666666666666666,252.52300627156418
2334,190126.06290176557,0.25555555555555554,246.0061085478026
2335,,0.24444444444444444,
2336,,0.24444444444444444,
2337,210516.39418716333,0.25,258.86183471793976
2338,,0.24722222222222223,
2339,,0.2361111111111111,
2340,208200.12799890264,0.25833333333333336,257.4337954635742
2341,,0.23333333333333334,
2342,211696.73854859377,0.25277777777777777,259.586526524168
2343,,0.2388888888888889,
2344,,0.24444444444444444,
2345,,0.24444444444444444,
2346,,0.2361111111111111,
2347,201066.43948581908,0.28055555555555556,252.98504989052438
2348,211259.4412863237,0.2638888888888889,259.31827685510507
2349,,0.24444444444444444,
2350,,0.23333333333333334,
2351,,0.24444444444444444,
2352,,0.24444444444444444,
2353,,0.2361111111111111,
2354,,0.24444444444444444,
2355,,0.24722222222222223,
2356,199906.59540971444,0.25277777777777777,252.25432728152612
2357,,0.24166666666666667,
2358,,0.23055555555555557,
2359,,0.24444444444444444,
2360,,0.24722222222222223,
2361,205786.62829659143,0.25555555555555554,255.93733262506674
2362,,0.24444444444444444,
2363,219011.91624383075,0.25555555555555554,264.0334413146707
2364,,0.24722222222222223,
2365,198081.4337489697,0.2833333333333333,251.10013666216238
2366,,0.24722222222222223,
2367,201112.43805080227,0.25555555555555554,253.01398630529405
2368,,0.24444444444444444,
2369,205963.91234475348,0.25,256.0475531935947
2370,,0.24166666666666667,
2371,202697.54012432438,0.25833333333333336,254.0091158338772
2372,217788.3232962745,0.25833333333333336,263.2948468933559
2373,210501.96484681306,0.2611111111111111,258.8529630347186
2374,213682.33965808965,0.25833333333333336,260.80107594880167
2375,212426.67578754612,0.25,260.0336728047635
2376,,0.2388888888888889,
2377,,0.24444444444444444,
2378,,0.24722222222222223,
2379,,0.20833333333333334,
2380,,0.23055555555555557,
2381,,0.21666666666666667,
2382,,0.225,
2383,,0.2361111111111111,
2384,,0.23055555555555557,
2385,,0.23333333333333334,
2386,,0.23055555555555557,
2387,,0.23333333333333334,
2388,208753.31635983026,0.26666666666666666,257.775569771432
2389,,0.22777777777777777,
2390,,0.23055555555555557,
2391,,0.2361111111111111,
2392,,0.23333333333333334,
2393,,0.20277777777777778,
2394,,0.23333333333333334,
2395,,0.23055555555555557,
2396,,0.2388888888888889,
2397,,0.2388888888888889,
2398,,0.21666666666666667,
2399,,0.2361111111111111,
2400,,0.22777777777777777,
2401,211155.10654453165,0.25,259.25423416275396
2402,,0.2388888888888889,
2403,,0.225,
2404,,0.2111111111111111,
2405,,0.24444444444444444,
2406,191001.29766718956,0.25555555555555554,246.57169610764214
2407,,0.24166666666666667,
2408,,0.24166666666666667,
2409,198542.34329877075,0.2638888888888889,251.39210548085
2410,,0.2361111111111111,
2411,,0.22777777777777777,
2412,,0.21666666666666667,
2413,,0.20555555555555555,
2414,,0.21666666666666667,
2415,211048.06827870692,0.25833333333333336,259.1885155501765
2416,,0.2361111111111111,
2417,,0.23055555555555557,
2418,,0.24444444444444444,
2419,,0.23333333333333334,
2420,,0.21944444444444444,
2421,,0.2222222222222222,
2422,,0.24166666666666667,
2423,210462.44450834073,0.25277777777777777,258.82866293633765
2424,,0.225,
2425,,0.2222222222222222,
2426,,0.21666666666666667,
2427,,0.24166666666666667,
2428,,0.21944444444444444,
2429,,0.20555555555555555,
2430,,0.21666666666666667,
2431,,0.2222222222222222,
2432,,0.24166666666666667,
2433,,0.20277777777777778,
2434,,0.20833333333333334,
2435,,0.2388888888888889,
2436,,0.2361111111111111,
2437,,0.21666666666666667,
2438,,0.2361111111111111,
2439,,0.23333333333333334,
2440,,0.23333333333333334,
2441,,0.22777777777777777,
2442,,0.24166666666666667,
2443,,0.2361111111111111,
2444,,0.24722222222222223,
2445,,0.24444444444444444,
2446,,0.2361111111111111,
2447,,0.18611111111111112,
2448,,0.20555555555555555,
2449,,0.18888888888888888,
2450,,0.22777777777777777,
2451,,0.225,
2452,,0.24166666666666667,
2453,,0.24166666666666667,
2454,,0.24444444444444444,
2455,,0.22777777777777777,
2456,,0.24722222222222223,
2457,,0.2361111111111111,
2458,,0.225,
2459,,0.23333333333333334,
2460,,0.2361111111111111,
2461,208261.89726973197,0.26666666666666666,257.4719806432317
2462,211699.85701031415,0.25833333333333336,259.58843847536406
2463,219192.51670947036,0.25277777777777777,264.14228182199486
2464,209450.0362658098,0.25555555555555554,258.20537795514787
2465,220054.37955245486,0.26666666666666666,264.661074791112
2466,204521.20496774768,0.2833333333333333,255.14921413842427
2467,211633.2635656979,0.2833333333333333,259.5476064969613
2468,217713.05245414827,0.2777777777777778,263.2493436789645
2469,205348.66603323055,0.2861111111111111,255.66484019714338
2470,,0.24444444444444444,
2471,226285.028618173,0.25555555555555554,268.38174622083835
2472,213491.1855044866,0.275,260.6843972300139
2473,208726.48816923104,0.25833333333333336,257.75900506614755
2474,225517.13956248827,0.2638888888888889,267.9259879642691
2475,212517.7133316279,0.3,260.0893868319696
2476,223930.9752911625,0.2777777777777778,266.9821028794911
2477,216098.32459649493,0.26666666666666666,262.2712967650447
2478,214133.694633936,0.2777777777777778,261.0763719049327
2479,205449.53669844384,0.2777777777777778,255.72762588933207
2480,214639.80231663946,0.2833333333333333,261.3847184628834
2481,230100.17605480927,0.2916666666666667,270.6347369627124
2482,196873.2148418868,0.2833333333333333,250.33315922777382
2483,211037.15412654466,0.30277777777777776,259.18181361849355
2484,229763.887443002,0.28888888888888886,270.43689996213027
2485,208240.02117464246,0.3,257.4584576956263
2486,214596.62490927882,0.2972222222222222,261.358426782643
2487,209828.0849609179,0.28888888888888886,258.43829793990005
2488,208361.68076103748,0.3055555555555556,257.5336538942225
2489,211699.33717263016,0.3138888888888889,259.58811976013817
2490,215368.2830999939,0.2833333333333333,261.8279085222915
2491,218423.22221263123,0.2777777777777778,263.6783476176978
2492,214266.14932953144,0.3,261.1571052185298
2493,226357.4496425479,0.2861111111111111,268.42468968515647
2494,212066.71417586488,0.2916666666666667,259.8132630423051
2495,221443.1543455593,0.275,265.49490627112715
2496,221036.5792358979,0.28055555555555556,265.25106668783275
2497,197985.43235819208,0.3,251.03928067134177
2498,211987.86571056314,0.2916666666666667,259.7649580037193
2499,220508.56573257464,0.2833333333333333,264.9340605903415
2500,211688.67403058877,0.3138888888888889,259.58158204517184
2501,208266.2543493068,0.29444444444444445,257.47467393484015
2502,205650.77319019358,0.26666666666666666,255.8528370133485
2503,214503.48128746706,0.28888888888888886,261.30170055826375
2504,212410.69201528362,0.26944444444444443,260.02388967094
2505,225989.43548820884,0.2638888888888889,268.2063971813328
2506,194536.4816254002,0.26944444444444443,248.8430937855745
2507,218973.22294025446,0.2722222222222222,264.01011660807666
2508,217950.3140870685,0.275,263.3927479464387
2509,213798.53053453774,0.2916666666666667,260.87197227895217
2510,226938.98608027626,0.275,268.7692743411672
2511,214952.63287571006,0.2777777777777778,261.5751289889263
2512,229273.81241806937,0.2777777777777778,270.1483317285514
2513,207200.75241050223,0.2972222222222222,256.81520188061836
2514,186361.48162291409,0.28055555555555556,243.55841600000682
2515,208989.3717049215,0.30277777777777776,257.921273106767
2516,207521.17217080123,0.2861111111111111,257.013697484034
2517,225267.24016410438,0.2722222222222222,267.7775001331753
2518,207705.31042925082,0.2833333333333333,257.1276992517604
2519,203118.35189540868,0.2972222222222222,254.27264790705797
2520,195256.46899458757,0.3,249.30315766615558
2521,218980.67066911538,0.2833333333333333,264.01460633293806
2522,209501.1555087796,0.2861111111111111,258.23688536956195
2523,206826.18985611177,0.2861111111111111,256.58297089426264
2524,196283.50484699267,0.28888888888888886,249.95795663991527
2525,209247.56035504673,0.26944444444444443,258.08054386344355
2526,198520.51352507249,0.3,251.37828479268748
2527,215729.66386071654,0.2916666666666667,262.0474856776384
2528,197377.56523720568,0.28055555555555556,250.6536062495185
2529,188834.6132514311,0.30277777777777776,245.16917475821296
2530,207502.93779541063,0.30277777777777776,257.0024056550043
2531,201723.1695380177,0.2722222222222222,253.39786726860967
2532,218450.17549521773,0.28055555555555556,263.6946159835499
2533,207044.08040521576,0.30277777777777776,256.7180898745
2534,206087.44643954193,0.2861111111111111,256.12432844241613
2535,193227.49516206596,0.28055555555555556,248.00447978336234
2536,201264.69866678494,0.2861111111111111,253.1097456152948
2537,209392.57954063293,0.2833333333333333,258.1699598352008
2538,209000.52016310484,0.28888888888888886,257.9281523709092
2539,202726.6352301719,0.2972222222222222,254.02734535191064
2540,201763.74463714522,0.2777777777777778,253.42335052529216
2541,211493.88957092594,0.2972222222222222,259.46212809943694
2542,209959.41640298069,0.2861111111111111,258.51916358066745
2543,209623.61378533748,0.29444444444444445,258.31234706348374
2544,203124.78079237355,0.2833333333333333,254.27667186576093
2545,205070.1097914305,0.2833333333333333,255.49137618989747
2546,215740.2250220033,0.2916666666666667,262.0538999366719
2547,218514.50084734318,0.28888888888888886,263.7334371941215
2548,215441.9178795972,0.26666666666666666,261.8726643990781
2549,211350.48651129368,0.2722222222222222,259.3741492637589
2550,188692.36796093785,0.2833333333333333,245.0768168746201
2551,210490.4874900786,0.2916666666666667,258.8459061212627
2552,207162.1781910642,0.28055555555555556,256.7912953384203
2553,206255.90300011315,0.2777777777777778,256.22898549676415
2554,199344.1124996105,0.2833333333333333,251.89918967944257
2555,198658.22910121878,0.3,251.46546143493018
2556,185118.24461616832,0.2861111111111111,242.74465467712292
2557,200395.61601084375,0.2777777777777778,252.5626768232834
2558,209919.97409979725,0.2722222222222222,258.49488014931893
2559,,0.24722222222222223,
2560,201394.47322874633,0.28055555555555556,253.19133447155477
2561,191207.3545106576,0.2833333333333333,246.70466402520879
2562,188998.88792082522,0.28055555555555556,245.27579273736103
2563,221016.09724801334,0.25555555555555554,265.23877687811927
2564,194255.1507041423,0.2611111111111111,248.6630951935784
2565,203568.20903503522,0.2638888888888889,254.55406782956774
2566,190343.89247377397,0.2777777777777778,246.14699419068006
2567,203416.80294238304,0.2861111111111111,254.45938652849992
2568,191042.93258481286,0.2722222222222222,246.59856878597122
2569,222786.43200296143,0.2833333333333333,266.2989369377119
2570,218447.88028944525,0.25,263.69323069055764
2571,192011.64270939236,0.2722222222222222,247.2229846450151
2572,222262.45298861893,0.25833333333333336,265.98559380864486
2573,205436.6728339311,0.25,255.71961979430765
2574,210045.24163209624,0.2638888888888889,258.5719956943508
2575,204038.543212896,0.2638888888888889,254.84796539741765
2576,207668.5074061484,0.2638888888888889,257.104918187904
2577,,0.24444444444444444,
2578,212758.44581156896,0.25,260.2366551255236
2579,,0.22777777777777777,
2580,196742.549611832,0.29444444444444445,250.25007207681486
2581,209580.85187644526,0.2833333333333333,258.2859986663876
2582,197710.71243748948,0.25555555555555554,250.8650521162592
2583,209859.80092905278,0.2722222222222222,258.4578289552858
2584,201031.43243561327,0.2833333333333333,252.96302571313552
2585,205616.63219965427,0.275,255.83159850371553
2586,208487.4799423557,0.25833333333333336,257.6113856396813
2587,196335.49432493135,0.3,249.99105754487934
2588,210214.96017542607,0.2861111111111111,258.67643891079445
2589,194339.08203675898,0.25,248.7168090101333
2590,221201.513494952,0.25,265.35001146459444
2591,206379.5618782007,0.25555555555555554,256.30578388345174
2592,202061.79361700462,0.26666666666666666,253.610462182303
2593,209913.37399685942,0.2611111111111111,258.4908164430524
2594,183990.71121742434,0.2833333333333333,242.0042610089604
2595,199701.82703983385,0.2972222222222222,252.12509957508112
2596,200395.3411978692,0.25,252.5625036470292
2597,214254.24743347787,0.2861111111111111,261.149851837875
2598,187159.89294218266,0.26944444444444443,244.0795858333847
2599,196955.87045636756,0.25277777777777777,250.38570388142327
2600,194093.22296221985,0.2611111111111111,248.5594329534675
2601,197703.6423285207,0.25555555555555554,250.86056662559042
2602,189944.4272531654,0.2611111111111111,245.88857033258049
2603,202370.60708454717,0.2833333333333333,253.8041861515031
2604,191683.66845580752,0.2611111111111111,247.01175415242807
2605,194910.1024403572,0.26666666666666666,249.08193937710757
2606,197616.38021053193,0.26944444444444443,250.80519829713882
2607,214250.42843540673,0.275,261.1475243805744
2608,177393.43200887842,0.275,237.6259311449365
2609,193585.61840456893,0.2777777777777778,248.23419619620717
2610,196935.2003943298,0.2861111111111111,250.37256483708657
2611,203912.49587246703,0.2833333333333333,254.76923549090003
2612,199208.3225759684,0.26944444444444443,251.81338027599003
2613,191209.51532983975,0.2833333333333333,246.70605801621303
2614,201565.0162428233,0.2972222222222222,253.29851436375816
2615,196023.56378133022,0.2833333333333333,249.79239034961864
2616,187822.9264886219,0.2638888888888889,244.51154237233814
2617,197394.82315697445,0.26944444444444443,250.66456409386237
2618,187497.6817234936,0.2972222222222222,244.29974565915916
2619,196940.06754356055,0.275,250.37565873067376
2620,214794.91085571918,0.26944444444444443,261.47914568343964
2621,194122.93573552818,0.2638888888888889,248.5784575936525
2622,187462.38484346337,0.26666666666666666,244.27674957569087
2623,197379.86267092623,0.2611111111111111,250.65506502314045
2624,194338.7983103243,0.275,248.71662745231566
2625,186596.23961746544,0.2638888888888889,243.71177196631015
2626,188481.57397356656,0.2777777777777778,244.93988723617005
2627,211879.15696349228,0.275,259.69834488838535
2628,190190.0433806796,0.275,246.04749757271327
2629,183468.27060793558,0.2722222222222222,241.66043187818084
2630,195276.25581593264,0.275,249.31578923759784
2631,189491.9994928162,0.2861111111111111,245.59555531665723
2632,185381.97856825846,0.28055555555555556,242.9175096582959
2633,,0.24722222222222223,
2634,197823.96611438392,0.25277777777777777,250.93689274057652
2635,205624.71864349055,0.26666666666666666,255.8366290975228
2636,190999.64708100123,0.2638888888888889,246.5706306993955
2637,196935.7953024955,0.2777777777777778,250.3729430035355
2638,201684.9130897674,0.25833333333333336,253.37383789687436
2639,191582.62044179655,0.3055555555555556,246.94663817841422
2640,189473.34590703645,0.26944444444444443,245.58346681022886
2641,194409.8527086951,0.2916666666666667,248.7620913417321
2642,199586.0404938625,0.26666666666666666,252.05199827312381
2643,205264.35119467328,0.28055555555555556,255.6123476406531
2644,206003.9404053078,0.2722222222222222,256.07243276820316
2645,191795.25893417964,0.2861111111111111,247.08364381708753
2646,205777.40287927908,0.2777777777777778,255.93159572373898
2647,189072.34512199953,0.26944444444444443,245.32345313134263
2648,206805.94752817356,0.26666666666666666,256.57041454506
2649,193805.47537599143,0.2638888888888889,248.3751171287641
2650,200278.12946893796,0.2638888888888889,252.48863062791588
2651,197667.28506970973,0.275,250.83749921572374
2652,205426.56933983928,0.2722222222222222,255.71333149777473
2653,,0.24722222222222223,
2654,,0.24722222222222223,
2655,208733.18471877248,0.25277777777777777,257.76313986024576
2656,,0.2361111111111111,
2657,214344.70000445913,0.25555555555555554,261.2049713587361
2658,199468.63067672844,0.28888888888888886,251.97785047092137
2659,,0.24166666666666667,
2660,181072.92818965937,0.26666666666666666,240.07770234450382
2661,214233.27731654872,0.2777777777777778,261.13707151496334
2662,198806.09299033295,0.29444444444444445,251.559028524911
2663,199632.56770817013,0.28888888888888886,252.081375563062
2664,192654.5467708476,0.28055555555555556,247.63652165102442
2665,,0.24166666666666667,
2666,218959.46748228595,0.25833333333333336,264.0018241852693
2667,213355.27166526875,0.2777777777777778,260.6014049088827
2668,201454.28942234258,0.25277777777777777,253.22893187245074
2669,199944.29696602284,0.28888888888888886,252.27811322101007
2670,183172.42801219574,0.28888888888888886,241.46551454104295
2671,186501.2653397603,0.25555555555555554,243.64974152137336
2672,203218.97088523154,0.2611111111111111,254.3356197878408
2673,185626.21429086098,0.26666666666666666,243.07747559914287
2674,196649.5393980738,0.2638888888888889,250.19091211292175
2675,180996.41331090694,0.2722222222222222,240.0269729023576
2676,196124.79024044072,0.28055555555555556,249.85687835089612
2677,200910.7442350567,0.2638888888888889,252.88708177872903
2678,191303.65527463812,0.2611111111111111,246.766782077761
2679,189349.13802728415,0.2777777777777778,245.50295838230483
2680,187766.64300418788,0.3,244.47490415945663
2681,193918.03733302763,0.2722222222222222,248.44723462429624
2682,195946.19444739187,0.2638888888888889,249.74308969958753
2683,196024.78768847312,0.28055555555555556,249.79317015947336
2684,194283.67482376346,0.28888888888888886,248.6813511715761
2685,192907.87029279754,0.2916666666666667,247.7992781201306
2686,198599.71445961838,0.26944444444444443,251.4284242200441
2687,191786.17578069432,0.29444444444444445,247.07779298103114
2688,186062.13738493656,0.30833333333333335,243.36272881053907
2689,187493.28691073335,0.2833333333333333,244.29688253594304
2690,197795.93137154068,0.28055555555555556,250.9191112739163
2691,192266.28914373784,0.28055555555555556,247.38686427197987
2692,198648.6534865054,0.2638888888888889,251.45940086195387
2693,196341.84861561042,0.2916666666666667,249.9951029239373
2694,194422.3137110991,0.28055555555555556,248.7700636108959
2695,192973.90048995079,0.28055555555555556,247.8416839464225
2696,211036.0597183799,0.28055555555555556,259.1811415779187
2697,190797.83878439246,0.2777777777777778,246.44033425471002
2698,208580.2416104474,0.25833333333333336,257.6686883717327
2699,192340.43493447467,0.28055555555555556,247.4345609500286
2700,188292.59677357218,0.30277777777777776,244.81706445476007
2701,189522.77427644958,0.30277777777777776,245.61549769746395
2702,193962.89618163664,0.30277777777777776,248.47596947683928
2703,201658.23431640974,0.26944444444444443,253.35707926418905
2704,200695.42665119318,0.2861111111111111,252.75153494083594
2705,197879.58294832223,0.3,250.97216484378586
2706,196194.22196764502,0.3194444444444444,249.9011013669977
2707,190181.11975293307,0.28888888888888886,246.041725288338
2708,184711.12549030627,0.28888888888888886,242.4775810909109
2709,191259.14838838243,0.30833333333333335,246.7380752034731
2710,186750.15862521165,0.29444444444444445,243.81226740423867
2711,190125.99720541827,0.2972222222222222,246.00606604520223
2712,171352.8728912469,0.3,233.54509942895044
2713,195198.7297766331,0.29444444444444445,249.26629426864073
2714,196628.8166962333,0.29444444444444445,250.1777293506188
2715,183412.30078928126,0.32222222222222224,241.62356795011388
2716,183501.77400334275,0.2861111111111111,241.6824958442951
2717,198326.23523904092,0.28888888888888886,251.2552514201421
2718,197603.80873735333,0.2833333333333333,250.79722061592008
2719,180291.72171542357,0.2861111111111111,239.5592565924267
2720,202777.62588033237,0.2722222222222222,254.05929035283847
2721,191047.91206377788,0.275,246.60178252533373
2722,190747.93902985193,0.2972222222222222,246.40810612150082
2723,200769.5240287329,0.29444444444444445,252.798188962579
2724,175541.02824793296,0.3,236.38198899701544
2725,197523.3515549944,0.32222222222222224,250.74615760188857
2726,192802.94318022093,0.32222222222222224,247.73187703562897
2727,186664.28825504254,0.33611111111111114,243.75620679080336
2728,183029.02313106615,0.30277777777777776,241.37097489379303
2729,180778.21862519608,0.28888888888888886,239.88225068790436
2730,173435.43970910227,0.2861111111111111,234.96002867304904
2731,179216.76737300487,0.28055555555555556,238.8440261441095
2732,199611.65845980443,0.28888888888888886,252.06817388416582
2733,176257.82142114404,0.3055555555555556,236.86411099102216
2734,199188.92745507785,0.2722222222222222,251.80112157672605
2735,179921.33686269086,0.26944444444444443,239.3130591062648
2736,194728.47203416438,0.3111111111111111,248.9658566348774
2737,183437.43436229802,0.25833333333333336,241.64012260738002
2738,185095.36983069926,0.28055555555555556,242.72965641626186
2739,186098.04161787883,0.26944444444444443,243.3862084145553
2740,192865.5215819258,0.275,247.7720771667385
2741,187887.95037958087,0.2722222222222222,244.55386339338438
2742,178853.3420829535,0.26666666666666666,238.6017329400931
2743,192830.0339082326,0.28888888888888886,247.7492808186252
2744,180608.46630363987,0.26666666666666666,239.7695984751624
2745,185164.32703490558,0.3055555555555556,242.77486662292492
2746,178004.47307264092,0.28888888888888886,238.03483687048407
2747,187692.02859631157,0.25,244.426324809945
2748,,0.2361111111111111,
2749,185181.25846270093,0.25277777777777777,242.78596603723508
2750,205714.9465083404,0.2611111111111111,255.8927533350142
2751,205478.17224360415,0.26944444444444443,255.74544691961765
2752,183266.9620181435,0.275,241.52781583338253
2753,208063.0432707554,0.25833333333333336,257.3490307395139
2754,180848.6535650057,0.2722222222222222,239.92897768458224
2755,185169.45379455585,0.26666666666666666,242.77822752887
2756,189547.28274335896,0.275,245.63137828153265
2757,172058.32082939896,0.26944444444444443,234.0253501657035
2758,181520.90022896478,0.2638888888888889,240.37449343027433
2759,200380.17060590858,0.275,252.55294355650523
2760,186477.32186709504,0.28888888888888886,243.63410085489497
2761,173378.67754970942,0.25555555555555554,234.92157652617638
2762,190726.79781138967,0.26944444444444443,246.3944506346324
2763,180727.62918341457,0.28055555555555556,239.84868370628809
2764,187860.894327717,0.2638888888888889,244.53625475957696
2765,196272.9813720812,0.2638888888888889,249.95125597104015
2766,195426.0302677305,0.26666666666666666,249.41138196135182
2767,183290.1260862548,0.275,241.54307933188318
2768,197377.9863453757,0.2777777777777778,250.65387363610068
2769,196858.59448087434,0.26666666666666666,250.32386383145356
2770,218867.50324648488,0.2638888888888889,263.9463772202965
2771,195114.20582547883,0.28055555555555556,249.21232042005641
2772,193868.94403446506,0.26666666666666666,248.4157835367597
2773,183385.53462642565,0.25833333333333336,241.6059367124309
2774,194778.10153602101,0.2722222222222222,248.99758097424495
2775,184946.60236846708,0.2638888888888889,242.63209175619278
2776,185479.55087748996,0.2722222222222222,242.9814287743704
2777,190332.28491306386,0.2611111111111111,246.13948880213871
2778,194388.10773922934,0.28888888888888886,248.7481787872155
2779,191316.19674883978,0.28055555555555556,246.77487070655897
2780,192905.95650659845,0.2777777777777778,247.79804894266343
2781,179236.06531023534,0.2722222222222222,238.85688507751138
2782,188259.97787249213,0.28055555555555556,244.79585807271314
2783,186579.01035764645,0.2722222222222222,243.70052021123539
2784,189392.26899887275,0.26666666666666666,245.53091778658154
2785,194753.30232331294,0.28055555555555556,248.98172924222996
2786,193776.32361897678,0.2611111111111111,248.35643643012332
2787,184496.15347013742,0.275,242.33643888698748
2788,180659.71513009942,0.26944444444444443,239.80361415345266
2789,193904.4548985599,0.2777777777777778,248.43853358384357
2790,205624.62667291955,0.25555555555555554,255.83657188299227
2791,187577.2386731839,0.25555555555555554,244.3515694501079
2792,185077.2060258434,0.2777777777777778,242.7177463336791
2793,184211.39200991238,0.2611111111111111,242.14934900683267
2794,200372.19701303175,0.26666666666666666,252.54791867210906
2795,191110.8957682901,0.2916666666666667,246.64242838669648
2796,188419.59622667817,0.2777777777777778,244.89961255524625
2797,170016.72165987582,0.25833333333333336,232.63276493412593
2798,194446.72922177616,0.275,248.78568336500783
2799,186151.69185269898,0.26944444444444443,243.42128881129662
2800,,0.24722222222222223,
2801,,0.24444444444444444,
2802,186351.78839571265,0.25833333333333336,243.5520818108216
2803,198442.38416513032,0.25,251.3288139422989
2804,,0.24722222222222223,
2805,188068.14342418712,0.28055555555555556,244.67110439966103
2806,,0.22777777777777777,
2807,,0.24444444444444444,
2808,213750.3580388684,0.25,260.8425811463625
2809,,0.23055555555555557,
2810,,0.2361111111111111,
2811,,0.22777777777777777,
2812,,0.225,
2813,,0.2388888888888889,
2814,,0.19444444444444445,
2815,,0.23333333333333334,
2816,,0.2388888888888889,
2817,,0.2222222222222222,
2818,,0.23055555555555557,
2819,,0.20833333333333334,
2820,,0.18333333333333332,
2821,,0.2,
2822,,0.2111111111111111,
2823,,0.2,
2824,,0.18055555555555555,
2825,,0.19166666666666668,
2826,,0.20277777777777778,
2827,,0.21666666666666667,
2828,,0.20555555555555555,
2829,,0.21388888888888888,
2830,,0.21944444444444444,
2831,,0.22777777777777777,
2832,,0.2111111111111111,
2833,,0.20833333333333334,
2834,,0.20555555555555555,
2835,,0.23333333333333334,
2836,,0.2111111111111111,
2837,,0.20555555555555555,
2838,,0.225,
2839,,0.19444444444444445,
2840,,0.21388888888888888,
2841,,0.20833333333333334,
2842,,0.20555555555555555,
2843,,0.21666666666666667,
2844,,0.20555555555555555,
2845,,0.2111111111111111,
2846,,0.2111111111111111,
2847,,0.20555555555555555,
2848,,0.23333333333333334,
2849,,0.2,
2850,,0.21666666666666667,
2851,,0.2222222222222222,
2852,,0.19166666666666668,
2853,,0.20833333333333334,
2854,,0.19166666666666668,
2855,,0.23055555555555557,
2856,,0.19444444444444445,
2857,,0.18888888888888888,
2858,,0.21388888888888888,
2859,,0.19166666666666668,
2860,,0.18611111111111112,
2861,,0.18611111111111112,
2862,,0.18333333333333332,
2863,,0.19166666666666668,
2864,,0.21666666666666667,
2865,,0.19166666666666668,
2866,,0.2,
2867,,0.18333333333333332,
2868,,0.19166666666666668,
2869,,0.17777777777777778,
2870,,0.18888888888888888,
2871,,0.19444444444444445,
2872,,0.18888888888888888,
2873,,0.19444444444444445,
2874,,0.20277777777777778,
2875,,0.2,
2876,,0.2222222222222222,
2877,,0.2111111111111111,
2878,,0.22777777777777777,
2879,,0.2111111111111111,
2880,,0.20555555555555555,
2881,,0.19444444444444445,
2882,,0.16666666666666666,
2883,,0.19722222222222222,
2884,,0.1638888888888889,
2885,,0.175,
2886,,0.17777777777777778,
2887,,0.16111111111111112,
2888,,0.15833333333333333,
2889,,0.16944444444444445,
2890,,0.18333333333333332,
2891,,0.16111111111111112,
2892,,0.18055555555555555,
2893,,0.17222222222222222,
2894,,0.18611111111111112,
2895,,0.2,
2896,,0.17777777777777778,
2897,,0.17222222222222222,
2898,,0.175,
2899,,0.175,
2900,,0.15,
2901,,0.17222222222222222,
2902,,0.14166666666666666,
2903,,0.14722222222222223,
2904,,0.13055555555555556,
2905,,0.15,
2906,,0.1361111111111111,
2907,,0.15833333333333333,
2908,,0.14166666666666666,
2909,,0.13333333333333333,
2910,,0.1527777777777778,
2911,,0.1361111111111111,
2912,,0.14444444444444443,
2913,,0.14722222222222223,
2914,,0.15555555555555556,
2915,,0.1527777777777778,
2916,,0.14166666666666666,
2917,,0.125,
2918,,0.14444444444444443,
2919,,0.1361111111111111,
2920,,0.16666666666666666,
2921,,0.1361111111111111,
2922,,0.14166666666666666,
2923,,0.15,
2924,,0.14444444444444443,
2925,,0.14722222222222223,
2926,,0.16666666666666666,
2927,,0.16111111111111112,
2928,,0.1527777777777778,
2929,,0.18611111111111112,
2930,,0.15,
2931,,0.1638888888888889,
2932,,0.18055555555555555,
2933,,0.17777777777777778,
2934,,0.175,
2935,,0.16944444444444445,
2936,,0.175,
2937,,0.1638888888888889,
2938,,0.18333333333333332,
2939,,0.175,
2940,,0.20277777777777778,
2941,,0.19722222222222222,
2942,,0.19166666666666668,
2943,,0.18888888888888888,
2944,,0.19722222222222222,
2945,,0.19444444444444445,
2946,,0.20277777777777778,
2947,,0.20833333333333334,
2948,,0.22777777777777777,
2949,,0.21944444444444444,
2950,,0.23055555555555557,
2951,,0.225,
2952,,0.23333333333333334,
2953,,0.21388888888888888,
2954,,0.2222222222222222,
2955,,0.19722222222222222,
2956,,0.19444444444444445,
2957,,0.2361111111111111,
2958,210315.36196435214,0.25,258.73820539219884
2959,212374.5044111542,0.26666666666666666,260.0017390854404
2960,201947.0762600679,0.30833333333333335,253.53846031616487
2961,192401.15076443984,0.2833333333333333,247.47361152546992
2962,195207.26041631345,0.275,249.27174096829813
2963,216788.32970572944,0.2861111111111111,262.6896810965456
2964,203958.43450100964,0.2638888888888889,254.79793184451185
2965,207789.10458363532,0.25833333333333336,257.1795602886216
2966,226702.68300192337,0.28888888888888886,268.6293081997983
2967,207267.17168136837,0.26944444444444443,256.8563603018866
2968,210600.36424694615,0.26944444444444443,258.9134565326999
2969,203283.55397755606,0.2722222222222222,254.3760305721283
2970,208845.46330338676,0.28888888888888886,257.83245655677655
2971,212730.27199727832,0.26944444444444443,260.21942407764357
2972,205431.647460292,0.2861111111111111,255.7164920798699
2973,206438.94315811663,0.29444444444444445,256.3426544696807
2974,200626.1008009069,0.3194444444444444,252.70787742259714
2975,198853.470711852,0.2972222222222222,251.58900140813265
2976,207718.56840709032,0.2861111111111111,257.1359054428628
2977,214753.066909921,0.31666666666666665,261.45367521937214
2978,199896.88692469746,0.3277777777777778,252.24820182806957
2979,205102.22089554477,0.3333333333333333,255.51137859066776
2980,203455.90860859203,0.28888888888888886,254.48384450220146
2981,211630.38064149205,0.3138888888888889,259.54583867792144
2982,190122.98504095688,0.30277777777777776,246.00411730153934
2983,210768.32342054835,0.3333333333333333,259.01668100557373
2984,205492.33142830635,0.3527777777777778,255.7542582804556
2985,195192.86450058,0.3527777777777778,249.26254929906278
2986,203143.47049299814,0.3277777777777778,254.28836971361173
2987,215756.34423504848,0.35555555555555557,262.0636895429984
2988,203190.71021377912,0.3472222222222222,254.31793456567632
2989,202242.48724586892,0.3472222222222222,253.72383233894146
2990,206972.36561351136,0.3194444444444444,256.6736257226806
2991,207232.45667817502,0.33611111111111114,256.83484907390823
2992,204029.02477195903,0.3416666666666667,254.84202097250775
2993,206239.3591447131,0.36666666666666664,256.21870918411
2994,210773.08934545115,0.3277777777777778,259.0196094510153
2995,211804.624816412,0.35,259.6526641852777
2996,217074.14166293328,0.37222222222222223,262.86278802099844
2997,205125.1891416701,0.38055555555555554,255.52568483249104
2998,210684.02349968627,0.39444444444444443,258.9648770411312
2999,203008.78503532708,0.38055555555555554,254.2040583053398
3000,210867.79717454675,0.37777777777777777,259.07779626679053
3001,203368.62392867135,0.39444444444444443,254.42925055128688
3002,207595.97717071456,0.39444444444444443,257.06001607683555
3003,201864.4077413605,0.39166666666666666,253.48656108896736
3004,202307.60900318308,0.37777777777777777,253.76467838514887
3005,202411.52555880658,0.37222222222222223,253.82984391696567
3006,208646.4378542065,0.3888888888888889,257.7095727481341
3007,200034.5676837798,0.38055555555555554,252.3350559717134
3008,194869.31855098647,0.4,249.05587848649017
3009,200127.34955269872,0.38055555555555554,252.39356936812638
3010,198927.76803647028,0.375,251.6359974297882
3011,212300.03287880938,0.39166666666666666,259.9561488068109
3012,203948.89985919616,0.38333333333333336,254.79197613247175
3013,209374.8411038139,0.38333333333333336,258.1590243270691
3014,214339.65317158846,0.4,261.20189625215494
3015,207757.22180785655,0.3888888888888889,257.159828953745
3016,199351.80709473975,0.3611111111111111,251.9040512315346
3017,202110.91597304746,0.38333333333333336,253.64128737230936
3018,196548.17153711672,0.38333333333333336,250.12642025905978
3019,203450.2385730024,0.4,254.48029842059967
3020,191617.64066733586,0.39444444444444443,246.9692073753855
3021,208080.49852919832,0.3972222222222222,257.359825543723
3022,193966.8733609884,0.39444444444444443,248.47851694454786
3023,193354.93270138878,0.37777777777777777,248.0862483517649
3024,196587.25347443757,0.40555555555555556,250.15128678188373
3025,204488.2538660582,0.375,255.1286593349071
3026,212245.81445210858,0.4,259.92295212473374
3027,200767.4757895373,0.39166666666666666,252.79689944296106
3028,204952.55379933826,0.3888888888888889,255.41813575575364
3029,202850.9311952686,0.38333333333333336,254.1052081737836
3030,191842.21359343766,0.3888888888888889,247.11388705245523
3031,201101.2488973652,0.40555555555555556,253.0069478254273
3032,202171.89298824553,0.3972222222222222,253.67954637031724
3033,196859.17718674167,0.38055555555555554,250.32423431331299
3034,202902.63383651752,0.37777777777777777,254.13758927575677
3035,191404.03754984032,0.37222222222222223,246.83151623649616
3036,202491.2288076062,0.3888888888888889,253.8798140754106
3037,203518.11620059155,0.40555555555555556,254.52274633939848
3038,206378.21443013512,0.4166666666666667,256.30494717439666
3039,202067.78798176182,0.4,253.61422395813085
3040,195582.55599629937,0.40555555555555556,249.51124451358285
3041,206959.7214030342,0.40555555555555556,256.6657853404478
3042,205083.38688623754,0.4111111111111111,255.49964684504866
3043,206052.80194075764,0.4222222222222222,256.10279954271044
3044,211177.23184308488,0.39444444444444443,259.26781642267196
3045,204279.55791397358,0.4166666666666667,254.99843691535054
3046,198827.67862037374,0.45,251.57268482853712
3047,202281.62989247777,0.3972222222222222,253.7483844049973
3048,204733.09331681643,0.4222222222222222,255.28134994889706
3049,206298.88525447005,0.4083333333333333,256.2556822495713
3050,201753.1514329829,0.41388888888888886,253.41669769345089
3051,211653.3355727599,0.4083333333333333,259.55991438699635
3052,212219.16240095394,0.39166666666666666,259.90663213905685
3053,212026.31128657772,0.4222222222222222,259.78851208935225
3054,201926.45089801206,0.43333333333333335,253.5255127257275
3055,210867.33134874867,0.4111111111111111,259.0775101036365
3056,205458.58017488476,0.39166666666666666,255.73325413592735
3057,207398.4738331699,0.39444444444444443,256.9377056808288
3058,201963.41306044065,0.4166666666666667,253.54871528871678
3059,185861.4115460943,0.3138888888888889,243.2314222200659
3060,192417.2790725489,0.3472222222222222,247.4839837269833
3061,196710.13703565812,0.3277777777777778,250.22945736067567
