frame,area_px2,coverage,r_eff_px
0,,0.08611111111111111,
1,,0.08888888888888889,
2,,0.08611111111111111,
3,,0.08888888888888889,
4,,0.08333333333333333,
5,,0.08611111111111111,
6,,0.08888888888888889,
7,,0.08611111111111111,
8,,0.08888888888888889,
9,,0.09166666666666666,
10,,0.09166666666666666,
11,,0.08333333333333333,
12,,0.08611111111111111,
13,,0.08611111111111111,
14,,0.08611111111111111,
15,,0.08333333333333333,
16,,0.08333333333333333,
17,,0.08888888888888889,
18,,0.08888888888888889,
19,,0.08333333333333333,
20,,0.08611111111111111,
21,,0.08611111111111111,
22,,0.08611111111111111,
23,,0.08055555555555556,
24,,0.08055555555555556,
25,,0.08055555555555556,
26,,0.08055555555555556,
27,,0.08055555555555556,
28,,0.08055555555555556,
29,,0.08888888888888889,
30,,0.08333333333333333,
31,,0.08333333333333333,
32,,0.08333333333333333,
33,,0.08055555555555556,
34,,0.08888888888888889,
35,,0.08333333333333333,
36,,0.08611111111111111,
37,,0.08333333333333333,
38,,0.08055555555555556,
39,,0.08333333333333333,
40,,0.08333333333333333,
41,,0.08055555555555556,
42,,0.08333333333333333,
43,,0.08055555555555556,
44,,0.08333333333333333,
45,,0.08055555555555556,
46,,0.08333333333333333,
47,,0.08333333333333333,
48,,0.08333333333333333,
49,,0.08333333333333333,
50,,0.08055555555555556,
51,,0.08333333333333333,
52,,0.08333333333333333,
53,,0.07777777777777778,
54,,0.08611111111111111,
55,,0.08055555555555556,
56,,0.08055555555555556,
57,,0.08055555555555556,
58,,0.08055555555555556,
59,,0.08333333333333333,
60,,0.07777777777777778,
61,,0.08333333333333333,
62,,0.08333333333333333,
63,,0.08055555555555556,
64,,0.07777777777777778,
65,,0.08055555555555556,
66,,0.08333333333333333,
67,,0.08055555555555556,
68,,0.08055555555555556,
69,,0.08055555555555556,
70,,0.08055555555555556,
71,,0.07777777777777778,
72,,0.08055555555555556,
73,,0.08333333333333333,
74,,0.08055555555555556,
75,,0.08055555555555556,
76,,0.08055555555555556,
77,,0.08055555555555556,
78,,0.08055555555555556,
79,,0.08055555555555556,
80,,0.08055555555555556,
81,,0.08055555555555556,
82,,0.08055555555555556,
83,,0.08055555555555556,
84,,0.08333333333333333,
85,,0.08055555555555556,
86,,0.08055555555555556,
87,,0.08055555555555556,
88,,0.08055555555555556,
89,,0.08055555555555556,
90,,0.08055555555555556,
91,,0.08055555555555556,
92,,0.08055555555555556,
93,,0.07777777777777778,
94,,0.08055555555555556,
95,,0.08055555555555556,
96,,0.08055555555555556,
97,,0.08611111111111111,
98,,0.08611111111111111,
99,,0.08055555555555556,
100,,0.08055555555555556,
101,,0.08055555555555556,
102,,0.08055555555555556,
103,,0.08055555555555556,
104,,0.08055555555555556,
105,,0.08055555555555556,
106,,0.08055555555555556,
107,,0.08055555555555556,
108,,0.08055555555555556,
109,,0.08055555555555556,
110,,0.08611111111111111,
111,,0.08055555555555556,
112,,0.08611111111111111,
113,,0.08055555555555556,
114,,0.08055555555555556,
115,,0.08611111111111111,
116,,0.08055555555555556,
117,,0.08055555555555556,
118,,0.08333333333333333,
119,,0.08055555555555556,
120,,0.08333333333333333,
121,,0.08055555555555556,
122,,0.08055555555555556,
123,,0.08055555555555556,
124,,0.08055555555555556,
125,,0.08055555555555556,
126,,0.08333333333333333,
127,,0.08333333333333333,
128,,0.08611111111111111,
129,,0.08055555555555556,
130,,0.08333333333333333,
131,,0.08333333333333333,
132,,0.07777777777777778,
133,,0.08055555555555556,
134,,0.08055555555555556,
135,,0.08055555555555556,
136,,0.08611111111111111,
137,,0.07777777777777778,
138,,0.08055555555555556,
139,,0.08055555555555556,
140,,0.08055555555555556,
141,,0.08333333333333333,
142,,0.07777777777777778,
143,,0.075,
144,,0.07777777777777778,
145,,0.07777777777777778,
146,,0.08611111111111111,
147,,0.08055555555555556,
148,,0.07777777777777778,
149,,0.08055555555555556,
150,,0.075,
151,,0.08055555555555556,
152,,0.07777777777777778,
153,,0.08333333333333333,
154,,0.08055555555555556,
155,,0.08055555555555556,
156,,0.07777777777777778,
157,,0.07777777777777778,
158,,0.08055555555555556,
159,,0.07777777777777778,
160,,0.07777777777777778,
161,,0.07777777777777778,
162,,0.07777777777777778,
163,,0.07777777777777778,
164,,0.07777777777777778,
165,,0.08055555555555556,
166,,0.07777777777777778,
167,,0.08333333333333333,
168,,0.08055555555555556,
169,,0.07777777777777778,
170,,0.07777777777777778,
171,,0.07777777777777778,
172,,0.08055555555555556,
173,,0.07777777777777778,
174,,0.09444444444444444,
175,,0.06388888888888888,
176,,0.06666666666666667,
177,,0.07777777777777778,
178,,0.08611111111111111,
179,,0.06388888888888888,
180,,0.044444444444444446,
181,,0.07222222222222222,
182,,0.025,
183,,0.03333333333333333,
184,,0.058333333333333334,
185,,0.07222222222222222,
186,,0.019444444444444445,
187,,0.03888888888888889,
188,,0.05555555555555555,
189,,0.044444444444444446,
190,,0.016666666666666666,
191,,0.03611111111111111,
192,,0.019444444444444445,
193,,0.008333333333333333,
194,,0.030555555555555555,
195,,0.03888888888888889,
196,,0.03333333333333333,
197,,0.022222222222222223,
198,,0.03888888888888889,
199,,0.04722222222222222,
200,,0.013888888888888888,
201,,0.008333333333333333,
202,,0.025,
203,,0.03888888888888889,
204,,0.019444444444444445,
205,,0.008333333333333333,
206,,0.013888888888888888,
207,,0.008333333333333333,
208,,0.019444444444444445,
209,,0.022222222222222223,
210,,0.030555555555555555,
211,,0.013888888888888888,
212,,0.025,
213,,0.011111111111111112,
214,,0.022222222222222223,
215,,0.011111111111111112,
216,,0.011111111111111112,
217,,0.013888888888888888,
218,,0.016666666666666666,
219,,0.013888888888888888,
220,,0.016666666666666666,
221,,0.011111111111111112,
222,,0.011111111111111112,
223,,0.041666666666666664,
224,,0.019444444444444445,
225,,0.05555555555555555,
226,,0.016666666666666666,
227,,0.030555555555555555,
228,,0.013888888888888888,
229,,0.022222222222222223,
230,,0.019444444444444445,
231,,0.025,
232,,0.03888888888888889,
233,,0.022222222222222223,
234,,0.019444444444444445,
235,,0.016666666666666666,
236,,0.016666666666666666,
237,,0.016666666666666666,
238,,0.019444444444444445,
239,,0.04722222222222222,
240,,0.022222222222222223,
241,,0.027777777777777776,
242,,0.05,
243,,0.03888888888888889,
244,,0.030555555555555555,
245,,0.013888888888888888,
246,,0.019444444444444445,
247,,0.016666666666666666,
248,,0.022222222222222223,
249,,0.025,
250,,0.04722222222222222,
251,,0.011111111111111112,
252,,0.005555555555555556,
253,,0.041666666666666664,
254,,0.05,
255,,0.013888888888888888,
256,,0.008333333333333333,
257,,0.030555555555555555,
258,,0.030555555555555555,
259,,0.019444444444444445,
260,,0.013888888888888888,
261,,0.03888888888888889,
262,,0.030555555555555555,
263,,0.019444444444444445,
264,,0.022222222222222223,
265,,0.013888888888888888,
266,,0.027777777777777776,
267,,0.019444444444444445,
268,,0.008333333333333333,
269,,0.019444444444444445,
270,,0.041666666666666664,
271,,0.022222222222222223,
272,,0.03333333333333333,
273,,0.019444444444444445,
274,,0.016666666666666666,
275,,0.019444444444444445,
276,,0.016666666666666666,
277,,0.019444444444444445,
278,,0.008333333333333333,
279,,0.03611111111111111,
280,,0.030555555555555555,
281,,0.011111111111111112,
282,,0.013888888888888888,
283,,0.016666666666666666,
284,,0.008333333333333333,
285,,0.008333333333333333,
286,,0.019444444444444445,
287,,0.011111111111111112,
288,,0.011111111111111112,
289,,0.005555555555555556,
290,,0.011111111111111112,
291,,0.013888888888888888,
292,,0.008333333333333333,
293,,0.030555555555555555,
294,,0.016666666666666666,
295,,0.025,
296,,0.008333333333333333,
297,,0.025,
298,,0.022222222222222223,
299,,0.013888888888888888,
300,,0.03611111111111111,
301,,0.03611111111111111,
302,,0.027777777777777776,
303,,0.008333333333333333,
304,,0.025,
305,,0.008333333333333333,
306,,0.008333333333333333,
307,,0.022222222222222223,
308,,0.016666666666666666,
309,,0.011111111111111112,
310,,0.008333333333333333,
311,,0.013888888888888888,
312,,0.011111111111111112,
313,,0.011111111111111112,
314,,0.022222222222222223,
315,,0.03888888888888889,
316,,0.025,
317,,0.008333333333333333,
318,,0.013888888888888888,
319,,0.022222222222222223,
320,,0.016666666666666666,
321,,0.022222222222222223,
322,,0.030555555555555555,
323,,0.025,
324,,0.025,
325,,0.05277777777777778,
326,,0.03611111111111111,
327,,0.011111111111111112,
328,,0.027777777777777776,
329,,0.058333333333333334,
330,,0.03611111111111111,
331,,0.008333333333333333,
332,,0.022222222222222223,
333,,0.058333333333333334,
334,,0.019444444444444445,
335,,0.016666666666666666,
336,,0.022222222222222223,
337,,0.04722222222222222,
338,,0.005555555555555556,
339,,0.03333333333333333,
340,,0.030555555555555555,
341,,0.013888888888888888,
342,,0.025,
343,,0.011111111111111112,
344,,0.030555555555555555,
345,,0.016666666666666666,
346,,0.03611111111111111,
347,,0.013888888888888888,
348,,0.025,
349,,0.022222222222222223,
350,,0.03333333333333333,
351,,0.027777777777777776,
352,,0.008333333333333333,
353,,0.022222222222222223,
354,,0.027777777777777776,
355,,0.016666666666666666,
356,,0.013888888888888888,
357,,0.019444444444444445,
358,,0.013888888888888888,
359,,0.013888888888888888,
360,,0.013888888888888888,
361,,0.011111111111111112,
362,,0.019444444444444445,
363,,0.008333333333333333,
364,,0.016666666666666666,
365,,0.022222222222222223,
366,,0.027777777777777776,
367,,0.013888888888888888,
368,,0.011111111111111112,
369,,0.03888888888888889,
370,,0.05,
371,,0.025,
372,,0.025,
373,,0.025,
374,,0.019444444444444445,
375,,0.008333333333333333,
376,,0.027777777777777776,
377,,0.04722222222222222,
378,,0.011111111111111112,
379,,0.013888888888888888,
380,,0.022222222222222223,
381,,0.03611111111111111,
382,,0.058333333333333334,
383,,0.016666666666666666,
384,,0.013888888888888888,
385,,0.06666666666666667,
386,,0.022222222222222223,
387,,0.025,
388,,0.03611111111111111,
389,,0.03333333333333333,
390,,0.025,
391,,0.022222222222222223,
392,,0.025,
393,,0.019444444444444445,
394,,0.044444444444444446,
395,,0.030555555555555555,
396,,0.011111111111111112,
397,,0.008333333333333333,
398,,0.008333333333333333,
399,,0.008333333333333333,
400,,0.005555555555555556,
401,,0.008333333333333333,
402,,0.005555555555555556,
403,,0.013888888888888888,
404,,0.044444444444444446,
405,,0.07222222222222222,
406,,0.08611111111111111,
407,,0.07777777777777778,
408,,0.09444444444444444,
409,,0.08333333333333333,
410,,0.08333333333333333,
411,,0.08055555555555556,
412,,0.08333333333333333,
413,,0.08611111111111111,
414,,0.08888888888888889,
415,,0.08611111111111111,
416,,0.08611111111111111,
417,,0.08611111111111111,
418,,0.08333333333333333,
419,,0.08333333333333333,
420,,0.08333333333333333,
421,,0.09166666666666666,
422,,0.08888888888888889,
423,,0.08611111111111111,
424,,0.08888888888888889,
425,,0.08333333333333333,
426,,0.08333333333333333,
427,,0.08611111111111111,
428,,0.08611111111111111,
429,,0.08888888888888889,
430,,0.08333333333333333,
431,,0.08888888888888889,
432,,0.08333333333333333,
433,,0.08888888888888889,
434,,0.08333333333333333,
435,,0.08611111111111111,
436,,0.08333333333333333,
437,,0.08333333333333333,
438,,0.08611111111111111,
439,,0.08611111111111111,
440,,0.08611111111111111,
441,,0.08611111111111111,
442,,0.09166666666666666,
443,,0.08333333333333333,
444,,0.08611111111111111,
445,,0.08611111111111111,
446,,0.08888888888888889,
447,,0.08611111111111111,
448,,0.08611111111111111,
449,,0.08888888888888889,
450,,0.08888888888888889,
451,,0.09444444444444444,
452,,0.08611111111111111,
453,,0.1,
454,,0.08611111111111111,
455,,0.09166666666666666,
456,,0.08888888888888889,
457,,0.08611111111111111,
458,,0.08611111111111111,
459,,0.09166666666666666,
460,,0.09166666666666666,
461,,0.08611111111111111,
462,,0.08888888888888889,
463,,0.1,
464,,0.09166666666666666,
465,,0.08888888888888889,
466,,0.08888888888888889,
467,,0.08888888888888889,
468,,0.08888888888888889,
469,,0.08611111111111111,
470,,0.08333333333333333,
471,,0.08611111111111111,
472,,0.08611111111111111,
473,,0.08888888888888889,
474,,0.08611111111111111,
475,,0.09722222222222222,
476,,0.08611111111111111,
477,,0.08888888888888889,
478,,0.08611111111111111,
479,,0.08888888888888889,
480,,0.08611111111111111,
481,,0.08611111111111111,
482,,0.08611111111111111,
483,,0.08611111111111111,
484,,0.08888888888888889,
485,,0.08888888888888889,
486,,0.08888888888888889,
487,,0.09166666666666666,
488,,0.08888888888888889,
489,,0.09166666666666666,
490,,0.10555555555555556,
491,,0.10555555555555556,
492,,0.11388888888888889,
493,,0.11666666666666667,
494,,0.12222222222222222,
495,,0.12222222222222222,
496,,0.12777777777777777,
497,,0.11666666666666667,
498,,0.11388888888888889,
499,,0.12777777777777777,
500,,0.12222222222222222,
501,,0.1111111111111111,
502,,0.11388888888888889,
503,,0.125,
504,,0.10833333333333334,
505,,0.10555555555555556,
506,,0.09444444444444444,
507,,0.10277777777777777,
508,,0.08611111111111111,
509,,0.09444444444444444,
510,,0.09166666666666666,
511,,0.08888888888888889,
512,,0.08611111111111111,
513,,0.09166666666666666,
514,,0.09722222222222222,
515,,0.08611111111111111,
516,,0.08888888888888889,
517,,0.08888888888888889,
518,,0.09166666666666666,
519,,0.09166666666666666,
520,,0.08888888888888889,
521,,0.09166666666666666,
522,,0.09166666666666666,
523,,0.09166666666666666,
524,,0.08888888888888889,
525,,0.09722222222222222,
526,,0.09166666666666666,
527,,0.09166666666666666,
528,,0.09444444444444444,
529,,0.08611111111111111,
530,,0.09166666666666666,
531,,0.08611111111111111,
532,,0.08611111111111111,
533,,0.08611111111111111,
534,,0.09166666666666666,
535,,0.08888888888888889,
536,,0.08888888888888889,
537,,0.08888888888888889,
538,,0.08333333333333333,
539,,0.08333333333333333,
540,,0.08611111111111111,
541,,0.08888888888888889,
542,,0.08333333333333333,
543,,0.08611111111111111,
544,,0.08611111111111111,
545,,0.08611111111111111,
546,,0.08611111111111111,
547,,0.08333333333333333,
548,,0.08611111111111111,
549,,0.08333333333333333,
550,,0.08055555555555556,
551,,0.08055555555555556,
552,,0.08333333333333333,
553,,0.08055555555555556,
554,,0.08333333333333333,
555,,0.08888888888888889,
556,,0.08055555555555556,
557,,0.08333333333333333,
558,,0.08333333333333333,
559,,0.08333333333333333,
560,,0.08333333333333333,
561,,0.08333333333333333,
562,,0.08333333333333333,
563,,0.08055555555555556,
564,,0.08611111111111111,
565,,0.08333333333333333,
566,,0.08333333333333333,
567,,0.08055555555555556,
568,,0.08333333333333333,
569,,0.08055555555555556,
570,,0.08055555555555556,
571,,0.08055555555555556,
572,,0.08333333333333333,
573,,0.08611111111111111,
574,,0.08611111111111111,
575,,0.08611111111111111,
576,,0.07777777777777778,
577,,0.08333333333333333,
578,,0.08333333333333333,
579,,0.08611111111111111,
580,,0.08333333333333333,
581,,0.08888888888888889,
582,,0.08888888888888889,
583,,0.08333333333333333,
584,,0.08055555555555556,
585,,0.08055555555555556,
586,,0.07777777777777778,
587,,0.08055555555555556,
588,,0.08055555555555556,
589,,0.07777777777777778,
590,,0.07777777777777778,
591,,0.08055555555555556,
592,,0.08055555555555556,
593,,0.07777777777777778,
594,,0.08055555555555556,
595,,0.08055555555555556,
596,,0.07777777777777778,
597,,0.08055555555555556,
598,,0.08055555555555556,
599,,0.08055555555555556,
600,,0.07777777777777778,
601,,0.08888888888888889,
602,,0.08055555555555556,
603,,0.08611111111111111,
604,,0.08055555555555556,
605,,0.08333333333333333,
606,,0.08055555555555556,
607,,0.07777777777777778,
608,,0.07777777777777778,
609,,0.08055555555555556,
610,,0.07777777777777778,
611,,0.08055555555555556,
612,,0.08055555555555556,
613,,0.08055555555555556,
614,,0.08055555555555556,
615,,0.08333333333333333,
616,,0.08333333333333333,
617,,0.07777777777777778,
618,,0.08055555555555556,
619,,0.08333333333333333,
620,,0.08055555555555556,
621,,0.08055555555555556,
622,,0.08055555555555556,
623,,0.08611111111111111,
624,,0.07777777777777778,
625,,0.08055555555555556,
626,,0.08055555555555556,
627,,0.08055555555555556,
628,,0.08055555555555556,
629,,0.08055555555555556,
630,,0.08055555555555556,
631,,0.07777777777777778,
632,,0.08055555555555556,
633,,0.07777777777777778,
634,,0.08055555555555556,
635,,0.08333333333333333,
636,,0.08333333333333333,
637,,0.08055555555555556,
638,,0.07777777777777778,
639,,0.08055555555555556,
640,,0.08055555555555556,
641,,0.08333333333333333,
642,,0.08055555555555556,
643,,0.08055555555555556,
644,,0.08055555555555556,
645,,0.08055555555555556,
646,,0.08055555555555556,
647,,0.08333333333333333,
648,,0.07777777777777778,
649,,0.07777777777777778,
650,,0.075,
651,,0.08888888888888889,
652,,0.08333333333333333,
653,,0.08611111111111111,
654,,0.08055555555555556,
655,,0.08611111111111111,
656,,0.08055555555555556,
657,,0.08333333333333333,
658,,0.08055555555555556,
659,,0.08055555555555556,
660,,0.07777777777777778,
661,,0.08055555555555556,
662,,0.07777777777777778,
663,,0.07777777777777778,
664,,0.08055555555555556,
665,,0.08055555555555556,
666,,0.08055555555555556,
667,,0.07777777777777778,
668,,0.08055555555555556,
669,,0.075,
670,,0.08055555555555556,
671,,0.075,
672,,0.07777777777777778,
673,,0.07777777777777778,
674,,0.07777777777777778,
675,,0.08055555555555556,
676,,0.08055555555555556,
677,,0.07777777777777778,
678,,0.07777777777777778,
679,,0.075,
680,,0.07777777777777778,
681,,0.07777777777777778,
682,,0.075,
683,,0.07777777777777778,
684,,0.07777777777777778,
685,,0.07777777777777778,
686,,0.08055555555555556,
687,,0.08333333333333333,
688,,0.08333333333333333,
689,,0.075,
690,,0.08055555555555556,
691,,0.08055555555555556,
692,,0.08055555555555556,
693,,0.07777777777777778,
694,,0.07777777777777778,
695,,0.07777777777777778,
696,,0.07777777777777778,
697,,0.07777777777777778,
698,,0.08055555555555556,
699,,0.07777777777777778,
700,,0.07777777777777778,
701,,0.07777777777777778,
702,,0.07777777777777778,
703,,0.07777777777777778,
704,,0.08055555555555556,
705,,0.07777777777777778,
706,,0.07777777777777778,
707,,0.075,
708,,0.07777777777777778,
709,,0.08611111111111111,
710,,0.08333333333333333,
711,,0.07777777777777778,
712,,0.07777777777777778,
713,,0.07777777777777778,
714,,0.07777777777777778,
715,,0.07777777777777778,
716,,0.07777777777777778,
717,,0.07777777777777778,
718,,0.07777777777777778,
719,,0.075,
720,,0.07777777777777778,
721,,0.08055555555555556,
722,,0.08333333333333333,
723,,0.08055555555555556,
724,,0.08333333333333333,
725,,0.075,
726,,0.07777777777777778,
727,,0.08055555555555556,
728,,0.07777777777777778,
729,,0.07777777777777778,
730,,0.07777777777777778,
731,,0.07777777777777778,
732,,0.07777777777777778,
733,,0.075,
734,,0.075,
735,,0.07777777777777778,
736,,0.075,
737,,0.07777777777777778,
738,,0.08055555555555556,
739,,0.07777777777777778,
740,,0.07777777777777778,
741,,0.08333333333333333,
742,,0.07777777777777778,
743,,0.08333333333333333,
744,,0.08055555555555556,
745,,0.07777777777777778,
746,,0.04722222222222222,
747,,0.06388888888888888,
748,,0.08055555555555556,
749,,0.07777777777777778,
750,,0.041666666666666664,
751,,0.075,
752,,0.07777777777777778,
753,,0.03333333333333333,
754,,0.06111111111111111,
755,,0.06944444444444445,
756,,0.044444444444444446,
757,,0.030555555555555555,
758,,0.05277777777777778,
759,,0.027777777777777776,
760,,0.03611111111111111,
761,,0.06111111111111111,
762,,0.058333333333333334,
763,,0.041666666666666664,
764,,0.06944444444444445,
765,,0.06111111111111111,
766,,0.058333333333333334,
767,,0.08055555555555556,
768,,0.07777777777777778,
769,,0.08055555555555556,
770,,0.06944444444444445,
771,,0.08055555555555556,
772,,0.07777777777777778,
773,,0.08333333333333333,
774,,0.08333333333333333,
775,,0.08055555555555556,
776,,0.07777777777777778,
777,,0.07777777777777778,
778,,0.08055555555555556,
779,,0.07777777777777778,
780,,0.08055555555555556,
781,,0.08055555555555556,
782,,0.07777777777777778,
783,,0.08611111111111111,
784,,0.08055555555555556,
785,,0.07777777777777778,
786,,0.07777777777777778,
787,,0.06666666666666667,
788,,0.05555555555555555,
789,,0.08055555555555556,
790,,0.08055555555555556,
791,,0.075,
792,,0.03888888888888889,
793,,0.08333333333333333,
794,,0.07222222222222222,
795,,0.07222222222222222,
796,,0.06666666666666667,
797,,0.05,
798,,0.07222222222222222,
799,,0.08055555555555556,
800,,0.075,
801,,0.08333333333333333,
802,,0.07777777777777778,
803,,0.07777777777777778,
804,,0.06111111111111111,
805,,0.08055555555555556,
806,,0.07777777777777778,
807,,0.07777777777777778,
808,,0.075,
809,,0.07777777777777778,
810,,0.07777777777777778,
811,,0.07777777777777778,
812,,0.08055555555555556,
813,,0.08333333333333333,
814,,0.08888888888888889,
815,,0.07777777777777778,
816,,0.075,
817,,0.06111111111111111,
818,,0.06666666666666667,
819,,0.07777777777777778,
820,,0.09166666666666666,
821,,0.06666666666666667,
822,,0.075,
823,,0.04722222222222222,
824,,0.07222222222222222,
825,,0.07777777777777778,
826,,0.08611111111111111,
827,,0.07777777777777778,
828,,0.06944444444444445,
829,,0.06666666666666667,
830,,0.05555555555555555,
831,,0.08333333333333333,
832,,0.08333333333333333,
833,,0.07222222222222222,
834,,0.075,
835,,0.075,
836,,0.07777777777777778,
837,,0.075,
838,,0.07777777777777778,
839,,0.07222222222222222,
840,,0.06944444444444445,
841,,0.07777777777777778,
842,,0.075,
843,,0.07777777777777778,
844,,0.07777777777777778,
845,,0.08333333333333333,
846,,0.07777777777777778,
847,,0.075,
848,,0.08333333333333333,
849,,0.075,
850,,0.08055555555555556,
851,,0.08888888888888889,
852,,0.08611111111111111,
853,,0.08333333333333333,
854,,0.07777777777777778,
855,,0.06666666666666667,
856,,0.05277777777777778,
857,,0.05,
858,,0.07222222222222222,
859,,0.058333333333333334,
860,,0.016666666666666666,
861,,0.05,
862,,0.05277777777777778,
863,,0.019444444444444445,
864,,0.05555555555555555,
865,,0.044444444444444446,
866,,0.013888888888888888,
867,,0.075,
868,,0.04722222222222222,
869,,0.027777777777777776,
870,,0.07777777777777778,
871,,0.07222222222222222,
872,,0.019444444444444445,
873,,0.06944444444444445,
874,,0.075,
875,,0.06666666666666667,
876,,0.041666666666666664,
877,,0.09444444444444444,
878,,0.07777777777777778,
879,,0.08055555555555556,
880,,0.06944444444444445,
881,,0.06666666666666667,
882,,0.07777777777777778,
883,,0.08611111111111111,
884,,0.08333333333333333,
885,,0.08888888888888889,
886,,0.07777777777777778,
887,,0.08055555555555556,
888,,0.08055555555555556,
889,,0.08333333333333333,
890,,0.08333333333333333,
891,,0.07777777777777778,
892,,0.07777777777777778,
893,,0.07777777777777778,
894,,0.06944444444444445,
895,,0.075,
896,,0.07777777777777778,
897,,0.07777777777777778,
898,,0.075,
899,,0.09166666666666666,
900,,0.075,
901,,0.07777777777777778,
902,,0.075,
903,,0.07222222222222222,
904,,0.08055555555555556,
905,,0.08055555555555556,
906,,0.075,
907,,0.07777777777777778,
908,,0.07777777777777778,
909,,0.07777777777777778,
910,,0.08611111111111111,
911,,0.08055555555555556,
912,,0.08055555555555556,
913,,0.075,
914,,0.08333333333333333,
915,,0.08055555555555556,
916,,0.08055555555555556,
917,,0.07777777777777778,
918,,0.08055555555555556,
919,,0.08055555555555556,
920,,0.07777777777777778,
921,,0.07777777777777778,
922,,0.08333333333333333,
923,,0.08888888888888889,
924,,0.08333333333333333,
925,,0.08055555555555556,
926,,0.08333333333333333,
927,,0.08611111111111111,
928,,0.08333333333333333,
929,,0.08333333333333333,
930,,0.08611111111111111,
931,,0.08611111111111111,
932,,0.08333333333333333,
933,,0.08611111111111111,
934,,0.08333333333333333,
935,,0.08333333333333333,
936,,0.08333333333333333,
937,,0.08333333333333333,
938,,0.08611111111111111,
939,,0.08333333333333333,
940,,0.08333333333333333,
941,,0.08333333333333333,
942,,0.08333333333333333,
943,,0.08333333333333333,
944,,0.08333333333333333,
945,,0.08611111111111111,
946,,0.08333333333333333,
947,,0.08333333333333333,
948,,0.08611111111111111,
949,,0.08333333333333333,
950,,0.08333333333333333,
951,,0.08333333333333333,
952,,0.08611111111111111,
953,,0.09444444444444444,
954,,0.08611111111111111,
955,,0.08611111111111111,
956,,0.08611111111111111,
957,,0.08611111111111111,
958,,0.08333333333333333,
959,,0.08333333333333333,
960,,0.08333333333333333,
961,,0.08611111111111111,
962,,0.08333333333333333,
963,,0.08888888888888889,
964,,0.08888888888888889,
965,,0.08611111111111111,
966,,0.08611111111111111,
967,,0.08611111111111111,
968,,0.08611111111111111,
969,,0.08888888888888889,
970,,0.08888888888888889,
971,,0.08611111111111111,
972,,0.08611111111111111,
973,,0.08611111111111111,
974,,0.09166666666666666,
975,,0.08611111111111111,
976,,0.08611111111111111,
977,,0.08611111111111111,
978,,0.09166666666666666,
979,,0.08888888888888889,
980,,0.08611111111111111,
981,,0.08888888888888889,
982,,0.08888888888888889,
983,,0.08888888888888889,
984,,0.08333333333333333,
985,,0.08888888888888889,
986,,0.08611111111111111,
987,,0.08888888888888889,
988,,0.08888888888888889,
989,,0.09444444444444444,
990,,0.08611111111111111,
991,,0.08611111111111111,
992,,0.08611111111111111,
993,,0.08611111111111111,
994,,0.08611111111111111,
995,,0.08333333333333333,
996,,0.09166666666666666,
997,,0.08611111111111111,
998,,0.08888888888888889,
999,,0.08888888888888889,
1000,,0.08888888888888889,
1001,,0.08888888888888889,
1002,,0.08888888888888889,
1003,,0.08611111111111111,
1004,,0.08888888888888889,
1005,,0.08888888888888889,
1006,,0.08611111111111111,
1007,,0.08611111111111111,
1008,,0.08611111111111111,
1009,,0.08611111111111111,
1010,,0.08888888888888889,
1011,,0.08611111111111111,
1012,,0.08611111111111111,
1013,,0.08333333333333333,
1014,,0.08611111111111111,
1015,,0.08611111111111111,
1016,,0.08888888888888889,
1017,,0.08888888888888889,
1018,,0.09722222222222222,
1019,,0.08333333333333333,
1020,,0.08888888888888889,
1021,,0.08888888888888889,
1022,,0.08888888888888889,
1023,,0.08611111111111111,
1024,,0.09166666666666666,
1025,,0.08611111111111111,
1026,,0.09444444444444444,
1027,,0.08888888888888889,
1028,,0.08888888888888889,
1029,,0.09166666666666666,
1030,,0.08888888888888889,
1031,,0.08888888888888889,
1032,,0.09166666666666666,
1033,,0.08888888888888889,
1034,,0.09166666666666666,
1035,,0.09166666666666666,
1036,,0.08888888888888889,
1037,,0.09166666666666666,
1038,,0.08888888888888889,
1039,,0.08888888888888889,
1040,,0.08888888888888889,
1041,,0.09166666666666666,
1042,,0.08611111111111111,
1043,,0.08888888888888889,
1044,,0.08611111111111111,
1045,,0.08888888888888889,
1046,,0.08888888888888889,
1047,,0.08888888888888889,
1048,,0.08888888888888889,
1049,,0.08888888888888889,
1050,,0.08888888888888889,
1051,,0.08888888888888889,
1052,,0.08888888888888889,
1053,,0.08611111111111111,
1054,,0.08888888888888889,
1055,,0.08611111111111111,
1056,,0.08888888888888889,
1057,,0.08888888888888889,
1058,,0.09166666666666666,
1059,,0.08611111111111111,
1060,,0.08611111111111111,
1061,,0.08888888888888889,
1062,,0.08333333333333333,
1063,,0.08888888888888889,
1064,,0.08333333333333333,
1065,,0.08611111111111111,
1066,,0.08333333333333333,
1067,,0.08888888888888889,
1068,,0.09444444444444444,
1069,,0.08611111111111111,
1070,,0.08611111111111111,
1071,,0.08333333333333333,
1072,,0.08611111111111111,
1073,,0.08611111111111111,
1074,,0.08611111111111111,
1075,,0.08611111111111111,
1076,,0.08611111111111111,
1077,,0.08611111111111111,
1078,,0.08888888888888889,
1079,,0.08333333333333333,
1080,,0.08611111111111111,
1081,,0.08611111111111111,
1082,,0.08888888888888889,
1083,,0.08611111111111111,
1084,,0.08888888888888889,
1085,,0.08611111111111111,
1086,,0.08333333333333333,
1087,,0.08888888888888889,
1088,,0.08888888888888889,
1089,,0.08888888888888889,
1090,,0.08611111111111111,
1091,,0.08611111111111111,
1092,,0.08888888888888889,
1093,,0.08611111111111111,
1094,,0.08333333333333333,
1095,,0.08611111111111111,
1096,,0.08611111111111111,
1097,,0.09166666666666666,
1098,,0.08333333333333333,
1099,,0.08333333333333333,
1100,,0.09166666666666666,
1101,,0.08333333333333333,
1102,,0.08888888888888889,
1103,,0.08333333333333333,
1104,,0.08333333333333333,
1105,,0.08611111111111111,
1106,,0.08055555555555556,
1107,,0.08055555555555556,
1108,,0.07777777777777778,
1109,,0.08055555555555556,
1110,,0.08055555555555556,
1111,,0.07777777777777778,
1112,,0.08611111111111111,
1113,,0.08055555555555556,
1114,,0.08333333333333333,
1115,,0.08333333333333333,
1116,,0.08055555555555556,
1117,,0.07777777777777778,
1118,,0.08055555555555556,
1119,,0.07777777777777778,
1120,,0.08333333333333333,
1121,,0.07777777777777778,
1122,,0.08333333333333333,
1123,,0.08333333333333333,
1124,,0.08333333333333333,
1125,,0.07777777777777778,
1126,,0.08055555555555556,
1127,,0.08055555555555556,
1128,,0.07777777777777778,
1129,,0.08055555555555556,
1130,,0.07777777777777778,
1131,,0.075,
1132,,0.08055555555555556,
1133,,0.07222222222222222,
1134,,0.06388888888888888,
1135,,0.07222222222222222,
1136,,0.075,
1137,,0.07222222222222222,
1138,,0.07222222222222222,
1139,,0.07222222222222222,
1140,,0.05555555555555555,
1141,,0.07222222222222222,
1142,,0.075,
1143,,0.07222222222222222,
1144,,0.07222222222222222,
1145,,0.06944444444444445,
1146,,0.06666666666666667,
1147,,0.06666666666666667,
1148,,0.06666666666666667,
1149,,0.06111111111111111,
1150,,0.058333333333333334,
1151,,0.06388888888888888,
1152,,0.06666666666666667,
1153,,0.06111111111111111,
1154,,0.06666666666666667,
1155,,0.075,
1156,,0.05555555555555555,
1157,,0.06666666666666667,
1158,,0.06111111111111111,
1159,,0.05,
1160,,0.06388888888888888,
1161,,0.05277777777777778,
1162,,0.05555555555555555,
1163,,0.075,
1164,,0.07222222222222222,
1165,,0.07222222222222222,
1166,,0.07777777777777778,
1167,,0.08333333333333333,
1168,,0.075,
1169,,0.08055555555555556,
1170,,0.08333333333333333,
1171,,0.07777777777777778,
1172,,0.07777777777777778,
1173,,0.08333333333333333,
1174,,0.08055555555555556,
1175,,0.075,
1176,,0.08611111111111111,
1177,,0.08333333333333333,
1178,,0.08333333333333333,
1179,,0.08333333333333333,
1180,,0.08611111111111111,
1181,,0.08333333333333333,
1182,,0.08333333333333333,
1183,,0.09166666666666666,
1184,,0.08888888888888889,
1185,,0.08611111111111111,
1186,,0.09444444444444444,
1187,,0.08333333333333333,
1188,,0.08333333333333333,
1189,,0.075,
1190,,0.07222222222222222,
1191,,0.07777777777777778,
1192,,0.06944444444444445,
1193,,0.07222222222222222,
1194,,0.08333333333333333,
1195,,0.06388888888888888,
1196,,0.06944444444444445,
1197,,0.075,
1198,,0.075,
1199,,0.07777777777777778,
1200,,0.07777777777777778,
1201,,0.075,
1202,,0.07777777777777778,
1203,,0.075,
1204,,0.07222222222222222,
1205,,0.07777777777777778,
1206,,0.07777777777777778,
1207,,0.08055555555555556,
1208,,0.07777777777777778,
1209,,0.075,
1210,,0.07777777777777778,
1211,,0.075,
1212,,0.08611111111111111,
1213,,0.07777777777777778,
1214,,0.08055555555555556,
1215,,0.08055555555555556,
1216,,0.07777777777777778,
1217,,0.08333333333333333,
1218,,0.07777777777777778,
1219,,0.08333333333333333,
1220,,0.08333333333333333,
1221,,0.08611111111111111,
1222,,0.07777777777777778,
1223,,0.08888888888888889,
1224,,0.08333333333333333,
1225,,0.08055555555555556,
1226,,0.08055555555555556,
1227,,0.08888888888888889,
1228,,0.09166666666666666,
1229,,0.07777777777777778,
1230,,0.08611111111111111,
1231,,0.08333333333333333,
1232,,0.1,
1233,,0.07777777777777778,
1234,,0.08055555555555556,
1235,,0.08888888888888889,
1236,,0.08055555555555556,
1237,,0.09166666666666666,
1238,,0.08333333333333333,
1239,,0.09166666666666666,
1240,,0.08888888888888889,
1241,,0.08888888888888889,
1242,,0.08333333333333333,
1243,,0.08055555555555556,
1244,,0.07777777777777778,
1245,,0.08333333333333333,
1246,,0.07777777777777778,
1247,,0.08055555555555556,
1248,,0.08611111111111111,
1249,,0.1,
1250,,0.08888888888888889,
1251,,0.08333333333333333,
1252,,0.03611111111111111,
1253,,0.041666666666666664,
1254,,0.09166666666666666,
1255,,0.030555555555555555,
1256,,0.05277777777777778,
1257,,0.03888888888888889,
1258,,0.041666666666666664,
1259,,0.06388888888888888,
1260,,0.022222222222222223,
1261,,0.08888888888888889,
1262,,0.10555555555555556,
1263,,0.03888888888888889,
1264,,0.005555555555555556,
1265,,0.03611111111111111,
1266,,0.041666666666666664,
1267,,0.008333333333333333,
1268,,0.03611111111111111,
1269,,0.05277777777777778,
1270,,0.041666666666666664,
1271,,0.05555555555555555,
1272,,0.06666666666666667,
1273,,0.05,
1274,,0.06944444444444445,
1275,,0.08333333333333333,
1276,,0.03888888888888889,
1277,,0.08888888888888889,
1278,,0.06944444444444445,
1279,,0.06666666666666667,
1280,,0.058333333333333334,
1281,,0.03888888888888889,
1282,,0.06388888888888888,
1283,,0.07777777777777778,
1284,,0.07777777777777778,
1285,,0.08333333333333333,
1286,,0.08333333333333333,
1287,,0.07777777777777778,
1288,,0.05555555555555555,
1289,,0.005555555555555556,
1290,,0.025,
1291,,0.025,
1292,,0.008333333333333333,
1293,,0.030555555555555555,
1294,,0.03611111111111111,
1295,,0.027777777777777776,
1296,,0.019444444444444445,
1297,,0.058333333333333334,
1298,,0.019444444444444445,
1299,,0.025,
1300,,0.05,
1301,,0.019444444444444445,
1302,,0.016666666666666666,
1303,,0.058333333333333334,
1304,,0.008333333333333333,
1305,,0.016666666666666666,
1306,,0.044444444444444446,
1307,,0.019444444444444445,
1308,,0.030555555555555555,
1309,,0.044444444444444446,
1310,,0.008333333333333333,
1311,,0.03888888888888889,
1312,,0.06666666666666667,
1313,,0.022222222222222223,
1314,,0.05555555555555555,
1315,,0.041666666666666664,
1316,,0.011111111111111112,
1317,,0.03333333333333333,
1318,,0.04722222222222222,
1319,,0.025,
1320,,0.030555555555555555,
1321,,0.041666666666666664,
1322,,0.019444444444444445,
1323,,0.025,
1324,,0.022222222222222223,
1325,,0.016666666666666666,
1326,,0.030555555555555555,
1327,,0.013888888888888888,
1328,,0.027777777777777776,
1329,,0.008333333333333333,
1330,,0.03611111111111111,
1331,,0.025,
1332,,0.011111111111111112,
1333,,0.022222222222222223,
1334,,0.03333333333333333,
1335,,0.005555555555555556,
1336,,0.030555555555555555,
1337,,0.030555555555555555,
1338,,0.013888888888888888,
1339,,0.025,
1340,,0.041666666666666664,
1341,,0.013888888888888888,
1342,,0.011111111111111112,
1343,,0.03611111111111111,
1344,,0.016666666666666666,
1345,,0.011111111111111112,
1346,,0.022222222222222223,
1347,,0.022222222222222223,
1348,,0.013888888888888888,
1349,,0.013888888888888888,
1350,,0.030555555555555555,
1351,,0.011111111111111112,
1352,,0.005555555555555556,
1353,,0.013888888888888888,
1354,,0.008333333333333333,
1355,,0.008333333333333333,
1356,,0.008333333333333333,
1357,,0.019444444444444445,
1358,,0.011111111111111112,
1359,,0.016666666666666666,
1360,,0.022222222222222223,
1361,,0.013888888888888888,
1362,,0.008333333333333333,
1363,,0.030555555555555555,
1364,,0.011111111111111112,
1365,,0.005555555555555556,
1366,,0.011111111111111112,
1367,,0.013888888888888888,
1368,,0.016666666666666666,
1369,,0.019444444444444445,
1370,,0.013888888888888888,
1371,,0.008333333333333333,
1372,,0.016666666666666666,
1373,,0.011111111111111112,
1374,,0.016666666666666666,
1375,,0.030555555555555555,
1376,,0.027777777777777776,
1377,,0.016666666666666666,
1378,,0.03333333333333333,
1379,,0.022222222222222223,
1380,,0.013888888888888888,
1381,,0.025,
1382,,0.011111111111111112,
1383,,0.008333333333333333,
1384,,0.03888888888888889,
1385,,0.016666666666666666,
1386,,0.008333333333333333,
1387,,0.016666666666666666,
1388,,0.013888888888888888,
1389,,0.013888888888888888,
1390,,0.005555555555555556,
1391,,0.011111111111111112,
1392,,0.025,
1393,,0.013888888888888888,
1394,,0.013888888888888888,
1395,,0.022222222222222223,
1396,,0.013888888888888888,
1397,,0.011111111111111112,
1398,,0.011111111111111112,
1399,,0.027777777777777776,
1400,,0.016666666666666666,
1401,,0.027777777777777776,
1402,,0.016666666666666666,
1403,,0.011111111111111112,
1404,,0.011111111111111112,
1405,,0.025,
1406,,0.011111111111111112,
1407,,0.016666666666666666,
1408,,0.03333333333333333,
1409,,0.008333333333333333,
1410,,0.008333333333333333,
1411,,0.044444444444444446,
1412,,0.008333333333333333,
1413,,0.011111111111111112,
1414,,0.05277777777777778,
1415,,0.03888888888888889,
1416,,0.002777777777777778,
1417,,0.011111111111111112,
1418,,0.05277777777777778,
1419,,0.022222222222222223,
1420,,0.011111111111111112,
1421,,0.03333333333333333,
1422,,0.05,
1423,,0.022222222222222223,
1424,,0.03611111111111111,
1425,,0.027777777777777776,
1426,,0.030555555555555555,
1427,,0.03333333333333333,
1428,,0.04722222222222222,
1429,,0.022222222222222223,
1430,,0.019444444444444445,
1431,,0.05277777777777778,
1432,,0.013888888888888888,
1433,,0.019444444444444445,
1434,,0.013888888888888888,
1435,,0.008333333333333333,
1436,,0.005555555555555556,
1437,,0.027777777777777776,
1438,,0.016666666666666666,
1439,,0.011111111111111112,
1440,,0.025,
1441,,0.022222222222222223,
1442,,0.019444444444444445,
1443,,0.005555555555555556,
1444,,0.013888888888888888,
1445,,0.03888888888888889,
1446,,0.011111111111111112,
1447,,0.019444444444444445,
1448,,0.030555555555555555,
1449,,0.030555555555555555,
1450,,0.016666666666666666,
1451,,0.011111111111111112,
1452,,0.011111111111111112,
1453,,0.027777777777777776,
1454,,0.044444444444444446,
1455,,0.058333333333333334,
1456,,0.05555555555555555,
1457,,0.07777777777777778,
1458,,0.09166666666666666,
1459,,0.08611111111111111,
1460,,0.08333333333333333,
1461,,0.09166666666666666,
1462,,0.08611111111111111,
1463,,0.09444444444444444,
1464,,0.08888888888888889,
1465,,0.08888888888888889,
1466,,0.08888888888888889,
1467,,0.08611111111111111,
1468,,0.09444444444444444,
1469,,0.08611111111111111,
1470,,0.08888888888888889,
1471,,0.08611111111111111,
1472,,0.08611111111111111,
1473,,0.09166666666666666,
1474,,0.08888888888888889,
1475,,0.08333333333333333,
1476,,0.08333333333333333,
1477,,0.09166666666666666,
1478,,0.08888888888888889,
1479,,0.09166666666666666,
1480,,0.08888888888888889,
1481,,0.08333333333333333,
1482,,0.08888888888888889,
1483,,0.09166666666666666,
1484,,0.08888888888888889,
1485,,0.09444444444444444,
1486,,0.08888888888888889,
1487,,0.08611111111111111,
1488,,0.08611111111111111,
1489,,0.08888888888888889,
1490,,0.08611111111111111,
1491,,0.08611111111111111,
1492,,0.09444444444444444,
1493,,0.08333333333333333,
1494,,0.09166666666666666,
1495,,0.08333333333333333,
1496,,0.08611111111111111,
1497,,0.08888888888888889,
1498,,0.08611111111111111,
1499,,0.08333333333333333,
1500,,0.09166666666666666,
1501,,0.08611111111111111,
1502,,0.08888888888888889,
1503,,0.08333333333333333,
1504,,0.09444444444444444,
1505,,0.08888888888888889,
1506,,0.09722222222222222,
1507,,0.08888888888888889,
1508,,0.08611111111111111,
1509,,0.08611111111111111,
1510,,0.08888888888888889,
1511,,0.09166666666666666,
1512,,0.08611111111111111,
1513,,0.08888888888888889,
1514,,0.08888888888888889,
1515,,0.08888888888888889,
1516,,0.08888888888888889,
1517,,0.08611111111111111,
1518,,0.08888888888888889,
1519,,0.09166666666666666,
1520,,0.08888888888888889,
1521,,0.09166666666666666,
1522,,0.08888888888888889,
1523,,0.08611111111111111,
1524,,0.08333333333333333,
1525,,0.08888888888888889,
1526,,0.08888888888888889,
1527,,0.08888888888888889,
1528,,0.08611111111111111,
1529,,0.08611111111111111,
1530,,0.08888888888888889,
1531,,0.08888888888888889,
1532,,0.08611111111111111,
1533,,0.08888888888888889,
1534,,0.09166666666666666,
1535,,0.08888888888888889,
1536,,0.08888888888888889,
1537,,0.08888888888888889,
1538,,0.09166666666666666,
1539,,0.09166666666666666,
1540,,0.08611111111111111,
1541,,0.08611111111111111,
1542,,0.08333333333333333,
1543,,0.08333333333333333,
1544,,0.08888888888888889,
1545,,0.08888888888888889,
1546,,0.09444444444444444,
1547,,0.09166666666666666,
1548,,0.08888888888888889,
1549,,0.08888888888888889,
1550,,0.08888888888888889,
1551,,0.08888888888888889,
1552,,0.10277777777777777,
1553,,0.08888888888888889,
1554,,0.09166666666666666,
1555,,0.09166666666666666,
1556,,0.08611111111111111,
1557,,0.08888888888888889,
1558,,0.08888888888888889,
1559,,0.08611111111111111,
1560,,0.08611111111111111,
1561,,0.08611111111111111,
1562,,0.09166666666666666,
1563,,0.08611111111111111,
1564,,0.08888888888888889,
1565,,0.08333333333333333,
1566,,0.08333333333333333,
1567,,0.08888888888888889,
1568,,0.08888888888888889,
1569,,0.08888888888888889,
1570,,0.08611111111111111,
1571,,0.08611111111111111,
1572,,0.08611111111111111,
1573,,0.09166666666666666,
1574,,0.08611111111111111,
1575,,0.08888888888888889,
1576,,0.08611111111111111,
1577,,0.08888888888888889,
1578,,0.08611111111111111,
1579,,0.08611111111111111,
1580,,0.09166666666666666,
1581,,0.08888888888888889,
1582,,0.08611111111111111,
1583,,0.08888888888888889,
1584,,0.09444444444444444,
1585,,0.08888888888888889,
1586,,0.08888888888888889,
1587,,0.09166666666666666,
1588,,0.08888888888888889,
1589,,0.09166666666666666,
1590,,0.08888888888888889,
1591,,0.08888888888888889,
1592,,0.08333333333333333,
1593,,0.08333333333333333,
1594,,0.08333333333333333,
1595,,0.08055555555555556,
1596,,0.08333333333333333,
1597,,0.08611111111111111,
1598,,0.08333333333333333,
1599,,0.08611111111111111,
1600,,0.08333333333333333,
1601,,0.08333333333333333,
1602,,0.08611111111111111,
1603,,0.08888888888888889,
1604,,0.08611111111111111,
1605,,0.08055555555555556,
1606,,0.08055555555555556,
1607,,0.08333333333333333,
1608,,0.08055555555555556,
1609,,0.08055555555555556,
1610,,0.08333333333333333,
1611,,0.08333333333333333,
1612,,0.08333333333333333,
1613,,0.08333333333333333,
1614,,0.08055555555555556,
1615,,0.08333333333333333,
1616,,0.08333333333333333,
1617,,0.08333333333333333,
1618,,0.08333333333333333,
1619,,0.08333333333333333,
1620,,0.08333333333333333,
1621,,0.08611111111111111,
1622,,0.08611111111111111,
1623,,0.08333333333333333,
1624,,0.08055555555555556,
1625,,0.08333333333333333,
1626,,0.08611111111111111,
1627,,0.08333333333333333,
1628,,0.08333333333333333,
1629,,0.08611111111111111,
1630,,0.08333333333333333,
1631,,0.08333333333333333,
1632,,0.08333333333333333,
1633,,0.08055555555555556,
1634,,0.08333333333333333,
1635,,0.08055555555555556,
1636,,0.07777777777777778,
1637,,0.08055555555555556,
1638,,0.08888888888888889,
1639,,0.08611111111111111,
1640,,0.08333333333333333,
1641,,0.08888888888888889,
1642,,0.08333333333333333,
1643,,0.08055555555555556,
1644,,0.08055555555555556,
1645,,0.08055555555555556,
1646,,0.08055555555555556,
1647,,0.08333333333333333,
1648,,0.08055555555555556,
1649,,0.08333333333333333,
1650,,0.08055555555555556,
1651,,0.08055555555555556,
1652,,0.07777777777777778,
1653,,0.08055555555555556,
1654,,0.08055555555555556,
1655,,0.08611111111111111,
1656,,0.08055555555555556,
1657,,0.08333333333333333,
1658,,0.08611111111111111,
1659,,0.08333333333333333,
1660,,0.08611111111111111,
1661,,0.08055555555555556,
1662,,0.08055555555555556,
1663,,0.08055555555555556,
1664,,0.08333333333333333,
1665,,0.07777777777777778,
1666,,0.08055555555555556,
1667,,0.08055555555555556,
1668,,0.08055555555555556,
1669,,0.07777777777777778,
1670,,0.07777777777777778,
1671,,0.08055555555555556,
1672,,0.07777777777777778,
1673,,0.07777777777777778,
1674,,0.08055555555555556,
1675,,0.07777777777777778,
1676,,0.06944444444444445,
1677,,0.075,
1678,,0.08055555555555556,
1679,,0.08055555555555556,
1680,,0.08055555555555556,
1681,,0.07777777777777778,
1682,,0.07777777777777778,
1683,,0.07222222222222222,
1684,,0.075,
1685,,0.06666666666666667,
1686,,0.06666666666666667,
1687,,0.05277777777777778,
1688,,0.06388888888888888,
1689,,0.058333333333333334,
1690,,0.05555555555555555,
1691,,0.07222222222222222,
1692,,0.05555555555555555,
1693,,0.06944444444444445,
1694,,0.058333333333333334,
1695,,0.05277777777777778,
1696,,0.06666666666666667,
1697,,0.06388888888888888,
1698,,0.03888888888888889,
1699,,0.058333333333333334,
1700,,0.05555555555555555,
1701,,0.058333333333333334,
1702,,0.06111111111111111,
1703,,0.05555555555555555,
1704,,0.06944444444444445,
1705,,0.075,
1706,,0.06388888888888888,
1707,,0.058333333333333334,
1708,,0.06944444444444445,
1709,,0.075,
1710,,0.06944444444444445,
1711,,0.075,
1712,,0.06944444444444445,
1713,,0.075,
1714,,0.06111111111111111,
1715,,0.06388888888888888,
1716,,0.08055555555555556,
1717,,0.06944444444444445,
1718,,0.07222222222222222,
1719,,0.07777777777777778,
1720,,0.07222222222222222,
1721,,0.08611111111111111,
1722,,0.06944444444444445,
1723,,0.075,
1724,,0.07777777777777778,
1725,,0.07777777777777778,
1726,,0.07222222222222222,
1727,,0.07222222222222222,
1728,,0.06388888888888888,
1729,,0.08611111111111111,
1730,,0.08055555555555556,
1731,,0.08611111111111111,
1732,,0.06944444444444445,
1733,,0.07222222222222222,
1734,,0.07777777777777778,
1735,,0.09444444444444444,
1736,,0.08333333333333333,
1737,,0.08333333333333333,
1738,,0.08055555555555556,
1739,,0.06388888888888888,
1740,,0.08888888888888889,
1741,,0.08333333333333333,
1742,,0.07222222222222222,
1743,,0.07777777777777778,
1744,,0.08055555555555556,
1745,,0.058333333333333334,
1746,,0.07222222222222222,
1747,,0.06666666666666667,
1748,,0.07222222222222222,
1749,,0.07222222222222222,
1750,,0.07777777777777778,
1751,,0.07777777777777778,
1752,,0.08333333333333333,
1753,,0.07222222222222222,
1754,,0.08055555555555556,
1755,,0.06944444444444445,
1756,,0.08055555555555556,
1757,,0.07222222222222222,
1758,,0.07777777777777778,
1759,,0.08055555555555556,
1760,,0.07777777777777778,
1761,,0.07777777777777778,
1762,,0.08611111111111111,
1763,,0.07777777777777778,
1764,,0.075,
1765,,0.08333333333333333,
1766,,0.08055555555555556,
1767,,0.07777777777777778,
1768,,0.06944444444444445,
1769,,0.08055555555555556,
1770,,0.08333333333333333,
1771,,0.08611111111111111,
1772,,0.08055555555555556,
1773,,0.08333333333333333,
1774,,0.08055555555555556,
1775,,0.07777777777777778,
1776,,0.08055555555555556,
1777,,0.08888888888888889,
1778,,0.07777777777777778,
1779,,0.08611111111111111,
1780,,0.08611111111111111,
1781,,0.08055555555555556,
1782,,0.08333333333333333,
1783,,0.08333333333333333,
1784,,0.08333333333333333,
1785,,0.07777777777777778,
1786,,0.07777777777777778,
1787,,0.08055555555555556,
1788,,0.08055555555555556,
1789,,0.08055555555555556,
1790,,0.08055555555555556,
1791,,0.08333333333333333,
1792,,0.075,
1793,,0.08333333333333333,
1794,,0.08333333333333333,
1795,,0.07777777777777778,
1796,,0.08611111111111111,
1797,,0.1,
1798,,0.09722222222222222,
1799,,0.08888888888888889,
1800,,0.05555555555555555,
1801,,0.08055555555555556,
1802,,0.08611111111111111,
1803,,0.03611111111111111,
1804,,0.06666666666666667,
1805,,0.06666666666666667,
1806,,0.013888888888888888,
1807,,0.05277777777777778,
1808,,0.05555555555555555,
1809,,0.011111111111111112,
1810,,0.03888888888888889,
1811,,0.03888888888888889,
1812,,0.027777777777777776,
1813,,0.03611111111111111,
1814,,0.05277777777777778,
1815,,0.016666666666666666,
1816,,0.04722222222222222,
1817,,0.03333333333333333,
1818,,0.027777777777777776,
1819,,0.03333333333333333,
1820,,0.05277777777777778,
1821,,0.03611111111111111,
1822,,0.03611111111111111,
1823,,0.027777777777777776,
1824,,0.022222222222222223,
1825,,0.05555555555555555,
1826,,0.022222222222222223,
1827,,0.027777777777777776,
1828,,0.03611111111111111,
1829,,0.03333333333333333,
1830,,0.03888888888888889,
1831,,0.03611111111111111,
1832,,0.03888888888888889,
1833,,0.05277777777777778,
1834,,0.05,
1835,,0.041666666666666664,
1836,,0.05555555555555555,
1837,,0.03611111111111111,
1838,,0.03888888888888889,
1839,,0.05555555555555555,
1840,,0.06666666666666667,
1841,,0.041666666666666664,
1842,,0.06111111111111111,
1843,,0.08055555555555556,
1844,,0.041666666666666664,
1845,,0.05277777777777778,
1846,,0.05,
1847,,0.030555555555555555,
1848,,0.044444444444444446,
1849,,0.03611111111111111,
1850,,0.022222222222222223,
1851,,0.027777777777777776,
1852,,0.041666666666666664,
1853,,0.019444444444444445,
1854,,0.013888888888888888,
1855,,0.05,
1856,,0.03333333333333333,
1857,,0.011111111111111112,
1858,,0.03888888888888889,
1859,,0.03611111111111111,
1860,,0.030555555555555555,
1861,,0.030555555555555555,
1862,,0.05555555555555555,
1863,,0.025,
1864,,0.025,
1865,,0.041666666666666664,
1866,,0.05277777777777778,
1867,,0.03333333333333333,
1868,,0.013888888888888888,
1869,,0.030555555555555555,
1870,,0.03611111111111111,
1871,,0.030555555555555555,
1872,,0.016666666666666666,
1873,,0.019444444444444445,
1874,,0.03611111111111111,
1875,,0.013888888888888888,
1876,,0.025,
1877,,0.022222222222222223,
1878,,0.011111111111111112,
1879,,0.03611111111111111,
1880,,0.05,
1881,,0.022222222222222223,
1882,,0.025,
1883,,0.03611111111111111,
1884,,0.03888888888888889,
1885,,0.027777777777777776,
1886,,0.011111111111111112,
1887,,0.041666666666666664,
1888,,0.019444444444444445,
1889,,0.022222222222222223,
1890,,0.016666666666666666,
1891,,0.011111111111111112,
1892,,0.008333333333333333,
1893,,0.016666666666666666,
1894,,0.027777777777777776,
1895,,0.016666666666666666,
1896,,0.011111111111111112,
1897,,0.022222222222222223,
1898,,0.016666666666666666,
1899,,0.011111111111111112,
1900,,0.019444444444444445,
1901,,0.022222222222222223,
1902,,0.022222222222222223,
1903,,0.025,
1904,,0.022222222222222223,
1905,,0.019444444444444445,
1906,,0.019444444444444445,
1907,,0.013888888888888888,
1908,,0.03888888888888889,
1909,,0.025,
1910,,0.013888888888888888,
1911,,0.013888888888888888,
1912,,0.03888888888888889,
1913,,0.041666666666666664,
1914,,0.005555555555555556,
1915,,0.019444444444444445,
1916,,0.019444444444444445,
1917,,0.013888888888888888,
1918,,0.019444444444444445,
1919,,0.03611111111111111,
1920,,0.025,
1921,,0.019444444444444445,
1922,,0.011111111111111112,
1923,,0.030555555555555555,
1924,,0.019444444444444445,
1925,,0.013888888888888888,
1926,,0.013888888888888888,
1927,,0.022222222222222223,
1928,,0.008333333333333333,
1929,,0.03888888888888889,
1930,,0.016666666666666666,
1931,,0.019444444444444445,
1932,,0.04722222222222222,
1933,,0.019444444444444445,
1934,,0.013888888888888888,
1935,,0.016666666666666666,
1936,,0.022222222222222223,
1937,,0.013888888888888888,
1938,,0.008333333333333333,
1939,,0.013888888888888888,
1940,,0.013888888888888888,
1941,,0.008333333333333333,
1942,,0.013888888888888888,
1943,,0.025,
1944,,0.027777777777777776,
1945,,0.005555555555555556,
1946,,0.008333333333333333,
1947,,0.008333333333333333,
1948,,0.011111111111111112,
1949,,0.011111111111111112,
1950,,0.008333333333333333,
1951,,0.019444444444444445,
1952,,0.011111111111111112,
1953,,0.011111111111111112,
1954,,0.008333333333333333,
1955,,0.008333333333333333,
1956,,0.005555555555555556,
1957,,0.008333333333333333,
1958,,0.008333333333333333,
1959,,0.011111111111111112,
1960,,0.008333333333333333,
1961,,0.005555555555555556,
1962,,0.013888888888888888,
1963,,0.013888888888888888,
1964,,0.011111111111111112,
1965,,0.008333333333333333,
1966,,0.005555555555555556,
1967,,0.013888888888888888,
1968,,0.005555555555555556,
1969,,0.011111111111111112,
1970,,0.013888888888888888,
1971,,0.025,
1972,,0.011111111111111112,
1973,,0.005555555555555556,
1974,,0.002777777777777778,
1975,,0.005555555555555556,
1976,,0.013888888888888888,
1977,,0.013888888888888888,
1978,,0.011111111111111112,
1979,,0.011111111111111112,
1980,,0.011111111111111112,
1981,,0.002777777777777778,
1982,,0.025,
1983,,0.019444444444444445,
1984,,0.025,
1985,,0.044444444444444446,
1986,,0.058333333333333334,
1987,,0.07777777777777778,
1988,,0.07777777777777778,
1989,,0.08333333333333333,
1990,,0.08055555555555556,
1991,,0.08333333333333333,
1992,,0.08055555555555556,
1993,,0.08888888888888889,
1994,,0.08333333333333333,
1995,,0.08055555555555556,
1996,,0.08333333333333333,
1997,,0.08055555555555556,
1998,,0.08055555555555556,
1999,,0.08888888888888889,
2000,,0.08888888888888889,
2001,,0.08333333333333333,
2002,,0.08333333333333333,
2003,,0.08611111111111111,
2004,,0.08333333333333333,
2005,,0.08333333333333333,
2006,,0.08333333333333333,
2007,,0.08333333333333333,
2008,,0.08333333333333333,
2009,,0.08055555555555556,
2010,,0.08333333333333333,
2011,,0.08333333333333333,
2012,,0.08333333333333333,
2013,,0.08333333333333333,
2014,,0.08333333333333333,
2015,,0.08611111111111111,
2016,,0.08333333333333333,
2017,,0.08611111111111111,
2018,,0.08333333333333333,
2019,,0.08055555555555556,
2020,,0.08333333333333333,
2021,,0.08333333333333333,
2022,,0.08055555555555556,
2023,,0.08333333333333333,
2024,,0.08611111111111111,
2025,,0.08333333333333333,
2026,,0.08333333333333333,
2027,,0.08333333333333333,
2028,,0.08611111111111111,
2029,,0.08333333333333333,
2030,,0.08055555555555556,
2031,,0.08611111111111111,
2032,,0.08888888888888889,
2033,,0.08611111111111111,
2034,,0.08611111111111111,
2035,,0.08333333333333333,
2036,,0.08611111111111111,
2037,,0.08611111111111111,
2038,,0.08888888888888889,
2039,,0.08611111111111111,
2040,,0.08611111111111111,
2041,,0.08611111111111111,
2042,,0.08611111111111111,
2043,,0.08888888888888889,
2044,,0.08611111111111111,
2045,,0.08888888888888889,
2046,,0.08888888888888889,
2047,,0.08611111111111111,
2048,,0.09166666666666666,
2049,,0.08888888888888889,
2050,,0.08888888888888889,
2051,,0.08888888888888889,
2052,,0.08611111111111111,
2053,,0.08611111111111111,
2054,,0.08888888888888889,
2055,,0.08611111111111111,
2056,,0.08611111111111111,
2057,,0.08611111111111111,
2058,,0.08611111111111111,
2059,,0.08611111111111111,
2060,,0.08611111111111111,
2061,,0.08611111111111111,
2062,,0.08611111111111111,
2063,,0.08611111111111111,
2064,,0.08333333333333333,
2065,,0.09166666666666666,
2066,,0.08611111111111111,
2067,,0.08333333333333333,
2068,,0.08888888888888889,
2069,,0.08888888888888889,
2070,,0.08611111111111111,
2071,,0.08888888888888889,
2072,,0.08888888888888889,
2073,,0.08611111111111111,
2074,,0.08611111111111111,
2075,,0.08888888888888889,
2076,,0.08888888888888889,
2077,,0.08333333333333333,
2078,,0.08333333333333333,
2079,,0.08611111111111111,
2080,,0.08611111111111111,
2081,,0.08611111111111111,
2082,,0.08888888888888889,
2083,,0.08888888888888889,
2084,,0.08611111111111111,
2085,,0.08888888888888889,
2086,,0.09166666666666666,
2087,,0.08333333333333333,
2088,,0.08611111111111111,
2089,,0.08611111111111111,
2090,,0.08611111111111111,
2091,,0.08888888888888889,
2092,,0.09444444444444444,
2093,,0.09166666666666666,
2094,,0.09166666666666666,
2095,,0.08333333333333333,
2096,,0.08333333333333333,
2097,,0.08611111111111111,
2098,,0.08333333333333333,
2099,,0.08611111111111111,
2100,,0.08888888888888889,
2101,,0.08611111111111111,
2102,,0.09722222222222222,
2103,,0.08888888888888889,
2104,,0.09444444444444444,
2105,,0.09166666666666666,
2106,,0.08611111111111111,
2107,,0.08611111111111111,
2108,,0.08888888888888889,
2109,,0.08888888888888889,
2110,,0.09444444444444444,
2111,,0.08888888888888889,
2112,,0.09444444444444444,
2113,,0.09166666666666666,
2114,,0.09166666666666666,
2115,,0.09166666666666666,
2116,,0.09166666666666666,
2117,,0.08888888888888889,
2118,,0.08888888888888889,
2119,,0.08611111111111111,
2120,,0.08888888888888889,
2121,,0.08888888888888889,
2122,,0.09444444444444444,
2123,,0.08611111111111111,
2124,,0.09722222222222222,
2125,,0.09166666666666666,
2126,,0.09722222222222222,
2127,,0.09722222222222222,
2128,,0.10277777777777777,
2129,,0.08611111111111111,
2130,,0.09166666666666666,
2131,,0.1,
2132,,0.09166666666666666,
2133,,0.08611111111111111,
2134,,0.08888888888888889,
2135,,0.08888888888888889,
2136,,0.08611111111111111,
2137,,0.09166666666666666,
2138,,0.08888888888888889,
2139,,0.08888888888888889,
2140,,0.09166666666666666,
2141,,0.08888888888888889,
2142,,0.08888888888888889,
2143,,0.09444444444444444,
2144,,0.09166666666666666,
2145,,0.1,
2146,,0.09166666666666666,
2147,,0.10555555555555556,
2148,,0.10277777777777777,
2149,,0.09444444444444444,
2150,,0.09722222222222222,
2151,,0.09722222222222222,
2152,,0.1388888888888889,
2153,,0.11944444444444445,
2154,,0.12222222222222222,
2155,,0.125,
2156,,0.12777777777777777,
2157,,0.125,
2158,,0.125,
2159,,0.12777777777777777,
2160,,0.14166666666666666,
2161,,0.12777777777777777,
2162,,0.1388888888888889,
2163,,0.1361111111111111,
2164,,0.14722222222222223,
2165,,0.14722222222222223,
2166,,0.1527777777777778,
2167,,0.14444444444444443,
2168,,0.1527777777777778,
2169,,0.1527777777777778,
2170,,0.15555555555555556,
2171,,0.15,
2172,,0.1638888888888889,
2173,,0.17777777777777778,
2174,,0.1527777777777778,
2175,,0.10833333333333334,
2176,,0.08333333333333333,
2177,,0.08055555555555556,
2178,,0.08055555555555556,
2179,,0.07777777777777778,
2180,,0.07777777777777778,
2181,,0.08611111111111111,
2182,,0.08888888888888889,
2183,,0.07777777777777778,
2184,,0.08055555555555556,
2185,,0.07777777777777778,
2186,,0.07222222222222222,
2187,,0.07777777777777778,
2188,,0.07777777777777778,
2189,,0.075,
2190,,0.07777777777777778,
2191,,0.075,
2192,,0.07222222222222222,
2193,,0.08055555555555556,
2194,,0.07222222222222222,
2195,,0.08055555555555556,
2196,,0.08055555555555556,
2197,,0.07222222222222222,
2198,,0.075,
2199,,0.07777777777777778,
2200,,0.075,
2201,,0.08333333333333333,
2202,,0.075,
2203,,0.07222222222222222,
2204,,0.08055555555555556,
2205,,0.08611111111111111,
2206,,0.08333333333333333,
2207,,0.07777777777777778,
2208,,0.08055555555555556,
2209,,0.08055555555555556,
2210,,0.08055555555555556,
2211,,0.08055555555555556,
2212,,0.08611111111111111,
2213,,0.08333333333333333,
2214,,0.08333333333333333,
2215,,0.08055555555555556,
2216,,0.08055555555555556,
2217,,0.08333333333333333,
2218,,0.08611111111111111,
2219,,0.08055555555555556,
2220,,0.08055555555555556,
2221,,0.07777777777777778,
2222,,0.07777777777777778,
2223,,0.08333333333333333,
2224,,0.08333333333333333,
2225,,0.08055555555555556,
2226,,0.08333333333333333,
2227,,0.08055555555555556,
2228,,0.07777777777777778,
2229,,0.08055555555555556,
2230,,0.08333333333333333,
2231,,0.08055555555555556,
2232,,0.075,
2233,,0.08055555555555556,
2234,,0.08055555555555556,
2235,,0.08055555555555556,
2236,,0.08611111111111111,
2237,,0.07777777777777778,
2238,,0.08055555555555556,
2239,,0.08055555555555556,
2240,,0.075,
2241,,0.06944444444444445,
2242,,0.08055555555555556,
2243,,0.075,
2244,,0.08055555555555556,
2245,,0.08333333333333333,
2246,,0.07777777777777778,
2247,,0.07222222222222222,
2248,,0.075,
2249,,0.08333333333333333,
2250,,0.07777777777777778,
2251,,0.08611111111111111,
2252,,0.075,
2253,,0.08055555555555556,
2254,,0.06388888888888888,
2255,,0.07222222222222222,
2256,,0.07777777777777778,
2257,,0.075,
2258,,0.08055555555555556,
2259,,0.08055555555555556,
2260,,0.07777777777777778,
2261,,0.08055555555555556,
2262,,0.07777777777777778,
2263,,0.08055555555555556,
2264,,0.08055555555555556,
2265,,0.075,
2266,,0.08055555555555556,
2267,,0.075,
2268,,0.07777777777777778,
2269,,0.07777777777777778,
2270,,0.08055555555555556,
2271,,0.07777777777777778,
2272,,0.07777777777777778,
2273,,0.07777777777777778,
2274,,0.075,
2275,,0.075,
2276,,0.07777777777777778,
2277,,0.07777777777777778,
2278,,0.07777777777777778,
2279,,0.075,
2280,,0.07222222222222222,
2281,,0.08055555555555556,
2282,,0.07222222222222222,
2283,,0.07222222222222222,
2284,,0.075,
2285,,0.06944444444444445,
2286,,0.06944444444444445,
2287,,0.07777777777777778,
2288,,0.07222222222222222,
2289,,0.075,
2290,,0.075,
2291,,0.07777777777777778,
2292,,0.06388888888888888,
2293,,0.07777777777777778,
2294,,0.07777777777777778,
2295,,0.07777777777777778,
2296,,0.07777777777777778,
2297,,0.075,
2298,,0.07222222222222222,
2299,,0.075,
2300,,0.06944444444444445,
2301,,0.06944444444444445,
2302,,0.08055555555555556,
2303,,0.06666666666666667,
2304,,0.07222222222222222,
2305,,0.07777777777777778,
2306,,0.08055555555555556,
2307,,0.08055555555555556,
2308,,0.08055555555555556,
2309,,0.08055555555555556,
2310,,0.07777777777777778,
2311,,0.08055555555555556,
2312,,0.07777777777777778,
2313,,0.075,
2314,,0.07777777777777778,
2315,,0.07777777777777778,
2316,,0.07777777777777778,
2317,,0.08611111111111111,
2318,,0.09166666666666666,
2319,,0.08055555555555556,
2320,,0.08888888888888889,
2321,,0.027777777777777776,
2322,,0.022222222222222223,
2323,,0.03611111111111111,
2324,,0.05,
2325,,0.025,
2326,,0.011111111111111112,
2327,,0.022222222222222223,
2328,,0.008333333333333333,
2329,,0.011111111111111112,
2330,,0.016666666666666666,
2331,,0.022222222222222223,
2332,,0.030555555555555555,
2333,,0.022222222222222223,
2334,,0.019444444444444445,
2335,,0.03611111111111111,
2336,,0.016666666666666666,
2337,,0.03611111111111111,
2338,,0.06666666666666667,
2339,,0.030555555555555555,
2340,,0.013888888888888888,
2341,,0.05,
2342,,0.008333333333333333,
2343,,0.027777777777777776,
2344,,0.019444444444444445,
2345,,0.013888888888888888,
2346,,0.03888888888888889,
2347,,0.008333333333333333,
2348,,0.030555555555555555,
2349,,0.03611111111111111,
2350,,0.011111111111111112,
2351,,0.03333333333333333,
2352,,0.06944444444444445,
2353,,0.022222222222222223,
2354,,0.03888888888888889,
2355,,0.06666666666666667,
2356,,0.013888888888888888,
2357,,0.025,
2358,,0.05,
2359,,0.013888888888888888,
2360,,0.019444444444444445,
2361,,0.06666666666666667,
2362,,0.022222222222222223,
2363,,0.03888888888888889,
2364,,0.04722222222222222,
2365,,0.019444444444444445,
2366,,0.025,
2367,,0.06944444444444445,
2368,,0.030555555555555555,
2369,,0.03611111111111111,
2370,,0.06666666666666667,
2371,,0.03888888888888889,
2372,,0.027777777777777776,
2373,,0.027777777777777776,
2374,,0.044444444444444446,
2375,,0.011111111111111112,
2376,,0.03333333333333333,
2377,,0.030555555555555555,
2378,,0.005555555555555556,
2379,,0.041666666666666664,
2380,,0.04722222222222222,
2381,,0.025,
2382,,0.025,
2383,,0.044444444444444446,
2384,,0.030555555555555555,
2385,,0.027777777777777776,
2386,,0.04722222222222222,
2387,,0.019444444444444445,
2388,,0.016666666666666666,
2389,,0.044444444444444446,
2390,,0.027777777777777776,
2391,,0.013888888888888888,
2392,,0.025,
2393,,0.027777777777777776,
2394,,0.005555555555555556,
2395,,0.030555555555555555,
2396,,0.044444444444444446,
2397,,0.016666666666666666,
2398,,0.030555555555555555,
2399,,0.03888888888888889,
2400,,0.025,
2401,,0.027777777777777776,
2402,,0.05277777777777778,
2403,,0.025,
2404,,0.016666666666666666,
2405,,0.041666666666666664,
2406,,0.03333333333333333,
2407,,0.013888888888888888,
2408,,0.044444444444444446,
2409,,0.025,
2410,,0.008333333333333333,
2411,,0.03333333333333333,
2412,,0.044444444444444446,
2413,,0.03333333333333333,
2414,,0.06388888888888888,
2415,,0.05,
2416,,0.041666666666666664,
2417,,0.005555555555555556,
2418,,0.06111111111111111,
2419,,0.06111111111111111,
2420,,0.04722222222222222,
2421,,0.005555555555555556,
2422,,0.05,
2423,,0.03333333333333333,
2424,,0.005555555555555556,
2425,,0.016666666666666666,
2426,,0.025,
2427,,0.013888888888888888,
2428,,0.013888888888888888,
2429,,0.03333333333333333,
2430,,0.013888888888888888,
2431,,0.011111111111111112,
2432,,0.030555555555555555,
2433,,0.03611111111111111,
2434,,0.011111111111111112,
2435,,0.044444444444444446,
2436,,0.044444444444444446,
2437,,0.030555555555555555,
2438,,0.005555555555555556,
2439,,0.025,
2440,,0.019444444444444445,
2441,,0.005555555555555556,
2442,,0.027777777777777776,
2443,,0.016666666666666666,
2444,,0.013888888888888888,
2445,,0.025,
2446,,0.013888888888888888,
2447,,0.011111111111111112,
2448,,0.022222222222222223,
2449,,0.025,
2450,,0.016666666666666666,
2451,,0.011111111111111112,
2452,,0.011111111111111112,
2453,,0.013888888888888888,
2454,,0.03333333333333333,
2455,,0.011111111111111112,
2456,,0.03333333333333333,
2457,,0.019444444444444445,
2458,,0.011111111111111112,
2459,,0.03611111111111111,
2460,,0.03333333333333333,
2461,,0.011111111111111112,
2462,,0.03333333333333333,
2463,,0.041666666666666664,
2464,,0.016666666666666666,
2465,,0.030555555555555555,
2466,,0.025,
2467,,0.022222222222222223,
2468,,0.011111111111111112,
2469,,0.016666666666666666,
2470,,0.041666666666666664,
2471,,0.005555555555555556,
2472,,0.027777777777777776,
2473,,0.041666666666666664,
2474,,0.025,
2475,,0.025,
2476,,0.05277777777777778,
2477,,0.03333333333333333,
2478,,0.022222222222222223,
2479,,0.016666666666666666,
2480,,0.019444444444444445,
2481,,0.027777777777777776,
2482,,0.013888888888888888,
2483,,0.030555555555555555,
2484,,0.025,
2485,,0.011111111111111112,
2486,,0.011111111111111112,
2487,,0.027777777777777776,
2488,,0.022222222222222223,
2489,,0.011111111111111112,
2490,,0.008333333333333333,
2491,,0.013888888888888888,
2492,,0.011111111111111112,
2493,,0.022222222222222223,
2494,,0.030555555555555555,
2495,,0.025,
2496,,0.008333333333333333,
2497,,0.022222222222222223,
2498,,0.030555555555555555,
2499,,0.044444444444444446,
2500,,0.05,
2501,,0.06388888888888888,
2502,,0.07777777777777778,
2503,,0.08888888888888889,
2504,,0.08888888888888889,
2505,,0.07777777777777778,
2506,,0.08055555555555556,
2507,,0.08611111111111111,
2508,,0.08611111111111111,
2509,,0.08888888888888889,
2510,,0.08888888888888889,
2511,,0.08888888888888889,
2512,,0.08888888888888889,
2513,,0.08611111111111111,
2514,,0.08611111111111111,
2515,,0.08611111111111111,
2516,,0.08611111111111111,
2517,,0.08888888888888889,
2518,,0.08333333333333333,
2519,,0.08333333333333333,
2520,,0.08333333333333333,
2521,,0.08333333333333333,
2522,,0.08333333333333333,
2523,,0.08055555555555556,
2524,,0.08611111111111111,
2525,,0.08611111111111111,
2526,,0.08333333333333333,
2527,,0.08611111111111111,
2528,,0.08611111111111111,
2529,,0.08055555555555556,
2530,,0.08611111111111111,
2531,,0.08611111111111111,
2532,,0.08333333333333333,
2533,,0.08888888888888889,
2534,,0.08333333333333333,
2535,,0.08333333333333333,
2536,,0.08888888888888889,
2537,,0.08888888888888889,
2538,,0.08333333333333333,
2539,,0.08611111111111111,
2540,,0.08333333333333333,
2541,,0.08611111111111111,
2542,,0.08333333333333333,
2543,,0.08611111111111111,
2544,,0.08333333333333333,
2545,,0.08611111111111111,
2546,,0.08888888888888889,
2547,,0.08888888888888889,
2548,,0.08333333333333333,
2549,,0.09166666666666666,
2550,,0.08888888888888889,
2551,,0.08888888888888889,
2552,,0.08888888888888889,
2553,,0.08611111111111111,
2554,,0.08611111111111111,
2555,,0.08333333333333333,
2556,,0.08611111111111111,
2557,,0.08888888888888889,
2558,,0.08888888888888889,
2559,,0.08611111111111111,
2560,,0.08611111111111111,
2561,,0.08888888888888889,
2562,,0.08333333333333333,
2563,,0.08611111111111111,
2564,,0.08333333333333333,
2565,,0.08333333333333333,
2566,,0.08888888888888889,
2567,,0.08888888888888889,
2568,,0.09444444444444444,
2569,,0.08888888888888889,
2570,,0.09166666666666666,
2571,,0.09166666666666666,
2572,,0.08888888888888889,
2573,,0.08888888888888889,
2574,,0.08888888888888889,
2575,,0.08888888888888889,
2576,,0.08888888888888889,
2577,,0.08611111111111111,
2578,,0.09166666666666666,
2579,,0.08888888888888889,
2580,,0.08888888888888889,
2581,,0.09166666666666666,
2582,,0.08611111111111111,
2583,,0.08611111111111111,
2584,,0.08888888888888889,
2585,,0.09166666666666666,
2586,,0.08888888888888889,
2587,,0.08888888888888889,
2588,,0.08888888888888889,
2589,,0.09166666666666666,
2590,,0.08888888888888889,
2591,,0.08611111111111111,
2592,,0.08888888888888889,
2593,,0.08888888888888889,
2594,,0.08888888888888889,
2595,,0.08888888888888889,
2596,,0.08611111111111111,
2597,,0.08611111111111111,
2598,,0.08888888888888889,
2599,,0.08888888888888889,
2600,,0.08611111111111111,
2601,,0.08888888888888889,
2602,,0.08888888888888889,
2603,,0.08888888888888889,
2604,,0.08611111111111111,
2605,,0.08888888888888889,
2606,,0.08611111111111111,
2607,,0.08888888888888889,
2608,,0.08888888888888889,
2609,,0.08611111111111111,
2610,,0.08888888888888889,
2611,,0.08333333333333333,
2612,,0.08888888888888889,
2613,,0.08333333333333333,
2614,,0.08611111111111111,
2615,,0.08611111111111111,
2616,,0.08333333333333333,
2617,,0.08611111111111111,
2618,,0.08611111111111111,
2619,,0.08611111111111111,
2620,,0.08888888888888889,
2621,,0.08611111111111111,
2622,,0.08611111111111111,
2623,,0.08611111111111111,
2624,,0.08333333333333333,
2625,,0.08611111111111111,
2626,,0.08611111111111111,
2627,,0.08611111111111111,
2628,,0.08888888888888889,
2629,,0.08611111111111111,
2630,,0.08611111111111111,
2631,,0.08611111111111111,
2632,,0.09166666666666666,
2633,,0.08611111111111111,
2634,,0.08611111111111111,
2635,,0.08333333333333333,
2636,,0.08333333333333333,
2637,,0.08333333333333333,
2638,,0.08333333333333333,
2639,,0.08888888888888889,
2640,,0.08333333333333333,
2641,,0.08611111111111111,
2642,,0.08333333333333333,
2643,,0.08333333333333333,
2644,,0.08333333333333333,
2645,,0.08611111111111111,
2646,,0.08333333333333333,
2647,,0.08611111111111111,
2648,,0.08333333333333333,
2649,,0.08888888888888889,
2650,,0.08611111111111111,
2651,,0.08611111111111111,
2652,,0.08055555555555556,
2653,,0.08333333333333333,
2654,,0.08333333333333333,
2655,,0.08055555555555556,
2656,,0.08055555555555556,
2657,,0.08333333333333333,
2658,,0.08055555555555556,
2659,,0.08333333333333333,
2660,,0.08333333333333333,
2661,,0.08055555555555556,
2662,,0.08055555555555556,
2663,,0.08611111111111111,
2664,,0.07777777777777778,
2665,,0.08333333333333333,
2666,,0.08333333333333333,
2667,,0.08611111111111111,
2668,,0.07777777777777778,
2669,,0.08055555555555556,
2670,,0.08055555555555556,
2671,,0.08055555555555556,
2672,,0.08055555555555556,
2673,,0.08055555555555556,
2674,,0.08055555555555556,
2675,,0.08055555555555556,
2676,,0.08055555555555556,
2677,,0.08055555555555556,
2678,,0.08611111111111111,
2679,,0.08055555555555556,
2680,,0.075,
2681,,0.07222222222222222,
2682,,0.07777777777777778,
2683,,0.07777777777777778,
2684,,0.075,
2685,,0.075,
2686,,0.075,
2687,,0.075,
2688,,0.07777777777777778,
2689,,0.07777777777777778,
2690,,0.08055555555555556,
2691,,0.08055555555555556,
2692,,0.075,
2693,,0.08333333333333333,
2694,,0.08333333333333333,
2695,,0.08333333333333333,
2696,,0.08055555555555556,
2697,,0.08055555555555556,
2698,,0.075,
2699,,0.08055555555555556,
2700,,0.07222222222222222,
2701,,0.07222222222222222,
2702,,0.07222222222222222,
2703,,0.07777777777777778,
2704,,0.07777777777777778,
2705,,0.06388888888888888,
2706,,0.075,
2707,,0.07222222222222222,
2708,,0.06944444444444445,
2709,,0.06388888888888888,
2710,,0.075,
2711,,0.075,
2712,,0.07222222222222222,
2713,,0.08055555555555556,
2714,,0.075,
2715,,0.08055555555555556,
2716,,0.075,
2717,,0.075,
2718,,0.075,
2719,,0.075,
2720,,0.06666666666666667,
2721,,0.07777777777777778,
2722,,0.08888888888888889,
2723,,0.075,
2724,,0.06944444444444445,
2725,,0.06388888888888888,
2726,,0.06944444444444445,
2727,,0.075,
2728,,0.08055555555555556,
2729,,0.075,
2730,,0.07777777777777778,
2731,,0.07777777777777778,
2732,,0.07222222222222222,
2733,,0.07777777777777778,
2734,,0.08055555555555556,
2735,,0.06944444444444445,
2736,,0.07222222222222222,
2737,,0.075,
2738,,0.075,
2739,,0.075,
2740,,0.06388888888888888,
2741,,0.07222222222222222,
2742,,0.07222222222222222,
2743,,0.06666666666666667,
2744,,0.07777777777777778,
2745,,0.075,
2746,,0.06944444444444445,
2747,,0.07222222222222222,
2748,,0.06944444444444445,
2749,,0.06666666666666667,
2750,,0.06666666666666667,
2751,,0.06666666666666667,
2752,,0.075,
2753,,0.06944444444444445,
2754,,0.08611111111111111,
2755,,0.06944444444444445,
2756,,0.075,
2757,,0.075,
2758,,0.08055555555555556,
2759,,0.07777777777777778,
2760,,0.08333333333333333,
2761,,0.06944444444444445,
2762,,0.075,
2763,,0.08055555555555556,
2764,,0.07777777777777778,
2765,,0.075,
2766,,0.08055555555555556,
2767,,0.08055555555555556,
2768,,0.07222222222222222,
2769,,0.07777777777777778,
2770,,0.08055555555555556,
2771,,0.06388888888888888,
2772,,0.08055555555555556,
2773,,0.08055555555555556,
2774,,0.08333333333333333,
2775,,0.075,
2776,,0.07222222222222222,
2777,,0.07777777777777778,
2778,,0.08333333333333333,
2779,,0.08611111111111111,
2780,,0.07777777777777778,
2781,,0.08333333333333333,
2782,,0.09166666666666666,
2783,,0.08333333333333333,
2784,,0.08333333333333333,
2785,,0.07777777777777778,
2786,,0.07777777777777778,
2787,,0.07222222222222222,
2788,,0.07777777777777778,
2789,,0.07777777777777778,
2790,,0.075,
2791,,0.07777777777777778,
2792,,0.08055555555555556,
2793,,0.08333333333333333,
2794,,0.08333333333333333,
2795,,0.08055555555555556,
2796,,0.08333333333333333,
2797,,0.075,
2798,,0.08055555555555556,
2799,,0.07777777777777778,
2800,,0.08055555555555556,
2801,,0.08333333333333333,
2802,,0.09166666666666666,
2803,,0.08333333333333333,
2804,,0.08888888888888889,
2805,,0.09444444444444444,
2806,,0.09166666666666666,
2807,,0.09722222222222222,
2808,,0.09722222222222222,
2809,,0.09444444444444444,
2810,,0.11666666666666667,
2811,,0.10277777777777777,
2812,,0.10277777777777777,
2813,,0.09722222222222222,
2814,,0.1,
2815,,0.09722222222222222,
2816,,0.08333333333333333,
2817,,0.09166666666666666,
2818,,0.09166666666666666,
2819,,0.08611111111111111,
2820,,0.07777777777777778,
2821,,0.08055555555555556,
2822,,0.09166666666666666,
2823,,0.09444444444444444,
2824,,0.08333333333333333,
2825,,0.08333333333333333,
2826,,0.044444444444444446,
2827,,0.058333333333333334,
2828,,0.041666666666666664,
2829,,0.07222222222222222,
2830,,0.07777777777777778,
2831,,0.016666666666666666,
2832,,0.06388888888888888,
2833,,0.05277777777777778,
2834,,0.07222222222222222,
2835,,0.06666666666666667,
2836,,0.04722222222222222,
2837,,0.04722222222222222,
2838,,0.06666666666666667,
2839,,0.05277777777777778,
2840,,0.022222222222222223,
2841,,0.06388888888888888,
2842,,0.044444444444444446,
2843,,0.03888888888888889,
2844,,0.016666666666666666,
2845,,0.030555555555555555,
2846,,0.022222222222222223,
2847,,0.04722222222222222,
2848,,0.04722222222222222,
2849,,0.05,
2850,,0.06111111111111111,
2851,,0.05555555555555555,
2852,,0.06944444444444445,
2853,,0.08055555555555556,
2854,,0.08333333333333333,
2855,,0.03611111111111111,
2856,,0.03888888888888889,
2857,,0.03611111111111111,
2858,,0.022222222222222223,
2859,,0.03333333333333333,
2860,,0.05,
2861,,0.030555555555555555,
2862,,0.027777777777777776,
2863,,0.016666666666666666,
2864,,0.03333333333333333,
2865,,0.022222222222222223,
2866,,0.027777777777777776,
2867,,0.03888888888888889,
2868,,0.005555555555555556,
2869,,0.04722222222222222,
2870,,0.05555555555555555,
2871,,0.05,
2872,,0.05,
2873,,0.041666666666666664,
2874,,0.016666666666666666,
2875,,0.05555555555555555,
2876,,0.03888888888888889,
2877,,0.008333333333333333,
2878,,0.03611111111111111,
2879,,0.022222222222222223,
2880,,0.016666666666666666,
2881,,0.03333333333333333,
2882,,0.022222222222222223,
2883,,0.025,
2884,,0.022222222222222223,
2885,,0.013888888888888888,
2886,,0.025,
2887,,0.03888888888888889,
2888,,0.013888888888888888,
2889,,0.03611111111111111,
2890,,0.041666666666666664,
2891,,0.011111111111111112,
2892,,0.058333333333333334,
2893,,0.03611111111111111,
2894,,0.027777777777777776,
2895,,0.044444444444444446,
2896,,0.019444444444444445,
2897,,0.03611111111111111,
2898,,0.03333333333333333,
2899,,0.011111111111111112,
2900,,0.027777777777777776,
2901,,0.05,
2902,,0.016666666666666666,
2903,,0.03888888888888889,
2904,,0.05,
2905,,0.022222222222222223,
2906,,0.022222222222222223,
2907,,0.025,
2908,,0.025,
2909,,0.016666666666666666,
2910,,0.03611111111111111,
2911,,0.016666666666666666,
2912,,0.03888888888888889,
2913,,0.030555555555555555,
2914,,0.03333333333333333,
2915,,0.016666666666666666,
2916,,0.041666666666666664,
2917,,0.030555555555555555,
2918,,0.05277777777777778,
2919,,0.025,
2920,,0.022222222222222223,
2921,,0.030555555555555555,
2922,,0.041666666666666664,
2923,,0.022222222222222223,
2924,,0.025,
2925,,0.03888888888888889,
2926,,0.027777777777777776,
2927,,0.013888888888888888,
2928,,0.03333333333333333,
2929,,0.025,
2930,,0.025,
2931,,0.03333333333333333,
2932,,0.027777777777777776,
2933,,0.019444444444444445,
2934,,0.05,
2935,,0.027777777777777776,
2936,,0.016666666666666666,
2937,,0.044444444444444446,
2938,,0.016666666666666666,
2939,,0.005555555555555556,
2940,,0.041666666666666664,
2941,,0.016666666666666666,
2942,,0.005555555555555556,
2943,,0.016666666666666666,
2944,,0.019444444444444445,
2945,,0.002777777777777778,
2946,,0.011111111111111112,
2947,,0.019444444444444445,
2948,,0.019444444444444445,
2949,,0.013888888888888888,
2950,,0.019444444444444445,
2951,,0.019444444444444445,
2952,,0.011111111111111112,
2953,,0.016666666666666666,
2954,,0.011111111111111112,
2955,,0.013888888888888888,
2956,,0.002777777777777778,
2957,,0.016666666666666666,
2958,,0.011111111111111112,
2959,,0.011111111111111112,
2960,,0.016666666666666666,
2961,,0.016666666666666666,
2962,,0.008333333333333333,
2963,,0.016666666666666666,
2964,,0.019444444444444445,
2965,,0.011111111111111112,
2966,,0.019444444444444445,
2967,,0.03333333333333333,
2968,,0.008333333333333333,
2969,,0.011111111111111112,
2970,,0.025,
2971,,0.019444444444444445,
2972,,0.005555555555555556,
2973,,0.016666666666666666,
2974,,0.011111111111111112,
2975,,0.016666666666666666,
2976,,0.005555555555555556,
2977,,0.013888888888888888,
2978,,0.013888888888888888,
2979,,0.008333333333333333,
2980,,0.005555555555555556,
2981,,0.008333333333333333,
2982,,0.016666666666666666,
2983,,0.002777777777777778,
2984,,0.013888888888888888,
2985,,0.011111111111111112,
2986,,0.016666666666666666,
2987,,0.008333333333333333,
2988,,0.011111111111111112,
2989,,0.019444444444444445,
2990,,0.022222222222222223,
2991,,0.002777777777777778,
2992,,0.030555555555555555,
2993,,0.030555555555555555,
2994,,0.022222222222222223,
2995,,0.002777777777777778,
2996,,0.016666666666666666,
2997,,0.022222222222222223,
2998,,0.016666666666666666,
2999,,0.002777777777777778,
3000,,0.002777777777777778,
3001,,0.011111111111111112,
3002,,0.005555555555555556,
3003,,0.011111111111111112,
3004,,0.013888888888888888,
3005,,0.005555555555555556,
3006,,0.005555555555555556,
3007,,0.008333333333333333,
3008,,0.005555555555555556,
3009,,0.008333333333333333,
3010,,0.005555555555555556,
3011,,0.002777777777777778,
3012,,0.005555555555555556,
3013,,0.005555555555555556,
3014,,0.016666666666666666,
3015,,0.011111111111111112,
3016,,0.008333333333333333,
3017,,0.016666666666666666,
3018,,0.013888888888888888,
3019,,0.005555555555555556,
3020,,0.005555555555555556,
3021,,0.008333333333333333,
3022,,0.013888888888888888,
3023,,0.011111111111111112,
3024,,0.008333333333333333,
3025,,0.008333333333333333,
3026,,0.013888888888888888,
3027,,0.013888888888888888,
3028,,0.027777777777777776,
3029,,0.03611111111111111,
3030,,0.044444444444444446,
3031,,0.058333333333333334,
3032,,0.07222222222222222,
3033,,0.08611111111111111,
3034,,0.08333333333333333,
3035,,0.08611111111111111,
3036,,0.08333333333333333,
3037,,0.08055555555555556,
3038,,0.08333333333333333,
3039,,0.08055555555555556,
3040,,0.08055555555555556,
3041,,0.08055555555555556,
3042,,0.08333333333333333,
3043,,0.08333333333333333,
3044,,0.08888888888888889,
3045,,0.08055555555555556,
3046,,0.08333333333333333,
3047,,0.08888888888888889,
3048,,0.08888888888888889,
3049,,0.08888888888888889,
3050,,0.08611111111111111,
3051,,0.08611111111111111,
3052,,0.08888888888888889,
3053,,0.08611111111111111,
3054,,0.08888888888888889,
3055,,0.08888888888888889,
3056,,0.08333333333333333,
3057,,0.08333333333333333,
3058,,0.08888888888888889,
3059,,0.08888888888888889,
3060,,0.08611111111111111,
3061,,0.09166666666666666,
3062,,0.08611111111111111,
3063,,0.08333333333333333,
3064,,0.08611111111111111,
3065,,0.08333333333333333,
3066,,0.08888888888888889,
3067,,0.08611111111111111,
3068,,0.08611111111111111,
3069,,0.08611111111111111,
3070,,0.08611111111111111,
3071,,0.08611111111111111,
3072,,0.08333333333333333,
3073,,0.08611111111111111,
3074,,0.08611111111111111,
3075,,0.08611111111111111,
3076,,0.08611111111111111,
3077,,0.08611111111111111,
3078,,0.08611111111111111,
3079,,0.08611111111111111,
3080,,0.08611111111111111,
3081,,0.08888888888888889,
3082,,0.08888888888888889,
3083,,0.08611111111111111,
3084,,0.08611111111111111,
3085,,0.08611111111111111,
3086,,0.08888888888888889,
3087,,0.08611111111111111,
3088,,0.08611111111111111,
3089,,0.08611111111111111,
3090,,0.08611111111111111,
3091,,0.08611111111111111,
3092,,0.08611111111111111,
3093,,0.08611111111111111,
3094,,0.08611111111111111,
3095,,0.08611111111111111,
3096,,0.08333333333333333,
3097,,0.08333333333333333,
3098,,0.08888888888888889,
3099,,0.09722222222222222,
3100,,0.08611111111111111,
3101,,0.08888888888888889,
3102,,0.08611111111111111,
3103,,0.08611111111111111,
3104,,0.08888888888888889,
3105,,0.08888888888888889,
3106,,0.08888888888888889,
3107,,0.08611111111111111,
3108,,0.08888888888888889,
3109,,0.08888888888888889,
3110,,0.08888888888888889,
3111,,0.08333333333333333,
3112,,0.09166666666666666,
3113,,0.08611111111111111,
3114,,0.09444444444444444,
3115,,0.09166666666666666,
3116,,0.08611111111111111,
3117,,0.08888888888888889,
3118,,0.08611111111111111,
3119,,0.08611111111111111,
3120,,0.08611111111111111,
3121,,0.08611111111111111,
3122,,0.09166666666666666,
3123,,0.08611111111111111,
3124,,0.08888888888888889,
3125,,0.08333333333333333,
3126,,0.08888888888888889,
3127,,0.08888888888888889,
3128,,0.09722222222222222,
3129,,0.08611111111111111,
3130,,0.09444444444444444,
3131,,0.09444444444444444,
3132,,0.09444444444444444,
3133,,0.09722222222222222,
3134,,0.1,
3135,,0.08888888888888889,
3136,,0.08611111111111111,
3137,,0.08888888888888889,
3138,,0.09166666666666666,
3139,,0.10277777777777777,
3140,,0.1,
3141,,0.09444444444444444,
3142,,0.09722222222222222,
3143,,0.09444444444444444,
3144,,0.08888888888888889,
3145,,0.09444444444444444,
3146,,0.1,
3147,,0.10833333333333334,
3148,,0.09722222222222222,
3149,,0.10833333333333334,
3150,,0.10833333333333334,
3151,,0.10833333333333334,
3152,,0.1111111111111111,
3153,,0.11388888888888889,
3154,,0.1111111111111111,
3155,,0.11388888888888889,
3156,,0.12222222222222222,
3157,,0.12777777777777777,
3158,,0.13055555555555556,
3159,,0.14166666666666666,
3160,,0.14166666666666666,
3161,,0.1388888888888889,
3162,,0.14444444444444443,
3163,,0.1527777777777778,
3164,,0.15,
3165,,0.15,
3166,,0.14444444444444443,
3167,,0.14166666666666666,
3168,,0.15,
3169,,0.15,
3170,,0.1361111111111111,
3171,,0.1388888888888889,
3172,,0.125,
3173,,0.13055555555555556,
3174,,0.125,
3175,,0.1,
3176,,0.11666666666666667,
3177,,0.10833333333333334,
3178,,0.1,
3179,,0.10555555555555556,
3180,,0.1,
3181,,0.1,
3182,,0.08888888888888889,
3183,,0.08888888888888889,
3184,,0.09166666666666666,
3185,,0.08888888888888889,
3186,,0.08888888888888889,
3187,,0.08611111111111111,
3188,,0.09444444444444444,
3189,,0.08888888888888889,
3190,,0.08333333333333333,
3191,,0.08333333333333333,
3192,,0.08055555555555556,
3193,,0.08611111111111111,
3194,,0.08333333333333333,
3195,,0.08611111111111111,
3196,,0.08333333333333333,
3197,,0.08055555555555556,
3198,,0.08333333333333333,
3199,,0.08055555555555556,
3200,,0.08333333333333333,
3201,,0.08055555555555556,
3202,,0.08333333333333333,
3203,,0.08611111111111111,
3204,,0.08333333333333333,
3205,,0.08333333333333333,
3206,,0.08055555555555556,
3207,,0.08611111111111111,
3208,,0.08333333333333333,
3209,,0.08055555555555556,
3210,,0.08055555555555556,
3211,,0.08055555555555556,
3212,,0.08055555555555556,
3213,,0.08055555555555556,
3214,,0.08611111111111111,
3215,,0.07777777777777778,
3216,,0.08333333333333333,
3217,,0.08055555555555556,
3218,,0.08055555555555556,
3219,,0.08055555555555556,
3220,,0.08055555555555556,
3221,,0.08333333333333333,
3222,,0.08055555555555556,
3223,,0.07777777777777778,
3224,,0.08333333333333333,
3225,,0.08055555555555556,
3226,,0.08333333333333333,
3227,,0.08333333333333333,
3228,,0.08055555555555556,
3229,,0.08888888888888889,
3230,,0.08055555555555556,
3231,,0.08611111111111111,
3232,,0.08055555555555556,
3233,,0.08055555555555556,
3234,,0.07777777777777778,
3235,,0.08333333333333333,
3236,,0.08333333333333333,
3237,,0.08055555555555556,
3238,,0.08055555555555556,
3239,,0.07777777777777778,
3240,,0.08055555555555556,
3241,,0.08055555555555556,
3242,,0.08055555555555556,
3243,,0.08055555555555556,
3244,,0.08055555555555556,
3245,,0.08055555555555556,
3246,,0.07777777777777778,
3247,,0.08055555555555556,
3248,,0.08333333333333333,
3249,,0.08055555555555556,
3250,,0.08333333333333333,
3251,,0.08611111111111111,
3252,,0.08333333333333333,
3253,,0.08055555555555556,
3254,,0.08055555555555556,
3255,,0.07777777777777778,
3256,,0.08055555555555556,
3257,,0.07777777777777778,
3258,,0.08055555555555556,
3259,,0.07777777777777778,
3260,,0.08055555555555556,
3261,,0.08055555555555556,
3262,,0.07777777777777778,
3263,,0.08055555555555556,
3264,,0.075,
3265,,0.08055555555555556,
3266,,0.08055555555555556,
3267,,0.08333333333333333,
3268,,0.07777777777777778,
3269,,0.08333333333333333,
3270,,0.07777777777777778,
3271,,0.07777777777777778,
3272,,0.08055555555555556,
3273,,0.08333333333333333,
3274,,0.07777777777777778,
3275,,0.07777777777777778,
3276,,0.07777777777777778,
3277,,0.07777777777777778,
3278,,0.07777777777777778,
3279,,0.07777777777777778,
3280,,0.08055555555555556,
3281,,0.08888888888888889,
3282,,0.08055555555555556,
3283,,0.08333333333333333,
3284,,0.08333333333333333,
3285,,0.08611111111111111,
3286,,0.08333333333333333,
3287,,0.075,
3288,,0.08055555555555556,
3289,,0.08611111111111111,
3290,,0.08055555555555556,
3291,,0.08055555555555556,
3292,,0.08055555555555556,
3293,,0.08055555555555556,
3294,,0.08333333333333333,
3295,,0.07777777777777778,
3296,,0.07777777777777778,
3297,,0.07777777777777778,
3298,,0.07777777777777778,
3299,,0.075,
3300,,0.08055555555555556,
3301,,0.08055555555555556,
3302,,0.07777777777777778,
3303,,0.08333333333333333,
3304,,0.08055555555555556,
3305,,0.07777777777777778,
3306,,0.075,
3307,,0.07222222222222222,
3308,,0.075,
3309,,0.07777777777777778,
3310,,0.07777777777777778,
3311,,0.075,
3312,,0.075,
3313,,0.07777777777777778,
3314,,0.07777777777777778,
3315,,0.075,
3316,,0.075,
3317,,0.07777777777777778,
3318,,0.07777777777777778,
3319,,0.075,
3320,,0.07777777777777778,
3321,,0.075,
3322,,0.08333333333333333,
3323,,0.07777777777777778,
3324,,0.075,
3325,,0.07777777777777778,
3326,,0.075,
3327,,0.07777777777777778,
3328,,0.07777777777777778,
3329,,0.07777777777777778,
3330,,0.07777777777777778,
3331,,0.07777777777777778,
3332,,0.08888888888888889,
3333,,0.08333333333333333,
3334,,0.07777777777777778,
3335,,0.08611111111111111,
3336,,0.07777777777777778,
3337,,0.03888888888888889,
3338,,0.05277777777777778,
3339,,0.058333333333333334,
3340,,0.013888888888888888,
3341,,0.03888888888888889,
3342,,0.05,
3343,,0.002777777777777778,
3344,,0.06111111111111111,
3345,,0.05555555555555555,
3346,,0.04722222222222222,
3347,,0.07222222222222222,
3348,,0.06666666666666667,
3349,,0.04722222222222222,
3350,,0.07777777777777778,
3351,,0.08055555555555556,
3352,,0.07777777777777778,
3353,,0.06111111111111111,
3354,,0.07777777777777778,
3355,,0.07777777777777778,
3356,,0.07777777777777778,
3357,,0.07777777777777778,
3358,,0.08333333333333333,
3359,,0.07777777777777778,
3360,,0.08333333333333333,
3361,,0.08333333333333333,
3362,,0.08611111111111111,
3363,,0.07777777777777778,
3364,,0.075,
3365,,0.041666666666666664,
3366,,0.06388888888888888,
3367,,0.08333333333333333,
3368,,0.05277777777777778,
3369,,0.03611111111111111,
3370,,0.075,
3371,,0.07777777777777778,
3372,,0.027777777777777776,
3373,,0.08055555555555556,
3374,,0.075,
3375,,0.07777777777777778,
3376,,0.07222222222222222,
3377,,0.07777777777777778,
3378,,0.08055555555555556,
3379,,0.08055555555555556,
3380,,0.07777777777777778,
3381,,0.08055555555555556,
3382,,0.08333333333333333,
3383,,0.08888888888888889,
3384,,0.06111111111111111,
3385,,0.04722222222222222,
3386,,0.07777777777777778,
3387,,0.06944444444444445,
3388,,0.025,
3389,,0.08333333333333333,
3390,,0.075,
3391,,0.075,
3392,,0.08055555555555556,
3393,,0.08055555555555556,
3394,,0.07777777777777778,
3395,,0.08333333333333333,
3396,,0.09444444444444444,
3397,,0.016666666666666666,
3398,,0.06666666666666667,
3399,,0.05555555555555555,
3400,,0.019444444444444445,
3401,,0.07222222222222222,
3402,,0.05555555555555555,
3403,,0.025,
3404,,0.06666666666666667,
3405,,0.025,
3406,,0.058333333333333334,
3407,,0.06666666666666667,
3408,,0.027777777777777776,
3409,,0.06666666666666667,
3410,,0.07222222222222222,
3411,,0.05277777777777778,
3412,,0.08333333333333333,
3413,,0.07777777777777778,
3414,,0.07222222222222222,
3415,,0.075,
3416,,0.027777777777777776,
3417,,0.06944444444444445,
3418,,0.07777777777777778,
3419,,0.09166666666666666,
3420,,0.075,
3421,,0.07777777777777778,
3422,,0.07777777777777778,
3423,,0.07777777777777778,
3424,,0.09166666666666666,
3425,,0.075,
3426,,0.07222222222222222,
3427,,0.06944444444444445,
3428,,0.075,
3429,,0.07777777777777778,
3430,,0.07777777777777778,
3431,,0.08333333333333333,
3432,,0.07222222222222222,
3433,,0.06111111111111111,
3434,,0.08055555555555556,
3435,,0.07777777777777778,
3436,,0.08333333333333333,
3437,,0.07777777777777778,
3438,,0.07777777777777778,
3439,,0.08055555555555556,
3440,,0.075,
3441,,0.07777777777777778,
3442,,0.07777777777777778,
3443,,0.07777777777777778,
3444,,0.08611111111111111,
3445,,0.07777777777777778,
3446,,0.08055555555555556,
3447,,0.05,
3448,,0.011111111111111112,
3449,,0.03888888888888889,
3450,,0.058333333333333334,
3451,,0.022222222222222223,
3452,,0.04722222222222222,
3453,,0.06388888888888888,
3454,,0.022222222222222223,
3455,,0.044444444444444446,
3456,,0.06944444444444445,
3457,,0.022222222222222223,
3458,,0.06111111111111111,
3459,,0.06666666666666667,
3460,,0.044444444444444446,
3461,,0.07222222222222222,
3462,,0.041666666666666664,
3463,,0.06944444444444445,
3464,,0.06388888888888888,
3465,,0.013888888888888888,
3466,,0.07777777777777778,
3467,,0.05,
3468,,0.03611111111111111,
3469,,0.06944444444444445,
3470,,0.05277777777777778,
3471,,0.05,
3472,,0.07777777777777778,
3473,,0.06388888888888888,
3474,,0.03333333333333333,
3475,,0.06666666666666667,
3476,,0.07777777777777778,
3477,,0.058333333333333334,
3478,,0.07777777777777778,
3479,,0.075,
3480,,0.08055555555555556,
3481,,0.06666666666666667,
3482,,0.075,
3483,,0.08055555555555556,
3484,,0.075,
3485,,0.08055555555555556,
3486,,0.075,
3487,,0.08055555555555556,
3488,,0.05277777777777778,
3489,,0.06388888888888888,
3490,,0.07222222222222222,
3491,,0.07777777777777778,
3492,,0.06388888888888888,
3493,,0.06944444444444445,
3494,,0.06388888888888888,
3495,,0.08055555555555556,
3496,,0.058333333333333334,
3497,,0.08055555555555556,
3498,,0.08055555555555556,
3499,,0.08055555555555556,
3500,,0.041666666666666664,
3501,,0.08888888888888889,
3502,,0.07777777777777778,
3503,,0.06111111111111111,
3504,,0.08055555555555556,
3505,,0.06944444444444445,
3506,,0.07777777777777778,
3507,,0.016666666666666666,
3508,,0.06388888888888888,
3509,,0.08055555555555556,
3510,,0.07777777777777778,
3511,,0.03611111111111111,
3512,,0.06944444444444445,
3513,,0.07777777777777778,
3514,,0.06388888888888888,
3515,,0.058333333333333334,
3516,,0.06944444444444445,
3517,,0.07777777777777778,
3518,,0.05555555555555555,
3519,,0.058333333333333334,
3520,,0.07777777777777778,
3521,,0.07777777777777778,
3522,,0.07777777777777778,
3523,,0.07777777777777778,
3524,,0.075,
3525,,0.08055555555555556,
3526,,0.07777777777777778,
3527,,0.07777777777777778,
3528,,0.06944444444444445,
3529,,0.07777777777777778,
3530,,0.08055555555555556,
3531,,0.075,
3532,,0.07222222222222222,
3533,,0.06944444444444445,
3534,,0.058333333333333334,
3535,,0.06666666666666667,
3536,,0.06944444444444445,
3537,,0.06111111111111111,
3538,,0.044444444444444446,
3539,,0.06111111111111111,
3540,,0.06666666666666667,
3541,,0.044444444444444446,
3542,,0.058333333333333334,
3543,,0.06388888888888888,
3544,,0.06388888888888888,
3545,,0.019444444444444445,
3546,,0.03888888888888889,
3547,,0.06666666666666667,
3548,,0.03888888888888889,
3549,,0.025,
3550,,0.05555555555555555,
3551,,0.07222222222222222,
3552,,0.05,
3553,,0.03611111111111111,
3554,,0.08055555555555556,
3555,,0.03611111111111111,
3556,,0.04722222222222222,
3557,,0.03611111111111111,
3558,,0.05555555555555555,
3559,,0.058333333333333334,
3560,,0.07222222222222222,
3561,,0.08611111111111111,
3562,,0.08055555555555556,
3563,,0.08055555555555556,
3564,,0.07777777777777778,
3565,,0.08333333333333333,
3566,,0.08333333333333333,
3567,,0.08611111111111111,
3568,,0.08611111111111111,
3569,,0.08888888888888889,
3570,,0.08611111111111111,
3571,,0.08611111111111111,
3572,,0.08333333333333333,
3573,,0.08611111111111111,
3574,,0.08888888888888889,
3575,,0.08888888888888889,
3576,,0.09166666666666666,
3577,,0.08611111111111111,
3578,,0.08611111111111111,
3579,,0.08611111111111111,
3580,,0.08888888888888889,
3581,,0.08611111111111111,
3582,,0.08611111111111111,
3583,,0.08888888888888889,
3584,,0.08333333333333333,
3585,,0.08888888888888889,
3586,,0.09444444444444444,
3587,,0.08333333333333333,
3588,,0.08611111111111111,
3589,,0.09444444444444444,
3590,,0.08888888888888889,
3591,,0.08611111111111111,
3592,,0.09444444444444444,
3593,,0.08611111111111111,
3594,,0.08888888888888889,
3595,,0.09166666666666666,
3596,,0.08888888888888889,
3597,,0.08611111111111111,
3598,,0.09166666666666666,
3599,,0.08611111111111111,
3600,,0.08888888888888889,
3601,,0.09166666666666666,
3602,,0.08611111111111111,
3603,,0.08888888888888889,
3604,,0.08611111111111111,
3605,,0.08888888888888889,
3606,,0.09166666666666666,
3607,,0.08611111111111111,
3608,,0.08611111111111111,
3609,,0.08888888888888889,
3610,,0.08611111111111111,
3611,,0.08333333333333333,
3612,,0.08611111111111111,
3613,,0.08611111111111111,
3614,,0.08611111111111111,
3615,,0.08333333333333333,
3616,,0.08888888888888889,
3617,,0.08611111111111111,
3618,,0.08888888888888889,
3619,,0.08888888888888889,
3620,,0.08611111111111111,
3621,,0.08888888888888889,
3622,,0.09444444444444444,
3623,,0.08611111111111111,
3624,,0.08611111111111111,
3625,,0.08888888888888889,
3626,,0.08333333333333333,
3627,,0.08888888888888889,
3628,,0.08611111111111111,
3629,,0.08333333333333333,
3630,,0.08611111111111111,
3631,,0.08611111111111111,
3632,,0.08611111111111111,
3633,,0.08611111111111111,
3634,,0.08611111111111111,
3635,,0.08611111111111111,
3636,,0.09166666666666666,
3637,,0.08888888888888889,
3638,,0.08888888888888889,
3639,,0.08611111111111111,
3640,,0.09166666666666666,
3641,,0.08611111111111111,
3642,,0.08888888888888889,
3643,,0.08611111111111111,
3644,,0.08333333333333333,
3645,,0.08611111111111111,
3646,,0.08333333333333333,
3647,,0.08888888888888889,
3648,,0.08333333333333333,
3649,,0.08611111111111111,
3650,,0.08333333333333333,
3651,,0.08888888888888889,
3652,,0.08611111111111111,
3653,,0.08888888888888889,
3654,,0.08333333333333333,
3655,,0.08888888888888889,
3656,,0.08888888888888889,
3657,,0.08333333333333333,
3658,,0.08611111111111111,
3659,,0.08611111111111111,
3660,,0.08611111111111111,
3661,,0.08888888888888889,
3662,,0.08888888888888889,
3663,,0.08611111111111111,
3664,,0.08888888888888889,
3665,,0.09166666666666666,
3666,,0.08333333333333333,
3667,,0.08611111111111111,
3668,,0.08888888888888889,
3669,,0.08611111111111111,
3670,,0.08888888888888889,
3671,,0.08333333333333333,
3672,,0.08888888888888889,
3673,,0.08888888888888889,
3674,,0.08611111111111111,
3675,,0.08611111111111111,
3676,,0.08611111111111111,
3677,,0.08888888888888889,
3678,,0.08333333333333333,
3679,,0.08333333333333333,
3680,,0.08611111111111111,
3681,,0.08611111111111111,
3682,,0.08611111111111111,
3683,,0.08611111111111111,
3684,,0.08333333333333333,
3685,,0.08888888888888889,
3686,,0.08611111111111111,
3687,,0.08888888888888889,
3688,,0.08611111111111111,
3689,,0.08611111111111111,
3690,,0.08888888888888889,
3691,,0.08611111111111111,
3692,,0.08333333333333333,
3693,,0.08333333333333333,
3694,,0.08333333333333333,
3695,,0.08333333333333333,
3696,,0.08333333333333333,
3697,,0.08888888888888889,
3698,,0.08611111111111111,
3699,,0.08611111111111111,
3700,,0.08611111111111111,
3701,,0.08333333333333333,
3702,,0.08888888888888889,
3703,,0.08888888888888889,
3704,,0.08333333333333333,
3705,,0.08333333333333333,
3706,,0.09166666666666666,
3707,,0.08333333333333333,
3708,,0.08333333333333333,
3709,,0.08333333333333333,
3710,,0.08333333333333333,
3711,,0.08333333333333333,
3712,,0.08333333333333333,
3713,,0.08611111111111111,
3714,,0.08333333333333333,
3715,,0.08611111111111111,
3716,,0.08055555555555556,
3717,,0.08333333333333333,
3718,,0.08611111111111111,
3719,,0.08333333333333333,
3720,,0.08333333333333333,
3721,,0.08333333333333333,
3722,,0.08611111111111111,
3723,,0.08055555555555556,
3724,,0.08055555555555556,
3725,,0.08333333333333333,
3726,,0.08055555555555556,
3727,,0.07777777777777778,
3728,,0.08333333333333333,
3729,,0.08333333333333333,
3730,,0.08333333333333333,
3731,,0.08055555555555556,
3732,,0.08055555555555556,
3733,,0.08055555555555556,
3734,,0.08055555555555556,
3735,,0.08055555555555556,
3736,,0.08055555555555556,
3737,,0.08055555555555556,
3738,,0.08055555555555556,
3739,,0.08055555555555556,
3740,,0.08055555555555556,
3741,,0.07777777777777778,
3742,,0.08055555555555556,
3743,,0.08055555555555556,
3744,,0.08055555555555556,
3745,,0.08333333333333333,
3746,,0.08055555555555556,
3747,,0.08055555555555556,
3748,,0.07777777777777778,
3749,,0.08055555555555556,
3750,,0.08888888888888889,
3751,,0.07777777777777778,
3752,,0.08055555555555556,
3753,,0.08333333333333333,
3754,,0.08055555555555556,
3755,,0.07777777777777778,
3756,,0.08055555555555556,
3757,,0.08055555555555556,
3758,,0.08055555555555556,
3759,,0.09444444444444444,
3760,,0.08055555555555556,
3761,,0.08055555555555556,
3762,,0.07777777777777778,
3763,,0.08055555555555556,
3764,,0.08055555555555556,
3765,,0.08055555555555556,
3766,,0.08333333333333333,
3767,,0.08055555555555556,
3768,,0.08333333333333333,
3769,,0.07777777777777778,
3770,,0.08333333333333333,
3771,,0.08055555555555556,
3772,,0.08055555555555556,
3773,,0.08333333333333333,
3774,,0.08333333333333333,
3775,,0.08333333333333333,
3776,,0.08055555555555556,
3777,,0.08611111111111111,
3778,,0.08055555555555556,
3779,,0.08055555555555556,
3780,,0.08055555555555556,
3781,,0.08055555555555556,
3782,,0.08055555555555556,
3783,,0.08333333333333333,
3784,,0.08611111111111111,
3785,,0.075,
3786,,0.08333333333333333,
3787,,0.08055555555555556,
3788,,0.08333333333333333,
3789,,0.08333333333333333,
3790,,0.08611111111111111,
3791,,0.08333333333333333,
3792,,0.08333333333333333,
3793,,0.08611111111111111,
3794,,0.08888888888888889,
3795,,0.09444444444444444,
3796,,0.08611111111111111,
3797,,0.08333333333333333,
3798,,0.08611111111111111,
3799,,0.08611111111111111,
3800,,0.08333333333333333,
3801,,0.08611111111111111,
3802,,0.08055555555555556,
3803,,0.08611111111111111,
3804,,0.08055555555555556,
3805,,0.08333333333333333,
3806,,0.08055555555555556,
3807,,0.07777777777777778,
3808,,0.08055555555555556,
3809,,0.08055555555555556,
3810,,0.07777777777777778,
3811,,0.08055555555555556,
3812,,0.08611111111111111,
3813,,0.08333333333333333,
3814,,0.08055555555555556,
3815,,0.08055555555555556,
3816,,0.08055555555555556,
3817,,0.08333333333333333,
3818,,0.08055555555555556,
3819,,0.08055555555555556,
3820,,0.075,
3821,,0.08333333333333333,
3822,,0.07777777777777778,
3823,,0.08055555555555556,
3824,,0.08333333333333333,
3825,,0.07777777777777778,
3826,,0.07777777777777778,
3827,,0.08055555555555556,
3828,,0.07777777777777778,
3829,,0.075,
3830,,0.08333333333333333,
3831,,0.08333333333333333,
3832,,0.08333333333333333,
3833,,0.08333333333333333,
3834,,0.08611111111111111,
3835,,0.08333333333333333,
3836,,0.08055555555555556,
3837,,0.07777777777777778,
3838,,0.08055555555555556,
3839,,0.07777777777777778,
3840,,0.08611111111111111,
3841,,0.08055555555555556,
3842,,0.08055555555555556,
3843,,0.07777777777777778,
3844,,0.07777777777777778,
3845,,0.09166666666666666,
3846,,0.07777777777777778,
3847,,0.08611111111111111,
3848,,0.07777777777777778,
3849,,0.075,
3850,,0.08055555555555556,
3851,,0.07777777777777778,
3852,,0.07777777777777778,
3853,,0.08333333333333333,
3854,,0.07777777777777778,
3855,,0.07777777777777778,
3856,,0.08333333333333333,
3857,,0.08611111111111111,
3858,,0.08611111111111111,
3859,,0.08611111111111111,
3860,,0.08333333333333333,
3861,,0.08333333333333333,
3862,,0.09166666666666666,
3863,,0.08333333333333333,
3864,,0.09166666666666666,
3865,,0.08333333333333333,
3866,,0.08055555555555556,
3867,,0.09722222222222222,
3868,,0.09166666666666666,
3869,,0.09166666666666666,
3870,,0.08888888888888889,
3871,,0.08611111111111111,
3872,,0.08333333333333333,
3873,,0.08888888888888889,
3874,,0.08333333333333333,
3875,,0.07777777777777778,
3876,,0.08888888888888889,
3877,,0.09166666666666666,
3878,,0.08888888888888889,
3879,,0.08888888888888889,
3880,,0.08611111111111111,
3881,,0.08055555555555556,
3882,,0.08611111111111111,
3883,,0.09444444444444444,
3884,,0.08333333333333333,
3885,,0.08611111111111111,
3886,,0.08333333333333333,
3887,,0.08333333333333333,
3888,,0.08333333333333333,
3889,,0.1,
3890,,0.08888888888888889,
3891,,0.09444444444444444,
3892,,0.08611111111111111,
3893,,0.09166666666666666,
3894,,0.05,
3895,,0.05555555555555555,
3896,,0.08888888888888889,
3897,,0.058333333333333334,
3898,,0.08888888888888889,
3899,,0.08611111111111111,
3900,,0.08055555555555556,
3901,,0.08888888888888889,
3902,,0.041666666666666664,
3903,,0.09166666666666666,
3904,,0.08333333333333333,
3905,,0.07777777777777778,
3906,,0.06111111111111111,
3907,,0.08333333333333333,
3908,,0.09166666666666666,
3909,,0.10277777777777777,
3910,,0.08333333333333333,
3911,,0.08611111111111111,
3912,,0.08333333333333333,
3913,,0.08611111111111111,
3914,,0.08611111111111111,
3915,,0.08055555555555556,
3916,,0.08333333333333333,
3917,,0.08888888888888889,
3918,,0.08611111111111111,
3919,,0.09444444444444444,
3920,,0.09166666666666666,
3921,,0.1,
3922,,0.10277777777777777,
3923,,0.08888888888888889,
3924,,0.013888888888888888,
3925,,0.08333333333333333,
3926,,0.075,
3927,,0.016666666666666666,
3928,,0.06111111111111111,
3929,,0.08333333333333333,
3930,,0.041666666666666664,
3931,,0.058333333333333334,
3932,,0.075,
3933,,0.03333333333333333,
3934,,0.08055555555555556,
3935,,0.06944444444444445,
3936,,0.022222222222222223,
3937,,0.08333333333333333,
3938,,0.06111111111111111,
3939,,0.03611111111111111,
3940,,0.08333333333333333,
3941,,0.08888888888888889,
3942,,0.05555555555555555,
3943,,0.030555555555555555,
3944,,0.058333333333333334,
3945,,0.022222222222222223,
3946,,0.03333333333333333,
3947,,0.044444444444444446,
3948,,0.025,
3949,,0.03611111111111111,
3950,,0.06388888888888888,
3951,,0.011111111111111112,
3952,,0.041666666666666664,
3953,,0.058333333333333334,
3954,,0.019444444444444445,
3955,,0.06111111111111111,
3956,,0.06944444444444445,
3957,,0.019444444444444445,
3958,,0.08333333333333333,
3959,,0.06111111111111111,
3960,,0.027777777777777776,
3961,,0.06944444444444445,
3962,,0.06388888888888888,
3963,,0.022222222222222223,
3964,,0.08055555555555556,
3965,,0.07222222222222222,
3966,,0.030555555555555555,
3967,,0.07222222222222222,
3968,,0.09722222222222222,
3969,,0.044444444444444446,
3970,,0.022222222222222223,
3971,,0.041666666666666664,
3972,,0.016666666666666666,
3973,,0.025,
3974,,0.06388888888888888,
3975,,0.05,
3976,,0.019444444444444445,
3977,,0.03888888888888889,
3978,,0.044444444444444446,
3979,,0.022222222222222223,
3980,,0.044444444444444446,
3981,,0.07222222222222222,
3982,,0.025,
3983,,0.016666666666666666,
3984,,0.06944444444444445,
3985,,0.027777777777777776,
3986,,0.013888888888888888,
3987,,0.058333333333333334,
3988,,0.06111111111111111,
3989,,0.022222222222222223,
3990,,0.06388888888888888,
3991,,0.06111111111111111,
3992,,0.022222222222222223,
3993,,0.025,
3994,,0.05,
3995,,0.027777777777777776,
3996,,0.041666666666666664,
3997,,0.05555555555555555,
3998,,0.008333333333333333,
3999,,0.04722222222222222,
4000,,0.044444444444444446,
4001,,0.019444444444444445,
4002,,0.041666666666666664,
4003,,0.06388888888888888,
4004,,0.07222222222222222,
4005,,0.044444444444444446,
4006,,0.016666666666666666,
4007,,0.030555555555555555,
4008,,0.03888888888888889,
4009,,0.016666666666666666,
4010,,0.011111111111111112,
4011,,0.03333333333333333,
4012,,0.008333333333333333,
4013,,0.011111111111111112,
4014,,0.03611111111111111,
4015,,0.011111111111111112,
4016,,0.022222222222222223,
4017,,0.03333333333333333,
4018,,0.005555555555555556,
4019,,0.016666666666666666,
4020,,0.07222222222222222,
4021,,0.016666666666666666,
4022,,0.022222222222222223,
4023,,0.06944444444444445,
4024,,0.06111111111111111,
4025,,0.013888888888888888,
4026,,0.06666666666666667,
4027,,0.05555555555555555,
4028,,0.022222222222222223,
4029,,0.030555555555555555,
4030,,0.06388888888888888,
4031,,0.022222222222222223,
4032,,0.022222222222222223,
4033,,0.07777777777777778,
4034,,0.030555555555555555,
4035,,0.03611111111111111,
4036,,0.06666666666666667,
4037,,0.03611111111111111,
4038,,0.019444444444444445,
4039,,0.06388888888888888,
4040,,0.044444444444444446,
4041,,0.016666666666666666,
4042,,0.044444444444444446,
4043,,0.075,
4044,,0.013888888888888888,
4045,,0.022222222222222223,
4046,,0.06388888888888888,
4047,,0.022222222222222223,
4048,,0.005555555555555556,
4049,,0.05,
4050,,0.05,
4051,,0.011111111111111112,
4052,,0.022222222222222223,
4053,,0.05277777777777778,
4054,,0.058333333333333334,
4055,,0.011111111111111112,
4056,,0.025,
4057,,0.05,
4058,,0.044444444444444446,
4059,,0.019444444444444445,
4060,,0.013888888888888888,
4061,,0.05555555555555555,
4062,,0.058333333333333334,
4063,,0.019444444444444445,
4064,,0.03333333333333333,
4065,,0.016666666666666666,
4066,,0.027777777777777776,
4067,,0.008333333333333333,
4068,,0.013888888888888888,
4069,,0.019444444444444445,
4070,,0.013888888888888888,
4071,,0.019444444444444445,
4072,,0.016666666666666666,
4073,,0.008333333333333333,
4074,,0.011111111111111112,
4075,,0.011111111111111112,
4076,,0.019444444444444445,
4077,,0.030555555555555555,
4078,,0.04722222222222222,
4079,,0.05277777777777778,
4080,,0.06388888888888888,
4081,,0.06944444444444445,
4082,,0.07777777777777778,
4083,,0.07222222222222222,
4084,,0.08611111111111111,
4085,,0.08888888888888889,
4086,,0.08333333333333333,
4087,,0.08888888888888889,
4088,,0.08611111111111111,
4089,,0.08611111111111111,
4090,,0.08888888888888889,
4091,,0.08888888888888889,
4092,,0.08333333333333333,
4093,,0.08611111111111111,
4094,,0.08611111111111111,
4095,,0.08888888888888889,
4096,,0.08611111111111111,
4097,,0.08333333333333333,
4098,,0.08333333333333333,
4099,,0.08055555555555556,
4100,,0.08055555555555556,
4101,,0.08055555555555556,
4102,,0.08055555555555556,
4103,,0.08055555555555556,
4104,,0.08611111111111111,
4105,,0.08055555555555556,
4106,,0.08055555555555556,
4107,,0.08333333333333333,
4108,,0.08055555555555556,
4109,,0.08611111111111111,
4110,,0.08333333333333333,
4111,,0.08055555555555556,
4112,,0.08055555555555556,
4113,,0.08611111111111111,
4114,,0.08611111111111111,
4115,,0.08611111111111111,
4116,,0.08611111111111111,
4117,,0.08055555555555556,
4118,,0.08611111111111111,
4119,,0.08333333333333333,
4120,,0.08333333333333333,
4121,,0.08888888888888889,
4122,,0.08611111111111111,
4123,,0.08888888888888889,
4124,,0.08611111111111111,
4125,,0.08333333333333333,
4126,,0.08611111111111111,
4127,,0.08333333333333333,
4128,,0.08333333333333333,
4129,,0.08333333333333333,
4130,,0.08611111111111111,
4131,,0.08611111111111111,
4132,,0.08888888888888889,
4133,,0.08611111111111111,
4134,,0.09166666666666666,
4135,,0.08888888888888889,
4136,,0.09444444444444444,
4137,,0.09444444444444444,
4138,,0.09166666666666666,
4139,,0.09444444444444444,
4140,,0.08611111111111111,
4141,,0.08611111111111111,
4142,,0.08888888888888889,
4143,,0.08888888888888889,
4144,,0.09444444444444444,
4145,,0.08333333333333333,
4146,,0.08611111111111111,
4147,,0.08611111111111111,
4148,,0.09166666666666666,
4149,,0.08611111111111111,
4150,,0.08611111111111111,
4151,,0.08611111111111111,
4152,,0.08333333333333333,
4153,,0.08611111111111111,
4154,,0.08888888888888889,
4155,,0.08888888888888889,
4156,,0.08333333333333333,
4157,,0.08888888888888889,
4158,,0.08611111111111111,
4159,,0.08333333333333333,
4160,,0.08333333333333333,
4161,,0.08611111111111111,
4162,,0.08333333333333333,
4163,,0.08333333333333333,
4164,,0.08611111111111111,
4165,,0.08611111111111111,
4166,,0.08888888888888889,
4167,,0.08611111111111111,
4168,,0.08888888888888889,
4169,,0.08611111111111111,
4170,,0.08611111111111111,
4171,,0.08333333333333333,
4172,,0.08611111111111111,
4173,,0.08611111111111111,
4174,,0.08888888888888889,
4175,,0.08611111111111111,
4176,,0.08888888888888889,
4177,,0.08611111111111111,
4178,,0.08888888888888889,
4179,,0.08611111111111111,
4180,,0.08888888888888889,
4181,,0.08888888888888889,
4182,,0.09444444444444444,
4183,,0.1,
4184,,0.08333333333333333,
4185,,0.09444444444444444,
4186,,0.10277777777777777,
4187,,0.08888888888888889,
4188,,0.08888888888888889,
4189,,0.09166666666666666,
4190,,0.08888888888888889,
4191,,0.09444444444444444,
4192,,0.09166666666666666,
4193,,0.09722222222222222,
4194,,0.09722222222222222,
4195,,0.08611111111111111,
4196,,0.09444444444444444,
4197,,0.1,
4198,,0.08611111111111111,
4199,,0.08611111111111111,
4200,,0.09166666666666666,
4201,,0.1,
4202,,0.1,
4203,,0.10833333333333334,
4204,,0.10833333333333334,
4205,,0.10833333333333334,
4206,,0.1,
4207,,0.10833333333333334,
4208,,0.10833333333333334,
4209,,0.10277777777777777,
4210,,0.10555555555555556,
4211,,0.1111111111111111,
4212,,0.12777777777777777,
4213,,0.13333333333333333,
4214,,0.14722222222222223,
4215,,0.14166666666666666,
4216,,0.15,
4217,,0.15,
4218,,0.14722222222222223,
4219,,0.14722222222222223,
4220,,0.15,
4221,,0.15,
4222,,0.15,
4223,,0.15,
4224,,0.14722222222222223,
4225,,0.13055555555555556,
4226,,0.125,
4227,,0.1361111111111111,
4228,,0.12222222222222222,
4229,,0.11388888888888889,
4230,,0.08611111111111111,
4231,,0.08611111111111111,
4232,,0.09444444444444444,
4233,,0.08333333333333333,
4234,,0.08611111111111111,
4235,,0.08611111111111111,
4236,,0.08333333333333333,
4237,,0.08888888888888889,
4238,,0.08333333333333333,
4239,,0.09166666666666666,
4240,,0.08333333333333333,
4241,,0.08333333333333333,
4242,,0.08333333333333333,
4243,,0.08055555555555556,
4244,,0.08333333333333333,
4245,,0.08888888888888889,
4246,,0.08611111111111111,
4247,,0.08333333333333333,
4248,,0.07777777777777778,
4249,,0.08055555555555556,
4250,,0.07777777777777778,
4251,,0.08055555555555556,
4252,,0.08333333333333333,
4253,,0.07777777777777778,
4254,,0.08055555555555556,
4255,,0.08055555555555556,
4256,,0.08055555555555556,
4257,,0.08055555555555556,
4258,,0.08055555555555556,
4259,,0.08055555555555556,
4260,,0.08333333333333333,
4261,,0.08055555555555556,
4262,,0.08333333333333333,
4263,,0.08055555555555556,
4264,,0.07777777777777778,
4265,,0.08055555555555556,
4266,,0.08055555555555556,
4267,,0.08055555555555556,
4268,,0.08055555555555556,
4269,,0.08055555555555556,
4270,,0.08333333333333333,
4271,,0.08333333333333333,
4272,,0.08055555555555556,
4273,,0.08333333333333333,
4274,,0.08055555555555556,
4275,,0.08333333333333333,
4276,,0.08333333333333333,
4277,,0.08055555555555556,
4278,,0.08611111111111111,
4279,,0.08055555555555556,
4280,,0.07777777777777778,
4281,,0.08055555555555556,
4282,,0.08055555555555556,
4283,,0.08333333333333333,
4284,,0.07777777777777778,
4285,,0.07777777777777778,
4286,,0.08055555555555556,
4287,,0.08055555555555556,
4288,,0.08055555555555556,
4289,,0.08055555555555556,
4290,,0.08055555555555556,
4291,,0.07777777777777778,
4292,,0.07777777777777778,
4293,,0.08333333333333333,
4294,,0.08055555555555556,
4295,,0.08055555555555556,
4296,,0.08333333333333333,
4297,,0.08055555555555556,
4298,,0.08333333333333333,
4299,,0.07777777777777778,
4300,,0.07777777777777778,
4301,,0.07777777777777778,
4302,,0.08055555555555556,
4303,,0.075,
4304,,0.08055555555555556,
4305,,0.07777777777777778,
4306,,0.08055555555555556,
4307,,0.07777777777777778,
4308,,0.07777777777777778,
4309,,0.075,
4310,,0.08055555555555556,
4311,,0.08055555555555556,
4312,,0.08055555555555556,
4313,,0.07777777777777778,
4314,,0.08055555555555556,
4315,,0.08333333333333333,
4316,,0.07777777777777778,
4317,,0.08055555555555556,
4318,,0.07777777777777778,
4319,,0.07777777777777778,
4320,,0.07777777777777778,
4321,,0.07777777777777778,
4322,,0.075,
4323,,0.08055555555555556,
4324,,0.07777777777777778,
4325,,0.07777777777777778,
4326,,0.07777777777777778,
4327,,0.08055555555555556,
4328,,0.075,
4329,,0.075,
4330,,0.07777777777777778,
4331,,0.08055555555555556,
4332,,0.08333333333333333,
4333,,0.08055555555555556,
4334,,0.07777777777777778,
4335,,0.08333333333333333,
4336,,0.08333333333333333,
4337,,0.08333333333333333,
4338,,0.08333333333333333,
4339,,0.08333333333333333,
4340,,0.08611111111111111,
4341,,0.08333333333333333,
4342,,0.07777777777777778,
4343,,0.07777777777777778,
4344,,0.08333333333333333,
4345,,0.08333333333333333,
4346,,0.08055555555555556,
4347,,0.08333333333333333,
4348,,0.08333333333333333,
4349,,0.08888888888888889,
4350,,0.08333333333333333,
4351,,0.08055555555555556,
4352,,0.08055555555555556,
4353,,0.08333333333333333,
4354,,0.08333333333333333,
4355,,0.08611111111111111,
4356,,0.08333333333333333,
4357,,0.08333333333333333,
4358,,0.08333333333333333,
4359,,0.08333333333333333,
4360,,0.08333333333333333,
4361,,0.09166666666666666,
4362,,0.08611111111111111,
4363,,0.08611111111111111,
