frame,time_s,area_px2,area_mm2,coverage
0,0.0,201519.04305203925,0.06481078138901565,0.5638888888888889
1,0.01,186343.38626054887,0.05993012018771157,0.5638888888888889
2,0.02,185784.81807908835,0.05975047840422936,0.5666666666666667
3,0.03,198892.86399750074,0.06396617279017394,0.55
4,0.04,189961.21284303305,0.06109365373863362,0.5583333333333333
5,0.05,185265.11105778106,0.059583334805122526,0.5694444444444444
6,0.06,172393.02428152604,0.0554435275221906,0.55
7,0.07,186505.30880335456,0.05998219629111498,0.5611111111111111
8,0.08,193362.24235943594,0.06218746292483672,0.5611111111111111
9,0.09,184401.289566527,0.05930552013817642,0.5694444444444444
10,0.1,183227.01148751276,0.05892785915529227,0.5888888888888889
11,0.11,182807.02609989027,0.058792787150525196,0.5805555555555556
12,0.12,183417.50676562442,0.05898912457040317,0.5611111111111111
13,0.13,176780.45838224696,0.05685457547107902,0.5694444444444444
14,0.14,188369.03969340405,0.06058159302034499,0.5638888888888889
15,0.15,185038.22455611665,0.05951036556491184,0.575
16,0.16,183355.19008565633,0.058969082828138356,0.5861111111111111
17,0.17,185809.1294986057,0.059758297229049746,0.5833333333333334
18,0.18,187773.03102008672,0.06038990995532393,0.5805555555555556
19,0.19,185889.9317117945,0.05978428412584825,0.5777777777777777
20,0.2,202895.34145964755,0.06525341437233385,0.575
21,0.21,177519.25285789766,0.057092180049423735,0.55
22,0.22,189298.85957997496,0.06088063351044966,0.5722222222222222
23,0.23,187255.97404215077,0.06022361863984751,0.5777777777777777
24,0.24,178980.75212692094,0.05756221458407768,0.5611111111111111
25,0.25,199738.44226272742,0.06423812023129372,0.575
26,0.26,189273.5121991857,0.0608724815088808,0.5611111111111111
27,0.27,195300.2542309166,0.06281074924968996,0.5805555555555556
28,0.28,190002.74959657935,0.061107012423812584,0.575
29,0.29,196594.6989831529,0.0632270571806267,0.5833333333333334
30,0.3,188230.67241738643,0.06053709255457483,0.5638888888888889
31,0.31,188841.58634720158,0.060733569317034095,0.5777777777777777
32,0.32,187025.5594823271,0.06014951473661628,0.5888888888888889
33,0.33,184947.5308462547,0.059481197451992096,0.5805555555555556
34,0.34,185838.61102469816,0.05976777881805322,0.5972222222222222
35,0.35,193266.6542173361,0.06215672070768846,0.5888888888888889
36,0.36,190176.67125947675,0.061162947578635385,0.5888888888888889
37,0.37,187410.8513434323,0.060273428914665486,0.5944444444444444
38,0.38,189506.60190176943,0.06094744576798699,0.5972222222222222
39,0.39,189848.9466296937,0.061057547666969574,0.5972222222222222
40,0.4,189509.23703424656,0.06094829325610682,0.5944444444444444
41,0.41,185307.0124896137,0.05959681077492301,0.5972222222222222
42,0.42,188921.0966280968,0.06075914071393652,0.6
43,0.43,179666.8482824209,0.057782870792406675,0.5972222222222222
44,0.44,190332.66968141947,0.06121311841841528,0.5944444444444444
45,0.45,189304.73925357367,0.060882524479335155,0.5833333333333334
46,0.46,203738.47794065677,0.06552457650829974,0.5861111111111111
47,0.47,187427.52395199085,0.060278791012321906,0.5916666666666667
48,0.48,189940.21525778258,0.06108690068003055,0.5722222222222222
49,0.49,180935.59071479793,0.058190912569394085,0.5916666666666667
50,0.5,188639.77133737778,0.060668663349416264,0.6027777777777777
51,0.51,197628.68196665,0.06355959768939683,0.6083333333333333
52,0.52,190680.28692632323,0.06132491601791406,0.6138888888888889
53,0.53,179753.8809822063,0.057810861483480136,0.6055555555555555
54,0.54,190557.56636028425,0.0612854477093263,0.5972222222222222
55,0.55,187729.41782687456,0.06037588346389095,0.6083333333333333
56,0.56,190993.2695730449,0.06142557474270761,0.6138888888888889
57,0.57,194963.779023065,0.06270253505410518,0.6083333333333333
58,0.58,188551.45343910521,0.06064025932411429,0.6111111111111112
59,0.59,187754.28389688488,0.06038388067052232,0.6194444444444445
60,0.6,181046.80953692683,0.0582266817883134,0.6166666666666667
61,0.61,206001.4877764502,0.06625238581866316,0.5944444444444444
62,0.62,193532.36717009082,0.06224217696945112,0.6055555555555555
63,0.63,187728.4668815635,0.06037557762922772,0.6166666666666667
64,0.64,190229.13334684004,0.061179819973540696,0.6222222222222222
65,0.65,183085.90800969358,0.05888247869637551,0.6222222222222222
66,0.66,181611.4348710405,0.058408271619932894,0.5972222222222222
67,0.67,187944.44391777564,0.060445038263155886,0.6222222222222222
68,0.68,191892.90636898257,0.061714908012794514,0.6111111111111112
69,0.69,198808.74995481226,0.06393912077191369,0.6277777777777778
70,0.7,189007.487111061,0.06078692486088703,0.6166666666666667
71,0.71,189156.04072341925,0.06083470136651788,0.6194444444444445
72,0.72,187558.6839106733,0.060320973524110456,0.6194444444444445
73,0.73,189528.1464868143,0.06095437474785069,0.6138888888888889
74,0.74,192405.89132990813,0.06187988972199117,0.6166666666666667
75,0.75,188847.01994165615,0.06073531682187046,0.6111111111111112
76,0.76,189174.0067120059,0.06084047942967803,0.6305555555555555
77,0.77,189709.11281430686,0.061012575545712086,0.6194444444444445
78,0.78,179561.4717181886,0.05774898050906398,0.6138888888888889
79,0.79,188220.02909766318,0.06053366954373978,0.6222222222222222
80,0.8,185620.91154033455,0.05969776422550701,0.6138888888888889
81,0.81,195473.393945089,0.06286643292104448,0.6083333333333333
82,0.82,182613.34848676893,0.058730498260830974,0.6111111111111112
83,0.83,192113.1560949583,0.06178574279160754,0.6138888888888889
84,0.84,189961.69836081754,0.06109380988659122,0.6138888888888889
85,0.85,180448.1749108337,0.05803415418746728,0.6194444444444445
86,0.86,188666.07772413577,0.06067712377804617,0.6138888888888889
87,0.87,187355.66437161106,0.06025568016639804,0.6277777777777778
88,0.88,192152.9116603443,0.06179852862672369,0.6222222222222222
89,0.89,189251.093861488,0.06086527152037736,0.6361111111111111
90,0.9,192109.1879991963,0.06178446660756524,0.6277777777777778
91,0.91,187341.48615009763,0.06025112029155408,0.6138888888888889
92,0.92,185159.85423795757,0.05954948303292291,0.6111111111111112
93,0.93,189583.1871084387,0.06097207642825562,0.6222222222222222
94,0.94,200866.96781115385,0.06460106668788292,0.6194444444444445
95,0.95,200241.51154153212,0.06439991294605825,0.6166666666666667
96,0.96,200758.52093336673,0.06456618895731148,0.6138888888888889
97,0.97,194446.73105273495,0.0625362466355757,0.6
98,0.98,202719.34836204365,0.06519681302090803,0.6055555555555555
99,0.99,188514.8072543034,0.060628473500621075,0.6166666666666667
100,1.0,189794.8118047141,0.0610401373009111,0.6083333333333333
101,1.01,195748.08302659058,0.06295477600635058,0.6222222222222222
102,1.02,198865.97154075702,0.06395752387487226,0.6055555555555555
103,1.03,199723.3138904552,0.06423325477732343,0.6
104,1.04,192790.92302798977,0.062003720228698,0.6
105,1.05,201805.6145394168,0.06490294598914208,0.6138888888888889
106,1.06,188039.9326378258,0.06047574850505937,0.6166666666666667
107,1.07,199910.3432924883,0.06429340552786741,0.6111111111111112
108,1.08,189983.29865120864,0.06110075678191822,0.6055555555555555
109,1.09,189151.5565513695,0.060833259206561054,0.6055555555555555
110,1.1,192279.82026330623,0.06183934385489459,0.6027777777777777
111,1.11,189457.5087543223,0.060931656861893016,0.5944444444444444
112,1.12,191361.74408746214,0.06154408027369681,0.5944444444444444
113,1.13,196649.67825677322,0.06324473913082639,0.6
114,1.14,186413.03770801416,0.05995252087335763,0.5972222222222222
115,1.15,182024.0407717003,0.05854097029903776,0.6027777777777777
116,1.16,193990.2121812977,0.06238942505321519,0.6138888888888889
117,1.17,203460.29929212495,0.0654351111391513,0.6083333333333333
118,1.18,197620.67810916624,0.06355702355918168,0.6277777777777778
119,1.19,195970.31958653935,0.06302624977322314,0.6027777777777777
120,1.2,192606.905445926,0.061944538113190485,0.6027777777777777
121,1.21,192773.8836303135,0.06199824016755305,0.6166666666666667
122,1.22,191457.2450068399,0.0615747944390407,0.6138888888888889
123,1.23,182234.61342780874,0.05860869282379203,0.6111111111111112
124,1.24,181632.09980061612,0.05841491769274498,0.6111111111111112
125,1.25,191273.3137136938,0.061515640075015594,0.6111111111111112
126,1.26,190498.1893882371,0.06126635141005548,0.6083333333333333
127,1.27,183949.73971097646,0.05916029664698125,0.6138888888888889
128,1.28,189259.72158569162,0.06086804629311732,0.6083333333333333
129,1.29,179355.5679549226,0.05768275955254245,0.6194444444444445
130,1.3,185953.60756460624,0.0598047629933232,0.6166666666666667
131,1.31,186809.24167102596,0.060079944505602584,0.6138888888888889
132,1.32,188119.04332181034,0.060501191387119575,0.6083333333333333
133,1.33,189612.4068518435,0.06098147382501461,0.6277777777777778
134,1.34,186041.80489922233,0.05983312824400287,0.6333333333333333
135,1.35,188914.84472215566,0.06075713003096046,0.6138888888888889
136,1.36,188186.3130539745,0.060522826086448024,0.6388888888888888
137,1.37,189223.99661331013,0.06085655674185666,0.6305555555555555
138,1.38,190707.43396984236,0.06133364681117424,0.6277777777777778
139,1.39,199696.0598082184,0.06422448955921274,0.6305555555555555
140,1.4,178691.1422279176,0.05746907279674022,0.6361111111111111
141,1.41,185899.01719314163,0.059787206118412754,0.6333333333333333
142,1.42,183480.26925951504,0.059009309691418876,0.6361111111111111
143,1.43,188141.26595530706,0.060508338434959966,0.6277777777777778
144,1.44,190423.80107416585,0.06124242729505299,0.625
145,1.45,204973.542330841,0.06592178704970211,0.625
146,1.46,193875.70376923954,0.06235259786532908,0.6388888888888888
147,1.47,188316.69360122262,0.06056475793078939,0.6305555555555555
148,1.48,181157.6425912328,0.05826232693998003,0.625
149,1.49,197858.2967768789,0.06363344438420067,0.6222222222222222
150,1.5,188932.979612026,0.06076296241466525,0.6305555555555555
151,1.51,192487.4713315519,0.06190612676426853,0.6305555555555555
152,1.52,200401.7515448244,0.06445144792590861,0.6444444444444445
153,1.53,188920.1937375977,0.060758850334239056,0.6527777777777778
154,1.54,187645.98007349804,0.060349048947848316,0.6416666666666667
155,1.55,187471.67619274263,0.0602929908674813,0.6416666666666667
156,1.56,187351.34830130043,0.06025429206984336,0.6361111111111111
157,1.57,183388.55335904774,0.05897981283055126,0.6416666666666667
158,1.58,196689.0132946559,0.06325738971958729,0.65
159,1.59,187851.26776375365,0.06041507176838929,0.6388888888888888
160,1.6,197973.78320321345,0.06367058611243244,0.6305555555555555
161,1.61,193859.8863599936,0.06234751080935039,0.6527777777777778
162,1.62,191559.7911443673,0.06160777442545251,0.6416666666666667
163,1.63,188034.8499925211,0.06047411386940047,0.6388888888888888
164,1.64,188843.22758716167,0.06073409715818821,0.6305555555555555
165,1.65,183173.62577939918,0.05891068971360852,0.6277777777777778
166,1.66,191341.8651221207,0.06153768697578576,0.6277777777777778
167,1.67,192943.1683224708,0.062052684020648764,0.6277777777777778
168,1.68,190114.01491785728,0.061142796597379055,0.6361111111111111
169,1.69,193869.4558786226,0.06235058847372626,0.6416666666666667
170,1.7,174414.68783933233,0.05609371716631911,0.6305555555555555
171,1.71,185637.1754206457,0.059702994871581046,0.625
172,1.72,198222.3566073355,0.06375053010338082,0.6277777777777778
173,1.73,197454.2969978887,0.06350351353021888,0.6333333333333333
174,1.74,188575.00903763427,0.060647835068439154,0.6333333333333333
175,1.75,190890.16506688247,0.06139241517868869,0.625
176,1.76,197613.6549315197,0.06355476482658642,0.6277777777777778
177,1.77,195742.66749431766,0.06295303431051413,0.6333333333333333
178,1.78,199888.52301273667,0.06428638788149806,0.6388888888888888
179,1.79,184510.85072642434,0.05934075623435518,0.6333333333333333
180,1.8,194716.48588856024,0.06262300281220558,0.6472222222222223
181,1.81,183644.57226797668,0.059062151379239994,0.6472222222222223
182,1.82,196733.17662218618,0.06327159314037883,0.6416666666666667
183,1.83,193829.46783498934,0.06233772787100188,0.6333333333333333
184,1.84,187985.96619240713,0.06045839229175367,0.6472222222222223
185,1.85,192966.93554625707,0.06206032782602668,0.6361111111111111
186,1.86,188666.76965786217,0.06067734631168268,0.6361111111111111
187,1.87,181487.5313404008,0.05836842285667958,0.6416666666666667
188,1.88,187008.44266734022,0.06014400977719711,0.6527777777777778
189,1.89,188869.73180662488,0.06074262121203196,0.65
190,1.9,190054.50022760994,0.06112365600639253,0.6388888888888888
191,1.91,198631.84019646066,0.06388222461212423,0.6416666666666667
192,1.92,191986.00215901775,0.061744848661602826,0.6583333333333333
193,1.93,190768.44522442773,0.061353268714014364,0.6555555555555556
194,1.94,187742.55178513966,0.06038010749197783,0.6555555555555556
195,1.95,188214.7434125443,0.06053196960820246,0.6555555555555556
196,1.96,199803.94906609642,0.06425918795297571,0.65
197,1.97,194647.8551078195,0.06260093038441027,0.6333333333333333
198,1.98,195459.15638353568,0.06286185396177904,0.6361111111111111
199,1.99,196052.91735558826,0.06305281414089765,0.6388888888888888
200,2.0,190819.08802692714,0.061369556006530275,0.6388888888888888
201,2.01,204666.33991557272,0.0658229873120863,0.6194444444444445
202,2.02,188287.69830629113,0.06055543271917338,0.6361111111111111
203,2.03,194216.60918684825,0.06246223686599297,0.6444444444444445
204,2.04,186239.5964030984,0.05989674020704205,0.6472222222222223
205,2.05,186156.76234718043,0.05987009984686388,0.65
206,2.06,190079.47110642926,0.061131686920710804,0.6444444444444445
207,2.07,180276.88105210187,0.05797906416389724,0.6416666666666667
208,2.08,178077.92861351554,0.057271856429959855,0.6416666666666667
209,2.09,176214.7239418466,0.056672628938455025,0.6416666666666667
210,2.1,180211.76604004958,0.05795812244669101,0.6416666666666667
211,2.11,177943.70238576937,0.05722868777169622,0.6305555555555555
212,2.12,183464.2797873172,0.059004167298067636,0.6305555555555555
213,2.13,183029.16422714468,0.05886422926034076,0.6277777777777778
214,2.14,181203.74642729186,0.05827715445004937,0.6361111111111111
215,2.15,188451.7019672209,0.06060817813347536,0.6416666666666667
216,2.16,187890.1638516402,0.06042758118591491,0.6444444444444445
217,2.17,194589.48229601365,0.0625821570343203,0.65
218,2.18,191110.1807948516,0.06146317470112186,0.6416666666666667
219,2.19,183043.7114870495,0.05886890782206486,0.6416666666666667
220,2.2,191626.98130274113,0.06162938353295871,0.6361111111111111
221,2.21,185568.72328842705,0.059680979899151415,0.6416666666666667
222,2.22,189990.1207520779,0.0611029508459697,0.6361111111111111
223,2.23,202290.91934274606,0.06505902544962011,0.6333333333333333
224,2.24,193617.27804424847,0.06226948525763687,0.6444444444444445
225,2.25,196909.1931685336,0.0633282020331832,0.6444444444444445
226,2.26,192117.77704870608,0.06178722894209049,0.6361111111111111
227,2.27,186488.44333018642,0.05997677216603991,0.6333333333333333
228,2.28,180800.3788417436,0.05814742691655948,0.6416666666666667
229,2.29,185044.21113423593,0.05951229091548855,0.6277777777777778
230,2.3,189305.63226873564,0.06088281168301359,0.6333333333333333
231,2.31,187148.9762549749,0.06018920695304741,0.6416666666666667
232,2.32,187439.191452342,0.060282543411118376,0.65
233,2.33,186102.3270770677,0.05985259285428543,0.6527777777777778
234,2.34,186047.462295122,0.0598349477258907,0.6444444444444445
235,2.35,186323.28278336933,0.05992365468427871,0.65
236,2.36,189220.67306691152,0.060855487852109,0.6555555555555556
237,2.37,190436.09386232655,0.061246380793412644,0.6416666666666667
238,2.38,188289.19125222735,0.06055591286730844,0.625
239,2.39,196221.66589403924,0.06310708556095615,0.6194444444444445
240,2.4,190593.62542271952,0.06129704470769027,0.6388888888888888
241,2.41,186561.48015870142,0.06000026162815,0.625
242,2.42,185242.0680956532,0.059575923930406144,0.6388888888888888
243,2.43,189533.9392419543,0.06095623776278631,0.6361111111111111
244,2.44,187418.0974198543,0.060275759334003545,0.6305555555555555
245,2.45,195388.2189971065,0.06283903970375886,0.6333333333333333
246,2.46,194552.42428069896,0.06257023876152139,0.6305555555555555
247,2.47,195240.36559253046,0.06279148839279354,0.6388888888888888
248,2.48,188392.67776600804,0.06058919528925612,0.6222222222222222
249,2.49,197585.37000358274,0.06354566807695243,0.6333333333333333
250,2.5,188603.90601342786,0.06065712865951917,0.6305555555555555
251,2.51,192501.8276091932,0.061910743903957545,0.6277777777777778
252,2.52,185600.80452658675,0.059691297584674174,0.6333333333333333
253,2.53,180890.98667744943,0.058176567411388776,0.6361111111111111
254,2.54,187785.28386945644,0.06039385060892106,0.6416666666666667
255,2.55,180317.8047778345,0.057992225692465024,0.6388888888888888
256,2.56,189148.72347092984,0.06083234805615933,0.6416666666666667
257,2.57,187453.0968147315,0.060287015531411886,0.6194444444444445
258,2.58,190510.07202320354,0.061270172998553876,0.6416666666666667
259,2.59,194792.5407862951,0.0626474629191811,0.6361111111111111
260,2.6,177708.85534806238,0.057153158333931094,0.6527777777777778
261,2.61,179280.879847143,0.057658739020525464,0.65
262,2.62,181443.8331747586,0.058354369037161354,0.6472222222222223
263,2.63,183426.3458247988,0.05899196731083683,0.6472222222222223
264,2.64,173456.2996707277,0.05578548879672918,0.65
265,2.65,172476.3901115287,0.055470338906870614,0.6472222222222223
266,2.66,177506.86107190623,0.05708819471225288,0.6361111111111111
267,2.67,185816.99873837322,0.05976082806469955,0.6222222222222222
268,2.68,179667.93831371286,0.057783221358679235,0.6361111111111111
269,2.69,180971.6418340815,0.05820250701315151,0.6166666666666667
270,2.7,180232.90641977632,0.05796492142959705,0.6416666666666667
271,2.71,178173.42536394746,0.057302569254524066,0.6361111111111111
272,2.72,185313.91704928916,0.05959903135865016,0.6222222222222222
273,2.73,180883.55474307496,0.05817417721805148,0.6305555555555555
274,2.74,177133.84127362646,0.05696822736706337,0.6361111111111111
275,2.75,180239.68991749737,0.05796710307844369,0.6472222222222223
276,2.76,180827.1795405457,0.05815604632147938,0.65
277,2.77,179521.62468164426,0.05773616525579876,0.6305555555555555
278,2.78,180363.61535132924,0.058006958886008944,0.6472222222222223
279,2.79,181333.70881191004,0.058318951808605246,0.6416666666666667
280,2.8,180115.11807564777,0.057927039378819746,0.6277777777777778
281,2.81,178174.3524685641,0.05730286742175294,0.6361111111111111
282,2.82,179511.8368558387,0.057733017381389716,0.6361111111111111
283,2.83,180392.586977258,0.05801627648540856,0.6305555555555555
284,2.84,178938.8962348552,0.057548753260376305,0.6333333333333333
285,2.85,180441.45403910923,0.05803199267984258,0.6416666666666667
286,2.86,181299.59162561194,0.058307979339357247,0.6277777777777778
287,2.87,183107.3166099782,0.05888936394201721,0.6472222222222223
288,2.88,184978.38716593137,0.059491121190010834,0.6305555555555555
289,2.89,175854.73778809406,0.0565568533593307,0.6555555555555556
290,2.9,180256.7397578436,0.05797258649806827,0.6361111111111111
291,2.91,180599.2023493218,0.058082726303289936,0.6444444444444445
292,2.92,183732.0831390155,0.05909029585554438,0.6472222222222223
293,2.93,180799.69618228488,0.05814720736563133,0.6416666666666667
294,2.94,182413.83569371267,0.0586663327119119,0.6472222222222223
295,2.95,186078.7036593469,0.059844995298548885,0.6416666666666667
296,2.96,181892.8558593082,0.05849877976185668,0.6388888888888888
297,2.97,179990.57550552805,0.057886985093312,0.6388888888888888
298,2.98,181016.62896063886,0.05821697537693724,0.6444444444444445
299,2.99,181019.04785473034,0.05821775332037024,0.6416666666666667
300,3.0,179652.37205109856,0.05777821507427027,0.6388888888888888
301,3.01,182329.89857644239,0.05863933759484784,0.6361111111111111
302,3.02,181408.03454535795,0.05834285579697833,0.6416666666666667
303,3.03,182059.8378917152,0.05855248305378542,0.6083333333333333
304,3.04,181817.21561776224,0.05847445301295593,0.6194444444444445
305,3.05,183209.48475007384,0.05892222236022114,0.6388888888888888
306,3.06,182466.64289686142,0.05868331609991933,0.6527777777777778
307,3.07,182161.54378534603,0.05858519280834882,0.6388888888888888
308,3.08,183753.29552896,0.059097117997743,0.6416666666666667
309,3.09,196605.47123862567,0.06323052165864297,0.6361111111111111
310,3.1,186786.74196372484,0.06007270834772329,0.65
311,3.11,186289.4092375399,0.05991276057253436,0.6527777777777778
312,3.12,189104.20427797726,0.06081803018506205,0.6472222222222223
313,3.13,180902.3349397375,0.058180217139648494,0.6555555555555556
314,3.14,183120.29950867684,0.05889353938765554,0.6638888888888889
315,3.15,176986.38659885756,0.05692080429207006,0.6611111111111111
316,3.16,181664.45758322085,0.05842532431805873,0.6527777777777778
317,3.17,184231.98825520676,0.05925107094017176,0.6416666666666667
318,3.18,179916.10811973276,0.0578630355479574,0.65
319,3.19,191368.1888501003,0.06154615298154675,0.6416666666666667
320,3.2,181589.28083985858,0.05840114663536533,0.6527777777777778
321,3.21,193421.26498325728,0.062206445261749184,0.6472222222222223
322,3.22,183916.40748806097,0.05914957663074919,0.6277777777777778
323,3.23,192194.32142766,0.061811846471708565,0.65
324,3.24,183476.24552094445,0.05900801561202611,0.625
325,3.25,190799.0051916083,0.061363097141751005,0.6388888888888888
326,3.26,192606.60540864043,0.06194444161783883,0.65
327,3.27,181749.26830169666,0.05845260039505539,0.6305555555555555
328,3.28,186971.00458691837,0.060131969271202755,0.6472222222222223
329,3.29,194812.4243123852,0.06265385768388,0.625
330,3.3,190970.42124289143,0.06141822646381419,0.6305555555555555
331,3.31,188189.22636680366,0.060523763040484874,0.6305555555555555
332,3.32,185314.01198446442,0.05959906189086586,0.6444444444444445
333,3.33,187333.3652820707,0.060248508529437646,0.6472222222222223
334,3.34,187767.99861207642,0.060388291476541595,0.6277777777777778
335,3.35,187180.73250954555,0.06019942012020789,0.6333333333333333
336,3.36,196246.7573581101,0.06311515525684194,0.625
337,3.37,184676.19520691846,0.0593939328712471,0.6305555555555555
338,3.38,192466.41529788327,0.06189935490799951,0.6333333333333333
339,3.39,196146.30490668403,0.06308284862333097,0.6277777777777778
340,3.4,192640.49971889638,0.061955342407655316,0.6222222222222222
341,3.41,185844.11718844186,0.05976954966198579,0.6194444444444445
342,3.42,192745.9554523223,0.061989258152697436,0.6194444444444445
343,3.43,188547.4822358189,0.06063898214065737,0.6083333333333333
344,3.44,197639.9813051491,0.06356323168321804,0.5916666666666667
345,3.45,201001.67686544234,0.06464439062857054,0.6222222222222222
346,3.46,191928.28180291128,0.0617262851485737,0.625
347,3.47,190248.17892443808,0.061185945244619,0.6305555555555555
348,3.48,180834.42512651903,0.05815837658308364,0.6166666666666667
349,3.49,183912.4988068415,0.05914831955508926,0.6166666666666667
350,3.5,182206.63728751725,0.05859969538372344,0.625
351,3.51,184120.9236101925,0.05921535130633939,0.6111111111111112
352,3.52,192788.63512477127,0.06200298441339694,0.5944444444444444
353,3.53,177608.68692500508,0.05712094304712481,0.6138888888888889
354,3.54,196124.71392800577,0.06307590472275512,0.6
355,3.55,183433.86442558383,0.05899438537706248,0.6194444444444445
356,3.56,189169.84781702518,0.060839141882469916,0.6388888888888888
357,3.57,189351.22238298846,0.06089747397439603,0.6416666666666667
358,3.58,176722.13984306896,0.05683581957567406,0.6305555555555555
359,3.59,182668.25217395028,0.05874815590158527,0.6138888888888889
360,3.6,180547.26606376132,0.05806602301213373,0.6222222222222222
361,3.61,177225.40406169018,0.05699767498526704,0.625
362,3.62,182044.0191068693,0.05854739555539837,0.6277777777777778
363,3.63,179085.75596672448,0.05759598499506935,0.6305555555555555
364,3.64,179858.37329825657,0.05784446738270335,0.6333333333333333
365,3.65,180862.73121506287,0.05816748013820582,0.6277777777777778
366,3.66,186087.88185706738,0.05984794710973754,0.625
367,3.67,189807.50562345033,0.061044219775195654,0.625
368,3.68,185629.80791850967,0.05970062540037331,0.625
369,3.69,179270.94948496835,0.05765554530482363,0.6277777777777778
370,3.7,190320.65360364164,0.06120925391321409,0.5916666666666667
371,3.71,191105.68860317755,0.061461729961964036,0.6027777777777777
372,3.72,187325.43470911228,0.06024595796834668,0.6138888888888889
373,3.73,183308.38515159802,0.05895402983709971,0.6083333333333333
374,3.74,183649.97368898065,0.05906388853673428,0.6361111111111111
375,3.75,195581.17882233506,0.06290109774482708,0.6166666666666667
376,3.76,188623.12917604198,0.06066331104392771,0.6111111111111112
377,3.77,183279.14158321428,0.058944624777960634,0.6194444444444445
378,3.78,187221.40897052913,0.060212502125662856,0.6111111111111112
379,3.79,186483.7992560196,0.05997527857977124,0.5972222222222222
380,3.8,175840.47875076148,0.05655226749321412,0.6055555555555555
381,3.81,194967.62802397434,0.06270377293590892,0.6083333333333333
382,3.82,184522.1714796444,0.0593443971153905,0.6083333333333333
383,3.83,176230.98726221753,0.05667785940444601,0.6055555555555555
384,3.84,193663.2107619722,0.06228425773413294,0.6083333333333333
385,3.85,184845.78793924703,0.05944847579351214,0.6055555555555555
386,3.86,186122.26328689302,0.059859004562663694,0.5972222222222222
387,3.87,193982.52985005343,0.062386954329439956,0.6055555555555555
388,3.88,184830.69548676614,0.059443621891749066,0.5944444444444444
389,3.89,185785.0936318737,0.059750567025091496,0.5972222222222222
390,3.9,200897.04942978467,0.06461074127336816,0.5805555555555556
391,3.91,184269.8732440902,0.05926325517693303,0.5777777777777777
392,3.92,189089.41749381012,0.06081327458965237,0.5805555555555556
393,3.93,186478.90384627754,0.05997370416116643,0.575
394,3.94,188338.2595505586,0.06057169378164841,0.5805555555555556
395,3.95,196292.9187496735,0.06313000127740614,0.5777777777777777
396,3.96,184497.7905213163,0.059336555926109695,0.5666666666666667
397,3.97,184726.93251918387,0.05941025055916233,0.5638888888888889
398,3.98,201401.58429512047,0.06477300533717661,0.5666666666666667
399,3.99,204276.45181870484,0.065697594933135,0.55
400,4.0,174760.1151866763,0.0562048104702344,0.5444444444444444
401,4.01,186540.35134802712,0.059993466365980824,0.5444444444444444
402,4.02,190214.29816522507,0.0611750488129697,0.5583333333333333
403,4.03,185607.21275131372,0.05969335854152263,0.55
404,4.04,196649.12124737373,0.06324455999036464,0.5694444444444444
405,4.05,174682.06843676663,0.05617970976128942,0.55
406,4.06,205213.09897659486,0.06599883115016576,0.5666666666666667
407,4.07,186992.01969095212,0.06013872796404275,0.5638888888888889
408,4.08,192122.3412975839,0.06178869685565213,0.5694444444444444
409,4.09,207650.4134136821,0.06678269877262942,0.5611111111111111
410,4.1,193736.66612816544,0.06230788180264824,0.5638888888888889
411,4.11,197158.58742346236,0.06340841001894508,0.55
412,4.12,202378.68195158956,0.0650872508876221,0.5638888888888889
413,4.13,190600.9072256368,0.061299386617069365,0.5416666666666666
414,4.14,206155.3449182964,0.0663018679987803,0.5527777777777778
415,4.15,192974.24452524266,0.062062678475533734,0.5472222222222223
416,4.16,192750.5852888896,0.06199074715999464,0.5611111111111111
417,4.17,184436.84709811417,0.05931695583860218,0.5611111111111111
418,4.18,186559.92217007934,0.05999976056155867,0.5638888888888889
419,4.19,189696.48677847304,0.061008514871168165,0.575
420,4.2,183350.4645323907,0.05896756303727889,0.5583333333333333
421,4.21,186485.9320710757,0.05997596451698217,0.5722222222222222
422,4.22,189668.63374778218,0.060999557024526044,0.5638888888888889
423,4.23,200329.67641202072,0.0644282677559109,0.5611111111111111
424,4.24,184954.39158955266,0.05948340394388148,0.5555555555555556
425,4.25,193595.21227003098,0.0622623886574976,0.5638888888888889
426,4.26,196824.7457145219,0.063301042786107,0.5444444444444444
427,4.27,199045.31723401026,0.06401520345861014,0.5472222222222223
428,4.28,198873.01432244162,0.06395978891234573,0.5611111111111111
429,4.29,190742.1499452156,0.06134481185769563,0.5611111111111111
430,4.3,189832.55611439346,0.061052276293664644,0.5583333333333333
431,4.31,208608.71890538395,0.06709090055240138,0.5611111111111111
432,4.32,193433.34928101415,0.06221033170725974,0.5666666666666667
433,4.33,194431.13740089792,0.06253123154248595,0.5666666666666667
434,4.34,175438.47816337127,0.05642297960164312,0.5472222222222223
435,4.35,190543.26352747343,0.061280847758093365,0.5583333333333333
436,4.36,171492.17834180637,0.055153805377920216,0.5555555555555556
437,4.37,179369.0095088101,0.05768708250682676,0.5305555555555556
438,4.38,192508.20660757105,0.06191279546128477,0.5722222222222222
439,4.39,189549.22536940582,0.06096115395258922,0.5722222222222222
440,4.4,187926.50824088618,0.06043926994857707,0.5666666666666667
441,4.41,190463.50843310813,0.0612551976264369,0.5611111111111111
442,4.42,186968.97161887411,0.06013131544590917,0.5638888888888889
443,4.43,174701.21656222508,0.056185868012908244,0.5666666666666667
444,4.44,186451.94250410507,0.05996503309153931,0.5694444444444444
445,4.45,194133.62917878924,0.06243554956597149,0.5777777777777777
446,4.46,189342.88811952117,0.06089479358191582,0.575
447,4.47,190382.1484474805,0.06122903134377465,0.5694444444444444
448,4.48,197501.79483621346,0.06351878936703059,0.5611111111111111
449,4.49,192788.07078436247,0.06200280291520049,0.55
450,4.5,186341.15533337215,0.059929402696543725,0.55
451,4.51,182981.08879289817,0.058848767662211164,0.5472222222222223
452,4.52,183251.6481695124,0.058935782588170116,0.5583333333333333
453,4.53,182568.3594289579,0.05871602927593243,0.5666666666666667
454,4.54,187048.68119091247,0.06015695093707541,0.5611111111111111
455,4.55,196583.18181115034,0.06322335312911091,0.5638888888888889
456,4.56,186450.34792935813,0.05996452025844043,0.5527777777777778
457,4.57,196681.57399410268,0.06325499715720441,0.5555555555555556
458,4.58,187102.26472876713,0.060174184003019715,0.5583333333333333
459,4.59,186388.73114110323,0.05994470360918982,0.55
460,4.6,191259.52637660602,0.06151120591298108,0.5388888888888889
461,4.61,178905.29227207004,0.05753794584955851,0.5444444444444444
462,4.62,184735.80277328123,0.05941310333223262,0.5388888888888889
463,4.63,175095.4043336712,0.05631264321536303,0.5472222222222223
464,4.64,187728.86987378282,0.06037570723603922,0.5527777777777778
465,4.65,196785.10428673035,0.06328829365891964,0.5583333333333333
466,4.66,174744.07182465875,0.05619965074531354,0.55
467,4.67,186778.3534442202,0.060070010505893764,0.5527777777777778
468,4.68,196373.99039756777,0.06315607482742377,0.5527777777777778
469,4.69,188123.7152925361,0.06050269394523407,0.5444444444444444
470,4.7,196444.6888427424,0.0631788122392602,0.5611111111111111
471,4.71,189446.5612272261,0.06092813601455951,0.5416666666666666
472,4.72,188936.40808826184,0.060764065051023844,0.5277777777777778
473,4.73,191991.79241639745,0.061746710873230755,0.5222222222222223
474,4.74,187130.1320407035,0.060183146442670345,0.525
475,4.75,186197.8448540367,0.05988331244121948,0.5361111111111111
476,4.76,194547.15242259612,0.06256854327290728,0.5444444444444444
477,4.77,187505.81539814983,0.06030397041832141,0.5305555555555556
478,4.78,186645.51993302122,0.06002728976087102,0.5444444444444444
479,4.79,188609.1638778003,0.060658819647592836,0.5472222222222223
480,4.8,183430.52446919083,0.058993311209676824,0.5388888888888889
481,4.81,205300.522826994,0.06602694763965772,0.5388888888888889
482,4.82,198300.6755890501,0.06377571836512344,0.5444444444444444
483,4.83,178353.52559827454,0.05736049150712264,0.5527777777777778
484,4.84,188543.2845362976,0.06063763211347437,0.5444444444444444
485,4.85,180753.02395617496,0.058132197054955294,0.55
486,4.86,178966.91021857507,0.05755776287131533,0.5527777777777778
487,4.87,181311.5012392806,0.05831180960450846,0.5305555555555556
488,4.88,185635.6568101533,0.05970250646943727,0.5277777777777778
489,4.89,200066.62061735036,0.06434366606595006,0.55
490,4.9,188135.06701450684,0.060506344786166476,0.5416666666666666
491,4.91,217592.61324700917,0.06998022159808899,0.5305555555555556
492,4.92,204355.27495533187,0.06572294533674432,0.5472222222222223
493,4.93,194375.91918368105,0.0625134727453493,0.5555555555555556
494,4.94,192337.46022210378,0.061857881511248665,0.5666666666666667
495,4.95,211822.31752011552,0.06812442986127977,0.5555555555555556
496,4.96,197876.36593189902,0.06363925562684135,0.5333333333333333
497,4.97,189950.76430400216,0.06109029337145091,0.5388888888888889
498,4.98,213634.62356635142,0.06870728778474786,0.55
499,4.99,195608.58085147687,0.0629099105443195,0.5277777777777778
500,5.0,198698.25498809826,0.06390358435300346,0.5388888888888889
501,5.01,205284.4719516033,0.0660217854983519,0.5416666666666666
502,5.02,206402.52039833204,0.06638136240168482,0.55
503,5.03,198371.53842610389,0.06379850864722948,0.5444444444444444
504,5.04,189313.3253892286,0.06088528587673204,0.5611111111111111
505,5.05,182037.52751566016,0.05854530778695549,0.5611111111111111
506,5.06,181669.4941209122,0.05842694412499275,0.5611111111111111
507,5.07,193474.54136682412,0.062223579543434195,0.5416666666666666
508,5.08,185494.47444054435,0.05965710063803727,0.5722222222222222
509,5.09,190339.18453926957,0.06121521366967048,0.5527777777777778
510,5.1,192854.28755464283,0.06202409897019326,0.5611111111111111
511,5.11,195564.22726756943,0.06289564593494608,0.5694444444444444
512,5.12,188153.24217962858,0.060512190122843215,0.5388888888888889
513,5.13,196654.84210744343,0.0632463998830404,0.5416666666666666
514,5.14,181581.73471239262,0.058398719716250776,0.5388888888888889
515,5.15,184505.85035241902,0.05933914805806765,0.5472222222222223
516,5.16,194085.3623248618,0.06242002640512848,0.5611111111111111
517,5.17,195092.01468296276,0.06274377707865054,0.5555555555555556
518,5.18,187009.34361405027,0.06014429953175025,0.5583333333333333
519,5.19,201920.7159391209,0.06493996388849697,0.5416666666666666
520,5.2,201408.10903400395,0.06477510376628283,0.5555555555555556
521,5.21,193516.09305050477,0.062236943030311596,0.5833333333333334
522,5.22,196396.5214812036,0.06316332107628375,0.5611111111111111
523,5.23,198972.45346001216,0.06399176965277101,0.5777777777777777
524,5.24,185226.15999830203,0.05957080770811704,0.5416666666666666
525,5.25,187605.8045252107,0.06033612804152701,0.575
526,5.26,190814.37249567025,0.061368039438861065,0.5611111111111111
527,5.27,191901.64442527233,0.06171771826956917,0.575
528,5.28,188112.89049807886,0.06049921257009193,0.5638888888888889
529,5.29,183884.56794006936,0.05913933667549159,0.5805555555555556
530,5.3,192031.861940752,0.061759597681067736,0.5694444444444444
531,5.31,192491.6472800989,0.061907469796094565,0.5777777777777777
532,5.32,184756.99262934463,0.05941991822728269,0.5805555555555556
533,5.33,185979.7913459968,0.05981318399069368,0.5888888888888889
534,5.34,185568.09954302825,0.05968077929564481,0.5861111111111111
535,5.35,187584.14649541953,0.06032916257656225,0.5916666666666667
536,5.36,187021.53735828324,0.060148221176473386,0.5805555555555556
537,5.37,188348.16371446135,0.06057487907169257,0.5805555555555556
538,5.38,188474.7100061753,0.060615577776508,0.5888888888888889
539,5.39,193485.5253883968,0.062227112127800105,0.5833333333333334
540,5.4,175943.08644549115,0.05658526727711165,0.5833333333333334
541,5.41,189480.94639177195,0.060939194668613514,0.5916666666666667
542,5.42,187987.55570229076,0.06045890349593578,0.5972222222222222
543,5.43,189283.66847205686,0.060875747879992975,0.5861111111111111
544,5.44,188258.73728096395,0.06054611852904597,0.5972222222222222
545,5.45,190137.4456060442,0.061150332169138816,0.5861111111111111
546,5.46,188262.39033693098,0.060547293392761554,0.575
547,5.47,187878.186359993,0.06042372909044553,0.5777777777777777
548,5.48,187867.0863198958,0.060420159193222654,0.5777777777777777
549,5.49,194130.09313049793,0.06243441233323498,0.5888888888888889
550,5.5,189632.4888618108,0.060987932424351576,0.5916666666666667
551,5.51,188514.34397063305,0.06062832450340362,0.5833333333333334
552,5.52,195175.23832056785,0.06277054273266285,0.5833333333333334
553,5.53,194284.21732704018,0.06248398040113355,0.5777777777777777
554,5.54,199295.61306377003,0.06409570140093589,0.5833333333333334
555,5.55,188771.11863462845,0.06071090611138667,0.5888888888888889
556,5.56,187406.93484720137,0.06027216932561033,0.5861111111111111
557,5.57,185815.64364295368,0.05976039225083469,0.5805555555555556
558,5.58,187707.24987807337,0.060368754003261145,0.5888888888888889
559,5.59,186115.44244987937,0.05985681090508232,0.5888888888888889
560,5.6,199759.02168417585,0.06424473880373435,0.5888888888888889
561,5.61,192924.33143366833,0.06204662586622456,0.5805555555555556
562,5.62,192767.01237964726,0.06199603029637634,0.5722222222222222
563,5.63,192221.11964029886,0.06182046507705052,0.575
564,5.64,183262.49117376612,0.05893926981978676,0.5833333333333334
565,5.65,189267.41498647456,0.06087052057698017,0.5944444444444444
566,5.66,189560.97853255682,0.06096493390150161,0.6027777777777777
567,5.67,187259.70420276496,0.06022481830128124,0.5944444444444444
568,5.68,201639.21375557667,0.0648494296332628,0.5916666666666667
569,5.69,190233.61091979418,0.061181260011154454,0.5916666666666667
570,5.7,187873.59729830915,0.06042225319680755,0.5777777777777777
571,5.71,190471.64784475754,0.06125781535239002,0.5861111111111111
572,5.72,190505.5205604483,0.061268709197152466,0.6
573,5.73,187770.31025706732,0.06038903492746259,0.5861111111111111
574,5.74,189508.1239372575,0.06094793527164773,0.5916666666666667
575,5.75,187234.1576424248,0.06021660224133787,0.6
576,5.76,196604.54059143848,0.06323022235208373,0.5861111111111111
577,5.77,176411.87405152974,0.05673603462193772,0.5916666666666667
578,5.78,178635.64919639152,0.057451225616243634,0.5777777777777777
579,5.79,191498.31067553276,0.06158800161805435,0.5944444444444444
580,5.8,181064.45269874786,0.05823235602676986,0.5972222222222222
581,5.81,189522.55220838467,0.06095257556524819,0.6
582,5.82,180647.42303678035,0.05809823461647946,0.5944444444444444
583,5.83,178485.19852265518,0.057402838994425276,0.5861111111111111
584,5.84,186800.0069704715,0.06007697452246966,0.6055555555555555
585,5.85,188334.9494712434,0.06057062922306561,0.6138888888888889
586,5.86,186068.38869248296,0.059841677889671145,0.6166666666666667
587,5.87,203030.3210795522,0.06529682532995414,0.5972222222222222
588,5.88,192507.3402600863,0.061912516834230026,0.6
589,5.89,189870.8606519167,0.06106459546196769,0.6
590,5.9,189218.1771994425,0.06085468515317563,0.6055555555555555
591,5.91,186471.2268326213,0.05997123514758707,0.6111111111111112
592,5.92,189743.72289521195,0.06102370653538643,0.6027777777777777
593,5.93,188776.92093392523,0.06071277219583002,0.5833333333333334
594,5.94,184902.0270819977,0.05946656293173548,0.6055555555555555
595,5.95,189698.5989340472,0.06100919416405832,0.5916666666666667
596,5.96,185734.0046837408,0.05973413624714273,0.6027777777777777
597,5.97,192280.49076604997,0.06183955949608704,0.5916666666666667
598,5.98,189416.5950534658,0.06091849855743768,0.5944444444444444
599,5.99,190616.7338165517,0.06130447662597565,0.5916666666666667
600,6.0,202529.32378423202,0.06513569898828578,0.5916666666666667
601,6.01,190789.44116655344,0.06136002124417011,0.5944444444444444
602,6.02,192774.5705536007,0.0619984610897762,0.6
603,6.03,189387.15405135174,0.06090903000139956,0.6
604,6.04,192006.01919501854,0.061751286364584414,0.6027777777777777
605,6.05,189585.02971348228,0.060972669030676,0.6
606,6.06,181979.71907672237,0.05852671594550123,0.5916666666666667
607,6.07,198799.84993822034,0.0639362584268918,0.5972222222222222
608,6.08,199894.32889377023,0.06428825511786807,0.5916666666666667
609,6.09,194322.8010622162,0.06249638936252892,0.5833333333333334
610,6.1,204642.02851789983,0.06581516849429134,0.5972222222222222
611,6.11,203236.25927234534,0.06536305735939722,0.5861111111111111
612,6.12,198633.46737559035,0.0638827479311578,0.5972222222222222
613,6.13,204794.11587021264,0.06586408149027174,0.575
614,6.14,201309.85542109693,0.064743504303868,0.5944444444444444
615,6.15,187950.54363631346,0.060447000000958435,0.6055555555555555
616,6.16,202466.580730046,0.0651155201192968,0.5833333333333334
617,6.17,187054.08018647492,0.06015868731452053,0.6
618,6.18,203641.72773095232,0.06549346055719392,0.5972222222222222
619,6.19,190470.5952655356,0.06125747683112268,0.5694444444444444
620,6.2,193807.19261031874,0.06233056390925091,0.5916666666666667
621,6.21,196752.2505064267,0.06327772751519041,0.6
622,6.22,188741.18329095645,0.060701278569566565,0.5972222222222222
623,6.23,199500.26953308273,0.06416152121375153,0.5944444444444444
624,6.24,180294.35950607032,0.05798468543046347,0.5972222222222222
625,6.25,178805.83378534782,0.05750595888622932,0.6027777777777777
626,6.26,189155.8101501629,0.060834627211576064,0.6027777777777777
627,6.27,199575.2355388045,0.06418563112085936,0.5916666666666667
628,6.28,189459.3666443494,0.0609322543801353,0.5861111111111111
629,6.29,184541.9095377504,0.0593507450959564,0.5888888888888889
630,6.3,192619.91054638516,0.06194872069916368,0.575
631,6.31,194618.6825516269,0.06259154816358725,0.5972222222222222
632,6.32,187038.22821802125,0.06015358914391355,0.6027777777777777
633,6.33,190129.83953708244,0.06114788597216783,0.5833333333333334
634,6.34,193785.6055648784,0.06232362127364845,0.5944444444444444
635,6.35,191074.19690754698,0.0614516018799219,0.5972222222222222
636,6.36,192556.5710269175,0.06192835000025933,0.6055555555555555
637,6.37,190631.0188368134,0.06130907084849326,0.6
638,6.38,190305.0120729448,0.061204223421746744,0.5972222222222222
639,6.39,190364.07971856583,0.06122322023817425,0.6111111111111112
640,6.4,183733.627857507,0.05909079265431308,0.6111111111111112
641,6.41,193461.42131134216,0.0622193599866381,0.6138888888888889
642,6.42,191697.34719898624,0.06165201399333464,0.6222222222222222
643,6.43,190891.6894367376,0.06139290543310802,0.5972222222222222
644,6.44,192529.19796338683,0.061919546516431875,0.6055555555555555
645,6.45,189455.1799672098,0.060930907897873726,0.6
646,6.46,182548.8858115777,0.058709766342465865,0.6055555555555555
647,6.47,199091.7223574144,0.06403012786606428,0.6166666666666667
648,6.48,197140.66208585724,0.0634026450295959,0.6194444444444445
649,6.49,194595.3544261923,0.0625840455771574,0.6111111111111112
650,6.5,194120.92206715993,0.06243146281654365,0.6027777777777777
651,6.51,192747.5016130629,0.061989755415309614,0.5888888888888889
652,6.52,191727.04198477798,0.06166156416904606,0.5972222222222222
653,6.53,193662.94222233022,0.06228417136877626,0.6194444444444445
654,6.54,197157.8613123762,0.06340817649348686,0.6083333333333333
655,6.55,197317.82203211263,0.0634596216526175,0.6111111111111112
656,6.56,192620.59291100333,0.0619489401552678,0.6166666666666667
657,6.57,191503.41767851877,0.06158964408741638,0.6138888888888889
658,6.58,178283.1014679087,0.05733784231800122,0.5916666666666667
659,6.59,185597.03874823113,0.059690086468175856,0.6055555555555555
660,6.6,176948.41368492038,0.056908591777626694,0.6027777777777777
661,6.61,176366.7144225965,0.05672151077945577,0.5944444444444444
662,6.62,185975.90812139024,0.059811935102165585,0.5944444444444444
663,6.63,195454.90423147238,0.06286048642204864,0.5861111111111111
664,6.64,176924.23844122145,0.05690081674847477,0.5888888888888889
665,6.65,198143.36149717512,0.06372512439115698,0.5972222222222222
666,6.66,190383.87197025694,0.061229585648004126,0.6083333333333333
667,6.67,190936.09370355567,0.061407186342673184,0.6027777777777777
668,6.68,191727.11978979004,0.06166158919200939,0.5916666666666667
669,6.69,195414.78894220846,0.06284758489570419,0.6194444444444445
670,6.7,184369.37815607968,0.05929525707114815,0.6138888888888889
671,6.71,184109.47321294164,0.05921166873033167,0.6027777777777777
672,6.72,182385.23961659198,0.05865713589321535,0.6055555555555555
673,6.73,182091.93729808822,0.058562806582409074,0.6111111111111112
674,6.74,192556.36009250968,0.06192828216139118,0.6277777777777778
675,6.75,185305.12122775,0.059596202523924294,0.6083333333333333
676,6.76,189126.1333927786,0.060825082834002425,0.6111111111111112
677,6.77,187019.3855825793,0.06014752914130572,0.6
678,6.78,192812.76171246043,0.06201074379423114,0.625
679,6.79,197552.6720674956,0.06353515205446879,0.625
680,6.8,194149.21609716275,0.062440562493503965,0.6166666666666667
681,6.81,185931.56778975992,0.05979767475487291,0.6111111111111112
682,6.82,196600.28154875038,0.0632288525962512,0.6166666666666667
683,6.83,189637.13338190212,0.06098942615403457,0.6194444444444445
684,6.84,189733.29040124535,0.061020351328476094,0.6222222222222222
685,6.85,193027.63047737442,0.06207984799569646,0.6083333333333333
686,6.86,190924.68408136314,0.061403516880380926,0.6055555555555555
687,6.87,188131.0453156801,0.060505051362778166,0.6166666666666667
688,6.88,188268.5744234102,0.06054928226423903,0.6277777777777778
689,6.89,192006.55793093503,0.061751459628089346,0.625
690,6.9,192670.34674128253,0.061964941544360636,0.6055555555555555
691,6.91,193249.1626887641,0.062151095236183285,0.6
692,6.92,192056.50234687436,0.061767522311665164,0.6055555555555555
693,6.93,192121.64436693327,0.06178847271494882,0.6055555555555555
694,6.94,204539.7029344296,0.06578225944053466,0.6222222222222222
695,6.95,189232.1604212084,0.06085918231391666,0.6111111111111112
696,6.96,187650.9053289725,0.06035063296517495,0.625
697,6.97,189730.4313960013,0.06101943184036691,0.6416666666666667
698,6.98,194674.42040080173,0.06260947408018179,0.6333333333333333
699,6.99,189963.47924992777,0.06109438264047619,0.6333333333333333
700,7.0,186334.11948563802,0.05992713988910638,0.6333333333333333
701,7.01,191961.09821132783,0.06173683927308544,0.6277777777777778
702,7.02,192341.9827799022,0.061859336016492204,0.6138888888888889
703,7.03,189089.00551915908,0.06081314209399021,0.6027777777777777
704,7.04,197402.51098970365,0.06348685856994982,0.6111111111111112
705,7.05,189487.8278703118,0.06094140782918893,0.6166666666666667
706,7.06,185832.54431864142,0.05976582769743435,0.5972222222222222
707,7.07,201498.8397183218,0.06480428377060173,0.5972222222222222
708,7.08,189320.86594118728,0.060887711002701,0.6222222222222222
709,7.09,187030.5047414762,0.06015110518734873,0.6194444444444445
710,7.1,183836.0293653752,0.05912372612620655,0.6194444444444445
711,7.11,185692.35848297627,0.0597207423625125,0.6277777777777778
712,7.12,183736.560388786,0.05909173578921865,0.6305555555555555
713,7.13,185472.80869468657,0.059650132691499054,0.6333333333333333
714,7.14,183447.03459475274,0.05899862105098161,0.6138888888888889
715,7.15,180241.8111610225,0.057967785294120666,0.6194444444444445
716,7.16,187578.16863392098,0.0603272400293484,0.625
717,7.17,186515.78920371615,0.05998556690525853,0.6194444444444445
718,7.18,184807.89004949943,0.059436287407688464,0.6277777777777778
719,7.19,186505.6046774905,0.05998229144755109,0.6166666666666667
720,7.2,185801.09742302034,0.059755714023577065,0.6194444444444445
721,7.21,185752.72271607802,0.05974015617599644,0.5916666666666667
722,7.22,184603.9000636126,0.05937068194340762,0.6027777777777777
723,7.23,187488.28216725384,0.06029833153488175,0.6027777777777777
724,7.24,185462.6246858655,0.05964685740019473,0.6166666666666667
725,7.25,183872.460236719,0.05913544270248,0.6027777777777777
726,7.26,187930.73031462572,0.06044062781478165,0.6055555555555555
727,7.27,194825.94349756194,0.06265820560525646,0.6027777777777777
728,7.28,191412.76576877417,0.06156048941788256,0.5861111111111111
729,7.29,196340.2715706987,0.06314523047503004,0.5861111111111111
730,7.3,191457.8253410692,0.06157498108102896,0.6
731,7.31,186788.1243467643,0.06007315293759236,0.5972222222222222
732,7.32,195738.32604274125,0.0629516380510601,0.5805555555555556
733,7.33,191853.4294057982,0.06170221177926692,0.5972222222222222
734,7.34,181152.17578367595,0.058260568753437963,0.5916666666666667
735,7.35,183246.84501776999,0.058934237840771356,0.6083333333333333
736,7.36,177610.46887079833,0.05712151614085086,0.6027777777777777
737,7.37,181393.82457458673,0.05833828571121746,0.6027777777777777
738,7.38,187173.69729087196,0.06019715751508348,0.6194444444444445
739,7.39,199668.29688967892,0.06421556069364782,0.6305555555555555
740,7.4,200388.2869001277,0.06444711754536143,0.6027777777777777
741,7.41,196249.1774446226,0.06311593358377089,0.6111111111111112
742,7.42,197527.7458139033,0.06352713549212337,0.6055555555555555
743,7.43,190384.76743405932,0.061229873639192745,0.6222222222222222
744,7.44,197985.64739804616,0.0636744017703773,0.6305555555555555
745,7.45,189532.08830933066,0.06095564248212291,0.6083333333333333
746,7.46,185536.4897115225,0.05967061321978202,0.6055555555555555
747,7.47,188676.71396984172,0.06068054451379802,0.6083333333333333
748,7.48,184278.23126309592,0.05926594320946048,0.6194444444444445
749,7.49,192988.93548491603,0.062067403252712934,0.6
750,7.5,188438.65421627823,0.06060398183062896,0.6027777777777777
751,7.51,186463.45915740417,0.05996873697623426,0.6222222222222222
752,7.52,194673.02842088017,0.06260902640384794,0.6333333333333333
753,7.53,176288.43495058632,0.05669633522447663,0.6111111111111112
754,7.54,177242.3242368445,0.05700311670311356,0.6138888888888889
755,7.55,183782.01813254796,0.0591063555087686,0.6027777777777777
756,7.56,177528.8520850382,0.057095267268389684,0.6277777777777778
757,7.57,182432.6129892615,0.05867237170047825,0.6388888888888888
758,7.58,177678.33849202163,0.057143343771219886,0.6277777777777778
759,7.59,178561.4648874349,0.057427367111570995,0.6222222222222222
760,7.6,179651.37832153277,0.05777789547971151,0.6333333333333333
761,7.61,194113.28087381826,0.06242900532317867,0.6138888888888889
762,7.62,191906.9199833273,0.06171941494812931,0.625
763,7.63,186129.67722230215,0.05986138896733213,0.6277777777777778
764,7.64,191753.34135198497,0.06167002234010972,0.6166666666666667
765,7.65,178605.85244158897,0.05744164264615623,0.6194444444444445
766,7.66,191669.6255310329,0.06164309839442026,0.6166666666666667
767,7.67,182118.22489114956,0.058571260966775625,0.6222222222222222
768,7.68,178566.28764086321,0.057428918163091494,0.6111111111111112
769,7.69,181705.7523221325,0.058438605168620476,0.6222222222222222
770,7.7,178489.9993493202,0.05740438299405311,0.625
771,7.71,182196.91258934297,0.058596567811867686,0.6166666666666667
772,7.72,184391.91917261897,0.05930250651454114,0.6166666666666667
773,7.73,182894.59662665654,0.05882095081277971,0.625
774,7.74,178687.0270171439,0.057467749298862385,0.6083333333333333
775,7.75,189150.0048980827,0.060832760177484506,0.6138888888888889
776,7.76,185454.2641114894,0.05964416854583154,0.6027777777777777
777,7.77,188161.45343913077,0.060514830955870534,0.6083333333333333
778,7.78,178357.79876350067,0.05736186580492157,0.5972222222222222
779,7.79,183135.47868976352,0.058898421182309646,0.5833333333333334
780,7.8,181055.33470762154,0.058229423578696246,0.5944444444444444
781,7.81,179877.34168343735,0.05785056782783566,0.5944444444444444
782,7.82,176447.5390859594,0.05674750489648173,0.6055555555555555
783,7.83,174551.25672170238,0.05613763924854904,0.5833333333333334
784,7.84,172130.7215811713,0.05535916803579681,0.6083333333333333
785,7.85,176498.6643533211,0.05676394735510128,0.5972222222222222
786,7.86,175906.38079746778,0.05657346232958036,0.5666666666666667
787,7.87,184076.71093562993,0.059201132014989555,0.5944444444444444
788,7.88,182853.61067144922,0.058807769270515856,0.5916666666666667
789,7.89,183685.14397910712,0.05907519969596892,0.6027777777777777
790,7.9,184006.28064035412,0.059178480843164044,0.6166666666666667
791,7.91,180256.8635484556,0.057972626310515626,0.6222222222222222
792,7.92,182836.2934629924,0.05880219986231222,0.6138888888888889
793,7.93,176061.54348400116,0.05662336438749183,0.6083333333333333
794,7.94,185423.3167785405,0.05963421553692504,0.5916666666666667
795,7.95,183551.6788050922,0.05903227580110954,0.575
796,7.96,186624.66594269933,0.06002058288400534,0.5777777777777777
797,7.97,192583.06464993718,0.06193687064616816,0.575
798,7.98,175906.26249094488,0.056573424280877485,0.5805555555555556
799,7.99,183190.5610328173,0.05891613628079357,0.5972222222222222
800,8.0,181481.91977921664,0.05836661811574964,0.6083333333333333
801,8.01,181494.19689032252,0.05837056657219287,0.6055555555555555
802,8.02,188535.93740712106,0.0606352691944386,0.6083333333333333
803,8.03,187329.9785622579,0.0602474193224124,0.5861111111111111
804,8.04,189374.74372736408,0.060905038702201486,0.5861111111111111
805,8.05,189331.90507013717,0.060891261310216674,0.6027777777777777
806,8.06,182305.10202724274,0.058631362746887856,0.5861111111111111
807,8.07,185570.75418376375,0.059681633057839044,0.575
808,8.08,189680.41562098067,0.06100334620691127,0.5916666666666667
809,8.09,185287.10347606044,0.059590407813170466,0.5694444444444444
810,8.1,188276.40554213242,0.06055180083973369,0.5694444444444444
811,8.11,188761.93706899878,0.06070795321704071,0.6111111111111112
812,8.12,183825.88751225377,0.059120464392647384,0.6111111111111112
813,8.13,183311.08395459133,0.0589548978023707,0.6
814,8.14,186595.51306651434,0.060011206992493196,0.5944444444444444
815,8.15,182632.95888669018,0.0587368051850948,0.6111111111111112
816,8.16,176770.82375550113,0.056851476867203515,0.6138888888888889
817,8.17,183403.17677184308,0.058984515883897914,0.5916666666666667
818,8.18,183484.76005788377,0.05901075398247411,0.5972222222222222
819,8.19,177829.63958393963,0.057192003897050696,0.6027777777777777
820,8.2,182145.96694829577,0.05858018312308281,0.6194444444444445
821,8.21,177728.00441448402,0.05715931688817421,0.6055555555555555
822,8.22,176597.78583918675,0.05679582593518035,0.6027777777777777
823,8.23,183385.24864558948,0.05897874999768815,0.6083333333333333
824,8.24,176733.0122766888,0.05683931627210448,0.6055555555555555
825,8.25,183406.4028070524,0.0589855534129549,0.6055555555555555
826,8.26,181421.49940921017,0.05834718624800838,0.6055555555555555
827,8.27,180618.03104632007,0.058088781823138154,0.6027777777777777
828,8.28,183874.2886710693,0.059136030747446715,0.6055555555555555
829,8.29,185139.46245311803,0.05954292480651734,0.6222222222222222
830,8.3,181574.04111746867,0.05839624536995,0.6027777777777777
831,8.31,183106.03150375924,0.05888895063746316,0.5916666666666667
832,8.32,180602.77375282932,0.058083874906659984,0.6
833,8.33,179891.0962508116,0.057854991450763255,0.5944444444444444
834,8.34,183049.75524400183,0.058870851561994716,0.5916666666666667
835,8.35,179744.5675411218,0.057807866176510805,0.5916666666666667
836,8.36,181579.2090271755,0.058397907427595645,0.5805555555555556
837,8.37,180682.46449562468,0.05810950434213078,0.5916666666666667
838,8.38,182710.1753894057,0.058761638877242825,0.5944444444444444
839,8.39,174001.27557617688,0.055960759152003874,0.5888888888888889
840,8.4,191593.98893035905,0.06161877281646475,0.5833333333333334
841,8.41,177019.2825080792,0.05693138398493118,0.5527777777777778
842,8.42,178190.93854944553,0.05730820169113924,0.5888888888888889
843,8.43,182479.1743902997,0.05868734636856991,0.5805555555555556
844,8.44,184361.89033294105,0.05929284890335831,0.5833333333333334
845,8.45,202641.9502251983,0.06517192091318944,0.5722222222222222
846,8.46,198067.6608611194,0.06370077821870541,0.5777777777777777
847,8.47,185496.93552040897,0.05965789214888742,0.6027777777777777
848,8.48,188310.0607100469,0.06056262471869461,0.5888888888888889
849,8.49,189256.85081488898,0.0608671230210727,0.5944444444444444
850,8.5,186610.2628383637,0.06001595068432693,0.6083333333333333
851,8.51,175687.5017926299,0.05650306839003823,0.6138888888888889
852,8.52,177050.69335739265,0.05694148606589219,0.6166666666666667
853,8.53,199719.81443656364,0.06423212931375576,0.5972222222222222
854,8.54,179207.15984234068,0.05763502984126936,0.5833333333333334
855,8.55,187347.74836672627,0.06025313429056272,0.5888888888888889
856,8.56,190977.08710271306,0.06142037027899477,0.5666666666666667
857,8.57,176212.3993438606,0.056671881321705725,0.575
858,8.58,177637.98002544345,0.057130364036327444,0.575
859,8.59,176746.05880457355,0.05684351218160175,0.5722222222222222
860,8.6,179172.07949963122,0.05762374761013149,0.5833333333333334
861,8.61,180673.9135943865,0.058106754276516966,0.5638888888888889
862,8.62,180019.4974586739,0.057896286717388265,0.55
863,8.63,181255.8938541688,0.05829392564661786,0.5638888888888889
864,8.64,174592.48942724153,0.056150900148483375,0.575
865,8.65,179074.14798450583,0.05759225173797093,0.5555555555555556
866,8.66,178671.17467274328,0.05746265100734664,0.5416666666666666
867,8.67,181865.852157518,0.05849009506890205,0.5472222222222223
868,8.68,183176.0875321437,0.05891148144086438,0.5611111111111111
869,8.69,174179.16756257566,0.056017971207334906,0.5416666666666666
870,8.7,185142.53135986655,0.059543911801301405,0.5555555555555556
871,8.71,182555.38687914278,0.05871185715861096,0.5444444444444444
872,8.72,193773.70657290865,0.06231979442455457,0.5638888888888889
873,8.73,192918.30722938152,0.06204468841465094,0.55
874,8.74,186628.9142143785,0.060021949175760744,0.5444444444444444
875,8.75,188074.39229456818,0.06048683111663814,0.5555555555555556
876,8.76,185443.1665776735,0.05964059945465679,0.5666666666666667
877,8.77,175785.0074911973,0.056534427314824325,0.5555555555555556
878,8.78,183562.34514855253,0.05903570621663633,0.55
879,8.79,184934.53879483542,0.05947701906273629,0.5583333333333333
880,8.8,186177.5921508708,0.059876798945037966,0.5583333333333333
881,8.81,186768.70462458182,0.06006690733742504,0.5527777777777778
882,8.82,186022.4603397072,0.059826906816991245,0.5638888888888889
883,8.83,185278.39659423858,0.05958760758245386,0.5527777777777778
884,8.84,172539.56562519338,0.05549065685967175,0.5527777777777778
885,8.85,185181.32298152772,0.05955638762131886,0.575
886,8.86,183123.3335113951,0.05889451515691251,0.5555555555555556
887,8.87,188898.07644175919,0.06075173716416938,0.5694444444444444
888,8.88,186869.93722879826,0.060099464876811615,0.5444444444444444
889,8.89,186269.8076774332,0.05990645649125391,0.5472222222222223
890,8.9,190026.1576220365,0.06111454070698462,0.5611111111111111
891,8.91,185683.92486391158,0.059718030016159315,0.5583333333333333
892,8.92,184116.02968499792,0.0592137773651817,0.5555555555555556
893,8.93,180937.76652757137,0.05819161233515254,0.5583333333333333
894,8.94,183610.92333947206,0.05905132950694317,0.5444444444444444
895,8.95,181172.8818949094,0.05826722807073246,0.5416666666666666
896,8.96,183474.18489046916,0.05900735289018486,0.5388888888888889
897,8.97,192567.7339095027,0.06193194010833024,0.525
898,8.98,180628.07347558858,0.058092011580872606,0.5333333333333333
899,8.99,179928.52746109784,0.05786702974724506,0.5555555555555556
900,9.0,165606.0745182879,0.05326076846011095,0.5388888888888889
901,9.01,183874.372692653,0.05913605776972912,0.5111111111111111
902,9.02,191433.45174040383,0.0615671422580549,0.5277777777777778
903,9.03,183118.60725704435,0.05889299514057622,0.5361111111111111
904,9.04,185051.01813043494,0.0595144801217089,0.5388888888888889
905,9.05,190180.42842333094,0.06116415592461356,0.5333333333333333
906,9.06,183654.9056445164,0.059065474708875666,0.525
907,9.07,184646.52598721464,0.05938439091787592,0.5361111111111111
908,9.08,187811.25351809166,0.06040220273879899,0.525
909,9.09,184806.3956059807,0.05943580677791411,0.5222222222222223
910,9.1,183446.4519908303,0.058998433679034616,0.5333333333333333
911,9.11,187261.3691408768,0.0602253537640264,0.5194444444444445
912,9.12,190938.13261706507,0.06140784208009496,0.5277777777777778
913,9.13,193362.05595095787,0.06218740297378228,0.5194444444444445
914,9.14,186499.0114545129,0.059980170993193124,0.525
915,9.15,193425.19851473297,0.06220771032952986,0.5194444444444445
916,9.16,187397.41631611684,0.06026910805939985,0.5111111111111111
917,9.17,190124.1434156724,0.061146054035722125,0.525
918,9.18,191556.81462599646,0.06160681714380552,0.5444444444444444
919,9.19,192881.97453770746,0.06203300341405894,0.5166666666666667
920,9.2,195050.9028348817,0.06273055504782842,0.5305555555555556
921,9.21,194914.81296788473,0.06268678702230775,0.5333333333333333
922,9.22,184643.2455701363,0.05938333589900073,0.525
923,9.23,186276.58925377505,0.05990863752216349,0.5305555555555556
924,9.24,194932.61470840374,0.06269251226144966,0.5444444444444444
925,9.25,186609.91038285155,0.06001583733068649,0.5361111111111111
926,9.26,187125.6755963994,0.06018171320026709,0.5333333333333333
927,9.27,185384.97429796174,0.05962188416571036,0.5388888888888889
928,9.28,193488.84384818457,0.062228179381636745,0.5388888888888889
929,9.29,184556.0532610916,0.05935529387580177,0.5444444444444444
930,9.3,193813.91865086125,0.06233272707922538,0.5416666666666666
931,9.31,193716.28867796654,0.06230132818642367,0.5444444444444444
932,9.32,183195.3569770104,0.058917678710163755,0.5416666666666666
933,9.33,191834.9249569316,0.06169626054124964,0.5361111111111111
934,9.34,188190.6588248028,0.06052422373502186,0.5305555555555556
935,9.35,187453.74925265444,0.060287225362755624,0.5416666666666666
936,9.36,189113.7542541117,0.060821101564352796,0.525
937,9.37,193591.68114262068,0.062261253007371536,0.5388888888888889
938,9.38,185316.05870332575,0.05959972013857624,0.5444444444444444
939,9.39,193204.58274860622,0.06213675782810438,0.5333333333333333
940,9.4,182683.97476196737,0.058753212461994705,0.5305555555555556
941,9.41,185166.9978593476,0.05955178050157511,0.5388888888888889
942,9.42,192859.85034675873,0.0620258880264446,0.5416666666666666
943,9.43,193071.75274469607,0.06209403821106501,0.5333333333333333
944,9.44,193213.2613333558,0.0621395489581656,0.5333333333333333
945,9.45,188145.0902578082,0.06050956837347899,0.5333333333333333
946,9.46,184289.76664333316,0.05926965311694849,0.5138888888888888
947,9.47,190591.34532889017,0.06129631140397623,0.5166666666666667
948,9.48,185397.69106321313,0.0596259740198512,0.525
949,9.49,192872.57756740446,0.06202998124315736,0.5333333333333333
950,9.5,180327.3172500832,0.05799528501008603,0.5333333333333333
951,9.51,185020.90519311593,0.05950479546378276,0.5138888888888888
952,9.52,191671.7965694412,0.0616437966246894,0.5444444444444444
953,9.53,184090.67798811416,0.05920562397550849,0.5277777777777778
954,9.54,205625.20963620546,0.06613137055420217,0.5333333333333333
955,9.55,187445.80442233104,0.060284670216336385,0.5333333333333333
956,9.56,194397.26902291854,0.06252033909278007,0.5277777777777778
957,9.57,198978.5770338446,0.0639937390627035,0.5333333333333333
958,9.58,202010.97300538127,0.06496899157194375,0.525
959,9.59,202338.7748036866,0.06507441630187068,0.5277777777777778
960,9.6,196749.98149362125,0.06327699777525776,0.5305555555555556
961,9.61,196419.4923820834,0.06317070877529563,0.5416666666666666
962,9.62,191849.5658677989,0.061700969222172226,0.5138888888888888
963,9.63,203389.6874291477,0.06541240157311935,0.5277777777777778
964,9.64,191209.9018018394,0.06149524609390884,0.5361111111111111
965,9.65,190397.64029121143,0.06123401369423718,0.5333333333333333
966,9.66,200533.4039904166,0.06449378882700352,0.5111111111111111
967,9.67,201593.82421259483,0.06483483184784765,0.5194444444444445
968,9.68,203382.2672084358,0.06541001514702713,0.5222222222222223
969,9.69,194319.86286516723,0.06249544440544827,0.5361111111111111
970,9.7,193666.56930211734,0.06228533787826143,0.5361111111111111
971,9.71,208681.64363209295,0.06711435396131503,0.5166666666666667
972,9.72,198036.45752993773,0.06369074287789993,0.5138888888888888
973,9.73,194108.91136838822,0.06242760004129108,0.5361111111111111
974,9.74,189199.10531244345,0.06084855142069928,0.5194444444444445
975,9.75,202031.12857151925,0.0649754738277691,0.5388888888888889
976,9.76,170783.05390351836,0.05492574301591493,0.5166666666666667
977,9.77,196402.78036650832,0.0631653340039013,0.5305555555555556
978,9.78,193191.68321586584,0.06213260919389197,0.5333333333333333
979,9.79,194976.292973701,0.06270655968079404,0.5361111111111111
980,9.8,190627.0498401771,0.0613077943747197,0.5444444444444444
981,9.81,186487.65193109048,0.05997651764322648,0.5277777777777778
982,9.82,187236.79533905935,0.060217450554119444,0.525
983,9.83,182973.08691651112,0.0588461941691389,0.5277777777777778
984,9.84,172558.10595151834,0.05549661963628149,0.525
985,9.85,183948.0079625948,0.05915973969730501,0.5222222222222223
986,9.86,182934.37030985206,0.05883374247478634,0.5333333333333333
987,9.87,182106.0588624601,0.058567348235681715,0.5333333333333333
988,9.88,182392.73653922102,0.05865954698750322,0.5333333333333333
989,9.89,184608.31877466134,0.05937210305037331,0.5388888888888889
990,9.9,184416.59846246577,0.05931044365057985,0.5472222222222223
991,9.91,188949.08267795702,0.06076814134103341,0.55
992,9.92,183245.21350261362,0.05893371312722304,0.5416666666666666
993,9.93,184939.98539372295,0.05947877074994394,0.5361111111111111
994,9.94,181420.5724481536,0.058346888126950026,0.5388888888888889
995,9.95,188942.22321020297,0.06076593525937323,0.5416666666666666
996,9.96,191217.49569527362,0.0614976883750938,0.5361111111111111
997,9.97,192674.07059169575,0.06196613917636306,0.5277777777777778
998,9.98,179939.54025854784,0.05787057158625542,0.5222222222222223
999,9.99,184944.73253032475,0.059480297482246085,0.5305555555555556
1000,10.0,189420.21030604956,0.06091966126316179,0.5361111111111111
1001,10.01,190277.2037121461,0.06119527994144227,0.5388888888888889
1002,10.02,182967.44366910253,0.05884437923756428,0.5361111111111111
1003,10.03,193343.52686382792,0.062181443811823535,0.5361111111111111
1004,10.04,184805.60646791843,0.059435552982274424,0.5361111111111111
1005,10.05,184880.6091204494,0.05945967467540655,0.5361111111111111
1006,10.06,192985.624925241,0.06206633853964103,0.5444444444444444
1007,10.07,181647.7494984795,0.058419950810864575,0.5361111111111111
1008,10.08,190874.2513198654,0.061387297139403746,0.5555555555555556
1009,10.09,191663.21391230143,0.061641036346021943,0.5416666666666666
1010,10.1,191896.69012676983,0.06171612491167943,0.5416666666666666
1011,10.11,186566.00937529645,0.06000171827493711,0.5472222222222223
1012,10.12,190538.20408319187,0.061279220584143375,0.5444444444444444
1013,10.13,187263.74314554821,0.0602261172705191,0.5305555555555556
1014,10.14,182696.58528133403,0.058757268146268984,0.5388888888888889
1015,10.15,191289.7181241057,0.061520915917144064,0.5444444444444444
1016,10.16,190967.29957422835,0.06141722250020743,0.5583333333333333
1017,10.17,192852.57187937127,0.06202354718980926,0.5555555555555556
1018,10.18,182762.72245361903,0.05877853860165491,0.5388888888888889
1019,10.19,193190.69719760702,0.062132292079375886,0.5472222222222223
1020,10.2,191938.30437038263,0.06172950851853171,0.5416666666666666
1021,10.21,183562.90443188453,0.05903588608842023,0.5444444444444444
1022,10.22,190959.6682374516,0.06141476817682413,0.5527777777777778
1023,10.23,184153.91151478174,0.05922596058594114,0.5416666666666666
1024,10.24,183505.61607957797,0.059017461512651886,0.5444444444444444
1025,10.25,185264.32613481334,0.05958308236510446,0.5472222222222223
1026,10.26,195464.48325149325,0.06286356714217856,0.5444444444444444
1027,10.27,186728.60797955803,0.06005401180727706,0.5555555555555556
1028,10.28,189504.17741139233,0.06094666602472586,0.5388888888888889
1029,10.29,188629.7370095576,0.060665436197198344,0.5305555555555556
1030,10.3,188763.6576738219,0.06070850658282371,0.55
1031,10.31,191460.48867251517,0.06157583763825302,0.55
1032,10.32,194011.3213913482,0.062396214011604216,0.5416666666666666
1033,10.33,189068.95343522416,0.06080669311920045,0.5444444444444444
1034,10.34,195043.68756880172,0.06272823453744145,0.5527777777777778
1035,10.35,186731.7051905268,0.06005500790501538,0.55
1036,10.36,187935.22688001127,0.060442073960574084,0.55
1037,10.37,186774.740681894,0.06006884860106438,0.5611111111111111
1038,10.38,175369.36868555046,0.05640075321950515,0.5583333333333333
1039,10.39,183845.86088260583,0.05912688805226726,0.5666666666666667
1040,10.4,185586.6522942369,0.05968674606823632,0.5777777777777777
1041,10.41,181388.2516745691,0.0583364934041517,0.5638888888888889
1042,10.42,187247.10591806498,0.0602207665518128,0.5638888888888889
1043,10.43,186505.3860869355,0.05998222114638024,0.5666666666666667
1044,10.44,188015.13796369018,0.06046777426014099,0.5888888888888889
1045,10.45,184522.69407029354,0.05934456518639662,0.5666666666666667
1046,10.46,186491.19925296446,0.05997765850167345,0.55
1047,10.47,186741.4552346776,0.06005814362842107,0.5805555555555556
1048,10.48,186377.6400931699,0.059941136603947565,0.5638888888888889
1049,10.49,176022.56887032095,0.05661082971519142,0.5583333333333333
1050,10.5,177985.25246979605,0.05724205074410698,0.5777777777777777
1051,10.51,185996.7662297311,0.05981864330343229,0.575
1052,10.52,186500.5683503791,0.05998067170834193,0.575
1053,10.53,174259.14661721874,0.056043693367125204,0.575
1054,10.54,191068.42136347742,0.06144974440025931,0.6
1055,10.55,187134.86879712887,0.06018466983659148,0.575
1056,10.56,177399.25712192612,0.05705358807670551,0.5722222222222222
1057,10.57,188742.34929544126,0.06070165356966889,0.5944444444444444
1058,10.58,184696.8557064574,0.059400577519309765,0.5944444444444444
1059,10.59,186491.47590995752,0.05997774747766115,0.5861111111111111
1060,10.6,185773.4705093041,0.05974682889868664,0.5888888888888889
1061,10.61,190384.223873734,0.061229698824103895,0.5611111111111111
1062,10.62,189538.10165706192,0.06095757644210666,0.5861111111111111
1063,10.63,190680.0474353336,0.06132483899492934,0.575
1064,10.64,188063.09186775677,0.06048319677280351,0.5944444444444444
1065,10.65,191058.43160310818,0.06144653158143279,0.6
1066,10.66,189514.08410637965,0.06094985212879516,0.5888888888888889
1067,10.67,190028.1495153752,0.06111518132219284,0.5861111111111111
1068,10.68,180687.74527275385,0.05811120269920363,0.575
1069,10.69,187766.0587209579,0.06038766758582984,0.5944444444444444
1070,10.7,189678.54455627492,0.06100274445154477,0.6055555555555555
1071,10.71,189494.88371704804,0.060943677068529344,0.6027777777777777
1072,10.72,180107.55578740305,0.05792460726221773,0.5916666666666667
1073,10.73,181662.9043829363,0.05842482479145038,0.5944444444444444
1074,10.74,191123.6487397909,0.06146750614306402,0.6
1075,10.75,191494.6075898056,0.061586810664207535,0.5888888888888889
1076,10.76,177975.06756742534,0.057238775165427073,0.5944444444444444
1077,10.77,177670.4591424339,0.05714080968413866,0.6
1078,10.78,189852.10861749505,0.06105856459766278,0.5916666666666667
1079,10.79,187959.59535125477,0.06044991113386861,0.5944444444444444
1080,10.8,189636.83822881625,0.06098933122949625,0.5861111111111111
1081,10.81,179019.54384665066,0.05757469043563508,0.5888888888888889
1082,10.82,190041.77341511933,0.06111956292094703,0.5916666666666667
1083,10.83,192102.00338284185,0.061782155954473304,0.5722222222222222
1084,10.84,189936.5937519931,0.06108573596320544,0.5916666666666667
1085,10.85,190694.13808787847,0.06132937070661218,0.5805555555555556
1086,10.86,180378.5919499897,0.05801177552788573,0.5777777777777777
1087,10.87,190765.79216526877,0.06135241546047286,0.575
1088,10.88,188516.45930125497,0.0606290048174247,0.575
1089,10.89,192561.11102640745,0.06192981011494623,0.5805555555555556
1090,10.9,189138.27559497277,0.06082898790222858,0.6027777777777777
1091,10.91,190412.6486971667,0.061238840565696236,0.5888888888888889
1092,10.92,188744.81917658585,0.06070244791110925,0.5972222222222222
1093,10.93,187786.7936015208,0.06039433615566293,0.5833333333333334
1094,10.94,187650.98043732025,0.060350657120860844,0.5972222222222222
1095,10.95,188503.4248380013,0.0606248127880479,0.5833333333333334
1096,10.96,177858.98361459078,0.05720144126598021,0.5833333333333334
1097,10.97,188054.35694266993,0.06048038752305877,0.5861111111111111
1098,10.98,188924.38558899023,0.06076019848059834,0.5777777777777777
1099,10.99,191886.56761551666,0.06171286939868174,0.5777777777777777
1100,11.0,188467.3805181206,0.060613220531054605,0.5638888888888889
1101,11.01,189329.8378278866,0.06089059646195444,0.5777777777777777
1102,11.02,189690.7920219073,0.06100668337367168,0.5611111111111111
1103,11.03,187747.99720936417,0.0603818588014007,0.5861111111111111
1104,11.04,187872.89686833927,0.060422027930683964,0.5944444444444444
1105,11.05,190357.00066948673,0.061220943536700496,0.5805555555555556
1106,11.06,181974.12700067397,0.0585249174712092,0.5888888888888889
1107,11.07,190390.01750963813,0.06123156212230313,0.5972222222222222
1108,11.08,179640.1167780269,0.05777427364118345,0.5861111111111111
1109,11.09,189666.29250107138,0.060998804053360375,0.5888888888888889
1110,11.1,195411.32775608698,0.06284647173948,0.5805555555555556
1111,11.11,182060.86730020205,0.058552814123084836,0.5861111111111111
1112,11.12,191901.8589637941,0.06171778726756074,0.5861111111111111
1113,11.13,189603.4313140319,0.06097858719152258,0.5916666666666667
1114,11.14,197634.97995032195,0.06356162319148721,0.5833333333333334
1115,11.15,196039.9205780731,0.06304863423167648,0.575
1116,11.16,190911.0232065151,0.06139912339001917,0.575
1117,11.17,197019.58723334395,0.06336370600091107,0.5861111111111111
1118,11.18,197862.24919356796,0.06363471552567748,0.5777777777777777
1119,11.19,188257.89201503384,0.06054584668205532,0.5722222222222222
1120,11.2,197637.15662912792,0.06356232323577142,0.5805555555555556
1121,11.21,186086.86862904183,0.05984762124425571,0.5555555555555556
1122,11.22,189511.10380199942,0.06094889362952514,0.5777777777777777
1123,11.23,190312.2539503291,0.06120655249062723,0.5722222222222222
1124,11.24,189858.9734024166,0.06106077238938358,0.5777777777777777
1125,11.25,189897.99935876302,0.06107332357406051,0.5583333333333333
1126,11.26,190487.064331963,0.061262773467349915,0.5555555555555556
1127,11.27,189432.2584492207,0.06092353608095262,0.5722222222222222
1128,11.28,188116.43447561812,0.06050035235296339,0.5722222222222222
1129,11.29,191045.31026223427,0.06144231161124025,0.5666666666666667
1130,11.3,181638.6231352357,0.058417015670224205,0.55
1131,11.31,190812.5579163109,0.061367455849814644,0.5722222222222222
1132,11.32,189040.70223093664,0.06079760721546984,0.5805555555555556
1133,11.33,191009.8803549546,0.06143091695622125,0.575
1134,11.34,191673.93523641085,0.061644484443941286,0.5777777777777777
1135,11.35,180239.02433175503,0.05796688901861396,0.5666666666666667
1136,11.36,190518.6014499864,0.06127291615774234,0.5722222222222222
1137,11.37,192174.49909193264,0.06180547138651568,0.5694444444444444
1138,11.38,190536.48735691453,0.06127866846574414,0.5638888888888889
1139,11.39,189779.11273044418,0.06103508830278613,0.5638888888888889
1140,11.4,189215.87781052667,0.06085394564394566,0.5555555555555556
1141,11.41,187065.7546319411,0.060162441946943784,0.575
1142,11.42,196020.61529054446,0.06304242543497557,0.5694444444444444
1143,11.43,191137.58317207082,0.06147198761255989,0.575
1144,11.44,195463.80812419258,0.0628633500136768,0.5833333333333334
1145,11.45,175284.62539826296,0.056373498829133915,0.5777777777777777
1146,11.46,185659.95071780783,0.05971031966224643,0.5833333333333334
1147,11.47,190696.77928965792,0.06133022014668762,0.5916666666666667
1148,11.48,179211.63058129558,0.05763646768099242,0.575
1149,11.49,192726.44056948894,0.061982981947798936,0.5694444444444444
1150,11.5,190553.76111948953,0.061284223901265554,0.5833333333333334
1151,11.51,187774.8556015935,0.060390496761172995,0.5861111111111111
1152,11.52,191655.22746243692,0.061638467814292115,0.5972222222222222
1153,11.53,182617.95530470478,0.058731979865078485,0.5833333333333334
1154,11.54,188976.05159993874,0.060776814848412075,0.5944444444444444
1155,11.55,189279.7762353141,0.06087449609306094,0.5972222222222222
1156,11.56,183177.9099739026,0.058912067558546576,0.5916666666666667
1157,11.57,188091.91862079225,0.06049246777945798,0.6027777777777777
1158,11.58,198514.98562389566,0.06384464287274062,0.5694444444444444
1159,11.59,191299.16193882792,0.06152395315373555,0.5861111111111111
1160,11.6,198694.0563830473,0.06390223403459198,0.5944444444444444
1161,11.61,203655.32031946882,0.06549783208590661,0.5888888888888889
1162,11.62,189350.42579793395,0.060897217783720224,0.5888888888888889
1163,11.63,191301.4356923143,0.06152468441832428,0.5861111111111111
1164,11.64,190489.85091672724,0.06126366966422164,0.5944444444444444
1165,11.65,192608.59204031495,0.06194508054083691,0.5805555555555556
1166,11.66,182683.96759675856,0.0587532101575833,0.5805555555555556
1167,11.67,194480.6874784778,0.06254716740242852,0.6027777777777777
1168,11.68,192043.69274650692,0.06176340260071119,0.5861111111111111
1169,11.69,199144.97555801424,0.06404725469184744,0.5722222222222222
1170,11.7,189839.18852267752,0.06105440935045606,0.5777777777777777
1171,11.71,191028.89050076026,0.06143703083203827,0.5833333333333334
1172,11.72,193885.35498504562,0.06235570180443217,0.6027777777777777
1173,11.73,190043.4885921405,0.06112011454108812,0.5722222222222222
1174,11.74,186292.59205064247,0.059913784200877715,0.5944444444444444
1175,11.75,180026.06229814762,0.057898398043293456,0.5777777777777777
1176,11.76,181633.76386807606,0.05841545287547873,0.5888888888888889
1177,11.77,194713.7523351562,0.06262212367081327,0.5805555555555556
1178,11.78,201308.60352536658,0.06474310168017906,0.5833333333333334
1179,11.79,177708.30566937543,0.05715298155110862,0.5777777777777777
1180,11.8,187588.36552695063,0.06033051946435853,0.5972222222222222
1181,11.81,186216.94493616364,0.05988945524156476,0.6055555555555555
1182,11.82,190915.9100620837,0.061400695057505984,0.5805555555555556
1183,11.83,184433.16254560108,0.0593157708452446,0.5972222222222222
1184,11.84,189058.85647577385,0.06080344582394876,0.6055555555555555
1185,11.85,191955.05051094235,0.06173489426490332,0.6055555555555555
1186,11.86,179416.62889132107,0.057702397433610136,0.5888888888888889
1187,11.87,187146.1868083018,0.06018830983575373,0.5944444444444444
1188,11.88,190115.09000377633,0.06114314235705228,0.6055555555555555
1189,11.89,179298.5555636461,0.05766442372893232,0.5916666666666667
1190,11.9,187336.50853275706,0.06024951943406481,0.5861111111111111
1191,11.91,187571.83538864795,0.06032520318673216,0.6
1192,11.92,186517.35427740248,0.059986070250485884,0.5888888888888889
1193,11.93,188084.37499508512,0.06049004166493708,0.575
1194,11.94,186865.68026083443,0.060098095788233656,0.5444444444444444
1195,11.95,187935.62192991987,0.06044220101304951,0.575
1196,11.96,184823.24190007418,0.05944122473478394,0.5861111111111111
1197,11.97,178640.66899460906,0.057452840039575376,0.5666666666666667
1198,11.98,183353.23897241813,0.05896845532826723,0.5583333333333333
1199,11.99,184753.70864058667,0.059418862059715326,0.5722222222222222
1200,12.0,185940.832074831,0.05980065425271775,0.5666666666666667
1201,12.01,186449.79463366556,0.05996434231234843,0.5777777777777777
1202,12.02,186881.21383460105,0.06010309155954307,0.5666666666666667
1203,12.03,190229.88866565414,0.06118006289253136,0.5694444444444444
1204,12.04,188345.429131809,0.060573999599282474,0.5861111111111111
1205,12.05,186931.45577450935,0.06011924993015976,0.6
1206,12.06,185965.43325753827,0.059808566268625546,0.6027777777777777
1207,12.07,188673.51874262132,0.06067951689293533,0.5972222222222222
1208,12.08,179720.97058097544,0.057800277129826536,0.5833333333333334
1209,12.09,188941.0336239369,0.06076555267510593,0.5777777777777777
1210,12.1,177748.36040097874,0.05716586360143111,0.5972222222222222
1211,12.11,184608.5943801259,0.05937219168817767,0.5777777777777777
1212,12.12,186995.07304993845,0.06013970995849235,0.6027777777777777
1213,12.13,192240.9890463751,0.06182685530059482,0.5805555555555556
1214,12.14,186750.89482902296,0.060061179507692096,0.5861111111111111
1215,12.15,185671.87512511364,0.05971415468519704,0.6
1216,12.16,187585.87311526478,0.060329717876843734,0.5833333333333334
1217,12.17,187922.7135768967,0.06043804954213536,0.5861111111111111
1218,12.18,188160.2531249078,0.06051444492137213,0.5861111111111111
1219,12.19,187681.2322957459,0.06036038645737089,0.5805555555555556
1220,12.2,187430.9801031696,0.06027990254925212,0.5833333333333334
1221,12.21,188557.54357594444,0.06064221798033525,0.6027777777777777
1222,12.22,187426.59518390195,0.06027849231010171,0.5916666666666667
1223,12.23,185319.03576056386,0.05960067759352899,0.5972222222222222
1224,12.24,185242.78647409636,0.059576154968959766,0.5833333333333334
1225,12.25,178510.47184302364,0.05741096717733329,0.5972222222222222
1226,12.26,187063.8931708316,0.0601618432802014,0.5916666666666667
1227,12.27,187260.274068871,0.060225001576603814,0.575
1228,12.28,191565.3633939365,0.061609566523326754,0.5611111111111111
1229,12.29,188364.94767015727,0.06058027697983552,0.575
1230,12.3,187906.36391762967,0.060432791308588335,0.5861111111111111
1231,12.31,183461.1197899405,0.059003151007517275,0.5916666666666667
1232,12.32,187168.8627854236,0.0601956026839817,0.5888888888888889
1233,12.33,188308.95948169692,0.06056227055132279,0.5861111111111111
1234,12.34,187094.93456637693,0.06017182654069247,0.5833333333333334
1235,12.35,186787.95726585455,0.060073099202500375,0.5805555555555556
1236,12.36,178083.46118244444,0.05727363576609574,0.5888888888888889
1237,12.37,189013.55708036403,0.06078887703100246,0.5861111111111111
1238,12.38,191185.77334914025,0.06148748611326653,0.5916666666666667
1239,12.39,187797.8623983176,0.060397896004690456,0.5944444444444444
1240,12.4,188657.18814339588,0.060674264789311164,0.5944444444444444
1241,12.41,177264.17779995318,0.05701014505378334,0.5861111111111111
1242,12.42,185192.12229342206,0.059559860800983355,0.5888888888888889
1243,12.43,176178.97638043878,0.056661132122310484,0.5888888888888889
1244,12.44,186448.5831603974,0.05996395268897611,0.5888888888888889
1245,12.45,177336.39583511217,0.057033371182779125,0.5805555555555556
1246,12.46,191055.2213413394,0.061445499125290945,0.5694444444444444
1247,12.47,186423.37172925012,0.05995584441033483,0.5722222222222222
1248,12.48,180605.4217031447,0.05808472651714017,0.5638888888888889
1249,12.49,182489.05344842598,0.05869052358431515,0.5833333333333334
1250,12.5,184259.16808078843,0.059259812276510435,0.575
1251,12.51,191725.3912682772,0.06166103328013031,0.5666666666666667
1252,12.52,184163.93961389124,0.05922918573493594,0.5916666666666667
1253,12.53,177363.51624674513,0.05704209341092642,0.575
1254,12.54,190209.28410194692,0.061173436234058694,0.5833333333333334
1255,12.55,182403.0869989007,0.058662875811268035,0.5777777777777777
1256,12.56,175861.38244169834,0.05655899035435425,0.575
1257,12.57,185419.7479746662,0.05963306776962617,0.5777777777777777
1258,12.58,183874.82974729806,0.05913620476362229,0.575
1259,12.59,185843.4561959766,0.05976933707940542,0.5694444444444444
1260,12.6,184006.69457878915,0.059178613970401125,0.575
1261,12.61,186367.29771773296,0.05993781038016575,0.5722222222222222
1262,12.62,174875.19253022,0.05624182063285865,0.5694444444444444
1263,12.63,192993.17025586677,0.06206876520248286,0.5638888888888889
1264,12.64,186942.96496374346,0.060122951414327816,0.5694444444444444
1265,12.65,185450.5830716961,0.05964298468220399,0.5666666666666667
1266,12.66,174944.678403026,0.05626416806783972,0.5583333333333333
1267,12.67,179670.30018910355,0.057783980964259414,0.5527777777777778
1268,12.68,183165.72653667798,0.05890814922867277,0.5694444444444444
1269,12.69,171529.08261019076,0.055165674203984286,0.5638888888888889
1270,12.7,183321.16742507173,0.058958140759418576,0.5694444444444444
1271,12.71,184464.58486367506,0.05932587661468745,0.5555555555555556
1272,12.72,182346.95504006886,0.058644823144593516,0.5472222222222223
1273,12.73,189385.55993718177,0.06090851731642739,0.5444444444444444
1274,12.74,188141.35491564713,0.06050836704560175,0.5555555555555556
1275,12.75,184434.88240322977,0.0593163239707215,0.5611111111111111
1276,12.76,191355.7188924575,0.061542142503497245,0.5527777777777778
1277,12.77,180944.78232727174,0.05819386869491766,0.5638888888888889
1278,12.78,182549.76455727094,0.05871004895692333,0.5472222222222223
1279,12.79,184646.75508135534,0.05938446459711757,0.5527777777777778
1280,12.8,183098.41207367633,0.05888650014340596,0.5444444444444444
1281,12.81,182759.82567871345,0.05877760696639951,0.5416666666666666
1282,12.82,176638.62011999803,0.05680895869725958,0.55
1283,12.83,175873.03333573104,0.056562737412372714,0.5805555555555556
1284,12.84,191737.36207456942,0.061664883225514645,0.5694444444444444
1285,12.85,185740.5988827025,0.0597362570153881,0.5333333333333333
1286,12.86,184607.92153083868,0.05937197529231056,0.5277777777777778
1287,12.87,174320.1300787095,0.05606330633139481,0.5305555555555556
1288,12.88,174200.28792756543,0.05602476375327734,0.5388888888888889
1289,12.89,175268.1165661845,0.0563681894038279,0.5555555555555556
1290,12.9,188233.49191644933,0.06053799933705368,0.5444444444444444
1291,12.91,183097.1539927153,0.05888609553047757,0.5388888888888889
1292,12.92,183325.28994393858,0.05895946660766103,0.5361111111111111
1293,12.93,191933.40501463079,0.061727932830845975,0.5472222222222223
1294,12.94,189599.45661350118,0.06097730888331268,0.5416666666666666
1295,12.95,185839.28862375318,0.059767996741498866,0.5444444444444444
1296,12.96,193992.56770894772,0.06239018261729086,0.5527777777777778
1297,12.97,188374.56077134388,0.06058336866085008,0.5777777777777777
1298,12.98,182685.89913831488,0.058753831362982324,0.5583333333333333
1299,12.99,193360.28058693663,0.06218683199682782,0.5388888888888889
1300,13.0,189464.51685441777,0.06093391074537897,0.5222222222222223
1301,13.01,179855.0508017622,0.057843398830616656,0.5472222222222223
1302,13.02,169845.63133548183,0.05462425741829596,0.5583333333333333
1303,13.03,169673.079362259,0.054568762771013926,0.5388888888888889
1304,13.04,178330.89368307078,0.05735321282970104,0.5361111111111111
1305,13.05,183954.1458423308,0.059161713708176314,0.5416666666666666
1306,13.06,182796.17263130346,0.05878929655346182,0.5527777777777778
1307,13.07,182991.14127061045,0.058852000651637676,0.5722222222222222
1308,13.08,182503.9980384662,0.05869532993186115,0.5527777777777778
1309,13.09,191298.66851649573,0.06152379446358687,0.5527777777777778
1310,13.1,188124.09155059856,0.060502814954041285,0.5666666666666667
1311,13.11,188250.9236205351,0.060543605568334005,0.5472222222222223
1312,13.12,183546.79816876227,0.05903070613379956,0.5388888888888889
1313,13.13,188369.00205449428,0.06058158091525003,0.5333333333333333
1314,13.14,188649.11120563612,0.060671667155660705,0.5388888888888889
1315,13.15,189455.8761290814,0.06093113179132909,0.5444444444444444
1316,13.16,189881.50974454204,0.06106802032943272,0.5555555555555556
1317,13.17,180447.71192742328,0.05803400528681678,0.5472222222222223
1318,13.18,188252.49935173,0.060544112341135485,0.5555555555555556
1319,13.19,190649.8981625934,0.061315142651124754,0.575
1320,13.2,188832.49491737952,0.060730645411373435,0.5416666666666666
1321,13.21,193880.0080873798,0.06235398218225414,0.5416666666666666
1322,13.22,188784.73538120682,0.06071528540960264,0.55
1323,13.23,185995.03083158782,0.05981808517995184,0.5388888888888889
1324,13.24,190792.73660392093,0.061361081093738515,0.5361111111111111
1325,13.25,190356.73759607875,0.061220858929345895,0.5388888888888889
1326,13.26,190375.52123182177,0.061226899956989704,0.5305555555555556
1327,13.27,189554.17836161208,0.06096274689035947,0.5055555555555555
1328,13.28,188714.98116067259,0.060692851670986495,0.5166666666666667
1329,13.29,188263.1117985014,0.06054752542288344,0.5
1330,13.3,188674.26689307592,0.0606797575065013,0.5138888888888888
1331,13.31,183204.88577652007,0.05892074327881477,0.5305555555555556
1332,13.32,175082.40383550676,0.05630846210953937,0.5305555555555556
1333,13.33,176984.8840212576,0.05692032104628407,0.5305555555555556
1334,13.34,183921.24947474286,0.05915113386789946,0.5388888888888889
1335,13.35,175629.5959001261,0.0564844452064256,0.5333333333333333
1336,13.36,183193.4897317495,0.05891707818317349,0.5416666666666666
1337,13.37,181727.57652156925,0.05844562407560447,0.5388888888888889
1338,13.38,184475.62779798344,0.05932942814604903,0.5305555555555556
1339,13.39,182958.4423594548,0.058841484315561084,0.5472222222222223
1340,13.4,182610.32137888903,0.058729524709031235,0.55
1341,13.41,183575.67921449893,0.059039994601594835,0.5388888888888889
1342,13.42,182795.58015107788,0.05878910600518511,0.5388888888888889
1343,13.43,185589.61160860368,0.0596876978168829,0.5333333333333333
1344,13.44,175974.09401174998,0.05659523965772527,0.525
1345,13.45,183923.7805538684,0.05915194789129596,0.5333333333333333
1346,13.46,178228.03729872953,0.05732013306443893,0.5416666666666666
1347,13.47,175324.7331157549,0.05638639792031168,0.5333333333333333
1348,13.48,184270.6395640271,0.059263501634008016,0.5388888888888889
1349,13.49,182712.82539478855,0.05876249114865573,0.5361111111111111
1350,13.5,181700.14499305276,0.05843680178878272,0.5361111111111111
1351,13.51,183836.55509657506,0.05912389520724895,0.5111111111111111
1352,13.52,182119.11618840095,0.05857154761795478,0.5416666666666666
1353,13.53,174495.32861146212,0.056119652141864804,0.5083333333333333
1354,13.54,195131.35043301756,0.06275642789645398,0.5222222222222223
1355,13.55,185540.07326307843,0.05967176573010051,0.525
1356,13.56,192343.10951144708,0.061859698385977165,0.5
1357,13.57,187529.939864542,0.06031172911692274,0.5027777777777778
1358,13.58,186449.92604591354,0.059964384575999286,0.5166666666666667
1359,13.59,186903.617880949,0.060110296951788364,0.5194444444444445
1360,13.6,189089.5654042705,0.06081332215931312,0.5111111111111111
1361,13.61,185357.5098833466,0.05961305130235094,0.525
1362,13.62,186451.41534656484,0.05996486355176987,0.5277777777777778
1363,13.63,173748.9486269541,0.05587960797890898,0.5277777777777778
1364,13.64,176535.2118522251,0.0567757014401044,0.5277777777777778
1365,13.65,186426.99212148186,0.059957008769027285,0.5083333333333333
1366,13.66,190631.4754110861,0.0613092176878933,0.5111111111111111
1367,13.67,174890.19209906118,0.05624664466220284,0.5138888888888888
1368,13.68,187400.10433801543,0.06026997255735002,0.525
1369,13.69,192152.73791106613,0.061798472747009725,0.5111111111111111
1370,13.7,191682.86076218134,0.06164735499300074,0.49722222222222223
1371,13.71,189439.22516762654,0.06092577665562368,0.5166666666666667
1372,13.72,184794.69310765897,0.0594320431233783,0.5222222222222223
1373,13.73,185247.9144132707,0.05957780417163446,0.5166666666666667
1374,13.74,187058.1051806008,0.06015998179771395,0.49722222222222223
1375,13.75,186888.24089022411,0.06010535153933901,0.5
1376,13.76,207982.26045640328,0.06688942449846981,0.5083333333333333
1377,13.77,185692.43820571576,0.059720768002238474,0.5194444444444445
1378,13.78,201566.34799367888,0.06482599518809287,0.5194444444444445
1379,13.79,197001.55601622318,0.06335790695952374,0.49444444444444446
1380,13.8,199819.39167186187,0.06426415446795704,0.5027777777777778
1381,13.81,196320.47371472247,0.0631388632627993,0.5138888888888888
1382,13.82,177010.76154357594,0.056928643547306625,0.5083333333333333
1383,13.83,194423.2974576183,0.0625287101289148,0.5111111111111111
1384,13.84,189690.2217335042,0.06100649996253364,0.49444444444444446
1385,13.85,195649.58840076588,0.0629230990314819,0.5055555555555555
1386,13.86,200078.93904917839,0.06434762781160035,0.4888888888888889
1387,13.87,204454.82811120275,0.06575496274673205,0.5083333333333333
1388,13.88,189357.3851402035,0.06089945598614324,0.4861111111111111
1389,13.89,190653.44439806283,0.061316283160171854,0.5
1390,13.9,194370.59267655673,0.06251175968099779,0.49722222222222223
1391,13.91,204630.91042065268,0.06581159278968678,0.5083333333333333
1392,13.92,210090.24317935007,0.06756737535293793,0.4777777777777778
1393,13.93,211260.73452473464,0.06794381847987291,0.4861111111111111
1394,13.94,192142.92883926185,0.06179531803964953,0.46944444444444444
1395,13.95,197116.35323232927,0.06339482703002645,0.49722222222222223
1396,13.96,204505.85695700883,0.06577137419509933,0.49444444444444446
1397,13.97,175365.2231030106,0.05639941995372712,0.4861111111111111
1398,13.98,201103.76044202168,0.06467722185020047,0.48333333333333334
1399,13.99,203356.74234291085,0.06540180606437933,0.475
1400,14.0,176457.8535779101,0.05675082215262205,0.48333333333333334
1401,14.01,197827.0236588353,0.06362338659915871,0.4777777777777778
1402,14.02,187109.26538538802,0.06017643549260087,0.4888888888888889
1403,14.03,197755.1977989492,0.0636002865981233,0.46944444444444444
1404,14.04,207720.25931728602,0.06680516199754769,0.44166666666666665
1405,14.05,197793.47400915276,0.06361259665604306,0.4388888888888889
1406,14.06,203126.2035181903,0.06532766219616541,0.4444444444444444
1407,14.07,197642.70680065406,0.06356410823309974,0.4527777777777778
1408,14.08,200549.07537827923,0.0644988289208698,0.45555555555555555
1409,14.09,200644.81114193724,0.06452961861476463,0.4527777777777778
1410,14.1,185398.81736625367,0.05962633625152436,0.475
1411,14.11,197322.48673928293,0.0634611218746912,0.475
1412,14.12,190108.50459586305,0.06114102441610655,0.46944444444444444
1413,14.13,192032.7206912177,0.061759873864836064,0.4527777777777778
1414,14.14,199528.31588799763,0.06417054123562946,0.45555555555555555
1415,14.15,191991.1511890949,0.0617465046473481,0.4666666666666667
1416,14.16,196386.94196359543,0.06316024019612418,0.46944444444444444
1417,14.17,205079.9149168677,0.06595599766480999,0.4638888888888889
1418,14.18,193229.6508946594,0.06214482002465451,0.45555555555555555
1419,14.19,189388.53793716783,0.060909475074578424,0.43333333333333335
1420,14.2,193628.34058273557,0.0622730430939219,0.4444444444444444
1421,14.21,201156.79512519835,0.06469427839833279,0.45
1422,14.22,192474.76155820748,0.06190203915880329,0.4444444444444444
1423,14.23,195910.26922171703,0.0630069369032934,0.4722222222222222
1424,14.24,207518.2381676963,0.06674018973307223,0.46111111111111114
1425,14.25,183740.9066505291,0.059093133595676174,0.4666666666666667
1426,14.26,198825.07386809867,0.06394437072526499,0.44166666666666665
1427,14.27,199842.96816865267,0.06427173693339695,0.4583333333333333
1428,14.28,190133.30286436033,0.0611489998170119,0.45
1429,14.29,195920.6928159638,0.06301028924795415,0.4583333333333333
1430,14.3,189186.84445884373,0.06084460819285213,0.4583333333333333
1431,14.31,186011.62598322742,0.059823422366595554,0.4388888888888889
1432,14.32,195587.45187068495,0.06290311522743859,0.45555555555555555
1433,14.33,186790.83911157053,0.06007402603636117,0.4777777777777778
1434,14.34,192171.67056851182,0.06180456170170226,0.4305555555555556
1435,14.35,190134.26753302923,0.06114931006526073,0.43333333333333335
1436,14.36,187708.5296576623,0.060369165594711297,0.44722222222222224
1437,14.37,194956.33817790088,0.06270014199495813,0.4444444444444444
1438,14.38,186758.50420093842,0.060063626766929994,0.4527777777777778
1439,14.39,198613.5776137702,0.06387635116097826,0.4305555555555556
1440,14.4,197958.2156852015,0.06366557942427353,0.4388888888888889
1441,14.41,195486.09772986546,0.06287051860051919,0.44166666666666665
1442,14.42,198575.44157281364,0.06386408618305832,0.4444444444444444
1443,14.43,185059.12411580133,0.059517087097395005,0.4388888888888889
1444,14.44,189155.16134674722,0.06083441854913057,0.44166666666666665
1445,14.45,205846.04145917896,0.06620239254192954,0.44722222222222224
1446,14.46,211761.71389433494,0.06810493905642898,0.4583333333333333
1447,14.47,196553.12118443372,0.06321368529486042,0.46944444444444444
1448,14.48,196101.30021450986,0.06306837461024613,0.4583333333333333
1449,14.49,187287.95472692992,0.060233903986276816,0.4722222222222222
1450,14.5,195873.83153247327,0.06299521813430696,0.4777777777777778
1451,14.51,186690.2302563246,0.06004166910162989,0.48055555555555557
1452,14.52,187370.12705322832,0.06026033152679753,0.4666666666666667
1453,14.53,192424.23451088078,0.06188578909444744,0.46944444444444444
1454,14.54,187331.4777525768,0.06024790147881085,0.4583333333333333
1455,14.55,198800.40276910845,0.06393643622349747,0.44722222222222224
1456,14.56,211708.94036458188,0.06808796649816277,0.44722222222222224
1457,14.57,188730.46510807954,0.06069783148190278,0.45555555555555555
1458,14.58,196879.71828028772,0.06331872257898553,0.4583333333333333
1459,14.59,183713.54653941037,0.05908433427748947,0.4583333333333333
1460,14.6,191535.30939702175,0.06159990082129479,0.4638888888888889
1461,14.61,195102.74944690114,0.06274722949896941,0.4527777777777778
1462,14.62,194304.16843963048,0.062490396902407944,0.45
1463,14.63,181484.08078678919,0.058367313119989654,0.41388888888888886
1464,14.64,207414.54838454607,0.06670684193741855,0.45555555555555555
1465,14.65,184201.25672357305,0.05924118733538535,0.45555555555555555
1466,14.66,191345.94127480974,0.06153899791214609,0.45555555555555555
1467,14.67,200049.255689575,0.06433808131067908,0.4222222222222222
1468,14.68,194418.64646230417,0.06252721431672761,0.41388888888888886
1469,14.69,173059.89770984012,0.05565800148614967,0.4305555555555556
1470,14.7,214679.55348218878,0.06904334894957131,0.4388888888888889
1471,14.71,212828.763186354,0.06844811406038377,0.475
1472,14.72,207659.18559443296,0.06678552000421298,0.4722222222222222
1473,14.73,211362.2313517589,0.06797646099627395,0.46944444444444444
1474,14.74,195391.13446785635,0.06283997735180717,0.475
1475,14.75,189039.67422515337,0.06079727659729561,0.4722222222222222
1476,14.76,203465.8386352567,0.0654368926539467,0.48333333333333334
1477,14.77,211328.56366983248,0.06796563309266662,0.46111111111111114
1478,14.78,172332.88306771638,0.05542418543420896,0.48055555555555557
1479,14.79,198201.1817145075,0.06374372002067485,0.4638888888888889
1480,14.8,187177.03928362858,0.06019823233738648,0.45555555555555555
1481,14.81,174465.6809481237,0.05611011712126218,0.45555555555555555
1482,14.82,211235.00190670454,0.06793554258169249,0.48333333333333334
1483,14.83,205505.24441654692,0.06609278839587202,0.45
1484,14.84,208352.43123008104,0.06700847556543642,0.4861111111111111
1485,14.85,211874.42554060067,0.0681411883843113,0.4722222222222222
1486,14.86,198361.51019698364,0.06379528345642177,0.4861111111111111
1487,14.87,199239.07125858607,0.06407751692308399,0.4666666666666667
1488,14.88,209897.16147040666,0.06750527811270184,0.4861111111111111
1489,14.89,197820.99514085095,0.06362144776025165,0.4638888888888889
1490,14.9,206511.34687414908,0.06641636221523442,0.46111111111111114
1491,14.91,202934.06494005586,0.06526586827736115,0.4666666666666667
1492,14.92,211352.48333319064,0.06797332592431829,0.4777777777777778
1493,14.93,200724.3059089308,0.06455518502222252,0.4777777777777778
1494,14.94,203631.6383819107,0.06549021570953492,0.4666666666666667
1495,14.95,202728.18758586477,0.06519965581429392,0.45555555555555555
1496,14.96,207654.4386635236,0.06678399333806383,0.4527777777777778
1497,14.97,212463.32336469356,0.06833058452057568,0.45555555555555555
1498,14.98,204803.0405103307,0.06586695175449545,0.46111111111111114
1499,14.99,213055.28668014047,0.06852096655319499,0.44166666666666665
1500,15.0,211329.3973406331,0.06796590121053375,0.46111111111111114
1501,15.01,190954.88070956705,0.061413228454233054,0.45
1502,15.02,210896.80595706712,0.06782677497627596,0.45
1503,15.03,191818.64343452032,0.061691024221278604,0.4444444444444444
1504,15.04,205583.0024402626,0.06611779624723908,0.4583333333333333
1505,15.05,198457.10922738572,0.06382602917536999,0.44722222222222224
1506,15.06,184984.3664331343,0.05949304418931495,0.46944444444444444
1507,15.07,191099.58551601644,0.0614597671407745,0.46111111111111114
1508,15.08,215901.22743469698,0.06943625297623553,0.44166666666666665
1509,15.09,214054.54879459518,0.06884234044158491,0.43333333333333335
1510,15.1,201671.5047779198,0.06485981478772866,0.45555555555555555
1511,15.11,212669.92028510067,0.06839702840419758,0.4722222222222222
1512,15.12,202064.9675114481,0.0649863568098682,0.4666666666666667
1513,15.13,214475.029205645,0.0689775716514308,0.5
1514,15.14,187193.96802949734,0.06020367681167076,0.49444444444444446
1515,15.15,191835.35361937358,0.06169639840389228,0.48055555555555557
1516,15.16,197799.7588901969,0.06361461794418158,0.4638888888888889
1517,15.17,197745.8934406896,0.0635972942122922,0.4722222222222222
1518,15.18,189588.9855782491,0.06097394128109325,0.4666666666666667
1519,15.19,191474.71847989893,0.061580414103690674,0.475
1520,15.2,194771.24964374572,0.06264061544926267,0.4722222222222222
1521,15.21,195678.27265757235,0.06293232420975307,0.4722222222222222
1522,15.22,189315.22607167746,0.06088589715749647,0.48055555555555557
1523,15.23,194257.1265058962,0.062475267689618946,0.4666666666666667
1524,15.24,197025.51654892863,0.06336561293521527,0.48333333333333334
1525,15.25,195244.03996232932,0.06279267011127618,0.4722222222222222
1526,15.26,186271.93113324646,0.059907139418427534,0.475
1527,15.27,196019.19725017177,0.06304196937730874,0.5
1528,15.28,184519.84503681358,0.05934364890531845,0.5055555555555555
1529,15.29,194376.10663475242,0.06251353303171342,0.5055555555555555
1530,15.3,186632.20544158298,0.06002300767129358,0.5027777777777778
1531,15.31,189645.27081055983,0.060992043242235346,0.49166666666666664
1532,15.32,194982.31175344012,0.06270849538777237,0.5027777777777778
1533,15.33,193331.14161759196,0.06217746057791129,0.4861111111111111
1534,15.34,178932.98001745553,0.057546850538595117,0.475
1535,15.35,191845.7657516778,0.06169974706226392,0.5055555555555555
1536,15.36,196008.6491315631,0.06303857698421846,0.5138888888888888
1537,15.37,190108.56882956275,0.06114104507438383,0.49166666666666664
1538,15.38,189881.87050825145,0.06106813635508245,0.5111111111111111
1539,15.39,189178.4763584319,0.06084191691803155,0.5027777777777778
1540,15.4,201702.7888319283,0.06486987608989943,0.49722222222222223
1541,15.41,200083.63530115742,0.06434913817883786,0.5
1542,15.42,195516.98566419978,0.06288045250616592,0.4888888888888889
1543,15.43,196986.15004908945,0.06335295222793676,0.5083333333333333
1544,15.44,189366.6823065829,0.06090244605898513,0.5055555555555555
1545,15.45,189375.4236341672,0.06090525736784476,0.5083333333333333
1546,15.46,198008.61953190065,0.06368178986592764,0.5027777777777778
1547,15.47,192273.5397536951,0.06183732397265789,0.5083333333333333
1548,15.48,192363.5133247616,0.061866260480875,0.49444444444444446
1549,15.49,189582.36336924962,0.06097181150450599,0.5111111111111111
1550,15.5,197987.54009783405,0.06367501048382854,0.5
1551,15.51,198500.8657094497,0.06384010175010263,0.5083333333333333
1552,15.52,191727.6913738523,0.061661773019845934,0.49444444444444446
1553,15.53,197218.429272694,0.06342765582792534,0.49444444444444446
1554,15.54,197872.08328085678,0.0636378782782977,0.5055555555555555
1555,15.55,191151.32586900538,0.06147640741782112,0.5194444444444445
1556,15.56,181171.08675451853,0.05826665073347603,0.49166666666666664
1557,15.57,190592.22954324068,0.06129659577721513,0.5166666666666667
1558,15.58,190700.00792678882,0.06133125851255174,0.49444444444444446
1559,15.59,192316.9350715271,0.06185128039292826,0.49722222222222223
1560,15.6,194766.47504708753,0.06263907988549881,0.5
1561,15.61,200921.46603605858,0.06461859392742761,0.5
1562,15.62,198705.6266414723,0.06390595515929583,0.5
1563,15.63,189366.02655881725,0.060902235163158895,0.5083333333333333
1564,15.64,197083.05328577268,0.06338411739423293,0.5194444444444445
1565,15.65,191843.07873535063,0.06169888288771679,0.5055555555555555
1566,15.66,192751.5686082213,0.06199106340650554,0.5
1567,15.67,193292.45857737487,0.062165019678902436,0.5027777777777778
1568,15.68,200033.28742114676,0.06433294573669764,0.5111111111111111
1569,15.69,176795.81957058335,0.05685951580130323,0.5027777777777778
1570,15.7,190884.07210705915,0.06139045561456442,0.5083333333333333
1571,15.71,195321.50112166879,0.06281758248773478,0.5083333333333333
1572,15.72,196440.38206074332,0.06317742712993056,0.5361111111111111
1573,15.73,190011.6232550393,0.061109866291764015,0.5222222222222223
1574,15.74,190931.04552415424,0.06140556279163482,0.5138888888888888
1575,15.75,191927.24575393257,0.06172595194361773,0.5083333333333333
1576,15.76,189101.62142566565,0.06081719951082903,0.5222222222222223
1577,15.77,194873.05254431764,0.06267335640234485,0.4888888888888889
1578,15.78,194233.89481061485,0.06246779611620647,0.5138888888888888
1579,15.79,185200.1686060309,0.05956244858524226,0.5138888888888888
1580,15.8,187146.9983423642,0.0601885708341979,0.5222222222222223
1581,15.81,187090.05232730453,0.06017025635792255,0.5277777777777778
1582,15.82,187562.72420091697,0.06032227292670668,0.5333333333333333
1583,15.83,192060.326490286,0.06176875219901923,0.5277777777777778
1584,15.84,190202.4335795211,0.061171233029316284,0.525
1585,15.85,189155.76156199817,0.06083461158507807,0.5194444444444445
1586,15.86,189679.49129708152,0.06100304893399228,0.5111111111111111
1587,15.87,186190.5769505994,0.059880975002068834,0.5027777777777778
1588,15.88,194296.00399413638,0.06248777112528998,0.5305555555555556
1589,15.89,189522.9179262546,0.060952693184211426,0.5222222222222223
1590,15.9,188829.17033955263,0.06072957618990689,0.5111111111111111
1591,15.91,176447.26089422408,0.05674741542690372,0.5055555555555555
1592,15.92,188736.65549518468,0.06069982237973213,0.5138888888888888
1593,15.93,179485.13699374345,0.05772443040668418,0.5138888888888888
1594,15.94,192900.28061573836,0.06203889085379358,0.5138888888888888
1595,15.95,177728.14126408382,0.05715936090053831,0.5138888888888888
1596,15.96,196286.72504506752,0.06312800931263136,0.5111111111111111
1597,15.97,188832.16771096468,0.06073054017812551,0.5
1598,15.98,189664.92604017473,0.060998364584230774,0.5083333333333333
1599,15.99,200806.5218742648,0.06458162659754586,0.5222222222222223
1600,16.0,187725.00939107858,0.060374465661561634,0.5138888888888888
1601,16.01,178739.37826415023,0.05748458604626741,0.5277777777777778
1602,16.02,179952.51192847686,0.057874743420595676,0.5055555555555555
1603,16.03,186994.19962035358,0.060139429053754884,0.5111111111111111
1604,16.04,180543.9983729883,0.05806497208618089,0.5222222222222223
1605,16.05,194117.33422087057,0.062430308924990796,0.5055555555555555
1606,16.06,179433.7340643182,0.05770789864883501,0.5166666666666667
1607,16.07,189696.8260020239,0.06100862396926165,0.525
1608,16.08,190824.50302459806,0.06137129753043272,0.5277777777777778
1609,16.09,189992.1487257766,0.061103603065025824,0.5305555555555556
1610,16.1,176856.895834808,0.05687915861197151,0.525
1611,16.11,190753.86142754598,0.06134857840158924,0.5138888888888888
1612,16.12,203080.98039428578,0.06531311793298951,0.5194444444444445
1613,16.13,180230.27420649838,0.057964074880324366,0.5166666666666667
1614,16.14,175844.56587709318,0.05655358195882084,0.5
1615,16.15,187415.04068001363,0.06027477625223331,0.5083333333333333
1616,16.16,177553.96843063374,0.0571033449664525,0.5
1617,16.17,187619.15981378715,0.06034042325192106,0.5
1618,16.18,198059.03115286096,0.0636980028078712,0.5138888888888888
1619,16.19,187765.96540207078,0.06038763757343051,0.5194444444444445
1620,16.2,186065.26993513884,0.05984067486237719,0.525
1621,16.21,188132.8331255959,0.06050562634247172,0.5083333333333333
1622,16.22,189124.53739491175,0.060824569543212234,0.49722222222222223
1623,16.23,186822.0328802936,0.06008405830177287,0.5055555555555555
1624,16.24,184536.5153744484,0.059349010272620364,0.5111111111111111
1625,16.25,177239.35827899663,0.05700216281784904,0.4861111111111111
1626,16.26,188046.27689664852,0.06047778888975656,0.49166666666666664
1627,16.27,188464.38815326925,0.06061225815300199,0.4888888888888889
1628,16.28,185991.1503871783,0.05981683718556625,0.5027777777777778
1629,16.29,187329.52059081587,0.06024727203366707,0.49166666666666664
1630,16.3,188088.59123376376,0.06049139765452073,0.49444444444444446
1631,16.31,184565.50039586815,0.059358332180159915,0.5083333333333333
1632,16.32,184077.75723440506,0.05920146851639485,0.5055555555555555
1633,16.33,174713.44242242663,0.05618979998648659,0.5
1634,16.34,172641.51562256127,0.055523445120731096,0.48333333333333334
1635,16.35,186031.0462643092,0.059829668146511146,0.5111111111111111
1636,16.36,187068.01020114226,0.060163167363262715,0.49722222222222223
1637,16.37,185342.43822427338,0.05960820408798068,0.5
1638,16.38,176077.47982180797,0.056628489692227786,0.4861111111111111
1639,16.39,185320.956779636,0.05960129541477924,0.4888888888888889
1640,16.4,187230.13220954602,0.060215307617036605,0.5027777777777778
1641,16.41,186801.54209927426,0.06007746823708707,0.49166666666666664
1642,16.42,194323.32978590718,0.06249655940598998,0.5027777777777778
1643,16.43,188338.9549630544,0.060571917434096116,0.5027777777777778
1644,16.44,178476.83596611882,0.057400149502577144,0.5083333333333333
1645,16.45,185890.70164469353,0.05978453174489233,0.49166666666666664
1646,16.46,189218.2232981922,0.060854699979049874,0.5027777777777778
1647,16.47,188343.9858859077,0.06057353543523533,0.49444444444444446
1648,16.48,187948.18027759608,0.06044623991832378,0.5
1649,16.49,184357.31399573476,0.05929137710205483,0.49444444444444446
1650,16.5,187658.56180363512,0.06035309537318391,0.5055555555555555
1651,16.51,176031.10537210628,0.056613575149779924,0.4861111111111111
1652,16.52,186220.73029314284,0.05989067265476772,0.5194444444444445
1653,16.53,178760.4213872808,0.057491353750362774,0.5111111111111111
1654,16.54,188378.34098202456,0.060584584418945785,0.49722222222222223
1655,16.55,189420.7223878666,0.0609198259544098,0.5
1656,16.56,186438.41054763395,0.05996068106277155,0.49444444444444446
1657,16.57,191875.11257320523,0.06170918532877051,0.49444444444444446
1658,16.58,175666.4185418637,0.0564962877804458,0.5027777777777778
1659,16.59,188349.10379488592,0.060575181412086614,0.5166666666666667
1660,16.6,175671.29420176783,0.0564978558472815,0.49444444444444446
1661,16.61,185769.8148840068,0.05974565320864566,0.5027777777777778
1662,16.62,185796.3949562064,0.05975420165757903,0.49166666666666664
1663,16.63,175466.77761233912,0.05643208102140329,0.48333333333333334
1664,16.64,185504.56256907526,0.059660345093166374,0.49722222222222223
1665,16.65,175569.5701885389,0.05646514026525241,0.48055555555555557
1666,16.66,188385.61039380587,0.060586922343196764,0.49166666666666664
1667,16.67,186639.9996411641,0.06002551437317893,0.4777777777777778
1668,16.68,187198.50168578594,0.06020513488631306,0.48333333333333334
1669,16.69,186333.78364018776,0.0599270318774479,0.48333333333333334
1670,16.7,187299.43154287915,0.06023759505883384,0.48055555555555557
1671,16.71,183366.07395311855,0.05897258320182056,0.46944444444444444
1672,16.72,183396.58079891032,0.05898239454512358,0.49444444444444446
1673,16.73,176407.91648906103,0.05673476182552053,0.48333333333333334
1674,16.74,193790.93421165505,0.062325335026136096,0.4888888888888889
1675,16.75,179217.7405456076,0.057638432713950714,0.49444444444444446
1676,16.76,194314.9523612208,0.062493865132378285,0.5111111111111111
1677,16.77,190413.40881202824,0.06123908502714948,0.4888888888888889
1678,16.78,178834.33954980408,0.05751512665936144,0.48055555555555557
1679,16.79,187977.79852227867,0.06045576547755717,0.49444444444444446
1680,16.8,185785.19545563892,0.05975059977275489,0.4861111111111111
1681,16.81,188222.69587811353,0.06053452721020228,0.4888888888888889
1682,16.82,195310.06551119243,0.06281390466731936,0.49166666666666664
1683,16.83,189183.6443099163,0.060843578989113335,0.4861111111111111
1684,16.84,193669.00150750348,0.06228612010275589,0.475
1685,16.85,186678.43095459355,0.06003787431403339,0.48333333333333334
1686,16.86,185554.4081461552,0.05967637598905795,0.4888888888888889
1687,16.87,174800.43734294505,0.05621777852732463,0.4861111111111111
1688,16.88,189620.97242769084,0.060984228610147094,0.475
1689,16.89,188710.45139882364,0.06069139484883961,0.4777777777777778
1690,16.9,177175.7589049935,0.05698170854681556,0.4722222222222222
1691,16.91,185940.77871216997,0.059800637090688266,0.4666666666666667
1692,16.92,183938.44985165534,0.05915666570176986,0.46944444444444444
1693,16.93,190423.37243872156,0.06124228944109311,0.4861111111111111
1694,16.94,184163.77369996754,0.05922913237515974,0.4666666666666667
1695,16.95,193705.62272834114,0.062297897897558616,0.48333333333333334
1696,16.96,192164.8226363945,0.061802359330032065,0.4888888888888889
1697,16.97,194509.74822728732,0.06255651366474482,0.49166666666666664
1698,16.98,185855.49019024655,0.059773207346751143,0.49444444444444446
1699,16.99,171602.68005495405,0.05518934396655909,0.5
1700,17.0,183460.79368875877,0.059003046129724686,0.5055555555555555
1701,17.01,190080.9968189225,0.061132177606937586,0.48055555555555557
1702,17.02,182943.7907803394,0.058836772203610416,0.49166666666666664
1703,17.03,175269.92634863625,0.056368771450135115,0.4583333333333333
1704,17.04,183917.2927779945,0.059149861349907636,0.5027777777777778
1705,17.05,185156.70434237816,0.0595484699912237,0.4888888888888889
1706,17.06,194824.89907169886,0.06265786970620064,0.5111111111111111
1707,17.07,190217.09497617456,0.061175948298697144,0.49722222222222223
1708,17.08,181984.89542278548,0.058528380716373556,0.48333333333333334
1709,17.09,177862.0127492157,0.057202415469603855,0.48333333333333334
1710,17.1,181331.16954766377,0.058318135152782245,0.4666666666666667
1711,17.11,189716.4316406524,0.061014929362240386,0.49722222222222223
1712,17.12,188097.87494678053,0.06049438340061051,0.5
1713,17.13,176005.8202797145,0.056605443180857355,0.49722222222222223
1714,17.14,184807.14353000454,0.059436047318657405,0.5
1715,17.15,184919.32193119745,0.059472125148951616,0.5083333333333333
1716,17.16,188120.83404734952,0.060501767304510255,0.49722222222222223
1717,17.17,183892.12900403398,0.059141768398351405,0.5055555555555555
1718,17.18,175321.6351873272,0.056385401591830524,0.48055555555555557
1719,17.19,184210.7411190674,0.059244237623207685,0.4861111111111111
1720,17.2,175656.0923955089,0.05649296677611858,0.48333333333333334
1721,17.21,185480.97604770996,0.059652759403711016,0.48333333333333334
1722,17.22,175029.34132063988,0.05629139661042373,0.4861111111111111
1723,17.23,183536.83374500784,0.05902750146351215,0.4777777777777778
1724,17.24,184610.5360472637,0.059372816150077126,0.4888888888888889
1725,17.25,184488.363183105,0.05933352398854866,0.4888888888888889
1726,17.26,183488.4007803625,0.05901192487960171,0.49166666666666664
1727,17.27,174976.52497123156,0.05627441028087678,0.49166666666666664
1728,17.28,184523.0579432073,0.059344682212001294,0.49444444444444446
1729,17.29,187766.05284499688,0.060387665696054964,0.49166666666666664
1730,17.3,187535.68155582392,0.060313575709149664,0.4861111111111111
1731,17.31,180007.98121428274,0.05789258296420269,0.48055555555555557
1732,17.32,186316.87678136866,0.05992159444228393,0.48055555555555557
1733,17.33,185465.02032839097,0.059647627865663654,0.48333333333333334
1734,17.34,186070.31456961643,0.05984229727332834,0.49166666666666664
1735,17.35,174675.68404107972,0.056177656468127155,0.4777777777777778
1736,17.36,185254.10432717262,0.059579794917276364,0.4888888888888889
1737,17.37,189645.49415082668,0.06099211507096672,0.48333333333333334
1738,17.38,175575.78418760223,0.05646713875695198,0.48055555555555557
1739,17.39,180426.6448490203,0.05802722987843748,0.4777777777777778
1740,17.4,181642.28390466078,0.05841819301467429,0.4861111111111111
1741,17.41,184390.70510503778,0.05930211605680868,0.48055555555555557
1742,17.42,181382.89865898425,0.05833477181438238,0.4722222222222222
1743,17.43,176574.49902821123,0.0567883366359433,0.475
1744,17.44,163648.4721233398,0.052631181603484053,0.43333333333333335
1745,17.45,179001.0654878054,0.057568747588460895,0.46111111111111114
1746,17.46,172353.441792352,0.05543079735032278,0.4583333333333333
1747,17.47,178764.77752632753,0.057492754733471776,0.4583333333333333
1748,17.48,173226.325848578,0.05571152663967045,0.4666666666666667
1749,17.49,174264.83569379628,0.05604552303787388,0.4638888888888889
1750,17.5,175141.43627083793,0.05632744760194329,0.44722222222222224
1751,17.51,171546.09613060788,0.05517114594271285,0.4388888888888889
1752,17.52,183061.9770959897,0.05887478224648666,0.46944444444444444
1753,17.53,180497.00001246476,0.05804985688702451,0.4583333333333333
1754,17.54,176336.43132041226,0.05671177139460301,0.44166666666666665
1755,17.55,183919.61041430905,0.05915060672770542,0.4361111111111111
1756,17.56,174740.08035294327,0.05619836704330278,0.4444444444444444
1757,17.57,183957.1245551379,0.059162671695578595,0.4305555555555556
1758,17.58,178294.7488725475,0.057341588253791514,0.44166666666666665
1759,17.59,180801.0638064694,0.05814764720888735,0.4583333333333333
1760,17.6,178995.52942577054,0.05756696712890301,0.4444444444444444
1761,17.61,182030.17966846508,0.05854294463699691,0.44166666666666665
1762,17.62,166123.52243524912,0.05342718550595667,0.4361111111111111
1763,17.63,175529.20516937526,0.05645215842297509,0.4388888888888889
1764,17.64,178863.98690974322,0.057524661582387455,0.425
1765,17.65,177098.17590746068,0.056956756985829304,0.41388888888888886
1766,17.66,177707.95535734913,0.05715286888683723,0.4305555555555556
1767,17.67,180467.10839922613,0.05804024340940159,0.4027777777777778
1768,17.68,167727.826316749,0.053943147603487014,0.4166666666666667
1769,17.69,178028.85101529252,0.05725607252467053,0.4305555555555556
1770,17.7,178547.18777916298,0.057422775433637906,0.4444444444444444
1771,17.71,169469.84126450898,0.05450339912237952,0.4222222222222222
1772,17.72,179413.8045338157,0.05770148908860178,0.4361111111111111
1773,17.73,176946.66969534726,0.056908030891046166,0.43333333333333335
1774,17.74,178449.7199332984,0.05739142868270501,0.4583333333333333
1775,17.75,172590.5591689378,0.05550705695450059,0.4583333333333333
1776,17.76,177992.43722204873,0.05724436144090531,0.4361111111111111
1777,17.77,177754.3702003572,0.05716779642022486,0.4527777777777778
1778,17.78,182583.19339601125,0.058720800045886805,0.46111111111111114
1779,17.79,176935.06003982786,0.05690429709579549,0.4583333333333333
1780,17.8,177363.9845693579,0.05704224402872421,0.4722222222222222
1781,17.81,175893.63985967642,0.05656936470127993,0.46111111111111114
1782,17.82,178775.66575621095,0.057496256510157495,0.45
1783,17.83,171455.9259395675,0.05514214619930987,0.4361111111111111
1784,17.84,183196.04854001562,0.05891790112457218,0.45555555555555555
1785,17.85,172296.7464884098,0.05541256350555093,0.45555555555555555
1786,17.86,173210.02370411818,0.05570628368741762,0.45
1787,17.87,176144.5290287287,0.05665005346816792,0.44722222222222224
1788,17.88,175123.79418138225,0.05632177370837154,0.4388888888888889
1789,17.89,170482.1809392125,0.05482897890062258,0.43333333333333335
1790,17.9,174733.24195480425,0.05619616773786679,0.425
1791,17.91,168516.0797994671,0.05419665875247743,0.4444444444444444
1792,17.92,167566.7319200753,0.05389133784115543,0.4305555555555556
1793,17.93,176706.8701002931,0.05683090865536636,0.4111111111111111
1794,17.94,175365.66448608885,0.056399561907468865,0.4
1795,17.95,,,0.38055555555555554
1796,17.96,,,0.39444444444444443
1797,17.97,183410.19124950786,0.05898677181848158,0.43333333333333335
1798,17.98,179096.46262804358,0.05759942837727109,0.41944444444444445
1799,17.99,186218.6247526081,0.05988999548934833,0.4361111111111111
1800,18.0,169271.66755410237,0.05443966423743916,0.425
1801,18.01,180278.98717269793,0.05797974151587084,0.4361111111111111
1802,18.02,187550.90519111976,0.060318471800775354,0.4166666666666667
1803,18.03,,,0.37777777777777777
1804,18.04,,,0.39444444444444443
1805,18.05,178143.70880604116,0.05729301207665675,0.4
1806,18.06,181318.04150038748,0.05831391302573558,0.41944444444444445
1807,18.07,174687.48182836827,0.056181450768661996,0.4222222222222222
1808,18.08,174066.88552096466,0.055981860045121394,0.4305555555555556
1809,18.09,181905.27484317613,0.05850277384616925,0.44722222222222224
1810,18.1,184287.37814072144,0.05926888494775579,0.42777777777777776
1811,18.11,186073.0548539986,0.059843178579478594,0.41388888888888886
1812,18.12,170678.69096454224,0.05489217872580787,0.4166666666666667
1813,18.13,173704.4229419996,0.05586528801991117,0.4166666666666667
1814,18.14,176841.26397196375,0.056874131229793824,0.4027777777777778
1815,18.15,179459.2841869222,0.05771611585444232,0.40555555555555556
1816,18.16,182852.52489004235,0.058807420071053954,0.4222222222222222
1817,18.17,,,0.38333333333333336
1818,18.18,,,0.39444444444444443
1819,18.19,,,0.3861111111111111
1820,18.2,,,0.39444444444444443
1821,18.21,180739.48460556826,0.058127842648150706,0.4083333333333333
1822,18.22,,,0.39166666666666666
1823,18.23,,,0.3888888888888889
1824,18.24,,,0.3972222222222222
1825,18.25,172918.40947123215,0.05561249728385365,0.4083333333333333
1826,18.26,183152.56119465554,0.05890391510721802,0.41944444444444445
1827,18.27,,,0.39444444444444443
1828,18.28,,,0.39166666666666666
1829,18.29,,,0.3888888888888889
1830,18.3,,,0.375
1831,18.31,,,0.3972222222222222
1832,18.32,175405.53289918427,0.056412384035672336,0.41388888888888886
1833,18.33,182211.24623538833,0.058601177672981966,0.4166666666666667
1834,18.34,173745.1091440819,0.055878373158212584,0.4111111111111111
1835,18.35,172788.6075343648,0.05557075152709156,0.4083333333333333
1836,18.36,181238.88637654742,0.05828845585132009,0.4222222222222222
1837,18.37,183957.46181039975,0.05916278016064828,0.4083333333333333
1838,18.38,,,0.3972222222222222
1839,18.39,177338.05938256596,0.057033906198273074,0.41388888888888886
1840,18.4,184398.412011591,0.059304594684278525,0.41944444444444445
1841,18.41,178024.39776188292,0.057254640308494684,0.4083333333333333
1842,18.42,185991.00875898637,0.059816791636353395,0.41944444444444445
1843,18.43,188829.1827466188,0.060729580180158345,0.41388888888888886
1844,18.44,179334.35755000927,0.05767593804875208,0.40555555555555556
1845,18.45,176898.27264439012,0.056892465857380115,0.4
1846,18.46,,,0.38333333333333336
1847,18.47,,,0.3972222222222222
1848,18.48,182187.80945607682,0.05859364014224832,0.4166666666666667
1849,18.49,186503.05901220706,0.05998147273308283,0.4222222222222222
1850,18.5,189169.6819762489,0.060839088546218736,0.43333333333333335
1851,18.51,179241.25094006583,0.05764599392014008,0.40555555555555556
1852,18.52,191077.07505114077,0.061452527523138734,0.4027777777777778
1853,18.53,176220.14855247957,0.056674373553993726,0.425
1854,18.54,190219.775887417,0.061176810509780646,0.44166666666666665
1855,18.55,179826.7474757071,0.05783429616394179,0.4166666666666667
1856,18.56,188442.39188206743,0.06060518390581104,0.44722222222222224
1857,18.57,177576.90475236074,0.057110721544421525,0.4527777777777778
1858,18.58,185304.84133047808,0.05959611250582661,0.46944444444444444
1859,18.59,176124.81056290664,0.0566437117887,0.4638888888888889
1860,18.6,189267.89536935225,0.06087067507349423,0.48055555555555557
1861,18.61,187113.57465635726,0.060177821402411194,0.48333333333333334
1862,18.62,175107.2641396268,0.05631645746179584,0.4777777777777778
1863,18.63,184363.4807390782,0.05929336039578559,0.4861111111111111
1864,18.64,185055.43789869559,0.05951590156868579,0.49444444444444446
1865,18.65,181729.87468055738,0.058446363189275916,0.48333333333333334
1866,18.66,176976.6303108634,0.05691766656057441,0.4861111111111111
1867,18.67,184504.93833908436,0.05933885474436409,0.48333333333333334
1868,18.68,190539.62288650454,0.061279676887180244,0.4583333333333333
1869,18.69,187677.779580196,0.0603592760253774,0.4638888888888889
1870,18.7,196432.1349569957,0.06317477476899243,0.4305555555555556
1871,18.71,191613.40730335948,0.061625017982720014,0.41944444444444445
1872,18.72,200334.69777846095,0.06442988268360063,0.4111111111111111
1873,18.73,192421.913040456,0.06188504248355687,0.4083333333333333
1874,18.74,,,0.38333333333333336
1875,18.75,192664.96104374455,0.06196320944370913,0.4
1876,18.76,,,0.36944444444444446
1877,18.77,,,0.38055555555555554
1878,18.78,,,0.3861111111111111
1879,18.79,,,0.3888888888888889
1880,18.8,186519.51579926585,0.05998676542012759,0.4166666666666667
1881,18.81,193912.12129506425,0.06236431014953413,0.4
1882,18.82,212195.2623033663,0.06824437308079574,0.4
1883,18.83,179805.34371880977,0.05782741247598771,0.40555555555555556
1884,18.84,197343.2580603015,0.06346780216418299,0.4083333333333333
1885,18.85,,,0.38333333333333336
1886,18.86,,,0.38333333333333336
1887,18.87,,,0.3861111111111111
1888,18.88,,,0.38333333333333336
1889,18.89,,,0.3611111111111111
1890,18.9,194849.99881499296,0.06266594206477737,0.4027777777777778
1891,18.91,,,0.39444444444444443
1892,18.92,,,0.3861111111111111
1893,18.93,,,0.39166666666666666
1894,18.94,197885.23317085637,0.06364210743020884,0.4
1895,18.95,,,0.3972222222222222
1896,18.96,199302.9276925511,0.06409805386748045,0.4083333333333333
1897,18.97,205333.0859796738,0.0660374203142879,0.41944444444444445
1898,18.98,188621.59752537825,0.060662818447918786,0.4305555555555556
1899,18.99,191589.84993102503,0.061617441667919465,0.41944444444444445
1900,19.0,200266.32932270152,0.06440789462245752,0.41388888888888886
1901,19.01,207725.20209918023,0.0668067516515672,0.43333333333333335
1902,19.02,194397.06423506796,0.06252027323071356,0.40555555555555556
1903,19.03,203416.77738195582,0.0654211140053674,0.41944444444444445
1904,19.04,211318.63372091987,0.06796243950987449,0.425
1905,19.05,,,0.39444444444444443
1906,19.06,,,0.3861111111111111
1907,19.07,216949.9422381443,0.06977353140330753,0.4111111111111111
1908,19.08,192210.61555744705,0.06181708684635286,0.4083333333333333
1909,19.09,206642.64168003213,0.06645858809539307,0.4111111111111111
1910,19.1,,,0.39166666666666666
1911,19.11,,,0.3861111111111111
1912,19.12,211720.71049182295,0.06809175190291653,0.4083333333333333
1913,19.13,,,0.3972222222222222
1914,19.14,198958.84687586105,0.06398739362290548,0.41388888888888886
1915,19.15,194901.493196088,0.06268250323450787,0.4222222222222222
1916,19.16,202683.43077621012,0.0651852615230038,0.4027777777777778
1917,19.17,201753.3610781731,0.06488614069073359,0.425
1918,19.18,177904.79334343981,0.05721617418787662,0.4083333333333333
1919,19.19,196527.42203690275,0.0632054201611674,0.4027777777777778
1920,19.2,195279.5146324231,0.06280407916251755,0.4083333333333333
1921,19.21,200704.9487761632,0.06454895955151205,0.40555555555555556
1922,19.22,192627.89575246754,0.061951288830879234,0.40555555555555556
1923,19.23,169430.70387627944,0.05449081209996086,0.40555555555555556
1924,19.24,,,0.3972222222222222
1925,19.25,,,0.3888888888888889
1926,19.26,190927.37094488373,0.06140438100578376,0.4
1927,19.27,,,0.3888888888888889
1928,19.28,,,0.39166666666666666
1929,19.29,197593.58532513803,0.06354831021638152,0.4
1930,19.3,,,0.3972222222222222
1931,19.31,,,0.39444444444444443
1932,19.32,,,0.3972222222222222
1933,19.33,,,0.3888888888888889
1934,19.34,,,0.38333333333333336
1935,19.35,193905.21380336164,0.0623620886228342,0.4027777777777778
1936,19.36,196158.50983591285,0.06308677386527405,0.40555555555555556
1937,19.37,,,0.39166666666666666
1938,19.38,189854.90101016575,0.061059462662422286,0.40555555555555556
1939,19.39,187221.40560233383,0.060212501042413526,0.4111111111111111
1940,19.4,,,0.38055555555555554
1941,19.41,,,0.3861111111111111
1942,19.42,,,0.38333333333333336
1943,19.43,,,0.3888888888888889
1944,19.44,,,0.3861111111111111
1945,19.45,,,0.37222222222222223
1946,19.46,,,0.375
1947,19.47,,,0.39444444444444443
1948,19.48,,,0.3972222222222222
1949,19.49,,,0.37222222222222223
1950,19.5,,,0.36944444444444446
1951,19.51,,,0.36666666666666664
1952,19.52,,,0.375
1953,19.53,,,0.36944444444444446
1954,19.54,,,0.375
1955,19.55,,,0.37222222222222223
1956,19.56,,,0.3638888888888889
1957,19.57,,,0.37777777777777777
1958,19.58,,,0.38055555555555554
1959,19.59,,,0.375
1960,19.6,,,0.35555555555555557
1961,19.61,,,0.37222222222222223
1962,19.62,,,0.35833333333333334
1963,19.63,,,0.35555555555555557
1964,19.64,,,0.35
1965,19.65,,,0.36666666666666664
1966,19.66,,,0.3638888888888889
1967,19.67,,,0.375
1968,19.68,,,0.37222222222222223
1969,19.69,,,0.37222222222222223
1970,19.7,,,0.37777777777777777
1971,19.71,,,0.3472222222222222
1972,19.72,,,0.35
1973,19.73,,,0.3611111111111111
1974,19.74,,,0.36666666666666664
1975,19.75,,,0.35
1976,19.76,,,0.38055555555555554
1977,19.77,,,0.375
1978,19.78,,,0.3638888888888889
1979,19.79,,,0.3861111111111111
1980,19.8,,,0.35833333333333334
1981,19.81,,,0.38055555555555554
1982,19.82,,,0.36944444444444446
1983,19.83,,,0.37777777777777777
1984,19.84,,,0.38333333333333336
1985,19.85,,,0.37777777777777777
1986,19.86,,,0.3972222222222222
1987,19.87,,,0.3888888888888889
1988,19.88,,,0.3888888888888889
1989,19.89,,,0.37777777777777777
1990,19.9,,,0.375
1991,19.91,,,0.35555555555555557
1992,19.92,,,0.35
1993,19.93,,,0.36666666666666664
1994,19.94,,,0.3638888888888889
1995,19.95,,,0.33611111111111114
1996,19.96,,,0.3611111111111111
1997,19.97,,,0.35
1998,19.98,,,0.35833333333333334
1999,19.99,,,0.3472222222222222
2000,20.0,,,0.3611111111111111
2001,20.01,,,0.3611111111111111
2002,20.02,,,0.3638888888888889
2003,20.03,,,0.35555555555555557
2004,20.04,,,0.35833333333333334
2005,20.05,,,0.37777777777777777
2006,20.06,,,0.35555555555555557
2007,20.07,,,0.3611111111111111
2008,20.08,,,0.3888888888888889
2009,20.09,,,0.3611111111111111
2010,20.1,,,0.36944444444444446
2011,20.11,,,0.35
2012,20.12,,,0.37222222222222223
2013,20.13,,,0.37777777777777777
2014,20.14,,,0.38055555555555554
2015,20.15,,,0.35833333333333334
2016,20.16,,,0.35555555555555557
2017,20.17,,,0.325
2018,20.18,,,0.36944444444444446
2019,20.19,,,0.36944444444444446
2020,20.2,,,0.38333333333333336
2021,20.21,,,0.3888888888888889
2022,20.22,,,0.38055555555555554
2023,20.23,,,0.37777777777777777
2024,20.24,,,0.375
2025,20.25,,,0.38333333333333336
2026,20.26,,,0.3972222222222222
2027,20.27,198341.74893307348,0.06378892801260934,0.4083333333333333
2028,20.28,,,0.375
2029,20.29,,,0.39166666666666666
2030,20.3,,,0.3888888888888889
2031,20.31,201037.92110142577,0.06465604718082167,0.4027777777777778
2032,20.32,,,0.3972222222222222
2033,20.33,,,0.39166666666666666
2034,20.34,,,0.39444444444444443
2035,20.35,,,0.39444444444444443
2036,20.36,201409.06371978292,0.06477541080392245,0.41388888888888886
2037,20.37,199958.28547759147,0.06430882427158004,0.4
2038,20.38,203310.4576445976,0.06538692038698325,0.4027777777777778
2039,20.39,173093.7200631524,0.0556688791338071,0.4
2040,20.4,,,0.375
2041,20.41,,,0.3888888888888889
2042,20.42,193179.80345769355,0.062128788530602795,0.4083333333333333
2043,20.43,192294.8881462666,0.06184418985482468,0.4
2044,20.44,,,0.3972222222222222
2045,20.45,190428.19516459003,0.061243840483750055,0.42777777777777776
2046,20.46,193256.4102370318,0.0621534261288834,0.4
2047,20.47,196328.26694949056,0.06314136965438999,0.4083333333333333
2048,20.48,202591.21435006772,0.06515560368747286,0.4166666666666667
2049,20.49,200403.4673136864,0.06445199973639236,0.4083333333333333
2050,20.5,196298.3957036904,0.06313176272716339,0.4111111111111111
2051,20.51,198312.86455098246,0.06377963847180512,0.4305555555555556
2052,20.52,179598.800556009,0.05776098588141411,0.40555555555555556
2053,20.53,198694.37727523062,0.06390233723711235,0.4166666666666667
2054,20.54,202821.9482111529,0.06522981028156617,0.4166666666666667
2055,20.55,197986.4803502872,0.06367466965714762,0.4083333333333333
2056,20.56,196849.73476288113,0.0633090795439528,0.41944444444444445
2057,20.57,204479.7772791997,0.06576298667860668,0.41388888888888886
2058,20.58,196455.3845623068,0.06318225210247108,0.4166666666666667
2059,20.59,200977.98862097698,0.06463677222382683,0.4305555555555556
2060,20.6,187038.7414728555,0.06015375421241702,0.4083333333333333
2061,20.61,204185.15897913664,0.06566823413339108,0.4111111111111111
2062,20.62,197848.18342395464,0.06363019181662413,0.4027777777777778
2063,20.63,199677.67568904313,0.06421857702057196,0.41388888888888886
2064,20.64,186122.0549172675,0.059858937548658245,0.4083333333333333
2065,20.65,205210.0354257054,0.06599784587788594,0.4111111111111111
2066,20.66,173085.1358416094,0.05566611835201005,0.4222222222222222
2067,20.67,172997.63712776563,0.05563797778559577,0.40555555555555556
2068,20.68,,,0.3972222222222222
2069,20.69,,,0.3972222222222222
2070,20.7,197414.35451074838,0.06349066757897288,0.4027777777777778
2071,20.71,,,0.3888888888888889
2072,20.72,,,0.37222222222222223
2073,20.73,193964.75301318336,0.06238123709959048,0.4
2074,20.74,,,0.3972222222222222
2075,20.75,,,0.39444444444444443
2076,20.76,,,0.39166666666666666
2077,20.77,,,0.39166666666666666
2078,20.78,198197.52764569724,0.06374254483121754,0.4
2079,20.79,,,0.39444444444444443
2080,20.8,200808.73198138314,0.06458233739274974,0.4083333333333333
2081,20.81,194823.8257992784,0.06265752452976887,0.4027777777777778
2082,20.82,,,0.39166666666666666
2083,20.83,199731.42117291456,0.06423586217016916,0.4027777777777778
2084,20.84,,,0.37777777777777777
2085,20.85,195819.87108205454,0.06297786384906037,0.40555555555555556
2086,20.86,,,0.39444444444444443
2087,20.87,,,0.3888888888888889
2088,20.88,168181.39699717236,0.054089021014595826,0.4083333333333333
2089,20.89,,,0.3972222222222222
2090,20.9,186613.05422787004,0.060016848426457534,0.40555555555555556
2091,20.91,193173.62298512037,0.06212680082139798,0.4
2092,20.92,,,0.3888888888888889
2093,20.93,,,0.3888888888888889
2094,20.94,186190.61280324956,0.0598809865326827,0.4083333333333333
2095,20.95,,,0.38333333333333336
2096,20.96,,,0.39166666666666666
2097,20.97,,,0.39444444444444443
2098,20.98,,,0.39166666666666666
2099,20.99,188827.5271357885,0.0607290477171714,0.4111111111111111
2100,21.0,189866.97434387557,0.0610633455817725,0.40555555555555556
2101,21.01,,,0.39166666666666666
2102,21.02,,,0.37222222222222223
2103,21.03,,,0.39166666666666666
2104,21.04,,,0.38055555555555554
2105,21.05,,,0.375
2106,21.06,,,0.38055555555555554
2107,21.07,,,0.3972222222222222
2108,21.08,,,0.3861111111111111
2109,21.09,189839.13478216826,0.061054392066906354,0.4
2110,21.1,,,0.38333333333333336
2111,21.11,194219.71565792846,0.06246323594188685,0.4222222222222222
2112,21.12,,,0.3861111111111111
2113,21.13,185249.6800487816,0.05957837201979103,0.4027777777777778
2114,21.14,,,0.3972222222222222
2115,21.15,,,0.3972222222222222
2116,21.16,197514.2419018324,0.06352279248274882,0.40555555555555556
2117,21.17,194808.42323067997,0.0626525708911889,0.4111111111111111
2118,21.18,,,0.38333333333333336
2119,21.19,,,0.3861111111111111
2120,21.2,,,0.38333333333333336
2121,21.21,,,0.39444444444444443
2122,21.22,,,0.3888888888888889
2123,21.23,,,0.3888888888888889
2124,21.24,,,0.3972222222222222
2125,21.25,177841.15555986392,0.05719570756389432,0.4
2126,21.26,,,0.3861111111111111
2127,21.27,,,0.3972222222222222
2128,21.28,,,0.3861111111111111
2129,21.29,,,0.38055555555555554
2130,21.3,,,0.38055555555555554
2131,21.31,,,0.39166666666666666
2132,21.32,,,0.3861111111111111
2133,21.33,,,0.3638888888888889
2134,21.34,,,0.36944444444444446
2135,21.35,,,0.37777777777777777
2136,21.36,,,0.38333333333333336
2137,21.37,,,0.38055555555555554
2138,21.38,,,0.37222222222222223
2139,21.39,,,0.3861111111111111
2140,21.4,,,0.3861111111111111
2141,21.41,,,0.3861111111111111
2142,21.42,,,0.37777777777777777
2143,21.43,,,0.38055555555555554
2144,21.44,,,0.38055555555555554
2145,21.45,,,0.3888888888888889
2146,21.46,,,0.38333333333333336
2147,21.47,,,0.38055555555555554
2148,21.48,,,0.3861111111111111
2149,21.49,,,0.35833333333333334
2150,21.5,,,0.3888888888888889
2151,21.51,,,0.37222222222222223
2152,21.52,,,0.37222222222222223
2153,21.53,,,0.3888888888888889
2154,21.54,191147.96450936043,0.06147532636690991,0.4027777777777778
2155,21.55,,,0.38333333333333336
2156,21.56,,,0.3888888888888889
2157,21.57,,,0.3888888888888889
2158,21.58,,,0.36944444444444446
2159,21.59,,,0.35555555555555557
2160,21.6,,,0.375
2161,21.61,,,0.38055555555555554
2162,21.62,,,0.36944444444444446
2163,21.63,,,0.3611111111111111
2164,21.64,,,0.37222222222222223
2165,21.65,,,0.39166666666666666
2166,21.66,,,0.36944444444444446
2167,21.67,,,0.39444444444444443
2168,21.68,,,0.38055555555555554
2169,21.69,,,0.38055555555555554
2170,21.7,,,0.38055555555555554
2171,21.71,,,0.35
2172,21.72,,,0.3638888888888889
2173,21.73,,,0.3638888888888889
2174,21.74,,,0.375
2175,21.75,,,0.3611111111111111
2176,21.76,,,0.3638888888888889
2177,21.77,,,0.37222222222222223
2178,21.78,,,0.39166666666666666
2179,21.79,180406.8051196246,0.05802084919924604,0.40555555555555556
2180,21.8,189120.46081028492,0.06082325846793586,0.4
2181,21.81,185312.44080699273,0.05959855658259277,0.4083333333333333
2182,21.82,,,0.3861111111111111
2183,21.83,,,0.3861111111111111
2184,21.84,,,0.3861111111111111
2185,21.85,,,0.3888888888888889
2186,21.86,,,0.38055555555555554
2187,21.87,,,0.3638888888888889
2188,21.88,,,0.3888888888888889
2189,21.89,,,0.36944444444444446
2190,21.9,,,0.37222222222222223
2191,21.91,,,0.36944444444444446
2192,21.92,,,0.375
2193,21.93,,,0.375
2194,21.94,,,0.36944444444444446
2195,21.95,,,0.36666666666666664
2196,21.96,,,0.35833333333333334
2197,21.97,,,0.36944444444444446
2198,21.98,,,0.37777777777777777
2199,21.99,,,0.36944444444444446
2200,22.0,,,0.36944444444444446
2201,22.01,,,0.38333333333333336
2202,22.02,,,0.38333333333333336
2203,22.03,,,0.38333333333333336
2204,22.04,,,0.37777777777777777
2205,22.05,,,0.38333333333333336
2206,22.06,,,0.38055555555555554
2207,22.07,,,0.38333333333333336
2208,22.08,,,0.37222222222222223
2209,22.09,,,0.38333333333333336
2210,22.1,,,0.37222222222222223
2211,22.11,,,0.375
2212,22.12,,,0.3888888888888889
2213,22.13,,,0.36944444444444446
2214,22.14,,,0.38333333333333336
2215,22.15,,,0.38333333333333336
2216,22.16,,,0.375
2217,22.17,,,0.37777777777777777
2218,22.18,,,0.36666666666666664
2219,22.19,,,0.38055555555555554
2220,22.2,,,0.3888888888888889
2221,22.21,,,0.38333333333333336
2222,22.22,,,0.38333333333333336
2223,22.23,,,0.39444444444444443
2224,22.24,,,0.37777777777777777
2225,22.25,,,0.39444444444444443
2226,22.26,,,0.3861111111111111
2227,22.27,,,0.38333333333333336
2228,22.28,,,0.3638888888888889
2229,22.29,,,0.39444444444444443
2230,22.3,,,0.39166666666666666
2231,22.31,,,0.375
2232,22.32,,,0.39444444444444443
2233,22.33,,,0.38055555555555554
2234,22.34,,,0.39166666666666666
2235,22.35,,,0.38333333333333336
2236,22.36,,,0.39166666666666666
2237,22.37,,,0.37777777777777777
2238,22.38,,,0.375
2239,22.39,,,0.3888888888888889
2240,22.4,,,0.37222222222222223
2241,22.41,,,0.37777777777777777
2242,22.42,,,0.36666666666666664
2243,22.43,,,0.36666666666666664
2244,22.44,,,0.375
2245,22.45,,,0.3888888888888889
2246,22.46,,,0.3861111111111111
2247,22.47,,,0.375
2248,22.48,,,0.38333333333333336
2249,22.49,184319.3343815394,0.05927916243273339,0.4083333333333333
2250,22.5,184313.4815552869,0.05927728009825515,0.4
2251,22.51,,,0.39444444444444443
2252,22.52,,,0.38333333333333336
2253,22.53,,,0.36666666666666664
2254,22.54,,,0.3888888888888889
2255,22.55,,,0.37222222222222223
2256,22.56,,,0.38055555555555554
2257,22.57,,,0.3888888888888889
2258,22.58,,,0.3861111111111111
2259,22.59,,,0.38055555555555554
2260,22.6,,,0.375
2261,22.61,,,0.37222222222222223
2262,22.62,,,0.39166666666666666
2263,22.63,185448.14271029676,0.05964219983464433,0.4111111111111111
2264,22.64,186573.7358862346,0.06000420320739674,0.4
2265,22.65,,,0.39444444444444443
2266,22.66,,,0.3972222222222222
2267,22.67,,,0.39166666666666666
2268,22.68,186810.45813305586,0.06008033573341656,0.40555555555555556
2269,22.69,185882.7545585055,0.05978197587296176,0.4083333333333333
2270,22.7,186468.10368908462,0.05997023070964445,0.4027777777777778
2271,22.71,,,0.3972222222222222
2272,22.72,,,0.3861111111111111
2273,22.73,,,0.375
2274,22.74,182892.12717792534,0.05882015661040833,0.4027777777777778
2275,22.75,182282.04555411803,0.05862394752688355,0.4083333333333333
2276,22.76,179829.21618580056,0.057835090128759,0.40555555555555556
2277,22.77,180146.5762204628,0.05793715667054381,0.4166666666666667
2278,22.78,181347.69918926718,0.05832345127066457,0.4361111111111111
2279,22.79,180667.85746738265,0.058104806558239984,0.43333333333333335
2280,22.8,180784.25228020793,0.0581422404337417,0.44722222222222224
2281,22.81,180988.51394489937,0.05820793327296908,0.44166666666666665
2282,22.82,180427.36334490392,0.05802746095476128,0.44166666666666665
2283,22.83,180890.4904667027,0.05817640782445475,0.41944444444444445
2284,22.84,179944.88502922212,0.05787229052436916,0.4388888888888889
2285,22.85,181743.52195910603,0.0584507523069155,0.4361111111111111
2286,22.86,180085.00935375816,0.05791735607662291,0.40555555555555556
2287,22.87,169383.289479154,0.05447556309877343,0.41388888888888886
2288,22.88,180476.9695233641,0.05804341485737532,0.43333333333333335
2289,22.89,169318.24439193212,0.05445464387017588,0.4388888888888889
2290,22.9,177096.36874972034,0.05695617578365868,0.45
2291,22.91,181797.07761895997,0.058467976406982515,0.4527777777777778
2292,22.92,178757.20169592623,0.057490318261560515,0.4305555555555556
2293,22.93,179558.14546060932,0.05774791074737025,0.4444444444444444
2294,22.94,181416.79386990145,0.05834567289386161,0.4305555555555556
2295,22.95,189923.22994079796,0.06108143801184177,0.4388888888888889
2296,22.96,174932.2895382197,0.05626018367015473,0.41944444444444445
2297,22.97,180114.39947050475,0.05792680826735691,0.41388888888888886
2298,22.98,183495.3560057541,0.059014161757990666,0.41388888888888886
2299,22.99,167572.80347872552,0.05389329052242271,0.4166666666666667
2300,23.0,180782.48719625594,0.05814167276297266,0.425
2301,23.01,173193.88549357702,0.0557010934581492,0.4388888888888889
2302,23.02,178228.9010973644,0.05732041087175501,0.4361111111111111
2303,23.03,175882.65554048357,0.05656583202119603,0.4222222222222222
2304,23.04,181869.7545580325,0.05849135012461692,0.4388888888888889
2305,23.05,180919.81151897903,0.058185837803281536,0.4388888888888889
2306,23.06,170755.22793475832,0.054916793872692875,0.4444444444444444
2307,23.07,170127.6339345478,0.0547149526127669,0.41944444444444445
2308,23.08,176828.96827112467,0.05687017679468419,0.4222222222222222
2309,23.09,174931.3605447869,0.05625988489546142,0.42777777777777776
2310,23.1,182595.53688287383,0.058724769849516835,0.4444444444444444
2311,23.11,176931.80724044153,0.05690325095907939,0.425
2312,23.12,163379.31053703462,0.05254461622254464,0.4388888888888889
2313,23.13,178797.2237466995,0.057503189801362035,0.4222222222222222
2314,23.14,174273.94436130254,0.05604845248736685,0.425
2315,23.15,166931.0430351171,0.053686893175626645,0.4527777777777778
2316,23.16,177672.39285726752,0.057141431588488015,0.46111111111111114
2317,23.17,175239.92049468588,0.05635912123141973,0.4361111111111111
2318,23.18,174531.02288875487,0.05613113182124112,0.4305555555555556
2319,23.19,167003.83407693685,0.05371030358998258,0.4361111111111111
2320,23.2,173865.9307035154,0.05591723072500592,0.43333333333333335
2321,23.21,185791.25752451672,0.05975254940200508,0.41944444444444445
2322,23.22,173940.37922973483,0.05594117420490969,0.40555555555555556
2323,23.23,167676.84784743498,0.05392675235676383,0.40555555555555556
2324,23.24,168407.3235023212,0.05416168150917452,0.4083333333333333
2325,23.25,170466.1097529388,0.05482381022710928,0.4111111111111111
2326,23.26,168645.80086068434,0.054238378498724586,0.4111111111111111
2327,23.27,175495.20822512492,0.056441224624916436,0.4166666666666667
2328,23.28,173992.47650637146,0.05595792927259918,0.4083333333333333
2329,23.29,175008.73513481862,0.05628476943026102,0.42777777777777776
2330,23.3,178002.56394263706,0.05724761830767233,0.4111111111111111
2331,23.31,175330.8622853497,0.05638836912990401,0.41388888888888886
2332,23.32,186797.2986015435,0.06007610348068693,0.4027777777777778
2333,23.33,177420.1418861745,0.05706030485081065,0.42777777777777776
2334,23.34,174974.66856326474,0.05627381323928168,0.41388888888888886
2335,23.35,167534.25363232673,0.053880892460037674,0.4027777777777778
2336,23.36,179530.7675320736,0.05773910569890267,0.4
2337,23.37,,,0.39444444444444443
2338,23.38,,,0.3888888888888889
2339,23.39,,,0.39444444444444443
2340,23.4,,,0.3972222222222222
2341,23.41,176126.71762324104,0.05664432512066384,0.4
2342,23.42,,,0.39166666666666666
2343,23.43,177536.02803597564,0.05709757513458645,0.4166666666666667
2344,23.44,177493.9223160877,0.057084033463459215,0.4027777777777778
2345,23.45,177606.0508786599,0.05712009526509479,0.40555555555555556
2346,23.46,176088.93243631686,0.05663217298133052,0.4027777777777778
2347,23.47,,,0.3972222222222222
2348,23.48,175693.26506119006,0.05650492192175951,0.4
2349,23.49,,,0.3861111111111111
2350,23.5,,,0.3861111111111111
2351,23.51,,,0.38055555555555554
2352,23.52,,,0.3861111111111111
2353,23.53,,,0.3861111111111111
2354,23.54,165448.2355111255,0.053210005667508664,0.4083333333333333
2355,23.55,,,0.39444444444444443
2356,23.56,,,0.3861111111111111
2357,23.57,172264.02830748504,0.05540204097210077,0.4
2358,23.58,,,0.3888888888888889
2359,23.59,,,0.39444444444444443
2360,23.6,,,0.39444444444444443
2361,23.61,174156.01844532523,0.05601052619194209,0.4027777777777778
2362,23.62,173032.97418770991,0.05564934257987175,0.41944444444444445
2363,23.63,173739.17766126222,0.055876465526901335,0.4027777777777778
2364,23.64,166666.70176568406,0.05360187806258398,0.4166666666666667
2365,23.65,176611.8188535412,0.05680033910977557,0.4083333333333333
2366,23.66,176014.02953748938,0.05660808337010675,0.4
2367,23.67,179274.22090831588,0.05765659743121425,0.4
2368,23.68,,,0.39166666666666666
2369,23.69,,,0.38055555555555554
2370,23.7,179472.2961306353,0.05772030064128264,0.41944444444444445
2371,23.71,179773.34159305124,0.05781712023389928,0.4222222222222222
2372,23.72,178416.1354156553,0.0573806275256627,0.4222222222222222
2373,23.73,169819.75200786526,0.054615934336669295,0.4222222222222222
2374,23.74,187722.5824857841,0.060373685141636026,0.43333333333333335
2375,23.75,185514.29844032053,0.0596634762584069,0.4111111111111111
2376,23.76,,,0.39444444444444443
2377,23.77,,,0.37777777777777777
2378,23.78,,,0.35833333333333334
2379,23.79,,,0.35555555555555557
2380,23.8,,,0.34444444444444444
2381,23.81,,,0.3138888888888889
2382,23.82,,,0.30833333333333335
2383,23.83,,,0.3194444444444444
2384,23.84,,,0.3
2385,23.85,,,0.32222222222222224
2386,23.86,,,0.3194444444444444
2387,23.87,,,0.30277777777777776
2388,23.88,,,0.2833333333333333
2389,23.89,,,0.3
2390,23.9,,,0.2833333333333333
2391,23.91,,,0.28888888888888886
2392,23.92,,,0.30833333333333335
2393,23.93,,,0.3
2394,23.94,,,0.29444444444444445
2395,23.95,,,0.2861111111111111
2396,23.96,,,0.3055555555555556
2397,23.97,,,0.33055555555555555
2398,23.98,,,0.3138888888888889
2399,23.99,,,0.3277777777777778
2400,24.0,,,0.32222222222222224
2401,24.01,,,0.31666666666666665
2402,24.02,,,0.3333333333333333
2403,24.03,,,0.3194444444444444
2404,24.04,,,0.325
2405,24.05,,,0.325
2406,24.06,,,0.3138888888888889
2407,24.07,,,0.32222222222222224
2408,24.08,,,0.33055555555555555
2409,24.09,,,0.31666666666666665
2410,24.1,,,0.3111111111111111
2411,24.11,,,0.3277777777777778
2412,24.12,,,0.33055555555555555
2413,24.13,,,0.3194444444444444
2414,24.14,,,0.3277777777777778
2415,24.15,,,0.3277777777777778
2416,24.16,,,0.3194444444444444
2417,24.17,,,0.32222222222222224
2418,24.18,,,0.33055555555555555
2419,24.19,,,0.3277777777777778
2420,24.2,,,0.33055555555555555
2421,24.21,,,0.3194444444444444
2422,24.22,,,0.32222222222222224
2423,24.23,,,0.325
2424,24.24,,,0.3194444444444444
2425,24.25,,,0.33055555555555555
2426,24.26,,,0.31666666666666665
2427,24.27,,,0.3055555555555556
2428,24.28,,,0.31666666666666665
2429,24.29,,,0.3
2430,24.3,,,0.3111111111111111
2431,24.31,,,0.29444444444444445
2432,24.32,,,0.3111111111111111
2433,24.33,,,0.3111111111111111
2434,24.34,,,0.32222222222222224
2435,24.35,,,0.30833333333333335
2436,24.36,,,0.30833333333333335
2437,24.37,,,0.2833333333333333
2438,24.38,,,0.3111111111111111
2439,24.39,,,0.28888888888888886
2440,24.4,,,0.30277777777777776
2441,24.41,,,0.2916666666666667
2442,24.42,,,0.3111111111111111
2443,24.43,,,0.31666666666666665
2444,24.44,,,0.30833333333333335
2445,24.45,,,0.32222222222222224
2446,24.46,,,0.3194444444444444
2447,24.47,,,0.2972222222222222
2448,24.48,,,0.3194444444444444
2449,24.49,,,0.3138888888888889
2450,24.5,,,0.3138888888888889
2451,24.51,,,0.3138888888888889
2452,24.52,,,0.30277777777777776
2453,24.53,,,0.325
2454,24.54,,,0.30833333333333335
2455,24.55,,,0.30833333333333335
2456,24.56,,,0.30833333333333335
2457,24.57,,,0.3111111111111111
2458,24.58,,,0.3111111111111111
2459,24.59,,,0.31666666666666665
