frame,area_px2,coverage,r_eff_px
0,197375.97910308983,0.8333333333333334,250.65259911622456
1,198555.9601270753,0.8277777777777777,251.40072607127175
2,199282.15585598143,0.8305555555555556,251.8600411914877
3,196208.7567634677,0.8194444444444444,249.91035799590716
4,193735.22262315746,0.825,248.3300961683231
5,198699.02648603162,0.825,251.4912811721288
6,197188.3492232515,0.8305555555555556,250.53343289473915
7,201174.6783714134,0.8222222222222222,253.05313468808345
8,197464.00055994705,0.8222222222222222,250.70848319040329
9,197996.69115398498,0.8333333333333334,251.0464184687607
10,195909.29755226427,0.8277777777777777,249.71957513620677
11,196733.12649005718,0.825,250.2440790540935
12,199235.64241788592,0.8194444444444444,251.83064678825667
13,195990.58606875298,0.825,249.77137775301475
14,194156.0224677958,0.8194444444444444,248.59964081555222
15,198021.61201464492,0.8222222222222222,251.0622169549062
16,198477.9118871543,0.8333333333333334,251.3513110027408
17,198251.6423252163,0.8277777777777777,251.2079968955789
18,196194.1142795423,0.8277777777777777,249.90103278348158
19,190259.8441012556,0.8222222222222222,246.09264377712805
20,193851.21418666907,0.8166666666666667,248.404424123944
21,198985.24434122743,0.8277777777777777,251.6723474649328
22,191597.56875478543,0.8333333333333334,246.95627204715163
23,193477.21787164605,0.8388888888888889,248.16468564217618
24,192451.63844995145,0.8277777777777777,247.50607897764468
25,192715.276894365,0.8305555555555556,247.67554956863026
26,199302.8043553832,0.8305555555555556,251.8730890160208
27,195706.32394249574,0.8361111111111111,249.59017949347265
28,197960.21461468365,0.825,251.02329251071248
29,195417.4688671288,0.8277777777777777,249.40591868161474
30,196492.4066223376,0.8194444444444444,250.09093463765416
31,198023.19239716217,0.8277777777777777,251.06321879895427
32,197364.17466345627,0.8361111111111111,250.64510363037724
33,193406.10663829403,0.8277777777777777,248.11907583111272
34,195456.8052235806,0.8277777777777777,249.4310193712187
35,197512.00464488872,0.8305555555555556,250.73895532694328
36,198491.05890872565,0.8305555555555556,251.3596355219679
37,197124.085808771,0.825,250.49260531575317
38,198833.4171901578,0.825,251.57631525112475
39,196706.0862618905,0.825,250.2268809094684
40,191016.69391616574,0.8277777777777777,246.58163374359148
41,190145.73955237571,0.8305555555555556,246.01883813084197
42,200932.35705045343,0.825,252.90068347746833
43,198722.3263268864,0.8333333333333334,251.50602592242063
44,198731.69587135784,0.8416666666666667,251.51195497217148
45,200319.52604009738,0.8277777777777777,252.5147234008629
46,196924.93070429788,0.8361111111111111,250.36603659289716
47,198264.1762727251,0.8333333333333334,251.21593775812502
48,198446.2340452216,0.8333333333333334,251.33125188192648
49,194683.31468915349,0.8194444444444444,248.9369874899822
50,196957.77358612776,0.8277777777777777,250.3869135821861
51,199528.29647577435,0.825,252.01553392925877
52,200380.79812890163,0.8305555555555556,252.55333901144093
53,198803.2619312626,0.8277777777777777,251.5572373800971
54,195640.30587075316,0.8277777777777777,249.5480785233207
55,197389.2249166672,0.8305555555555556,250.66100956696675
56,199973.3779703691,0.825,252.29645891596724
57,189704.30332188288,0.825,245.73309748376153
58,197678.272935683,0.825,250.84447085627693
59,198760.78650197905,0.825,251.5303626388784
60,197659.80046221535,0.8333333333333334,250.83275023058403
61,200227.4680123338,0.8305555555555556,252.45669441287265
62,201791.5029345263,0.8277777777777777,253.44078269281195
63,198241.5937603515,0.8277777777777777,251.20163046196726
64,197173.2700545773,0.8333333333333334,250.52385345423363
65,197408.2927910366,0.8222222222222222,250.67311624913287
66,196229.55599802756,0.8222222222222222,249.92360359843553
67,201757.7642376746,0.8305555555555556,253.4195946867374
68,200670.36459414085,0.8194444444444444,252.73575313837327
69,198886.13164426727,0.825,251.60966183201535
70,196198.56151709906,0.8277777777777777,249.90386508801993
71,199974.57662963672,0.8277777777777777,252.2972150592063
72,198242.95437846665,0.8166666666666667,251.20249251340667
73,197404.58319280905,0.8333333333333334,250.67076097594966
74,196887.55789163543,0.825,250.34227797855274
75,200805.4381552905,0.8222222222222222,252.82079852001246
76,201097.0573317492,0.8277777777777777,253.00431109205297
77,195457.55550809557,0.825,249.4314981062814
78,196651.10350850667,0.8305555555555556,250.19190709475316
79,201099.5833408393,0.8305555555555556,253.005900098852
80,197797.7900732632,0.8305555555555556,250.92029022306212
81,198096.46408865906,0.8222222222222222,251.1096631702421
82,198362.58052845098,0.8305555555555556,251.27827289905954
83,195722.38855895065,0.8277777777777777,249.60042312828566
84,198441.53908165905,0.8194444444444444,251.3282787893538
85,195971.36008949328,0.8305555555555556,249.75912661075924
86,199038.4697900552,0.8194444444444444,251.7060044279205
87,195024.78368461644,0.8222222222222222,249.15520604167327
88,200280.99198782886,0.8277777777777777,252.49043499590732
89,198316.14912634596,0.825,251.24886239904617
90,201398.11957202642,0.8305555555555556,253.19362653629574
91,197353.1434263074,0.8277777777777777,250.63809890366073
92,198022.01831788727,0.8305555555555556,251.0624745210865
93,200757.00812086737,0.8305555555555556,252.79030916067893
94,197533.4239362628,0.8222222222222222,250.75255071613188
95,201450.51928877173,0.8222222222222222,253.2265623240865
96,200178.93424127478,0.8277777777777777,252.42609566907439
97,199111.2288244153,0.8305555555555556,251.75200611914562
98,198303.73762019025,0.825,251.24100014070763
99,198427.12286957173,0.8361111111111111,251.31914948206875
100,199053.27933600047,0.8361111111111111,251.71536840239335
101,196936.22681435206,0.8277777777777777,250.3732173031724
102,196406.25011573723,0.8361111111111111,250.03609963388374
103,197010.19793226573,0.8361111111111111,250.42023416821888
104,197533.16494272297,0.8305555555555556,250.75238633050355
105,198843.3718629627,0.8333333333333334,251.58261280561663
106,198888.90772844918,0.8277777777777777,251.6114178296786
107,198478.48334294365,0.8333333333333334,251.35167284667867
108,197591.0434049209,0.8277777777777777,250.7891196546549
109,197604.355467439,0.8305555555555556,250.7975675684711
110,196586.09854264293,0.8333333333333334,250.1505519730551
111,196710.88360803828,0.8388888888888889,250.22993220713536
112,196762.96973791148,0.8361111111111111,250.2630586052589
113,197477.7058592177,0.8305555555555556,250.7171834475724
114,197857.29054066844,0.825,250.95802763138178
115,196806.76487427758,0.8333333333333334,250.2909085990367
116,197896.13115815548,0.8277777777777777,250.98265873395513
117,197701.05804535735,0.8305555555555556,250.8589270582825
118,197681.82812249442,0.825,250.8467265289202
119,198515.82979258304,0.8361111111111111,251.3753193671922
120,199647.12675391947,0.8305555555555556,252.09056744345065
121,201107.91437529933,0.8277777777777777,253.0111407338836
122,197981.0341319997,0.8277777777777777,251.03649224984403
123,199585.54989128883,0.8194444444444444,252.05168848834444
124,199474.5301943629,0.8277777777777777,251.9815767129271
125,195113.2609031557,0.8277777777777777,249.21171696176677
126,197253.3323561949,0.8277777777777777,250.57471095797723
127,199696.38291918387,0.8222222222222222,252.12166292946765
128,198543.44169070185,0.8305555555555556,251.39280086570776
129,200831.4658711761,0.8166666666666667,252.83718287383664
130,197005.89229619017,0.8222222222222222,250.4174977000138
131,197106.4605231868,0.825,250.48140652596436
132,197696.4162072423,0.8277777777777777,250.8559820731222
133,193660.09523118573,0.825,248.28194229822836
134,197587.99445547123,0.8305555555555556,250.78718473320066
135,198429.63051724,0.825,251.32073751569786
136,198091.58161463044,0.8222222222222222,251.106568607275
137,198162.717194972,0.8333333333333334,251.15165131092058
138,197894.45982056143,0.8305555555555556,250.98159889100566
139,191822.70983072362,0.8333333333333334,247.10132523659993
140,193249.82070466114,0.8333333333333334,248.01880661260074
141,197248.31756437494,0.8277777777777777,250.57152574436782
142,194202.1932690934,0.8305555555555556,248.62919787532525
143,194985.93841863555,0.8277777777777777,249.13039129234213
144,198056.5336638911,0.8277777777777777,251.08435373099076
145,197404.48000148768,0.8194444444444444,250.67069545809284
146,197294.69042160577,0.8277777777777777,250.60097855508775
147,198183.42449882484,0.825,251.16477319826282
148,198740.96512476058,0.8333333333333334,251.51782042018266
149,199207.65715044434,0.8305555555555556,251.81295970322404
150,202622.46821366085,0.8305555555555556,253.96207353730819
151,198225.94535596663,0.825,251.19171583659372
152,198125.00383227604,0.8361111111111111,251.1277511945163
153,193400.6064561562,0.8277777777777777,248.11554773720889
154,197645.02006443386,0.8277777777777777,250.82337180076135
155,196011.78362307197,0.8305555555555556,249.78488452214606
156,198174.1169602515,0.8333333333333334,251.15887524471614
157,194637.29643569773,0.8277777777777777,248.90756452058196
158,196583.11137847757,0.8305555555555556,250.14865142258643
159,197771.66377009408,0.8222222222222222,250.90371815706033
160,197455.49829717408,0.8277777777777777,250.70308571961607
161,198253.95124792724,0.8277777777777777,251.20945972875805
162,197773.10074176147,0.825,250.90462966498936
163,197359.80193237972,0.825,250.64232701272
164,198562.32363684487,0.8166666666666667,251.40475460347423
165,195836.1711702246,0.825,249.67296480769306
166,198687.54925764853,0.8305555555555556,251.48401776323362
167,198002.2390201735,0.8277777777777777,251.04993560375024
168,195521.91757116612,0.8305555555555556,249.47256227592322
169,190421.68187107705,0.8222222222222222,246.19728650679426
170,197912.7255442248,0.8361111111111111,250.99318146576414
171,199016.14271812057,0.8333333333333334,251.69188651472658
172,189978.1543133543,0.8166666666666667,245.91039969242948
173,192014.3437104671,0.825,247.2247234645719
174,197231.16274150487,0.8305555555555556,250.56062931782623
175,195521.13978560513,0.8416666666666667,249.47206607490347
176,196483.16238812596,0.8416666666666667,250.08505164602627
177,200575.98666088955,0.8333333333333334,252.6763136608362
178,192039.0133725027,0.8222222222222222,247.2406044513093
179,201154.37214364816,0.8138888888888889,253.04036299060377
180,194489.67947781042,0.8166666666666667,248.81315829052082
181,193073.6194642411,0.8138888888888889,247.9057115855847
182,194009.70998018366,0.8194444444444444,248.50595305212005
183,196761.96220768557,0.8027777777777778,250.26241786498372
184,201589.95954867397,0.8111111111111111,253.3141864952166
185,197701.0611043238,0.8,250.85892899901322
186,196481.64415977348,0.8,250.08408543868111
187,193501.42029192357,0.7805555555555556,248.1802068447926
188,194362.29792081172,0.775,248.73166450935352
189,199042.15256693077,0.7833333333333333,251.70833305505886
190,197522.70204617502,0.7944444444444444,250.7457453418358
191,197138.60107646638,0.7833333333333333,250.50182768012237
192,195973.56148659892,0.775,249.76052941133713
193,195226.18904629681,0.7805555555555556,249.28382622108066
194,196174.50974022486,0.7861111111111111,249.88854689155306
195,196537.98496794756,0.7888888888888889,250.11993848139926
196,196997.6633823829,0.7777777777777778,250.41226769014133
197,197005.03790087264,0.7833333333333333,250.41695468130774
198,198011.11148509395,0.7777777777777778,251.05556030477823
199,199757.0175871131,0.7694444444444445,252.15993641450547
200,199055.22064623528,0.7722222222222223,251.71659585373487
201,203213.32288436277,0.7722222222222223,254.33208542838517
202,201913.4409721951,0.7666666666666667,253.51734539245427
203,204770.87351450967,0.7638888888888888,255.30490289486994
204,201431.99683334958,0.7611111111111111,253.2149205433937
205,206123.66402533435,0.7694444444444445,256.1468329604918
206,208776.0349729442,0.7694444444444445,257.78959624108376
207,204614.87508133985,0.7638888888888888,255.2076362467468
208,206144.68984369742,0.7611111111111111,256.15989686432215
209,205280.30628917055,0.7611111111111111,255.62228175704786
210,208355.7075091495,0.7694444444444445,257.5299624179302
211,206761.62231491623,0.7638888888888888,256.54291739636255
212,210814.30130435462,0.7666666666666667,259.044930956204
213,208050.75025141874,0.75,257.3414281319301
214,216329.146663019,0.7555555555555555,262.4113298860058
215,209203.30203110995,0.7555555555555555,258.0532488824657
216,211076.56629877674,0.7555555555555555,259.20601419455716
217,209655.48580671684,0.7611111111111111,258.331983743677
218,213665.59834089104,0.7583333333333333,260.7908592901227
219,210815.83688409152,0.7555555555555555,259.0458744012646
220,214881.46935078906,0.7472222222222222,261.5318260786923
221,216994.0247080894,0.75,262.8142753112825
222,214667.13677762682,0.75,261.4013616549972
223,215398.3875565876,0.75,261.8462072043615
224,214748.9034920722,0.7611111111111111,261.4511408058021
225,219681.02540770662,0.7555555555555555,264.4364615446696
226,218402.49109838548,0.7444444444444445,263.66583412301156
227,214066.76871281964,0.7583333333333333,261.03556996070375
228,218986.71735973266,0.7527777777777778,264.0182514117887
229,219756.91824867402,0.7611111111111111,264.4821348141232
230,219339.1450381517,0.7555555555555555,264.23061573698084
231,214907.69738521348,0.75,261.5477866369888
232,214183.21760854518,0.75,261.1065598935693
233,214815.9699754143,0.75,261.49196345841057
234,219384.73923146984,0.7555555555555555,264.25807721852095
235,223177.80923415854,0.7472222222222222,266.5327429342833
236,219310.01382271503,0.7527777777777778,264.21306844831497
237,223290.7749312349,0.7416666666666667,266.6001897115825
238,217759.08096843495,0.7416666666666667,263.2771700671165
239,217222.4464335283,0.75,262.95256644653796
240,220787.54843383154,0.7583333333333333,265.1016020562137
241,217802.50373431665,0.75,263.30341846283534
242,218391.4915562234,0.7416666666666667,263.6591944552091
243,228040.33407842214,0.7527777777777778,269.4206613936952
244,217257.9211755341,0.75,262.97403704911864
245,222408.44780224786,0.7611111111111111,266.07293681666886
246,216493.79950080864,0.7444444444444445,262.5111743880607
247,223299.2764293297,0.7444444444444445,266.60526488639107
248,219907.15203664647,0.7527777777777778,264.57252415129295
249,218222.0270777289,0.7416666666666667,263.5568792536214
250,221845.90859936143,0.7555555555555555,265.73623372924203
251,220067.9681541116,0.7444444444444445,264.669246222211
252,220173.54757347866,0.7527777777777778,264.7327272340831
253,219109.03229733,0.7416666666666667,264.09197475955915
254,217775.5431475318,0.7555555555555555,263.28712150977697
255,224624.89264351665,0.7472222222222222,267.39544500870613
256,220482.1600283827,0.75,264.918197306623
257,219113.77213102992,0.7527777777777778,264.09483120335614
258,219927.1728851397,0.7472222222222222,264.5845675200874
259,225367.2841926375,0.75,267.83695521885784
260,220097.6883751573,0.7472222222222222,264.6871174349287
261,228846.9373965384,0.7444444444444445,269.896725797482
262,225193.78173795532,0.7416666666666667,267.733836177473
263,226484.9887455281,0.7472222222222222,268.50029979485345
264,222654.14012232362,0.7472222222222222,266.2198602671983
265,226811.7023066214,0.7472222222222222,268.6938911593869
266,228509.42503919028,0.75,269.6976252697604
267,223043.2033410578,0.7611111111111111,266.45235346973425
268,219845.46245206113,0.7444444444444445,264.53541186604565
269,227410.29026485258,0.7527777777777778,269.048218004186
270,225220.0851554489,0.7527777777777778,267.74947184286765
271,221531.23321074332,0.75,265.5477012317495
272,219416.90547493537,0.7444444444444445,264.277449300023
273,220514.96704405325,0.75,264.93790604897396
274,224765.07825496662,0.7472222222222222,267.47887108597797
275,223498.3721259137,0.7527777777777778,266.72409226326386
276,217192.49620310296,0.75,262.93443811411066
277,220529.6384365353,0.7472222222222222,264.94671938124856
278,216807.0818970187,0.7472222222222222,262.7010421800412
279,219235.46836584684,0.7527777777777778,264.1681604262383
280,211910.31115076982,0.75,259.7174368878093
281,219628.1163006244,0.7472222222222222,264.4046155089054
282,232650.14931831363,0.7583333333333333,272.13019411699673
283,230403.5023501813,0.7916666666666666,270.8130584174865
284,203834.1115823809,0.8166666666666667,254.72026393312674
285,200259.32744107078,0.7555555555555555,252.47677858569432
286,212066.61433711543,0.8166666666666667,259.8132018836399
287,219548.8194295632,0.7333333333333333,264.356879472447
288,204543.42486106913,0.7944444444444444,255.1630739099403
289,198532.3915512174,0.7555555555555555,251.38580500589882
290,199263.59932805356,0.7444444444444445,251.84831471082987
291,201309.2229283921,0.7611111111111111,253.13774084099714
292,210647.06633898092,0.7444444444444445,258.94216286906703
293,205771.68877847455,0.7555555555555555,255.92804229885132
294,212870.10615981492,0.7472222222222222,260.3049351504157
295,219431.8008673763,0.7638888888888888,264.2864195512111
296,217670.16626054293,0.7916666666666666,263.2234143232707
297,196078.19181377842,0.9277777777777778,249.82719411498678
298,192974.1850377363,0.9361111111111111,247.84186667262577
299,204963.95004874255,0.7583333333333333,255.42523683417699
300,204903.86354384077,0.7666666666666667,255.38779431143323
301,195887.38463444792,0.7805555555555556,249.70560888340404
302,205379.15364233646,0.775,255.68381845634147
303,205630.77424264187,0.7638888888888888,255.84039623378496
304,193763.8177543544,0.7805555555555556,248.34842213294874
305,199506.36163853755,0.7916666666666666,252.00168107793462
306,199379.77251490182,0.7833333333333333,251.92171938236783
307,201608.1887587447,0.7666666666666667,253.32563947914198
308,198139.58027726982,0.7722222222222223,251.13698900512807
309,198642.8015956856,0.7777777777777778,251.45569702663727
310,196284.25986769493,0.7694444444444445,249.9584373814086
311,195243.58410934955,0.7805555555555556,249.29493182967522
312,199363.97810697032,0.775,251.9117408545649
313,199435.19682841716,0.7694444444444445,251.95673200669864
314,196357.73535517318,0.775,250.0052167299956
315,196901.4476837211,0.7722222222222223,250.35110824925238
316,200591.36632002183,0.7638888888888888,252.6860007653317
317,196729.1306879899,0.7722222222222223,250.24153771572406
318,198206.1585373493,0.7861111111111111,251.17917860553257
319,199333.0651098895,0.7722222222222223,251.89220962108982
320,197157.6417758965,0.7722222222222223,250.51392479051975
321,200274.87356031255,0.775,252.48657827388797
322,196105.79326305696,0.7722222222222223,249.84477727890498
323,199910.97229241376,0.775,252.25708877510095
324,196718.25158463893,0.775,250.23461845272473
325,202471.87898422478,0.7722222222222223,253.86768355757067
326,197956.130154335,0.7722222222222223,251.0207028490081
327,199391.9870381026,0.7805555555555556,251.92943595391608
328,198255.40278518616,0.7722222222222223,251.2103793553805
329,197404.41841477944,0.7805555555555556,250.67065635567687
330,196438.55562734103,0.7833333333333333,250.05666214649662
331,195913.09179161306,0.7722222222222223,249.72199332478286
332,196144.47159228302,0.7777777777777778,249.86941475122435
333,198495.00098088515,0.7777777777777778,251.3621315359117
334,195799.50707297455,0.7833333333333333,249.64959205102028
335,199759.3371863343,0.775,252.1614004639321
336,200916.16358490332,0.7722222222222223,252.8904924333741
337,198629.92810342368,0.7777777777777778,251.44754881942143
338,195382.38540139946,0.7805555555555556,249.3835296474829
339,196205.55106936969,0.775,249.9083164472903
340,195792.67269948212,0.7861111111111111,249.6452350087867
341,196073.33222724812,0.7833333333333333,249.82409824701045
342,202854.9313952598,0.7638888888888888,254.10771362602478
343,196986.02022449826,0.7722222222222223,250.40486751949916
344,195705.871438855,0.7722222222222223,249.5898909475332
345,196193.13916397365,0.7722222222222223,249.90041175901462
346,200880.07081734017,0.775,252.86777667085096
347,195970.19535809945,0.7805555555555556,249.7583844035108
348,195613.87265246914,0.7888888888888889,249.53121956977245
349,197503.47944565155,0.7833333333333333,250.73354395303392
350,195623.62246865747,0.7833333333333333,249.53743807865624
351,193823.7737760465,0.775,248.3868421844566
352,198776.51065362096,0.7805555555555556,251.5403118431818
353,198266.52697991882,0.775,251.2174270169835
354,196202.60606280633,0.775,249.90644090302075
355,199656.08040514833,0.7833333333333333,252.09622018123264
356,198030.4536519118,0.7805555555555556,251.06782183877024
357,200801.09532545847,0.7722222222222223,252.81806462083992
358,196541.0131165922,0.7777777777777778,250.121865328862
359,199953.4683476343,0.7805555555555556,252.28389911326022
360,199473.54773250688,0.775,251.9809561760793
361,204647.4018722785,0.7777777777777778,255.22792009843565
362,198182.26599819394,0.775,251.16403909304142
363,200256.23774818692,0.7694444444444445,252.47483091432997
364,201198.44233215414,0.7777777777777778,253.06808032445332
365,203416.36697347433,0.7777777777777778,254.45911384591201
366,200288.70330038312,0.775,252.49529570161098
367,201814.03647198918,0.7611111111111111,253.45493283755647
368,205241.95312393695,0.7694444444444445,255.59840128416155
369,206922.7839103667,0.7694444444444445,256.6428798843676
370,209859.1654018539,0.7694444444444445,258.4574376056712
371,209173.4817882327,0.7666666666666667,258.03485652267904
372,203315.70255957142,0.7555555555555555,254.39614411605106
373,208251.3297445803,0.7583333333333333,257.46544830058343
374,211753.3236341536,0.7666666666666667,259.62121705482167
375,209891.26758954042,0.7666666666666667,258.4772049860455
376,210550.19516151655,0.7611111111111111,258.88261559602114
377,205523.9114020043,0.7527777777777778,255.7739096280531
378,211319.24828168633,0.7555555555555555,259.35498042063466
379,206202.42413971826,0.7527777777777778,256.19576530211316
380,211928.00303293226,0.7527777777777778,259.72827825358314
381,212629.89517600476,0.7638888888888888,260.1580245403655
382,209255.1763562244,0.7555555555555555,258.0852405104152
383,218935.34610027773,0.7527777777777778,263.98728207773235
384,221094.40770078404,0.7416666666666667,265.2857624357349
385,217432.41080543454,0.7333333333333333,263.07961900562555
386,208216.6275356647,0.8722222222222222,257.4439958757053
387,209856.23542697134,0.8527777777777777,258.4556333565164
388,219603.11887057588,0.7861111111111111,264.38956820059764
389,216103.00735864908,0.7611111111111111,262.27413840542204
390,216234.31374698988,0.7472222222222222,262.353806524385
391,207203.74179355372,0.7361111111111112,256.81705447100205
392,205805.92449467749,0.7527777777777778,255.94933170815392
393,204990.0756807752,0.7527777777777778,255.44151514339674
394,213754.22927952308,0.7361111111111112,260.8449432004939
395,205778.5929564931,0.7638888888888888,255.9323357902278
396,209919.1500577958,0.7555555555555555,258.4943727872912
397,219285.1723036323,0.7527777777777778,264.1981041524752
398,214830.60609007304,0.7305555555555555,261.5008714580621
399,219240.3545950374,0.7638888888888888,264.17110424503335
400,210570.29649874422,0.7888888888888889,258.8949731304228
401,215308.5994354139,0.7944444444444444,261.791626643554
402,206589.178443666,0.7638888888888888,256.4359137819938
403,209349.97583865214,0.7833333333333333,258.1436944451301
404,210795.9827395844,0.7722222222222223,259.0336759454983
405,209390.5051276815,0.7555555555555555,258.1686810113859
406,214644.33709196106,0.7694444444444445,261.387479634617
407,212817.22410875544,0.7666666666666667,260.2726001407144
408,216010.77002802023,0.7666666666666667,262.2181603590646
409,214990.8565607267,0.7638888888888888,261.5983850913468
410,216601.03981650365,0.7611111111111111,262.57618386152615
411,215260.38973833487,0.7555555555555555,261.76231615243586
412,212742.31325199056,0.75,260.22678862430257
413,216921.02474704402,0.7555555555555555,262.7700643111822
414,214085.91181396754,0.7555555555555555,261.0472413626642
415,214145.42380819656,0.7472222222222222,261.08352203685064
416,221529.97145510014,0.7611111111111111,265.5469450025199
417,219280.47492652212,0.7666666666666667,264.1952744016986
418,217976.19614096064,0.7555555555555555,263.4083867009644
419,217629.6866607833,0.7527777777777778,263.19893767112353
420,222326.89586654762,0.7527777777777778,266.02415100677655
421,216842.88314097936,0.7555555555555555,262.7227311299313
422,223286.72849168236,0.7583333333333333,266.5977740577336
423,218543.87409319732,0.75,263.75116244060484
424,218639.03199015732,0.7555555555555555,263.80857716935805
425,222838.53317477912,0.7611111111111111,266.3300736534025
426,224090.4904584076,0.75,267.07717707188226
427,218279.0588301714,0.7472222222222222,263.5913169520893
428,224798.00006648846,0.7638888888888888,267.4984594638027
429,224745.70047403724,0.7611111111111111,267.46734069449883
430,223797.66683757462,0.7555555555555555,266.9026224286046
431,227660.06514312452,0.7444444444444445,269.19593129225103
432,223418.42725501757,0.7555555555555555,266.67638468920745
433,224063.5471327126,0.7611111111111111,267.06112069290464
434,226285.8851068625,0.7666666666666667,268.38225413272716
435,223405.02393471415,0.7527777777777778,266.66838534319345
436,220483.8910685505,0.75,264.9192372618297
437,222812.64484009054,0.7583333333333333,266.3146027152071
438,224203.40572613064,0.7555555555555555,267.1444563503104
439,227555.08517095627,0.7583333333333333,269.13385751575345
440,232384.99727136808,0.75,271.97507612329053
441,227917.8160658978,0.7583333333333333,269.34827656993474
442,225065.9399935482,0.7583333333333333,267.6578295944174
443,222941.45554587903,0.7472222222222222,266.3915714516084
444,229096.72392198836,0.7555555555555555,270.04398181905003
445,228463.49437031194,0.7638888888888888,269.67051913430413
446,225424.61502142303,0.7611111111111111,267.87102036333454
447,223392.79719131772,0.7472222222222222,266.6610879904434
448,226986.7622403577,0.7555555555555555,268.7975640774213
449,227807.60709755085,0.7555555555555555,269.2831474248307
450,224265.7863461989,0.7527777777777778,267.1816178684022
451,226586.11936259392,0.7527777777777778,268.5602388015286
452,228630.0342816148,0.7583333333333333,269.76879024523384
453,223617.55467880782,0.7444444444444445,266.7951993168335
454,230963.35586076998,0.7583333333333333,271.14188078691944
455,229512.43613291148,0.7555555555555555,270.28887772757423
456,229976.32027389912,0.7527777777777778,270.5618900202906
457,229904.35458144548,0.7583333333333333,270.5195537109615
458,226666.13216243833,0.75,268.60765203237565
459,229734.14359047823,0.7444444444444445,270.41939482739724
460,226898.36067696105,0.7555555555555555,268.7452164455624
461,224774.47464190747,0.7555555555555555,267.4844620539423
462,229554.79939943997,0.7555555555555555,270.31382145532
463,227888.17985445878,0.7527777777777778,269.33076428827064
464,228064.61707371174,0.75,269.4350057124779
465,231546.97032562067,0.7555555555555555,271.4842348471636
466,232140.84320321586,0.7555555555555555,271.8321639884155
467,230271.97280004944,0.75,270.73574838447297
468,231244.66217176663,0.7527777777777778,271.3069518027582
469,226593.08452506553,0.7472222222222222,268.5643664844755
470,231320.6347011708,0.7555555555555555,271.3515153886042
471,227020.2411292367,0.7527777777777778,268.81738618486725
472,226979.6284762655,0.7527777777777778,268.7933401450251
473,231526.23233428746,0.7583333333333333,271.47207713296945
474,230641.51774056308,0.7555555555555555,270.95290229347125
475,228425.71924045004,0.7527777777777778,269.6482239750119
476,227463.84717567186,0.7583333333333333,269.0798976241356
477,227210.19153398304,0.7527777777777778,268.92982394479685
478,232240.51995536333,0.7583333333333333,271.8905174408553
479,229159.5971098244,0.7472222222222222,270.08103464321874
480,227030.92188092275,0.7527777777777778,268.8237097134804
481,231818.1238166679,0.7555555555555555,271.6431493843043
482,231695.33587524545,0.7527777777777778,271.5711987523061
483,231846.75981175073,0.7611111111111111,271.6599266136966
484,232078.17300818182,0.7527777777777778,271.79546875541627
485,228428.76570057904,0.7527777777777778,269.6500220865096
486,231829.21437198296,0.75,271.6496472311781
487,231476.84354088482,0.7555555555555555,271.4431206011347
488,232077.73781598342,0.7555555555555555,271.7952139203288
489,232557.5787728629,0.7555555555555555,272.07604898330897
490,228963.66251861322,0.75,269.96554846225035
491,226843.20924002305,0.7472222222222222,268.71255295344423
492,226732.56429172982,0.75,268.6470113994561
493,232109.63680902836,0.7527777777777778,271.813892350709
494,231872.0616341535,0.7555555555555555,271.6747495590422
495,229925.974192356,0.7527777777777778,270.5322728915462
496,225200.91240241783,0.75,267.738074982434
497,227803.61773613148,0.7444444444444445,269.2807895744585
498,229262.5554784116,0.7583333333333333,270.14169974392735
499,231017.17888013148,0.75,271.17347199870983
500,226862.85315663263,0.7472222222222222,268.72418753736656
501,228065.21241306447,0.75,269.4353573785085
502,232070.9726351862,0.7527777777777778,271.79125240902755
503,231507.1422183782,0.7555555555555555,271.4608850097314
504,231782.9869119908,0.7527777777777778,271.62256199236253
505,227920.2231342837,0.7527777777777778,269.3496988764941
506,228140.37939304527,0.7583333333333333,269.4797547099356
507,231014.93480020078,0.75,271.17215491825067
508,227757.85919344507,0.7444444444444445,269.25374321878854
509,232635.7641642163,0.7555555555555555,272.1217808507633
510,228027.88496945184,0.7444444444444445,269.41330722768083
511,228047.71044617312,0.7555555555555555,269.42501880225495
512,227109.20839247573,0.7555555555555555,268.8700546262074
513,230976.50419405015,0.75,271.14959848972296
514,224557.52632706024,0.7527777777777778,267.3553452745617
515,229387.39620542867,0.7472222222222222,270.2152400923125
516,229335.05640734034,0.7527777777777778,270.1844105476364
517,227585.76148048608,0.7527777777777778,269.15199764056155
518,231251.79839336514,0.7583333333333333,271.31113804337076
519,228530.12796788398,0.75,269.70984228059655
520,231345.82303720614,0.7527777777777778,271.3662886212443
521,229091.27097397603,0.7527777777777778,270.0407680136951
522,227855.26117448296,0.75,269.31131103395484
523,228434.738836485,0.7583333333333333,269.6535475744117
524,231404.44337335098,0.7555555555555555,271.4006669715364
525,231685.8493176764,0.7555555555555555,271.5656390759045
526,227395.0847303968,0.7611111111111111,269.0392230498855
527,231729.06667776674,0.7555555555555555,271.59096604945455
528,228694.5616097204,0.7555555555555555,269.80685661569464
529,228550.58541361807,0.7555555555555555,269.721913885853
530,230201.5269100345,0.7583333333333333,270.69433283699885
531,225584.11453128912,0.7527777777777778,267.9657698687014
532,226287.70936375653,0.7472222222222222,268.3833359438846
533,225018.14404093788,0.7527777777777778,267.6294076123899
534,218172.619132039,0.7527777777777778,263.5270414290322
535,220561.6520074425,0.7583333333333333,264.9659494104815
536,218107.02327767224,0.7583333333333333,263.48742238558793
537,214659.02203237553,0.75,261.3964209231819
538,216735.43068051356,0.7583333333333333,262.657629380738
539,212339.4196906286,0.7555555555555555,259.98026177780525
540,214118.2164795108,0.7611111111111111,261.0669360862638
541,212172.85203127423,0.75,259.8782722379175
542,215354.259509387,0.7555555555555555,261.81938399138346
543,216610.59358885864,0.7638888888888888,262.58197461263967
544,215314.9827774363,0.7638888888888888,261.7955073364526
545,213914.13853232804,0.7555555555555555,260.942493835958
546,213938.28506458498,0.7555555555555555,260.9572209563541
547,216423.17297189578,0.7611111111111111,262.46835153255904
548,212343.35941314054,0.7611111111111111,259.982673589377
549,214622.24536176943,0.7583333333333333,261.37402796302166
550,217027.74778694933,0.7583333333333333,262.8346965238575
551,215121.60577998785,0.7638888888888888,261.67792006874066
552,214022.838345222,0.7555555555555555,261.0087839793892
553,213561.9890019258,0.7583333333333333,260.7276211151917
554,214474.7557006112,0.7666666666666667,261.2842036487431
555,213470.24945336103,0.7638888888888888,260.6716148857116
556,214712.63982797018,0.7666666666666667,261.42906484525093
557,213562.1662828617,0.7555555555555555,260.7277293320783
558,213864.5053522114,0.7638888888888888,260.91221963989176
559,215019.67784514892,0.7638888888888888,261.6159192063142
560,213536.7326754535,0.7638888888888888,260.71220353865704
561,213122.17981157603,0.7638888888888888,260.45901174477365
562,213604.7891074689,0.7694444444444445,260.7537461075316
563,212013.16116964415,0.7611111111111111,259.780455772514
564,213052.14504855327,0.7666666666666667,260.41621309284386
565,214589.17652748508,0.7611111111111111,261.3538910304133
566,213873.15135289,0.7694444444444445,260.91749359693586
567,212954.59779217275,0.7638888888888888,260.3565896718219
568,213444.09768332262,0.7555555555555555,260.6556472439842
569,212729.19126302708,0.7583333333333333,260.2187630800362
570,209914.95779177357,0.7638888888888888,258.491791596899
571,210616.02233684645,0.7583333333333333,258.92308143254496
572,209128.74989697817,0.7555555555555555,258.0072645827353
573,211504.80800057607,0.7666666666666667,259.46882541451464
574,211599.8815723369,0.7555555555555555,259.5271358062469
575,211278.15428243764,0.7666666666666667,259.329761583132
576,211859.40643485743,0.7722222222222223,259.6862405851433
577,209144.14522079972,0.7638888888888888,258.0167612021338
578,205584.37660281977,0.7555555555555555,255.81153124440877
579,211481.72081740331,0.7583333333333333,259.4546636376765
580,210717.6227344462,0.7694444444444445,258.98552567570357
581,208588.55776153007,0.7638888888888888,257.6738249809508
582,209980.44552812126,0.7611111111111111,258.5321096438079
583,207730.69960010008,0.7638888888888888,257.1434139669672
584,210128.68799865688,0.7638888888888888,258.62335308475474
585,217330.73382945938,0.7694444444444445,263.0181004218054
586,205891.55278550723,0.7638888888888888,256.0025717319237
587,207383.8453632261,0.7611111111111111,256.9286442067629
588,205440.248696251,0.7611111111111111,255.7218453321368
589,209802.84270473136,0.7666666666666667,258.42275244718445
590,209918.64778527545,0.7555555555555555,258.4940635379975
591,210423.0655759975,0.7722222222222223,258.8044475157645
592,207196.66937357569,0.7611111111111111,256.812671505834
593,207062.7574132779,0.7583333333333333,256.7296686110165
594,207147.1637194118,0.7666666666666667,256.78198945179355
595,208716.97052298277,0.7638888888888888,257.753128267721
596,207872.36084850444,0.7638888888888888,257.2310780649246
597,205062.37517987224,0.7666666666666667,255.48655797141836
598,208640.74153266227,0.7583333333333333,257.7060548193686
599,210465.9955743944,0.7638888888888888,258.83084649408323
600,205158.47338652637,0.7666666666666667,255.54641518382812
601,204739.6685535377,0.7666666666666667,255.2854492417921
602,208452.97263970456,0.7638888888888888,257.5900657937281
603,206146.9896910706,0.7638888888888888,256.1613257806411
604,206958.290725106,0.7666666666666667,256.66489819509866
605,210379.76845218244,0.7611111111111111,258.7778200530069
606,208118.34945872638,0.7694444444444445,257.3832320275848
607,209509.78610116657,0.7666666666666667,258.242204467536
608,206657.22636681114,0.7638888888888888,256.47814371575123
609,209063.0220578916,0.7666666666666667,257.96671637342445
610,209273.5014436175,0.7694444444444445,258.09654090243293
611,210905.67061705416,0.7638888888888888,259.10106138267855
612,208621.49585775536,0.7694444444444445,257.6941687387867
613,211608.90272632983,0.7638888888888888,259.53266796743503
614,214108.74287360333,0.7611111111111111,261.06116060235996
615,211205.79422122595,0.7611111111111111,259.2853492195723
616,212213.41047109483,0.7694444444444445,259.90310989622316
617,211970.03898673275,0.7583333333333333,259.75403554948014
618,211098.80757161786,0.7527777777777778,259.21967018661144
619,214599.65667174748,0.7666666666666667,261.3602729763353
620,213308.62901905942,0.7638888888888888,260.57291767387727
621,216049.4317432441,0.7722222222222223,262.2416252776524
622,210982.76749007893,0.7555555555555555,259.1484144395026
623,213743.90644041754,0.7555555555555555,260.8386446282991
624,214199.11312330695,0.7583333333333333,261.11624866895727
625,214584.01279620128,0.7527777777777778,261.35074648835405
626,216061.12833094082,0.7583333333333333,262.2487238629831
627,217291.42293947318,0.7555555555555555,262.99431192437913
628,216073.35893046626,0.7555555555555555,262.2561463312272
629,216470.0540389685,0.7527777777777778,262.4967776246845
630,216315.41897266515,0.7583333333333333,262.4030037804218
631,214701.47145744067,0.7527777777777778,261.4222655840744
632,218502.97787700786,0.7583333333333333,263.72648334751995
633,218001.75710015115,0.75,263.42383052870423
634,223372.38987587352,0.7527777777777778,266.64890773822907
635,218410.65467228784,0.7527777777777778,263.67076180354763
636,219340.81656229077,0.7555555555555555,264.231622549994
637,220244.96999959892,0.7555555555555555,264.77566227492423
638,220502.6743293258,0.7611111111111111,264.93052139945894
639,220639.01146473296,0.7527777777777778,265.0124122131702
640,221022.75391925138,0.7527777777777778,265.2427711438427
641,216840.34150734567,0.7472222222222222,262.7211914278281
642,222035.84700114682,0.7527777777777778,265.849967439638
643,217938.51903093848,0.7527777777777778,263.3856206929337
644,216894.2069437732,0.75,262.7538207642203
645,220548.06036470455,0.75,264.95778530314016
646,226379.49790969936,0.7472222222222222,268.43776227271024
647,223599.1282236854,0.7555555555555555,266.78420690827284
648,223323.44327256677,0.7583333333333333,266.6196913400489
649,222836.70565876135,0.7444444444444445,266.3289815544136
650,224850.62644834563,0.7611111111111111,267.52976902230324
651,223987.5857065659,0.75,267.0158476810675
652,223720.19708806998,0.7555555555555555,266.8564229545895
653,223832.17549061007,0.7527777777777778,266.9231992627961
654,224211.47882780727,0.75,267.14926596713445
655,225787.7883116233,0.7527777777777778,268.0867120898808
656,224617.40136442348,0.7527777777777778,267.3909861293168
657,231066.937072225,0.75,271.20267410240825
658,227291.515552613,0.7611111111111111,268.97794788066466
659,227580.93015377835,0.7555555555555555,269.14914076558074
660,226271.72308193802,0.7444444444444445,268.37385569541215
661,230946.1145445846,0.75,271.1317602850603
662,226129.830093776,0.7527777777777778,268.2896950684274
663,228167.14675136493,0.7555555555555555,269.4955630679422
664,227962.5417215492,0.7583333333333333,269.37470317302245
665,231059.50742076748,0.75,271.19831398588605
666,228889.8739807407,0.75,269.9220438116008
667,228026.2093586972,0.7583333333333333,269.41231736483047
668,229067.46770754148,0.7527777777777778,270.02673862859706
669,228693.47946235654,0.7555555555555555,269.8062182727407
670,227493.64872485877,0.7472222222222222,269.09752401897913
671,229975.81594346053,0.7583333333333333,270.56159335350486
672,228293.48633313514,0.7472222222222222,269.5701646161923
673,227654.00987173305,0.7444444444444445,269.1923512500957
674,232672.9793867699,0.7472222222222222,272.1435459213505
675,225748.08850648903,0.7527777777777778,268.0631424845811
676,226268.3187864791,0.7527777777777778,268.3718368233184
677,224823.23472222988,0.7444444444444445,267.51347303622794
678,228306.8753039457,0.7527777777777778,269.5780693843174
679,227824.8748354685,0.75,269.2933530162123
680,230483.45685014297,0.7583333333333333,270.86004304292584
681,230876.11668590887,0.75,271.09066827326836
682,234467.02381388764,0.75,273.1907239714605
683,227521.79863087225,0.7472222222222222,269.11417247429443
684,226369.73396152764,0.75,268.43197323111275
685,230816.79859466015,0.7472222222222222,271.0558409073179
686,232444.18850760246,0.7583333333333333,272.00971156916165
687,234749.96942590937,0.7472222222222222,273.35551219905835
688,231696.3493832622,0.75,271.57179272042595
689,227608.49694897648,0.7555555555555555,269.16544124068446
690,227716.02543430973,0.75,269.2290142949313
691,226230.33844085585,0.7472222222222222,268.3493120550699
692,227113.02173302256,0.7527777777777778,268.87231188557735
693,230692.6757120922,0.7583333333333333,270.98295029272634
694,233560.58785293633,0.7472222222222222,272.6621428370418
695,227295.08566477426,0.75,268.9800603169113
696,231503.39800940565,0.7555555555555555,271.45868980663465
697,228148.3809285823,0.7555555555555555,269.4844803813258
698,232894.77536606553,0.7472222222222222,272.27322571191576
699,226165.4414003071,0.7444444444444445,268.3108195933189
700,229451.57109146426,0.75,270.25303602145885
701,226191.32374756623,0.7472222222222222,268.3261718838637
702,229364.6198946652,0.7527777777777778,270.20182466678364
703,228468.22157096857,0.7472222222222222,269.67330903311154
704,226714.81330280067,0.7388888888888889,268.63649494920423
705,229108.98154940977,0.7444444444444445,270.05120596041934
706,221061.05482628866,0.7388888888888889,265.2657520326072
707,231992.31398460976,0.7416666666666667,271.7451877401978
708,227649.05139641208,0.7472222222222222,269.18941962833503
709,229409.68465340705,0.7277777777777777,270.2283675180778
710,230574.81068775212,0.7361111111111112,270.91371642437645
711,232112.473206937,0.7305555555555555,271.81555313914305
712,227844.21468393417,0.7333333333333333,269.30478280876906
713,227771.57097617042,0.7277777777777777,269.2618480834743
714,229534.56707499534,0.725,270.30190883692893
715,225113.89236419825,0.7277777777777777,267.6863415582462
716,224805.388935521,0.7305555555555555,267.50285562133445
717,227386.82501354534,0.725,269.03433682293263
718,226344.81930248914,0.7277777777777777,268.4172007723536
719,229651.77917861636,0.7305555555555555,270.3709150264695
720,222981.67498108948,0.7194444444444444,266.4155993636664
721,228671.00552940386,0.725,269.79296088593105
722,232397.55713871864,0.7277777777777777,271.9824258333919
723,230603.885394075,0.7222222222222222,270.9307965391309
724,223433.0113562432,0.7194444444444444,266.6850884742291
725,224923.68807904565,0.725,267.5732302613239
726,227820.1004976934,0.7194444444444444,269.2905313222144
727,222379.92789418116,0.7166666666666667,266.0558767205799
728,228535.25812483288,0.725,269.7128695533433
729,226229.95183690096,0.725,268.3490827645371
730,230210.52472286447,0.7194444444444444,270.69962305634215
731,228239.43460284313,0.725,269.5382504415352
732,224377.4179704941,0.7138888888888889,267.24810640377007
733,226517.7126066934,0.725,268.51969633240907
734,229604.28101808554,0.7194444444444444,270.34295359446287
735,218385.74432477355,0.7166666666666667,263.65572517997987
736,230873.90526893796,0.725,271.08936996673793
737,232243.93471412038,0.725,271.8925163106322
738,230839.20696127907,0.725,271.06899803297546
739,229019.30569179566,0.7277777777777777,269.99835023319355
740,224009.82087851304,0.7222222222222222,267.0291006386585
741,232881.59565686074,0.7305555555555555,272.2655215186728
742,225488.32526225122,0.7305555555555555,267.9088709804152
743,227849.00101253818,0.7361111111111112,269.30761143976497
744,223706.35455441213,0.7166666666666667,266.84816704786573
745,228024.8838717158,0.7333333333333333,269.41153433414456
746,224897.9054553303,0.7388888888888889,267.5578940873528
747,228376.82782801377,0.7416666666666667,269.6193651668037
748,228373.3264433496,0.7333333333333333,269.61729830928186
749,224836.09568509256,0.7305555555555555,267.5211244510042
750,227998.22675598323,0.7333333333333333,269.3957861749198
751,229370.77927562402,0.7416666666666667,270.2054526561432
752,227389.0908958694,0.7388888888888889,269.0356772669748
753,226814.08055349565,0.7333333333333333,268.6952998581559
754,224825.71837740007,0.7416666666666667,267.5149506623867
755,223770.3292066468,0.7333333333333333,266.8863204082913
756,228892.98229694663,0.7361111111111112,269.92387657117234
757,224794.93891293692,0.7388888888888889,267.49663814722817
758,231589.50139428477,0.7444444444444445,271.5091671199623
759,228992.10835196587,0.7361111111111112,269.9823178404477
760,226727.48066520147,0.7361111111111112,268.6439996822521
761,220291.9955314048,0.7333333333333333,264.80392751015154
762,225234.2819899251,0.7361111111111112,267.7579105552269
763,226166.88231658182,0.7361111111111112,268.311674305711
764,225805.46518934108,0.7305555555555555,268.09720611020373
765,232053.42904746102,0.7388888888888889,271.7809790781093
766,229431.49925268278,0.7388888888888889,270.24121523945587
767,228081.37782226078,0.7444444444444445,269.4449060851698
768,230822.8960625106,0.75,271.0594211132878
769,226839.60321503758,0.75,268.71041714335314
770,228358.12620366365,0.7444444444444445,269.60832546683696
771,221704.74648885144,0.7361111111111112,265.6516753594309
772,220066.1182218519,0.7333333333333333,264.668133790425
773,229742.39375348313,0.7444444444444445,270.42425040528974
774,230811.17126111395,0.7472222222222222,271.0525367047366
775,230674.63417382675,0.75,270.97235384695307
776,232241.03385442388,0.7416666666666667,271.8908182587407
777,231064.195074102,0.7416666666666667,271.20106495953627
778,231421.43445622348,0.7472222222222222,271.4106307097238
779,233037.93888783458,0.7444444444444445,272.3568978452571
780,232309.63402018917,0.7472222222222222,271.9309713224378
781,232285.13191393646,0.75,271.9166304250476
782,230922.88492751835,0.7555555555555555,271.11812410554734
783,230503.71166275183,0.75,270.87194432851817
784,223686.57191718856,0.75,266.8363679257432
785,226496.03240003664,0.75,268.50684589845343
786,229183.36012175796,0.7444444444444445,270.0950374878729
787,222945.41542564996,0.7555555555555555,266.3939372608479
788,217679.43178633126,0.7472222222222222,263.2290165548991
789,221325.69258618605,0.7444444444444445,265.4244827001788
790,219227.96866681715,0.7527777777777778,264.16364199987515
791,219028.68566154965,0.7555555555555555,264.0435494457555
792,221610.53131832782,0.7638888888888888,265.5952239801505
793,221211.62112239387,0.7555555555555555,265.356073874334
794,218357.85816581573,0.7583333333333333,263.6388912510768
795,217108.07573608708,0.7638888888888888,262.88333320531314
796,215467.58492580644,0.7583333333333333,261.88826326131857
797,215804.75989481376,0.7555555555555555,262.09309140081973
798,215819.35137817502,0.7583333333333333,262.10195186882225
799,213746.38331490106,0.7555555555555555,260.8401559291879
800,214095.021734209,0.7666666666666667,261.0527954279215
801,213070.3129482037,0.7583333333333333,260.4273162778578
802,213998.2538375553,0.7638888888888888,260.99379268971546
803,213444.71022070848,0.7583333333333333,260.65602125576515
804,209932.50346893442,0.7611111111111111,258.50259434960174
805,209502.43218445196,0.7583333333333333,258.2376722011338
806,213904.62698303795,0.7722222222222223,260.93669245462013
807,214076.6523587058,0.7583333333333333,261.04159600896287
808,213388.9200850661,0.7611111111111111,260.62195392015497
809,212969.57844995038,0.7666666666666667,260.36574712702435
810,210162.5992135696,0.7555555555555555,258.6442209595276
811,212553.01302283577,0.7583333333333333,260.11098666400204
812,213225.61397331994,0.7638888888888888,260.5222081038704
813,214085.17734690773,0.7611111111111111,261.046793573357
814,213679.71664503802,0.7666666666666667,260.79947523924716
815,211580.42993498122,0.7638888888888888,259.5152068209518
816,210851.9552843803,0.7638888888888888,259.0680641997404
817,212250.14291335802,0.7611111111111111,259.92560249664575
818,212779.80680162646,0.7666666666666667,260.2497187034689
819,212166.8692495157,0.7611111111111111,259.8746082301704
820,211477.9194780163,0.7638888888888888,259.4523318057331
821,212536.93020863293,0.7638888888888888,260.10114583477366
822,211265.99607924523,0.7666666666666667,259.3222997863657
823,210348.5059584838,0.7666666666666667,258.7585921096638
824,216799.98055395565,0.7583333333333333,262.69673986324545
825,213022.41129222597,0.775,260.39804049382764
826,212488.7563880686,0.7666666666666667,260.07166677902717
827,215277.8493289857,0.7666666666666667,261.7729315987439
828,218157.59997591758,0.7666666666666667,263.51797057973727
829,209671.53037288613,0.7666666666666667,258.3418684011064
830,209752.9532669638,0.7583333333333333,258.39202518870667
831,208390.56074616333,0.7666666666666667,257.5515010107446
832,212125.607896973,0.7694444444444445,259.8493373213657
833,208852.71254531416,0.7722222222222223,257.8369313334979
834,206682.53906009434,0.7611111111111111,256.49385077306533
835,208260.0461254482,0.775,257.4708363656405
836,209766.26861152198,0.7694444444444445,258.4002265613017
837,212834.1816583808,0.7638888888888888,260.282969361615
838,209451.60279815047,0.7805555555555556,258.20634354657483
839,215173.27408721653,0.7694444444444445,261.70934332670566
840,208644.5856833446,0.7694444444444445,257.7084288915083
841,210581.8849251512,0.7722222222222223,258.9020969843485
842,207224.94591796916,0.775,256.83019477777714
843,209336.7420896077,0.775,258.13553523029054
844,218285.16149450297,0.7722222222222223,263.5950016804674
845,205955.2946286757,0.7722222222222223,256.0421965071438
846,214553.52333048216,0.7777777777777778,261.3321786379493
847,209167.078745687,0.7722222222222223,258.0309071195457
848,206404.07061070646,0.7638888888888888,256.32100230758516
849,215965.83005850422,0.775,262.19088234625997
850,207107.9133178746,0.7777777777777778,256.7576606763176
851,205994.3018887952,0.775,256.0664421370591
852,217770.24039894133,0.7833333333333333,263.2839160214762
853,208796.41990257308,0.7666666666666667,257.8021812451768
854,212206.17561709703,0.7777777777777778,259.8986795044862
855,209093.9275328487,0.7777777777777778,257.98578308639964
856,208838.2901816312,0.7694444444444445,257.82802869070014
857,209212.25740208637,0.7694444444444445,258.0587720692944
858,209623.61430176804,0.775,258.312347381674
859,215048.0425798443,0.775,261.6331744210531
860,208400.24159409854,0.7722222222222223,257.55748325857667
861,211566.50253142384,0.7638888888888888,259.5066653114717
862,208792.49815544195,0.7611111111111111,257.79976013155647
863,208288.27239671355,0.7666666666666667,257.48828377232286
864,210317.0170577993,0.7694444444444445,258.73922347062586
865,210170.63839476858,0.7583333333333333,258.6491677670999
866,211240.87992237334,0.7611111111111111,259.3068846857994
867,210300.46613767944,0.7611111111111111,258.7290425149115
868,211931.45763942314,0.7638888888888888,259.73039514074907
869,214024.0857601843,0.7611111111111111,261.00954461267145
870,212576.00827830425,0.7583333333333333,260.1250564641391
871,213266.2744370367,0.7583333333333333,260.5470466977015
872,215175.12683068684,0.7638888888888888,261.710470044778
873,213743.3906668906,0.7611111111111111,260.83832992049975
874,215189.9171878357,0.7583333333333333,261.7194644040816
875,215771.43831145775,0.7611111111111111,262.072856226342
876,218579.09614137112,0.7583333333333333,263.77241556864067
877,216635.78992597476,0.8,262.5972460531005
878,217390.52906088118,0.75,263.0542806395728
879,218323.96479838723,0.7555555555555555,263.6184295267851
880,218677.5577450575,0.7527777777777778,263.8318186208376
881,214949.81472809796,0.7472222222222222,261.57341428617656
882,215769.20520650444,0.7416666666666667,262.07150007440606
883,219388.14478938337,0.7472222222222222,264.2601282789018
884,216091.542312824,0.7416666666666667,262.2671810175165
885,218063.37223847877,0.7472222222222222,263.4610544237682
886,221619.77491049745,0.7472222222222222,265.60076304076716
887,218590.50655327862,0.7416666666666667,263.7793002906621
888,225194.05686710117,0.7444444444444445,267.7339997285236
889,220918.53886644408,0.7472222222222222,265.18023109286855
890,223216.38133804468,0.75,266.55577453521926
891,226542.12751390276,0.7444444444444445,268.5341669597822
892,225513.20856643328,0.7388888888888889,267.9236528411085
893,225228.79483973945,0.7416666666666667,267.7546489806476
894,222243.21488379725,0.75,265.97408226137605
895,222779.14999372172,0.7527777777777778,266.29458477149547
896,224251.4806428705,0.7416666666666667,267.17309610059664
897,223296.53415293287,0.7472222222222222,266.60362782875814
898,230073.0483219361,0.7472222222222222,270.6187832086185
899,223346.98871428246,0.7472222222222222,266.63374609590517
900,229001.44430829567,0.75,269.98782134329184
901,224452.64197175583,0.7472222222222222,267.29290099005755
902,228834.1344675039,0.7444444444444445,269.88917595434873
903,225262.72424302073,0.75,267.77481605865506
904,225572.64103160717,0.7555555555555555,267.95895523932006
905,226092.3515860738,0.7472222222222222,268.2674611286071
906,229756.3818923692,0.7472222222222222,270.4324828310379
907,225223.43543971356,0.7472222222222222,267.75146330270087
908,226142.23941803086,0.7444444444444445,268.2970564327923
909,231802.74519358744,0.75,271.63413894365533
910,222546.12637284628,0.75,266.1552782801502
911,229381.63031830464,0.7472222222222222,270.21184400257494
912,228150.9889788201,0.75,269.4860206663186
913,227879.6326479129,0.7527777777777778,269.3257134618995
914,227011.17549072538,0.7444444444444445,268.81201876571913
915,229976.30499344823,0.7527777777777778,270.56188103173963
916,222450.20849943906,0.75,266.09791534135877
917,230760.89320712903,0.7472222222222222,271.02301314174616
918,228683.52688697507,0.7527777777777778,269.8003473227951
919,229727.51755175603,0.75,270.4154950537861
920,231524.24374379238,0.75,271.47091128678
921,224375.63621447934,0.7472222222222222,267.2470453079819
922,230222.32329907527,0.7472222222222222,270.70655981393674
923,228554.12177115373,0.7555555555555555,269.7240005780208
924,230217.0253067525,0.7555555555555555,270.7034449780114
925,231590.8735690336,0.75,271.50997146875426
926,225816.9604580876,0.7416666666666667,268.10403014834264
927,229094.3873935506,0.75,270.0426047433744
928,226575.0384838461,0.75,268.5536719389274
929,226853.81432938992,0.75,268.71883413625267
930,226131.55383602428,0.7527777777777778,268.2907176256917
931,230308.11387141404,0.7444444444444445,270.7569934712921
932,232650.46196297536,0.7416666666666667,272.13037696670506
933,232417.9459596337,0.7444444444444445,271.99435642211665
934,231376.87736254145,0.7361111111111112,271.3845012133734
935,223655.88539378642,0.7416666666666667,266.81806427607387
936,231602.27551750554,0.75,271.51665503221733
937,230937.99211194308,0.7388888888888889,271.1269923572084
938,226172.30679327695,0.7416666666666667,268.31489193351416
939,222078.742800282,0.7333333333333333,265.8756463924387
940,227828.42443633458,0.7472222222222222,269.29545085604775
941,231675.07066043737,0.7555555555555555,271.55932201555055
942,228523.94714980145,0.75,269.70619497431625
943,223929.42393614832,0.7305555555555555,266.9811780750044
944,222961.85264811222,0.7333333333333333,266.40375736792396
945,232121.96797249946,0.7333333333333333,271.82111250983394
946,233919.8273182031,0.7277777777777777,272.8717530448859
947,223234.42235534487,0.7138888888888889,266.5665462360836
948,231516.43137324805,0.7194444444444444,271.4663310985286
949,224599.13382782575,0.725,267.3801128089245
950,221139.9125336025,0.7138888888888889,265.31306109813823
951,223874.29151446075,0.7138888888888889,266.94831007415047
952,230948.50088459704,0.7194444444444444,271.1331610683082
953,225976.85636412565,0.6944444444444444,268.19893256580207
954,224679.36647816544,0.7055555555555556,267.4278661088089
955,222434.51159438878,0.7055555555555556,266.0885267518255
956,221930.9400831047,0.7027777777777777,265.78715596979987
957,222618.46363730077,0.7055555555555556,266.1985308426768
958,224053.08125550492,0.7083333333333334,267.0548834857123
959,221842.15187865496,0.7055555555555556,265.7339837417523
960,222536.78552750964,0.6972222222222222,266.14969260355764
961,219771.1338689229,0.6916666666666667,264.49068907676025
962,226090.4860350994,0.6888888888888889,268.26635435154816
963,225424.12746736134,0.6888888888888889,267.87073068406727
964,221546.44720968144,0.6888888888888889,265.55681952406513
965,218639.8925780777,0.6888888888888889,263.8090963590227
966,222188.99861982858,0.7027777777777777,265.9416380749131
967,221015.60757672883,0.6888888888888889,265.23848305362833
968,217475.87624593423,0.6861111111111111,263.1059129239848
969,226291.0267431436,0.6777777777777778,268.3853031874569
970,227871.8236556159,0.7,269.3210987878817
971,223304.13958039804,0.6944444444444444,266.6081680185471
972,224135.45182236194,0.6833333333333333,267.1039688198746
973,222844.37061651435,0.6972222222222222,266.33356200006256
974,219242.21279244794,0.6888888888888889,264.172223749293
975,220608.81052665002,0.7,264.99427422093373
976,224778.0860214119,0.6916666666666667,267.486610838909
977,220244.02591940854,0.6972222222222222,264.7750947938019
978,224703.44296094467,0.6916666666666667,267.4421944159227
979,222457.3269563957,0.6972222222222222,266.10217290401937
980,218587.69557737836,0.6833333333333333,263.7776042434467
981,216660.4151537182,0.6861111111111111,262.6121704874183
982,220504.32538033716,0.6916666666666667,264.93151325361174
983,214025.5746078875,0.6861111111111111,261.01045246092553
984,219653.97108594349,0.6972222222222222,264.42017800497814
985,220576.25290569436,0.6916666666666667,264.9747194682138
986,218839.4376474183,0.6972222222222222,263.92945362364253
987,222919.93009978993,0.6944444444444444,266.3787108200704
988,223090.47673875815,0.6944444444444444,266.4805888979565
989,222857.75491632178,0.7027777777777777,266.3415600363366
990,222860.05490123233,0.6916666666666667,266.34293441074163
991,218848.88563625485,0.7,263.93515089568064
992,221005.3335526286,0.6861111111111111,265.2323181083857
993,223660.95669436225,0.7055555555555556,266.82108925109384
994,220503.04374733294,0.6972222222222222,264.93074332435066
995,221655.01427589674,0.6916666666666667,265.6218785533812
996,225194.1925671122,0.7055555555555556,267.7340803956196
997,220062.26142068428,0.7027777777777777,264.665814540083
998,220783.1293051287,0.6972222222222222,265.0989489990797
999,226903.64490644864,0.6972222222222222,268.7483458272049
1000,225403.3509683208,0.7083333333333334,267.8583860777393
1001,224260.52263294606,0.7111111111111111,267.17848235741303
1002,224439.9784557867,0.7083333333333334,267.28536061175123
1003,231107.4383556924,0.6916666666666667,271.2264411874843
1004,225349.2007490929,0.7138888888888889,267.8262094008948
1005,220461.82480561084,0.7027777777777777,264.9059802302409
1006,223399.9004481938,0.7055555555555556,266.6653274895984
1007,219687.2796465348,0.7027777777777777,264.4402257227805
1008,227392.9008085612,0.7,269.03793110893326
1009,220526.21739851104,0.7111111111111111,264.9446643370308
1010,220172.26994948176,0.7055555555555556,264.73195913687186
1011,224074.63654798837,0.7055555555555556,267.0677293426977
1012,230890.66911293258,0.7166666666666667,271.09921174034577
1013,223408.85903533903,0.7083333333333334,266.67067422569977
1014,229788.5422494689,0.7111111111111111,270.4514091842888
1015,225393.6822998499,0.7194444444444444,267.852641128309
1016,225118.65821826886,0.7277777777777777,267.6891751179058
1017,229732.58894087828,0.7166666666666667,270.4184798390793
1018,230311.84177065102,0.7194444444444444,270.75918477642665
1019,221897.14460251245,0.7166666666666667,265.7669182628528
1020,223290.5576837681,0.7138888888888889,266.60006001918936
1021,229353.76091670335,0.7166666666666667,270.1954284091798
1022,227938.42687811717,0.7083333333333334,269.36045499754744
1023,223791.17241384872,0.7138888888888889,266.8987497535147
1024,223086.92982536348,0.725,266.4784705033462
1025,230876.49248459385,0.7222222222222222,271.09088890127583
1026,221007.17880381184,0.7166666666666667,265.233425364983
1027,221274.86271833954,0.7166666666666667,265.39400213118716
1028,221206.06280582215,0.7222222222222222,265.35274009304237
1029,227385.98544155594,0.7333333333333333,269.03384014969333
1030,229044.57770518356,0.7416666666666667,270.013246823839
1031,221261.76773092497,0.7361111111111112,265.386149041835
1032,231125.38323599906,0.7444444444444445,271.2369709903793
1033,223081.53112688393,0.7472222222222222,266.4752460974643
1034,220526.86407212337,0.7444444444444445,264.94505280013414
1035,218775.0708202653,0.7416666666666667,263.8906362352582
1036,221579.61102170873,0.7472222222222222,265.57669469471284
1037,220358.3338208022,0.7527777777777778,264.8437957705434
1038,218878.48779204453,0.7555555555555555,263.953000621637
1039,218202.673578964,0.7555555555555555,263.5451919347398
1040,217753.316713253,0.7527777777777778,263.2736854665473
1041,216691.42147313946,0.7666666666666667,262.63096105775276
1042,212177.4117255928,0.7527777777777778,259.88106467602586
1043,221473.75268012597,0.7555555555555555,265.51324827267644
1044,215828.5278497727,0.7638888888888888,262.107523995547
1045,216086.3764803865,0.7555555555555555,262.26404615070584
1046,215325.40263335372,0.7583333333333333,261.8018418665188
1047,213802.34855869113,0.7611111111111111,260.8743016004913
1048,215658.9693239447,0.7611111111111111,262.0045457239596
1049,214848.73474515334,0.7611111111111111,261.5119047069582
1050,209943.49280357733,0.7472222222222222,258.50936017741054
1051,216166.6896989733,0.7638888888888888,262.3127797016512
1052,213782.56960113923,0.7666666666666667,260.86223451817807
1053,214281.63400238045,0.7722222222222223,261.1665417517612
1054,214710.9630148081,0.7611111111111111,261.42804401910604
1055,214430.7183119007,0.7611111111111111,261.25737796312967
1056,214635.06082131405,0.7611111111111111,261.3818313905606
1057,213544.1323174068,0.7666666666666667,260.7167207011666
1058,213261.9952971786,0.7444444444444445,260.54443277562666
1059,213722.4695649902,0.7583333333333333,260.8255642419866
1060,215661.69988254787,0.7527777777777778,262.0062043994696
1061,212919.48520269615,0.7583333333333333,260.3351246013137
1062,215000.1066111612,0.7583333333333333,261.60401270795063
1063,213785.9284374591,0.7555555555555555,260.8642837734281
1064,212315.46452923917,0.7722222222222223,259.96559647261165
1065,211476.46409538374,0.7638888888888888,259.45143903388185
1066,213578.02289076947,0.7694444444444445,260.73740843561336
1067,213133.28854922063,0.7527777777777778,260.4657997128979
1068,213214.6692037776,0.7583333333333333,260.5155217774346
1069,210804.4958158842,0.7722222222222223,259.0389064796744
1070,212116.36241277892,0.7527777777777778,259.8436744993639
1071,210368.11433871885,0.7638888888888888,258.77065237746
1072,211573.8162678316,0.7611111111111111,259.51115077330246
1073,210937.0698747024,0.7694444444444445,259.12034791532454
1074,210621.48071535866,0.7611111111111111,258.9264365690906
1075,217044.7955680715,0.7694444444444445,262.84501930616256
1076,209605.1617434892,0.7722222222222223,258.30097788840266
1077,209166.82816523273,0.7638888888888888,258.03075256003837
1078,212120.5731210597,0.7638888888888888,259.8462535566079
1079,210251.18133141837,0.7666666666666667,258.6987236141905
1080,209264.90016695796,0.7611111111111111,258.09123688030695
1081,206397.204050714,0.7611111111111111,256.3167386848456
1082,214907.11694609586,0.775,261.5474334326345
1083,219432.5447669802,0.7638888888888888,264.2868675318488
1084,211356.323523607,0.775,259.37773089651273
1085,210433.83204361808,0.7722222222222223,258.81106840130116
1086,210986.9771847312,0.7694444444444445,259.150999793429
1087,206760.12049586241,0.7666666666666667,256.54198569120183
1088,212230.56115773504,0.7666666666666667,259.91361212302957
1089,207597.84912830818,0.7694444444444445,257.0611750693432
1090,207608.38631450673,0.7638888888888888,257.0676989016144
1091,210338.23038843472,0.775,258.7522718258578
1092,211029.997627389,0.7916666666666666,259.1774190128064
1093,207920.44255546274,0.7666666666666667,257.26082563249446
1094,207445.1983423543,0.7722222222222223,256.9666466172773
1095,220207.56893117118,0.8361111111111111,264.75317977937556
1096,214127.17713269338,0.7722222222222223,261.07239873637354
1097,207240.56250667787,0.775,256.83987202956905
1098,205981.9267094762,0.7694444444444445,256.05875038125777
1099,209446.8948783475,0.775,258.2034416313523
1100,218259.74374157397,0.7666666666666667,263.57965435306977
1101,210101.6368078214,0.7638888888888888,258.60670544153675
1102,212050.5993792212,0.7666666666666667,259.80339134353983
1103,209713.76093695092,0.7694444444444445,258.36788379172737
1104,209574.28768653405,0.775,258.2819538034929
1105,205836.4836165215,0.7694444444444445,255.96833333919776
1106,216408.84824588173,0.7805555555555556,262.45966519507687
1107,210078.21824575277,0.7722222222222223,258.59229249824733
1108,208140.15180724714,0.7638888888888888,257.3967133279711
1109,210238.11871195288,0.7611111111111111,258.69068718973244
1110,208895.32684439688,0.7611111111111111,257.86323451040033
1111,209353.70465716993,0.7611111111111111,258.1459933866468
1112,210387.06958688502,0.7583333333333333,258.7823103976441
1113,209846.6413760974,0.7694444444444445,258.44972534803804
1114,215032.6947911719,0.75,261.62383799029425
1115,212237.33517840237,0.7666666666666667,259.91776007919947
1116,213044.78872404853,0.7611111111111111,260.4117171918376
1117,213718.05885721173,0.7666666666666667,260.82287282801667
1118,213419.57374503138,0.7638888888888888,260.64067262837943
1119,213614.07011069285,0.7638888888888888,260.7594108449222
1120,211683.49775448994,0.7472222222222222,259.57840834171554
1121,214845.0787409999,0.7583333333333333,261.50967967017056
1122,216237.43266814735,0.7638888888888888,262.3556985873817
1123,216187.6165433902,0.7555555555555555,262.32547649107875
1124,212776.08848808793,0.75,260.24744476992555
1125,213401.58082047867,0.7527777777777778,260.62968538216745
1126,222316.8589524244,0.7416666666666667,266.01814612895123
1127,217441.88217316385,0.7527777777777778,263.0853488245383
1128,217719.83027656956,0.75,263.25344137406654
1129,219600.24119764523,0.7444444444444445,264.38783591828775
1130,219448.10265726104,0.75,264.2962364092262
1131,225026.8828907495,0.7472222222222222,267.63460441663307
1132,220562.1130500934,0.75,264.9662263410784
1133,216244.57753072196,0.7361111111111112,262.3600328969068
1134,221399.72449814872,0.75,265.46887031463467
1135,217156.13382687006,0.7444444444444445,262.9124269458236
1136,221706.50211677817,0.7444444444444445,265.65272717402695
1137,218035.81055114555,0.7444444444444445,263.4444040789739
1138,221590.99282770394,0.7444444444444445,265.5835155018843
1139,223283.25471434288,0.7416666666666667,266.59570025577835
1140,228234.8249385143,0.7472222222222222,269.53552854745493
1141,220045.01759355812,0.7444444444444445,264.655444881672
1142,218245.67113248145,0.7527777777777778,263.5711568785272
1143,219481.7311567138,0.7444444444444445,264.31648617503015
1144,220726.36530913418,0.75,265.0648679461545
1145,223582.1103696997,0.7527777777777778,266.7740544065536
1146,220956.39391888006,0.7472222222222222,265.2029498325754
1147,225095.14934719447,0.75,267.67519752347033
1148,224380.2006698336,0.7472222222222222,267.2497635866323
1149,228214.13087636954,0.7444444444444445,269.5233088710323
1150,221603.86621927842,0.7472222222222222,265.5912299646705
1151,224706.59880531978,0.7527777777777778,267.444072453416
1152,229413.2612818958,0.7416666666666667,270.230474017444
1153,222316.12376014976,0.7444444444444445,266.0177062733133
1154,221966.8448588623,0.75,265.8086550953516
1155,222286.6506230347,0.7444444444444445,266.0000722932124
1156,223081.92422716058,0.7472222222222222,266.4754808803401
1157,222775.83966006667,0.75,266.2926062937051
1158,215841.5496095851,0.7444444444444445,262.11543085053205
1159,223972.4519030894,0.75,267.00682701679546
1160,223226.97768995637,0.7444444444444445,266.5621013228279
1161,225692.5601513126,0.7416666666666667,268.03017205958855
1162,219878.31785229157,0.75,264.55517823290904
1163,227054.9540927908,0.75,268.8379374172144
1164,222912.9564647211,0.7444444444444445,266.3745442064194
1165,222487.66559422077,0.7472222222222222,266.12031773728535
1166,221001.60790254356,0.7444444444444445,265.23008249045466
1167,223540.17284395557,0.75,266.7490336917163
1168,217023.4899407552,0.7444444444444445,262.8321182470872
1169,221435.21253635638,0.7472222222222222,265.4901453906173
1170,229307.30879327943,0.7527777777777778,270.1680650319355
1171,224348.95280116328,0.75,267.23115393155587
1172,229696.15461354147,0.7527777777777778,270.39703554567825
1173,223180.99896919195,0.7444444444444445,266.5346476169059
1174,226286.46026672205,0.7472222222222222,268.3825952114503
1175,232460.88810062452,0.7472222222222222,272.01948245207126
1176,222257.16175106473,0.7472222222222222,265.982427728814
1177,224498.09871670592,0.7388888888888889,267.3199660537762
1178,223605.0852480862,0.7416666666666667,266.78776065523533
1179,221656.43835737236,0.7277777777777777,265.6227318311436
1180,223785.80526159788,0.7361111111111112,266.89554923671386
1181,229358.74120986523,0.7444444444444445,270.1983619672216
1182,223449.42887812806,0.7388888888888889,266.69488610400833
1183,227128.20362970766,0.7388888888888889,268.88129843204246
1184,223469.52890524536,0.7444444444444445,266.70688088494074
1185,228204.1144062515,0.7472222222222222,269.5173940274109
1186,223789.2555532928,0.7388888888888889,266.89760670400153
1187,227067.78163673938,0.7388888888888889,268.8455313535941
1188,225217.89349939147,0.7305555555555555,267.7481690812178
1189,228439.1796653745,0.7194444444444444,269.65616862813255
1190,230730.11402157042,0.725,271.00493783947763
1191,225591.47669729596,0.7277777777777777,267.97014250014786
1192,227922.12912403746,0.7222222222222222,269.3508250966379
1193,225835.6651851833,0.7222222222222222,268.1151336298202
1194,223252.67140602454,0.7166666666666667,266.5774417040551
1195,225814.64853452073,0.7194444444444444,268.1026577146448
1196,216610.50459913732,0.7138888888888889,262.5819206746056
1197,221766.69837170813,0.7138888888888889,265.68878884524554
1198,223133.2678637944,0.7083333333333334,266.50614457745934
1199,224432.1946579606,0.7055555555555556,267.2807257127865
1200,225117.1104534609,0.7166666666666667,267.68825489076835
1201,219662.74025524937,0.7027777777777777,264.4254561298288
1202,220972.56027187005,0.7055555555555556,265.2126514891018
1203,218102.939005252,0.7,263.48495534112004
1204,223970.24733160203,0.7083333333333334,267.0055129331185
1205,222868.3236702592,0.7,266.34787542132267
1206,224549.16426163618,0.6944444444444444,267.350367343654
1207,226044.4259910939,0.6888888888888889,268.23902682067984
1208,219297.77360898696,0.6944444444444444,264.2056951654058
1209,216693.10985893375,0.6944444444444444,262.6319842212842
1210,225166.92505411524,0.6916666666666667,267.7178706891446
1211,224369.66490989373,0.6861111111111111,267.2434891640272
1212,224001.82453560675,0.6944444444444444,267.0243346080848
1213,222787.3346364305,0.6944444444444444,266.2994764007475
1214,221621.66391322645,0.6916666666666667,265.60189497833295
1215,224161.14444414995,0.6888888888888889,267.1192774302252
1216,226086.89504800667,0.6944444444444444,268.2642239106393
1217,223495.8099690694,0.6833333333333333,266.72256341338766
1218,221148.5673365055,0.6972222222222222,265.31825285605856
1219,224675.34360669283,0.6888888888888889,267.42547195761
1220,223498.12443725762,0.6944444444444444,266.7239444667729
1221,221592.4348320887,0.6972222222222222,265.5843796434406
1222,222464.94263134222,0.6861111111111111,266.1067277782846
1223,222240.79914412432,0.6916666666666667,265.9726367146833
1224,221344.5335976233,0.6916666666666667,265.43577998616485
1225,221908.7795209277,0.6888888888888889,265.7738857609799
1226,214322.06604132365,0.6805555555555556,261.1911798822629
1227,226006.2932967707,0.6833333333333333,268.21640049802227
1228,221549.9304077705,0.6861111111111111,265.5589070848955
1229,221396.09245484337,0.6888888888888889,265.4666928087913
1230,221418.76010487543,0.6916666666666667,265.48028237128824
1231,226699.51317409516,0.6805555555555556,268.6274301637251
1232,222643.76398516263,0.6888888888888889,266.21365700062773
1233,224213.1829133488,0.6888888888888889,267.150281179065
1234,222330.56686675287,0.6888888888888889,266.026347256308
1235,223611.07209185208,0.6861111111111111,266.7913321436678
1236,222251.49971727238,0.6916666666666667,265.9790397365585
1237,221571.07267483626,0.7,265.57157778035577
1238,221941.32727089015,0.7055555555555556,265.7933758073675
1239,223783.7271655027,0.7027777777777777,266.8943100252151
1240,223913.44074222122,0.6972222222222222,266.9716498763069
1241,219247.52673308746,0.6944444444444444,264.1754252016767
1242,222363.899583239,0.6916666666666667,266.04628839306264
1243,223318.93937591332,0.6916666666666667,266.6170027875788
1244,217965.45236291326,0.6888888888888889,263.40189508361055
1245,222256.86848725184,0.6916666666666667,265.9822522495493
1246,222034.1356654563,0.7027777777777777,265.8489429217046
1247,217589.47667556407,0.6944444444444444,263.17462179205154
1248,224871.7640596215,0.6916666666666667,267.5423436089442
1249,219802.45424146825,0.6972222222222222,264.5095351637056
1250,223208.94675905447,0.7111111111111111,266.5513354648189
1251,221813.79957728874,0.7055555555555556,265.7170022739248
1252,222662.27477122698,0.7027777777777777,266.2247233820578
1253,225038.40738257024,0.7027777777777777,267.64145762741515
1254,224024.48351501478,0.7027777777777777,267.03783973445945
1255,223354.95272552647,0.7055555555555556,266.6384998094766
1256,223320.9594829966,0.7,266.6182086720402
1257,225041.86904619363,0.7083333333333334,267.6435161229979
1258,224494.6242482818,0.6972222222222222,267.3178974429947
1259,220130.49629368028,0.7111111111111111,264.706843925167
1260,222730.67727831306,0.7111111111111111,266.265612751813
1261,222559.51809615543,0.7027777777777777,266.16328611269165
1262,223874.16670522167,0.7055555555555556,266.94823566270315
1263,219125.3914608761,0.7027777777777777,264.1018334201602
1264,221021.33335523543,0.6944444444444444,265.24191875436026
1265,219551.205225282,0.6944444444444444,264.35831582678384
1266,226744.85940416242,0.7,268.65429531220707
1267,223126.12909647945,0.7083333333333334,266.5018813391946
1268,222946.07121104212,0.7083333333333334,266.3943290543365
1269,220915.71456382604,0.7027777777777777,265.1785360073893
1270,222031.9224764732,0.7055555555555556,265.847617955577
1271,224820.83268625877,0.7,267.5120439608432
1272,220622.83830251446,0.7111111111111111,265.0026991364772
1273,221943.65168797065,0.7083333333333334,265.79476764604084
1274,220220.88129193883,0.7138888888888889,264.7611823121568
1275,224256.7044348094,0.7138888888888889,267.1762078939593
1276,223628.34379689375,0.7055555555555556,266.80163541751176
1277,220598.26397075516,0.7027777777777777,264.987939908353
1278,219728.62669932388,0.7055555555555556,264.46510952483396
1279,223930.02470377425,0.7083333333333334,266.98153620913905
1280,221454.5986459201,0.7027777777777777,265.50176664169277
1281,221849.27925210973,0.7111111111111111,265.73825247542936
1282,224450.85475036054,0.7083333333333334,267.29183681781564
1283,229577.7290193246,0.7194444444444444,270.32732158343583
1284,226578.6145937541,0.7305555555555555,268.55579126695227
1285,225913.12045164386,0.7416666666666667,268.16110765431245
1286,227412.2572121601,0.7444444444444445,269.0493815454732
1287,221800.70756118605,0.7416666666666667,265.7091605106707
1288,226461.93852694376,0.7444444444444445,268.48663631077073
1289,221091.32672913655,0.7472222222222222,265.28391403810133
1290,221403.67876520587,0.7527777777777778,265.47124098181564
1291,220272.40702579197,0.7472222222222222,264.7921539808335
1292,222831.7882714539,0.7444444444444445,266.32604296766965
1293,218395.13873767125,0.7416666666666667,263.6613960265729
1294,220963.902433576,0.7472222222222222,265.2074558423232
1295,220350.835784925,0.7416666666666667,264.8392898706735
1296,218544.1805926917,0.7527777777777778,263.75134739104084
1297,217744.73619964195,0.7583333333333333,263.2684982994121
1298,216742.22036196486,0.7555555555555555,262.661743492727
1299,216587.31599556888,0.7555555555555555,262.56786532895114
1300,216311.93514217954,0.7583333333333333,262.4008907288668
1301,215558.14462219644,0.7583333333333333,261.9432924903412
1302,215371.55493111457,0.7638888888888888,261.829897332885
1303,215848.78592550327,0.7611111111111111,262.11982466203574
1304,214196.79115920266,0.7638888888888888,261.11483338718807
1305,213757.94894899847,0.7638888888888888,260.8472127526691
1306,212242.39021648603,0.7638888888888888,259.9208554025347
1307,212608.85694163095,0.7666666666666667,260.1451538175493
1308,210488.6451025212,0.7611111111111111,258.84477330161377
1309,212906.20088552672,0.7638888888888888,260.3270031550613
1310,211478.172516017,0.7638888888888888,259.4524870259089
1311,211278.53130001103,0.7638888888888888,259.3299929649191
1312,210905.16587911246,0.7694444444444445,259.10075134309005
1313,212797.0973824225,0.7666666666666667,260.2602924920356
1314,208296.3168224265,0.7555555555555555,257.49325602867617
1315,210376.88741475734,0.7611111111111111,258.7760481356255
1316,209865.11757981672,0.7666666666666667,258.46110285839785
1317,219520.93906695323,0.7638888888888888,264.340093684936
1318,209506.15478946516,0.7666666666666667,258.2399664766054
1319,209926.9997826417,0.7694444444444445,258.4992058164151
1320,209597.8898024893,0.7666666666666667,258.2964971643887
1321,210281.8807241784,0.7694444444444445,258.7176096051961
1322,208388.63766069448,0.7611111111111111,257.5503126299226
1323,210710.24566961607,0.7583333333333333,258.9809921921956
1324,209839.4520956657,0.7694444444444445,258.44529810666
1325,206908.36790867185,0.7638888888888888,256.633939765346
1326,209878.35016945438,0.7611111111111111,258.4692510819823
1327,207650.35734590772,0.7611111111111111,257.09368256104494
1328,215344.50522549354,0.7722222222222223,261.8134544835914
1329,207481.96475044716,0.7666666666666667,256.98941726247034
1330,206132.63520453492,0.7694444444444445,256.1524070757883
1331,205508.1169896556,0.7666666666666667,255.76408138912393
1332,207493.07393001812,0.7694444444444445,256.99629714567664
1333,208851.22577175414,0.7555555555555555,257.83601359149236
1334,213301.4081266186,0.7666666666666667,260.56850719844533
1335,210873.5989813301,0.7777777777777778,259.0813603695054
1336,206720.17203899313,0.7694444444444445,256.5172010482446
1337,210551.6529158665,0.7777777777777778,258.8835117875576
1338,205913.02211983432,0.7694444444444445,256.01591871351445
1339,214746.74546648358,0.7722222222222223,261.4498271328093
1340,203404.28278576236,0.7694444444444445,254.45155551269792
1341,204786.85770466598,0.7638888888888888,255.31486711100152
1342,212209.2288941271,0.7666666666666667,259.9005492422815
1343,205484.31044847658,0.7694444444444445,255.7492668052233
1344,203962.13039106427,0.7666666666666667,254.8002404052695
1345,211169.28562616438,0.7777777777777778,259.26293848750686
1346,208249.1711711273,0.7833333333333333,257.46411395250846
1347,204460.3148169451,0.7638888888888888,255.1112297380964
1348,203022.97290095035,0.7694444444444445,254.21294104902748
1349,204108.27832354803,0.7694444444444445,254.89151190719954
1350,212424.96725517194,0.775,260.0326270866586
1351,209870.033060503,0.7777777777777778,258.4641296909053
1352,210157.74139069195,0.7805555555555556,258.64123171434534
1353,216417.416449979,0.7666666666666667,262.4648608830958
1354,205986.40013305168,0.7666666666666667,256.0615308510055
1355,206420.85436187626,0.7777777777777778,256.3314234694796
1356,206291.9613996753,0.7722222222222223,256.25138195483277
1357,206875.20395098906,0.7666666666666667,256.6133718727218
1358,204549.386777854,0.7666666666666667,255.1667925577756
1359,215575.57437195792,0.7722222222222223,261.9538824723604
1360,206497.09389371483,0.7638888888888888,256.37875585662687
1361,210397.76314440998,0.7666666666666667,258.7888870098971
1362,211189.12264111525,0.7638888888888888,259.2751156419528
1363,212847.90952708173,0.7722222222222223,260.29136339114893
1364,208397.8346207723,0.7611111111111111,257.555995890382
1365,209225.53629204366,0.7694444444444445,258.06696155041425
1366,209762.75109289962,0.7666666666666667,258.39806002750817
1367,211211.1644415452,0.7694444444444445,259.2886455557477
1368,210805.5177072568,0.7638888888888888,259.0395343346494
1369,213038.63787149402,0.7583333333333333,260.4079579690779
1370,213495.7841454729,0.7638888888888888,260.68720481079356
1371,216437.99193778523,0.7555555555555555,262.4773372685052
1372,213733.2110857584,0.7527777777777778,260.8321186019925
1373,214934.44762849383,0.7638888888888888,261.56406397210185
1374,215759.65093231518,0.7583333333333333,262.0656977387915
1375,215129.0556073299,0.7611111111111111,261.682451083743
1376,213254.31381183313,0.7527777777777778,260.5397404574722
1377,216376.89637131363,0.7583333333333333,262.44028893589245
1378,213340.38019834066,0.7472222222222222,260.59231020761234
1379,214676.52957772734,0.75,261.40708042479946
1380,218472.89288658559,0.75,263.7083268859225
1381,214006.54660131613,0.7444444444444445,260.99884959756247
1382,219438.48073918256,0.75,264.29044218138716
1383,217662.19513734625,0.7527777777777778,263.2185946332111
1384,218631.0230993721,0.75,263.80374538472125
1385,217114.6803835736,0.7444444444444445,262.8873317634865
1386,216323.45344850968,0.7472222222222222,262.40787687506577
1387,220466.01742045494,0.7444444444444445,264.90849913224497
1388,217266.15690433604,0.7472222222222222,262.9790213606569
1389,217157.86393574136,0.7472222222222222,262.9134742711011
1390,222334.33973273917,0.75,266.02860443019364
1391,218152.03469883587,0.7444444444444445,263.514609340258
1392,217998.96075245796,0.7444444444444445,263.42214103089276
1393,222874.9394310678,0.7388888888888889,266.3518286093084
1394,218043.13185161396,0.7416666666666667,263.4488270667465
1395,218620.98290130528,0.7527777777777778,263.79768798210296
1396,219314.46771861825,0.75,264.21575134342766
1397,225240.79666874287,0.75,267.7617828435826
1398,219901.5708784255,0.7388888888888889,264.56916675597023
1399,220908.97828101413,0.75,265.1744929920808
1400,220932.58841844814,0.75,265.1886631697639
1401,229357.65397166292,0.7444444444444445,270.1977215505365
1402,224674.7479177257,0.75,267.4251174404961
1403,224635.12977079896,0.75,267.4015381223976
1404,220634.5976374971,0.7444444444444445,265.00976144700434
1405,224393.4551751699,0.7444444444444445,267.2576569103229
1406,220776.26270261293,0.7527777777777778,265.0948265299634
1407,226676.52454141914,0.7527777777777778,268.6138096362813
1408,221593.1633624417,0.75,265.5848162245066
1409,225751.14584509947,0.75,268.0649576871508
1410,222526.786691187,0.7472222222222222,266.1437133289389
1411,224842.6491560806,0.7416666666666667,267.525023244806
1412,222987.18023696265,0.7472222222222222,266.4188881473534
1413,222451.60105276428,0.75,266.0987482355139
1414,222743.4632786286,0.7555555555555555,266.27325521802527
1415,219119.06765783302,0.7444444444444445,264.0980224970705
1416,220298.3774848464,0.7388888888888889,264.8077632239569
1417,226041.2438836031,0.7444444444444445,268.23713876611527
1418,228479.5908370002,0.7527777777777778,269.68001882721046
1419,223222.3462030125,0.7472222222222222,266.55933600900124
1420,223655.8611585838,0.7416666666666667,266.8180498199597
1421,223662.3396781537,0.75,266.8219141797642
1422,226500.64954038,0.7472222222222222,268.5095826516309
1423,220899.84142206222,0.7416666666666667,265.16900908868297
1424,228054.9294312525,0.7416666666666667,269.4292831726247
1425,227303.55495408335,0.7444444444444445,268.9850715311266
1426,225772.47509278622,0.7416666666666667,268.07762094254997
1427,226286.60681016726,0.7472222222222222,268.3826821139183
1428,229026.88864885434,0.7388888888888889,270.0028200942437
1429,226136.41081252208,0.7472222222222222,268.29359885719384
1430,223806.37453851107,0.7444444444444445,266.9078148098333
1431,227065.7874452655,0.75,268.84435080160284
1432,227870.424247684,0.7416666666666667,269.32027180836644
1433,225764.65056350842,0.7416666666666667,268.0729755592563
1434,221958.09081615944,0.7472222222222222,265.8034134943778
1435,226133.62178262073,0.7444444444444445,268.2919443664949
1436,227878.97817507095,0.7444444444444445,269.32532670839805
1437,223406.50604766235,0.7444444444444445,266.6692699070325
1438,234458.81535325962,0.7388888888888889,273.18594185990327
1439,228465.35248340387,0.7444444444444445,269.67161575874445
1440,224104.29975211713,0.7277777777777777,267.0854060921235
1441,223308.55481051115,0.7166666666666667,266.6108037300825
1442,224657.71673367446,0.725,267.41498133763224
1443,225023.5985415274,0.7333333333333333,267.63265129729706
1444,223619.79954244336,0.7138888888888889,266.79653847229207
1445,222921.40067161008,0.7166666666666667,266.3795894503019
1446,225302.71324854527,0.7222222222222222,267.7985829145548
1447,224037.16907112903,0.7138888888888889,267.04540023743107
1448,225805.46991878332,0.7055555555555556,268.0972089178201
1449,221619.83897653918,0.7083333333333334,265.60080143081683
1450,223245.8810102989,0.7111111111111111,266.57338759784017
1451,230812.55175633132,0.7,271.0533472941224
1452,226518.82734597835,0.7055555555555556,268.52035705134927
1453,225406.04665065554,0.6972222222222222,267.859987781879
1454,220732.4866318763,0.7,265.06854339369966
1455,223820.42641599977,0.6972222222222222,266.9161936977305
1456,223589.5267695574,0.6916666666666667,266.77847892569116
1457,227077.81655999407,0.6916666666666667,268.8514719023785
1458,221410.5934797384,0.6916666666666667,265.47538644932996
1459,223283.40761912835,0.6944444444444444,266.59579153837683
1460,218849.82219837033,0.6888888888888889,263.93571564929607
1461,222996.69683661291,0.6805555555555556,266.4245731711389
1462,222049.5147185861,0.7,265.8581496912199
1463,221772.0187301619,0.6888888888888889,265.6919758681984
1464,219746.79506013312,0.7,264.4760430073842
1465,218492.21913478957,0.6777777777777778,263.71999052942255
1466,222365.747218957,0.6916666666666667,266.0473936884926
1467,222022.9041220626,0.7,265.8422188842254
1468,218321.70429555114,0.6888888888888889,263.6170647848278
1469,223539.04130678196,0.6944444444444444,266.7483585628887
1470,223758.71232116828,0.6944444444444444,266.8793927068604
1471,222777.46016864243,0.6805555555555556,266.2935748203372
1472,224945.30961656754,0.6833333333333333,267.5860906355694
1473,222241.51836301212,0.6916666666666667,265.9730670865816
1474,222945.84662051758,0.6916666666666667,266.39419487467404
1475,221341.1394951456,0.6916666666666667,265.4337448790005
1476,223438.38033434958,0.6833333333333333,266.688292606401
1477,221462.70513944107,0.6861111111111111,265.50662603198793
1478,223480.79177643577,0.6888888888888889,266.71360181779386
1479,222450.44520813652,0.6916666666666667,266.0980569183764
1480,222209.9106681447,0.6888888888888889,265.95415276638835
1481,227383.58180486798,0.6833333333333333,269.032418203402
1482,225476.5585044694,0.6888888888888889,267.9018806852062
1483,221257.95998512796,0.6861111111111111,265.38386548568434
1484,217386.1982183318,0.6861111111111111,263.05166034983347
1485,222867.10319024537,0.6805555555555556,266.3471461281276
1486,222705.5988800391,0.6861111111111111,266.2506222189878
1487,222537.49495322298,0.6972222222222222,266.15011683293756
1488,223875.81569687926,0.6944444444444444,266.94921879222073
1489,222496.12577122828,0.6944444444444444,266.12537735167996
1490,220064.79708833728,0.6805555555555556,264.66733934176244
1491,225801.2305511178,0.6972222222222222,268.0946922206521
1492,226450.21992102294,0.6916666666666667,268.4796896030595
1493,224623.4326253152,0.6944444444444444,267.3945759980491
1494,223824.1942909737,0.6944444444444444,266.91844037072167
1495,222319.48619985604,0.7027777777777777,266.0197179697682
1496,216955.2008055774,0.6861111111111111,262.7907632992545
1497,220726.3333704958,0.7027777777777777,265.06484876899077
1498,221954.02540141548,0.7027777777777777,265.80097923739623
1499,224054.49071017717,0.6944444444444444,267.0557234678255
1500,222167.4119163625,0.6944444444444444,265.9287190223062
1501,225212.33722433937,0.7027777777777777,267.74486629824474
1502,220932.58539129514,0.7,265.1886613529956
1503,222406.0454830248,0.7,266.07149983470345
1504,223234.20929894375,0.7083333333333334,266.56641902962065
1505,219533.37723052973,0.7027777777777777,264.34758239823776
1506,223579.054080305,0.7055555555555556,266.7722310462269
1507,221102.49641087605,0.7,265.2906151138746
1508,227643.5246967859,0.7055555555555556,269.1861520151266
1509,220214.40798387644,0.7027777777777777,264.75729100702506
1510,224044.44656492877,0.7194444444444444,267.0497374763601
1511,220352.80773036942,0.7083333333333334,264.84047490693825
1512,225213.11463125676,0.7138888888888889,267.745328409988
1513,224816.71424554067,0.7083333333333334,267.5095937040611
1514,219288.72696775032,0.7027777777777777,264.20024550044036
1515,219866.51339678618,0.7138888888888889,264.5480766419554
1516,224597.3964120104,0.7111111111111111,267.37907863010287
1517,224688.11618659392,0.7222222222222222,267.4330732916276
1518,219731.28115006193,0.7111111111111111,264.4667069668595
1519,224952.8913521194,0.7083333333333334,267.5906000647402
1520,223141.73028847223,0.7027777777777777,266.5111982093393
1521,227595.43834031397,0.7083333333333334,269.15771969990993
1522,220138.51757959925,0.6972222222222222,264.7116666779737
1523,222341.75187816803,0.7055555555555556,266.03303880203356
1524,223504.84727034013,0.7083333333333334,266.7279559703997
1525,224632.61363802906,0.7138888888888889,267.4000405390554
1526,223181.20735325856,0.7055555555555556,266.5347720485579
1527,223218.69438681364,0.7138888888888889,266.55715560524914
1528,224395.6064451631,0.7138888888888889,267.25893801274924
1529,223956.12816986066,0.7138888888888889,266.99709674060273
1530,223396.95032385405,0.7055555555555556,266.6635667491754
1531,219441.4255450614,0.7,264.29221552905653
1532,225232.96955982133,0.7138888888888889,267.75713044739615
1533,220706.2868122631,0.7166666666666667,265.05281178523376
1534,226303.24502163962,0.7166666666666667,268.3925486407188
1535,227852.70915266284,0.7222222222222222,269.30980286104045
1536,223815.23307052386,0.725,266.91309702762254
1537,218652.54986898962,0.725,263.816732340073
1538,225644.17841877116,0.75,268.0014416948424
1539,224614.62450526282,0.7388888888888889,267.3893332978806
1540,223468.50784082446,0.7444444444444445,266.7062715731941
1541,220013.02584731433,0.7388888888888889,264.63620541492435
1542,224832.1052746276,0.7472222222222222,267.5187504464477
1543,223621.0605050519,0.7444444444444445,266.7972906865091
1544,231495.26083475607,0.7416666666666667,271.4539189777855
1545,224138.7548678539,0.7527777777777778,267.1059369451812
1546,219790.72948422263,0.7472222222222222,264.50248030287963
1547,225527.8286310227,0.7444444444444445,267.9323374712696
1548,221705.58054958028,0.7444444444444445,265.6521750542392
1549,221764.6034318547,0.75,265.6875339152877
1550,222862.14623967346,0.7361111111111112,266.34418410062153
1551,222097.9953515715,0.7472222222222222,265.88717084885235
1552,219914.88792837554,0.7527777777777778,264.5771776752528
1553,214396.66092184422,0.7527777777777778,261.23662977503176
1554,216878.91570950006,0.7555555555555555,262.74455841207237
1555,213598.60341264817,0.7527777777777778,260.7499705489853
1556,214658.14511927523,0.7638888888888888,261.3958870015749
1557,213484.50877650495,0.7583333333333333,260.6803208733865
1558,213280.12252071637,0.7583333333333333,260.5555056505891
1559,211510.6003856919,0.7583333333333333,259.4723783670139
1560,211198.28024071688,0.7666666666666667,259.2807369351509
1561,212761.84944780314,0.7555555555555555,260.23873670532413
1562,210045.0016616712,0.7638888888888888,258.5718479889114
1563,210438.51495842452,0.7722222222222223,258.81394812703206
1564,208171.92636285574,0.7722222222222223,257.4163595951529
1565,210789.62853115422,0.7694444444444445,259.0297717762868
1566,210246.57085969113,0.7666666666666667,258.69588717426603
1567,207792.08475424955,0.7666666666666667,257.18140455331866
1568,212817.69758108127,0.775,260.2728896656937
1569,210372.2111845501,0.7638888888888888,258.7731720994016
1570,216785.77306310632,0.7694444444444445,262.68813210722413
1571,214233.30949327664,0.7666666666666667,261.13709112568
1572,210119.73647756598,0.7777777777777778,258.61784432467556
1573,204683.19181886571,0.7722222222222223,255.2502370059588
1574,203755.06662647417,0.7694444444444445,254.6708700798811
1575,211587.51139220715,0.7694444444444445,259.51954968588586
1576,211653.71846674758,0.7666666666666667,259.56014916686746
1577,199778.78813993008,0.7611111111111111,252.1736768870946
1578,208016.66916735834,0.7777777777777778,257.32034953923306
1579,204250.6113875689,0.7666666666666667,254.980369565476
1580,213105.9734858919,0.775,260.44910859010474
1581,210688.80594130585,0.7694444444444445,258.96781622312807
1582,212078.10657908165,0.7638888888888888,259.8202416426813
1583,212223.51921299944,0.7777777777777778,259.9093000379428
1584,210066.57849664128,0.7694444444444445,258.5851285211201
1585,206378.83770391997,0.7833333333333333,256.3053342017637
1586,212075.1274679347,0.775,259.8184167581875
1587,205419.8450540152,0.7666666666666667,255.7091462952303
1588,213072.27894884325,0.7694444444444445,260.42851775703673
1589,207603.61497033367,0.7805555555555556,257.06474486508336
1590,208640.44501009458,0.7638888888888888,257.70587169193226
1591,202472.90391640662,0.7833333333333333,253.8683261081086
1592,212229.66438152562,0.7722222222222223,259.9130629924312
1593,201441.0321042916,0.7833333333333333,253.22059948168194
1594,206885.5240552645,0.775,256.6197724554855
1595,201030.9298641919,0.7694444444444445,252.9627095136604
1596,208057.5481079795,0.7861111111111111,257.3456322884255
1597,203681.94412538235,0.7722222222222223,254.62516853650519
1598,208734.1492687062,0.7833333333333333,257.7637354175181
1599,204125.36764578288,0.7722222222222223,254.90218230245418
1600,211796.10081212322,0.775,259.64743931661945
1601,210545.31109585887,0.775,258.87961296991625
1602,209898.27762988023,0.7694444444444445,258.4815213173678
1603,203771.78911315385,0.7722222222222223,254.6813204773279
1604,213574.75135070964,0.775,260.7354114695121
1605,206677.2245643848,0.7722222222222223,256.49055309673895
1606,211410.88964277346,0.7722222222222223,259.41121066793767
1607,203886.75309210917,0.7722222222222223,254.75315340763086
1608,212488.23726236733,0.7805555555555556,260.07134909170304
1609,211429.5946512764,0.7666666666666667,259.4226863813818
1610,212319.10719736386,0.7666666666666667,259.96782656058986
1611,205773.6818095628,0.7638888888888888,255.92928170965803
1612,216706.2616458353,0.7722222222222223,262.639954081249
1613,209125.81420134142,0.7638888888888888,258.0054536565488
1614,208587.3175058823,0.7666666666666667,257.6730589228909
1615,209446.72392477476,0.7666666666666667,258.20333625664654
1616,210059.18577588923,0.7722222222222223,258.58057838163916
1617,208735.037665581,0.7638888888888888,257.7642839531892
1618,209621.5453025799,0.7666666666666667,258.3110725983974
1619,210872.14960343376,0.7694444444444445,259.0804700080658
1620,210438.26560298487,0.7638888888888888,258.81379478845486
1621,209630.1269696372,0.7638888888888888,258.3163600246775
1622,215730.83039588662,0.75,262.0481941736087
1623,212540.50555838758,0.7638888888888888,260.10333356905613
1624,212324.0439050667,0.7666666666666667,259.97084884560417
1625,214473.7166407843,0.7611111111111111,261.283570729854
1626,216194.2320821359,0.7611111111111111,262.3294901600975
1627,214356.4616042548,0.7583333333333333,261.21213772719375
1628,215311.5191677304,0.7527777777777778,261.7934016745635
1629,212049.57172121966,0.7555555555555555,259.8027618019158
1630,214880.12395140805,0.7583333333333333,261.53100733590185
1631,220103.2205475841,0.7527777777777778,264.69044387961435
1632,217624.7260690751,0.75,263.1959380116379
1633,216809.22248072742,0.7527777777777778,262.7023390292452
1634,217346.0202307598,0.7583333333333333,263.0273502169556
1635,218475.84539617447,0.75,263.7101087974516
1636,219265.1163090823,0.7444444444444445,264.1860219928746
1637,218106.0186415376,0.7472222222222222,263.4868155521023
1638,215723.90332928536,0.7444444444444445,262.0439869866658
1639,216688.58510249076,0.75,262.62924220524354
1640,220639.36038315433,0.7416666666666667,265.01262175833483
1641,215738.9131894668,0.7416666666666667,262.0531032114558
1642,220923.00930417728,0.75,265.1829141309696
1643,221289.09914743598,0.7416666666666667,265.4025394816974
1644,217185.22263651222,0.7472222222222222,262.9300353672616
1645,225817.09181049382,0.75,268.10410812323056
1646,218528.48760743966,0.7416666666666667,263.74187763462976
1647,222704.82618567115,0.7555555555555555,266.2501603299834
1648,221938.99147144787,0.7472222222222222,265.7919771457029
1649,219205.21854316894,0.75,264.1499350092085
1650,218533.1592787778,0.7444444444444445,263.7446967379855
1651,218781.51544519857,0.7472222222222222,263.8945230209949
1652,219634.19952969864,0.7444444444444445,264.40827720471674
1653,218607.85590102393,0.7472222222222222,263.78976805542976
1654,220340.83924838697,0.7444444444444445,264.8332823925176
1655,224633.3198785804,0.75,267.4004608889782
1656,221478.024902342,0.7444444444444445,265.51580913172614
1657,219830.40838810097,0.7444444444444445,264.52635459203805
1658,220653.32844220323,0.7444444444444445,265.0210102284577
1659,220128.1433484878,0.75,264.7054292135058
1660,227012.01481314175,0.7472222222222222,268.8125157010442
1661,226192.81949174745,0.7527777777777778,268.32705906786373
1662,221761.3509976985,0.7472222222222222,265.68558560080197
1663,230410.46185396618,0.7444444444444445,270.8171484383709
1664,220888.06080294732,0.75,265.1619382444328
1665,223875.03095157084,0.7416666666666667,266.9487509271904
1666,223191.00393038426,0.7444444444444445,266.5406217789825
1667,223648.97263039777,0.75,266.8139408335022
1668,223126.5246965653,0.75,266.50211759149016
1669,222594.60240833947,0.75,266.1842642939749
1670,216678.17702215657,0.7361111111111112,262.6229347685268
1671,220019.17088959727,0.7416666666666667,264.6399010809211
1672,217288.456543295,0.7361111111111112,262.9925167592184
1673,220843.23815867756,0.7472222222222222,265.13503352584024
1674,220954.92121591093,0.75,265.2020660251067
1675,221326.10794846204,0.7416666666666667,265.4247317613344
1676,225811.98255250082,0.7527777777777778,268.10107509150845
1677,221668.90572760455,0.7444444444444445,265.630201883444
1678,224505.16470880221,0.7472222222222222,267.32417291769934
1679,227266.87055534992,0.7472222222222222,268.9633649771279
1680,223724.57134723823,0.7444444444444445,266.8590317790589
1681,224826.73122719064,0.7444444444444445,267.51555324504176
1682,224837.77392389695,0.7527777777777778,267.52212287497366
1683,220489.01389915112,0.7388888888888889,264.9223148755405
1684,222807.64270716364,0.7444444444444445,266.3116133235574
1685,223808.42607261994,0.7388888888888889,266.90903812001005
1686,233161.45226901225,0.7388888888888889,272.42906477502845
1687,226962.80399818422,0.75,268.7833780363213
1688,229461.43964930574,0.7416666666666667,270.2588476596821
1689,221669.91162421982,0.7277777777777777,265.630804575592
1690,223576.69427681543,0.7361111111111112,266.7708231958684
1691,224380.06910906313,0.7361111111111112,267.2496852383871
1692,227225.42901998284,0.7388888888888889,268.9388414666311
1693,226462.14004491686,0.7361111111111112,268.48675576764515
1694,227047.56544059567,0.7388888888888889,268.8335632202623
1695,227948.0779765018,0.7416666666666667,269.3661574075595
1696,228122.30634243807,0.7416666666666667,269.469080541433
1697,230569.17041294716,0.7305555555555555,270.91040288559657
1698,226433.92455623616,0.7333333333333333,268.470029525913
1699,221400.0944822744,0.7111111111111111,265.46909212888283
1700,224407.6939688651,0.7194444444444444,267.2661361377389
1701,223231.71242490463,0.7111111111111111,266.564928253107
1702,221350.99588360763,0.7111111111111111,265.4396547360244
1703,227848.45612307126,0.7083333333333334,269.3072894217445
1704,225502.90756323806,0.7083333333333334,267.9175336564746
1705,227661.84747362608,0.7027777777777777,269.1969850457494
1706,222884.64305770135,0.7111111111111111,266.35762681742705
1707,224254.7237716827,0.7083333333333334,267.1750280245924
1708,226402.04739259667,0.7,268.4511313764846
1709,223402.19259143842,0.7027777777777777,266.6666955151881
1710,218666.730455504,0.6972222222222222,263.82528704328763
1711,222880.48007640787,0.6944444444444444,266.35513932663287
1712,225360.5329796468,0.7027777777777777,267.8329434611616
1713,219343.0375041624,0.7,264.23296028912984
1714,223516.6818272742,0.6944444444444444,266.7350174848031
1715,223398.4976468621,0.6944444444444444,266.66449024870656
1716,223114.0350104097,0.7055555555555556,266.49465865223226
1717,224438.63123261003,0.6944444444444444,267.28455840713633
1718,224033.85583334108,0.7083333333333334,267.04342559146926
1719,224112.4731354808,0.6972222222222222,267.0902765285976
1720,222024.8869747011,0.6916666666666667,265.8434059796972
1721,225627.0075081088,0.7027777777777777,267.99124440902057
1722,225304.28840354385,0.7,267.7995190407406
1723,225768.59989484787,0.6805555555555556,268.07532026727637
1724,223913.6756731007,0.6944444444444444,266.97178993013273
1725,222408.9963398411,0.7,266.0732649312703
1726,221772.81730973365,0.6888888888888889,265.69245423331074
1727,226174.40050361125,0.6861111111111111,268.316133845864
1728,221510.4653551182,0.6861111111111111,265.5352538095576
1729,219291.9353927933,0.6916666666666667,264.2021782573021
1730,224348.09741245196,0.6972222222222222,267.2306444869442
1731,228845.9261278569,0.6861111111111111,269.8961294635073
1732,220302.9637988263,0.6833333333333333,264.81051967917773
1733,220294.0921169984,0.6861111111111111,264.8051876167143
1734,221307.98031200477,0.6916666666666667,265.41386177944594
1735,221034.79183145548,0.7,265.2499942140027
1736,220446.69086167662,0.6944444444444444,264.89688763323284
1737,225225.71439222922,0.7027777777777777,267.7528179382122
1738,227461.28013376286,0.6944444444444444,269.07837927005096
1739,226684.43558142075,0.6944444444444444,268.61849692372056
1740,224593.98496513706,0.7055555555555556,267.3770479899439
1741,223247.59478600626,0.7,266.57441078831755
1742,231578.68821951005,0.6944444444444444,271.50282851149785
1743,226311.78903256514,0.7027777777777777,268.39761513285816
1744,226651.41725945368,0.6916666666666667,268.5989330419083
1745,225709.8882623179,0.7,268.0404612056443
1746,198066.18162101432,0.8333333333333334,251.09046921108552
1747,194341.10054844574,0.8277777777777777,248.71810066098604
1748,194739.48160264018,0.8277777777777777,248.9728945576743
