frame,area_px2,coverage,r_eff_px,area_um2,r_eff_um
0,197375.97910308983,0.8333333333333334,250.65259911622456,84023.13334067787,163.54019081093384
1,198555.9601270753,0.8277777777777777,251.40072607127175,84525.4523329298,164.02831192122994
2,199282.15585598143,0.8305555555555556,251.8600411914877,84834.59451344529,164.32799555773448
3,196208.7567634677,0.8194444444444444,249.91035799590716,83526.24573193262,163.05590995818216
4,193735.22262315743,0.825,248.3300961683231,82473.26000470055,162.0248561341821
5,198699.0264860316,0.825,251.4912811721288,84586.35581171063,164.08739528412056
6,197188.3492232515,0.8305555555555556,250.53343289473915,83943.25913063473,163.46243990522345
7,201174.6783714134,0.8222222222222222,253.05313468808345,85640.24306494062,165.10643846547418
8,197464.00055994705,0.8222222222222222,250.70848319040329,84060.60415470481,163.5766527993062
9,197996.69115398495,0.8333333333333334,251.0464184687607,84287.37102378158,163.79714123668597
10,195909.29755226427,0.8277777777777777,249.71957513620677,83398.7656740888,162.93143223327976
11,196733.1264900572,0.825,250.2440790540935,83749.47040018889,163.2736487956243
12,199235.64241788592,0.8194444444444444,251.83064678825667,84814.79370065646,164.30881695623532
13,195990.58606875295,0.825,249.77137775301475,83433.37026929352,162.96523124381127
14,194156.0224677958,0.8194444444444444,248.59964081555225,82652.39488026369,162.20072258517982
15,198021.61201464492,0.8222222222222222,251.0622169549062,84297.97985676983,163.80744907888618
16,198477.9118871543,0.8333333333333334,251.3513110027408,84492.22712639916,163.99607068469388
17,198251.6423252163,0.8277777777777777,251.2079968955789,84395.90396863676,163.90256430768522
18,196194.1142795423,0.8277777777777777,249.9010327834816,83520.01241324362,163.04982565255435
19,190259.8441012556,0.8222222222222222,246.09264377712805,80993.78821546846,160.56501333870904
20,193851.2141866691,0.8166666666666667,248.404424123944,82522.6377185015,162.07335197299523
21,198985.24434122743,0.8277777777777777,251.6723474649328,84708.19901229098,164.2055333612002
22,191597.56875478543,0.8333333333333334,246.95627204715163,81563.25881390405,161.12849415864613
23,193477.21787164605,0.8388888888888889,248.16468564217615,82363.42714795031,161.9169327808892
24,192451.63844995145,0.8277777777777777,247.50607897764468,81926.83705784875,161.48721986362202
25,192715.276894365,0.8305555555555556,247.67554956863023,82039.06818277767,161.59779223703583
26,199302.8043553832,0.8305555555555556,251.8730890160208,84843.38459837055,164.33650870988743
27,195706.32394249577,0.8361111111111111,249.59017949347265,83312.35962429635,162.84700706403174
28,197960.21461468365,0.825,251.02329251071248,84271.84292791375,163.78205252982545
29,195417.4688671288,0.8277777777777777,249.4059186816147,83189.39375669695,162.7267846987482
30,196492.4066223376,0.8194444444444444,250.09093463765416,83646.99573414764,163.17372855871304
31,198023.19239716217,0.8277777777777777,251.06321879895427,84298.65262704097,163.8081027396396
32,197364.17466345627,0.8361111111111111,250.64510363037724,84018.10818001826,163.53530032430007
33,193406.10663829403,0.8277777777777777,248.11907583111272,82333.15503140852,161.8871743134707
34,195456.8052235806,0.8277777777777777,249.4310193712187,83206.13927931985,162.74316183420098
35,197512.00464488872,0.8305555555555556,250.73895532694328,84081.03953720818,163.59653457608306
36,198491.05890872565,0.8305555555555556,251.3596355219679,84497.82382540753,164.00150208044883
37,197124.085808771,0.825,250.49260531575317,83915.9021367981,163.43580164142224
38,198833.4171901578,0.825,251.57631525112475,84643.56605636074,164.14287641439196
39,196706.0862618905,0.825,250.2268809094684,83737.95935053058,163.26242773562532
40,191016.69391616576,0.8277777777777777,246.58163374359148,81315.97986820168,160.88405855388746
41,190145.73955237571,0.8305555555555556,246.01883813084197,80945.21380550793,160.51685828458588
42,200932.35705045343,0.825,252.90068347746833,85537.08665880229,165.00697051596455
43,198722.3263268864,0.8333333333333334,251.50602592242063,84596.27457509741,164.09701560836493
44,198731.69587135784,0.8416666666666667,251.51195497217148,84600.26319867787,164.10088406187788
45,200319.52604009735,0.8277777777777777,252.5147234008629,85276.20394180481,164.7551479344473
46,196924.93070429788,0.8361111111111111,250.36603659289716,83831.12162817358,163.35322091750575
47,198264.1762727251,0.8333333333333334,251.21593775812505,84401.2396814606,163.90774538372665
48,198446.2340452216,0.8333333333333334,251.33125188192648,84478.74184035395,163.98298295906469
49,194683.31468915349,0.8194444444444444,248.9369874899822,82876.86365719374,162.42082698345945
50,196957.77358612776,0.8277777777777777,250.3869135821861,83845.1028727598,163.36684226762904
51,199528.29647577435,0.825,252.01553392925877,84939.37679856124,164.429447974723
52,200380.79812890163,0.8305555555555556,252.55333901144093,85302.2875255877,164.78034298267133
53,198803.2619312626,0.8277777777777777,251.5572373800971,84630.72893529572,164.13042891263404
54,195640.30587075316,0.8277777777777777,249.5480785233207,83284.25567127162,162.81953796649893
55,197389.2249166672,0.8305555555555556,250.66100956696675,84028.77209553283,163.54567827335805
56,199973.3779703691,0.825,252.29645891596724,85128.8483945363,164.61273961459366
57,189704.30332188288,0.825,245.73309748376153,80757.29400176762,160.3304246305534
58,197678.272935683,0.825,250.84447085627693,84151.82009941853,163.66537898408674
59,198760.78650197905,0.825,251.5303626388784,84612.64710652095,164.1128942837397
60,197659.80046221535,0.8333333333333334,250.83275023058405,84143.95635070727,163.65773177289086
61,200227.4680123338,0.8305555555555556,252.45669441287265,85237.01475588155,164.71728648077817
62,201791.5029345263,0.8277777777777777,253.44078269281195,85902.82584096916,165.35936234850715
63,198241.5937603515,0.8277777777777777,251.20163046196728,84391.62628545894,163.89841047975247
64,197173.2700545773,0.8333333333333334,250.52385345423363,83936.83991485205,163.4561897265552
65,197408.2927910366,0.8222222222222222,250.67311624913287,84036.88930694803,163.55357737003015
66,196229.55599802756,0.8222222222222222,249.92360359843553,83535.09998495139,163.0645521520893
67,201757.7642376746,0.8305555555555556,253.4195946867374,85888.46324711558,165.34553807312142
68,200670.36459414085,0.8194444444444444,252.73575313837327,85425.556232501,164.89936046435838
69,198886.13164426727,0.825,251.60966183201535,84666.00664729155,164.16463364420315
70,196198.56151709903,0.8277777777777777,249.90386508801993,83521.90560630553,163.0516736111483
71,199974.57662963672,0.8277777777777777,252.2972150592063,85129.35866487381,164.61323296598934
72,198242.95437846665,0.8166666666666667,251.20249251340667,84392.20550182475,163.8989729317573
73,197404.58319280905,0.8333333333333334,250.6707609759497,84035.31012761765,163.55204065416467
74,196887.55789163543,0.825,250.34227797855272,83815.21198792291,163.33771942924275
75,200805.4381552905,0.8222222222222222,252.8207985200125,85483.0571700054,164.95484896912515
76,201097.0573317492,0.8277777777777777,253.00431109205297,85607.19971794682,165.0745831396605
77,195457.55550809557,0.825,249.4314981062814,83206.45867611845,162.74347418852636
78,196651.10350850667,0.8305555555555556,250.19190709475316,83714.55314254113,163.23960880475414
79,201099.5833408393,0.8305555555555556,253.005900098852,85608.27504230777,165.07561989920748
80,197797.7900732632,0.8305555555555556,250.92029022306212,84202.69865329844,163.7148479054342
81,198096.46408865904,0.8222222222222222,251.1096631702421,84329.84445257472,163.83840572221104
82,198362.58052845096,0.8305555555555556,251.27827289905952,84443.13046238397,163.94841641956907
83,195722.38855895065,0.8277777777777777,249.60042312828568,83319.19834609314,162.85369060131734
84,198441.53908165905,0.8194444444444444,251.3282787893538,84476.74319010666,163.9810431422491
85,195971.36008949328,0.8305555555555556,249.75912661075924,83425.1857524831,162.95723789305737
86,199038.4697900552,0.8194444444444444,251.7060044279205,84730.8571341369,164.2274931021665
87,195024.78368461644,0.8222222222222222,249.15520604167327,83022.22731830321,162.5632053338451
88,200280.9919878289,0.8277777777777777,252.49043499590732,85259.79996080053,164.73930078027882
89,198316.14912634596,0.825,251.24886239904615,84423.36457239072,163.9292273156021
90,201398.1195720264,0.8305555555555556,253.19362653629577,85735.3621867214,165.1981034382095
91,197353.1434263074,0.8277777777777777,250.63809890366073,84013.41217235773,163.5307300371862
92,198022.01831788727,0.8305555555555556,251.0624745210865,84298.15282042866,163.8076171298955
93,200757.00812086737,0.8305555555555556,252.79030916067893,85462.44046042138,164.9349559552059
94,197533.4239362628,0.8222222222222222,250.75255071613188,84090.15774897522,163.60540499095166
95,201450.51928877173,0.8222222222222222,253.2265623240865,85757.6687936708,165.21959264294466
96,200178.9342412748,0.8277777777777777,252.4260956690744,85216.35388551756,164.6973220981347
97,199111.2288244153,0.8305555555555556,251.7520061191456,84761.8307210625,164.25750725477096
98,198303.73762019025,0.825,251.24100014070763,84418.08098296195,163.92409752547258
99,198427.12286957173,0.8361111111111111,251.31914948206875,84470.60619554437,163.9750866564172
100,199053.27933600047,0.8361111111111111,251.71536840239335,84737.16157127928,164.23360269838628
101,196936.2268143521,0.8277777777777777,250.3732173031724,83835.93039247018,163.35790602642828
102,196406.25011573723,0.8361111111111111,250.03609963388377,83610.31883113671,163.13795104429127
103,197010.19793226573,0.8361111111111111,250.42023416821888,83867.41996446399,163.38858253689793
104,197533.16494272297,0.8305555555555556,250.75238633050355,84090.04749519039,163.6052977363007
105,198843.3718629627,0.8333333333333334,251.58261280561663,84647.8037696035,164.14698530162025
106,198888.9077284492,0.8277777777777777,251.6114178296786,84667.18842884594,164.165779358207
107,198478.48334294363,0.8333333333333334,251.35167284667867,84492.47039564703,163.9963067725176
108,197591.0434049209,0.8277777777777777,250.7891196546549,84114.68640904863,163.62926467245862
109,197604.355467439,0.8305555555555556,250.7975675684711,84120.35336613774,163.63477657794982
110,196586.09854264293,0.8333333333333334,250.1505519730551,83686.880469608,163.21262634170623
111,196710.88360803828,0.8388888888888889,250.22993220713536,83740.00158513729,163.26441857794825
112,196762.96973791148,0.8361111111111111,250.2630586052589,83762.17469787078,163.2860321478418
113,197477.7058592177,0.8305555555555556,250.7171834475724,84066.43851303618,163.58232934813338
114,197857.29054066844,0.825,250.95802763138175,84228.02805624474,163.73946996392894
115,196806.7648742776,0.8333333333333334,250.2909085990367,83780.81832714769,163.30420308767074
116,197896.13115815548,0.8277777777777777,250.98265873395513,84244.56254234066,163.75554071375933
117,197701.05804535735,0.8305555555555556,250.8589270582825,84161.5197412749,163.67481104281154
118,197681.8281224944,0.825,250.8467265289202,84153.333545669,163.66685071482397
119,198515.82979258304,0.8361111111111111,251.3753193671922,84508.36881313488,164.01173512430984
120,199647.12675391947,0.8305555555555556,252.09056744345065,84989.9629557566,164.4784041605811
121,201107.91437529933,0.8277777777777777,253.0111407338836,85611.82157123434,165.0790391913116
122,197981.0341319997,0.8277777777777777,251.03649224984403,84280.70581532024,163.79066479981125
123,199585.54989128883,0.8194444444444444,252.05168848834444,84963.74962947938,164.45303729122082
124,199474.5301943629,0.8277777777777777,251.9815767129271,84916.48844379387,164.4072923311834
125,195113.2609031557,0.8277777777777777,249.21171696176677,83059.89215049158,162.6000763125925
126,197253.3323561949,0.8277777777777777,250.57471095797723,83970.92250927386,163.48937209089425
127,199696.38291918387,0.8222222222222222,252.12166292946765,85010.93134998911,164.49869264645562
128,198543.44169070185,0.8305555555555556,251.39280086570776,84520.12322321035,164.02314106070537
129,200831.4658711761,0.8166666666666667,252.83718287383664,85494.13719226721,164.96553906513918
130,197005.89229619017,0.8222222222222222,250.4174977000138,83865.58705128105,163.38679710744702
131,197106.4605231868,0.825,250.48140652596436,83908.3990367373,163.42849490602285
132,197696.4162072423,0.8277777777777777,250.8559820731222,84159.54370657878,163.6728895648905
133,193660.09523118573,0.825,248.28194229822836,82441.27820579137,161.99343777613856
134,197587.99445547123,0.8305555555555556,250.78718473320063,84113.38846850226,163.62800221826922
135,198429.63051724,0.825,251.32073751569783,84471.67370343141,163.97612278101207
136,198091.58161463044,0.8222222222222222,251.106568607275,84327.76597895194,163.83638665111462
137,198162.717194972,0.8333333333333334,251.15165131092056,84358.04846002925,163.86580120329745
138,197894.45982056143,0.8305555555555556,250.9815988910057,84243.85105241084,163.7548492111825
139,191822.7098307236,0.8333333333333334,247.10132523659993,81659.10157415268,161.2231352130926
140,193249.8207046611,0.8333333333333334,248.0188066126007,82266.62396769659,161.82175290078342
141,197248.31756437497,0.8277777777777777,250.57152574436785,83968.78770784728,163.4872938740982
142,194202.1932690934,0.8305555555555556,248.62919787532525,82672.04983225686,162.22000731317436
143,194985.93841863555,0.8277777777777777,249.13039129234213,83005.69085333923,162.54701476229368
144,198056.5336638911,0.8277777777777777,251.08435373099076,84312.84603453078,163.82189238646635
145,197404.48000148768,0.8194444444444444,250.67069545809284,84035.26619897854,163.55199790654166
146,197294.69042160577,0.8277777777777777,250.60097855508775,83988.5286752345,163.5065105840068
147,198183.42449882484,0.825,251.1647731982628,84366.86357806266,163.87436267829239
148,198740.96512476055,0.8333333333333334,251.51782042018263,84604.20912825939,164.104711017953
149,199207.6571504443,0.8305555555555556,251.81295970322404,84802.88034692159,164.29727688335626
150,202622.46821366085,0.8305555555555556,253.9620735373082,86256.56851405163,165.69948251673003
151,198225.94535596663,0.825,251.19171583659372,84384.9647455179,163.89194160717292
152,198125.00383227604,0.8361111111111111,251.1277511945163,84341.99384732041,163.85020739094148
153,193400.6064561562,0.8277777777777777,248.11554773720889,82330.81359888332,161.88487238182398
154,197645.02006443383,0.8277777777777777,250.82337180076135,84137.66432196464,163.65161274516834
155,196011.78362307197,0.8305555555555556,249.7848845221461,83442.39408739508,162.97404383785087
156,198174.1169602515,0.8333333333333334,251.15887524471617,84362.90135044928,163.87051451373392
157,194637.29643569773,0.8277777777777777,248.90756452058196,82857.27364495522,162.40162974374638
158,196583.11137847757,0.8305555555555556,250.14865142258645,83685.6088311132,163.21138631312732
159,197771.66377009408,0.8222222222222222,250.90371815706033,84191.57666234061,163.70403533518507
160,197455.49829717408,0.8277777777777777,250.70308571961607,84056.98473373009,163.57313117852289
161,198253.95124792724,0.8277777777777777,251.20945972875805,84396.8868791292,163.90351874429626
162,197773.10074176147,0.825,250.90462966498936,84192.18838248288,163.70463005545196
163,197359.80193237972,0.825,250.64232701272,84016.24670443253,163.53348869903436
164,198562.32363684487,0.8166666666666667,251.40475460347423,84528.16128481094,164.03094036764304
165,195836.1711702246,0.825,249.67296480769303,83367.6357069228,162.90102097065662
166,198687.54925764853,0.8305555555555556,251.4840177632336,84581.46994517714,164.08265621785577
167,198002.2390201735,0.8277777777777777,251.04993560375024,84289.73275545043,163.79943601810587
168,195521.91757116612,0.8305555555555556,249.4725622759232,83233.85766474935,162.77026681769675
169,190421.68187107705,0.8222222222222222,246.19728650679423,81062.6827008818,160.6332882819449
170,197912.7255442248,0.8361111111111111,250.99318146576417,84251.62678754287,163.76240634999837
171,199016.14271812057,0.8333333333333334,251.69188651472655,84721.3524793618,164.2182817625445
172,189978.1543133543,0.8166666666666667,245.91039969242948,80873.8726172427,160.4461068023681
173,192014.3437104671,0.825,247.2247234645719,81740.68029058742,161.30364732355713
174,197231.16274150487,0.8305555555555556,250.56062931782623,83961.48488419062,163.48018441789446
175,195521.13978560513,0.8416666666666667,249.47206607490347,83233.52656073052,162.76994306757513
176,196483.16238812596,0.8416666666666667,250.08505164602627,83643.06045525846,163.169890156172
177,200575.98666088955,0.8333333333333334,252.6763136608362,85385.37946070725,164.86057872607844
178,192039.0133725027,0.8222222222222222,247.2406044513093,81751.18218809341,161.31400899389473
179,201154.37214364816,0.8138888888888889,253.04036299060377,85631.59868536152,165.09810547451312
180,194489.6794778104,0.8166666666666667,248.8131582905208,82794.43297208167,162.34003368237546
181,193073.6194642411,0.8138888888888889,247.9057115855847,82191.61493982057,161.74796319198654
182,194009.7099801837,0.8194444444444444,248.50595305212005,82590.10952156958,162.1395952928143
183,196761.96220768557,0.8027777777777778,250.26241786498372,83761.7457913397,163.2856140919859
184,201589.95954867397,0.8111111111111111,253.3141864952166,85817.02863879515,165.27676369848842
185,197701.0611043238,0.8,250.8589289990132,84161.52104347969,163.67481230905602
186,196481.64415977348,0.8,250.08408543868111,83642.41414407163,163.1692597468559
187,193501.42029192357,0.7805555555555556,248.1802068447926,82373.73014021605,161.9270597073462
188,194362.29792081172,0.775,248.73166450935352,82740.20652772163,162.28686244629418
189,199042.15256693077,0.7833333333333333,251.7083330550589,84732.42489559342,164.22901243261782
190,197522.70204617505,0.7944444444444444,250.7457453418358,84085.59343063922,163.60096477283764
191,197138.6010764664,0.7833333333333333,250.50182768012235,83922.0812994226,163.44181884305505
192,195973.56148659892,0.775,249.76052941133713,83426.12288922783,162.95815316094203
193,195226.1890462968,0.7805555555555556,249.28382622108063,83107.96576346201,162.6471245461596
194,196174.5097402249,0.7861111111111111,249.88854689155303,83511.66674307325,163.04167913759443
195,196537.98496794756,0.7888888888888889,250.1199384813993,83666.39847721717,163.19265233671115
196,196997.6633823829,0.7777777777777778,250.4122676901413,83862.08399520899,163.3833847478086
197,197005.03790087264,0.7833333333333333,250.41695468130777,83865.22333441938,163.38644281077063
198,198011.11148509395,0.7777777777777778,251.05556030477825,84293.50977181512,163.8031058969845
199,199757.0175871131,0.7694444444444445,252.15993641450547,85036.74358312729,164.52366447227413
200,199055.22064623528,0.7722222222222223,251.71659585373487,84737.98798880717,164.2344035583307
201,203213.32288436277,0.7722222222222223,254.33208542838517,86508.09588332396,165.9408995835484
202,201913.4409721951,0.7666666666666667,253.51734539245427,85954.73497421274,165.40931626301932
203,204770.87351450967,0.7638888888888888,255.3049028948699,87171.14659940595,166.5756217234906
204,201431.9968333496,0.7611111111111111,253.2149205433937,85749.7837675962,165.21199687476755
205,206123.66402533435,0.7694444444444445,256.1468329604918,87747.03074695796,167.12494538527085
206,208776.0349729442,0.7694444444444445,257.78959624108376,88876.14746527738,168.19677875668796
207,204614.87508133985,0.7638888888888888,255.2076362467468,87104.73792490196,166.51215936064386
208,206144.68984369744,0.7611111111111111,256.15989686432215,87755.9814569073,167.13346902848335
209,205280.30628917055,0.7611111111111111,255.62228175704783,87388.01259367715,166.7826979711056
210,208355.7075091495,0.7694444444444445,257.5299624179302,88697.21368266788,168.0273786980841
211,206761.62231491625,0.7638888888888888,256.54291739636255,88018.61016951442,167.38337368183724
212,210814.30130435465,0.7666666666666667,259.044930956204,89743.83929143655,169.0158314198808
213,208050.7502514187,0.75,257.3414281319301,88567.39310143018,167.9043680721597
214,216329.146663019,0.7555555555555555,262.4113298860058,92091.51396304516,171.2122639534618
215,209203.30203110995,0.7555555555555555,258.0532488824657,89058.03543950543,168.36880092374884
216,211076.5662987767,0.7555555555555555,259.20601419455716,89855.48573745826,169.12093140140746
217,209655.48580671684,0.7611111111111111,258.331983743677,89250.53048294972,168.55066359961526
218,213665.59834089104,0.7583333333333333,260.7908592901227,90957.63902625456,170.15497561339018
219,210815.83688409152,0.7555555555555555,259.0458744012646,89744.49298912344,169.0164469777716
220,214881.46935078903,0.7472222222222222,261.5318260786923,91475.23641806467,170.6384250187205
221,216994.0247080894,0.75,262.8142753112825,92374.55314993151,171.47516875464277
222,214667.1367776268,0.75,261.4013616549972,91383.99484725196,170.55330251522219
223,215398.3875565876,0.75,261.8462072043615,91695.28896716109,170.8435453703968
224,214748.9034920722,0.7611111111111111,261.4511408058021,91418.8030117606,170.58578130000137
225,219681.02540770665,0.7555555555555555,264.4364615446696,93518.41178509257,172.53357647542603
226,218402.49109838548,0.7444444444444445,263.66583412301156,92974.13856987718,172.03077476490535
227,214066.76871281964,0.7583333333333333,261.03556996070375,91128.41761747959,170.3146389478276
228,218986.71735973263,0.7527777777777778,264.0182514117887,93222.84421927466,172.26071209990565
229,219756.918248674,0.7611111111111111,264.4821348141232,93550.7194363335,172.56337634675285
230,219339.1450381517,0.7555555555555555,264.23061573698084,93372.87300165898,172.399270815777
231,214907.69738521348,0.75,261.5477866369888,91486.40171611017,170.6488386061258
232,214183.2176085452,0.75,261.1065598935693,91177.99001801884,170.36095686835753
233,214815.9699754143,0.75,261.49196345841057,91447.35327455425,170.6124163495502
234,219384.73923146984,0.7555555555555555,264.25807721852095,93392.28249111226,172.4171882678475
235,223177.80923415857,0.7472222222222222,266.5327429342833,95006.99583188804,173.9013111793932
236,219310.01382271503,0.7527777777777778,264.21306844831497,93360.47181682315,172.3878219540985
237,223290.7749312349,0.7416666666666667,266.6001897115825,95055.08543160274,173.9453173411804
238,217759.08096843495,0.7416666666666667,263.2771700671165,92700.23829393052,171.77718795157668
239,217222.4464335283,0.75,262.95256644653796,92471.79248564843,171.5653978555054
240,220787.54843383151,0.7583333333333333,265.1016020562137,93989.4596410227,172.96755245077017
241,217802.50373431665,0.75,263.30341846283534,92718.72340475445,171.79431391659548
242,218391.4915562234,0.7416666666666667,263.6591944552091,92969.45605480127,172.02644266325083
243,228040.33407842217,0.7527777777777778,269.4206613936952,97076.97706880707,175.7855554982787
244,217257.9211755341,0.75,262.97403704911864,92486.89411549887,171.57940651312657
245,222408.44780224783,0.7611111111111111,266.07293681666886,94679.47797244859,173.6013071879092
246,216493.79950080864,0.7444444444444445,262.5111743880607,92161.60682544607,171.2774082566729
247,223299.2764293297,0.7444444444444445,266.60526488639107,95058.70452705328,173.94862867750615
248,219907.15203664647,0.7527777777777778,264.57252415129295,93614.67409614798,172.62235155586754
249,218222.0270777289,0.7416666666666667,263.5568792536214,92897.31487258774,171.95968633337628
250,221845.90859936143,0.7555555555555555,265.73623372924203,94440.00452350981,173.38162270285474
251,220067.9681541116,0.7444444444444445,264.669246222211,93683.13366322653,172.68545860518333
252,220173.54757347863,0.7527777777777778,264.7327272340831,93728.07891782043,172.72687727321647
253,219109.03229733,0.7416666666666667,264.09197475955915,93274.91379915972,172.30881345773759
254,217775.5431475318,0.7555555555555555,263.28712150977697,92707.24625850463,171.7836808458745
255,224624.89264351665,0.7472222222222222,267.39544500870613,95623.02055187724,174.4641876959805
256,220482.1600283827,0.75,264.918197306623,93859.45551981035,172.84788862981057
257,219113.77213102992,0.7527777777777778,264.09483120335614,93276.9315506652,172.3106771661741
258,219927.1728851397,0.7472222222222222,264.5845675200874,93623.19698951213,172.6302093432497
259,225367.2841926375,0.75,267.83695521885784,95939.05730774911,174.7522543837698
260,220097.6883751573,0.7472222222222222,264.6871174349287,93695.78558828442,172.69711881356812
261,228846.9373965384,0.7444444444444445,269.896725797482,97420.34883298569,176.09616733198044
262,225193.78173795532,0.7416666666666667,267.733836177473,95865.1971554097,174.68497358251827
263,226484.9887455281,0.7472222222222222,268.50029979485345,96414.86514976599,175.1850585873337
264,222654.1401223236,0.7472222222222222,266.2198602671983,94784.06941596828,173.69716850839387
265,226811.7023066214,0.7472222222222222,268.6938911593869,96553.94740907988,175.3113687425317
266,228509.42503919028,0.75,269.6976252697604,97276.66951631072,175.9662626814444
267,223043.2033410578,0.7611111111111111,266.45235346973425,94949.69398109625,173.8488604630715
268,219845.46245206113,0.7444444444444445,264.53541186604565,93588.41278403239,172.59813736366615
269,227410.29026485255,0.7527777777777778,269.048218004186,96808.76684586814,175.54255198185257
270,225220.0851554489,0.7527777777777778,267.74947184286765,95876.39454409611,174.69517519108373
271,221531.23321074332,0.75,265.5477012317495,94306.04692513823,173.2586132438557
272,219416.90547493537,0.7444444444444445,264.277449300023,93405.975690133,172.4298277294626
273,220514.96704405325,0.75,264.93790604897396,93873.42149614,172.86074774835188
274,224765.07825496665,0.7472222222222222,267.47887108597797,95682.69769383156,174.51861967332187
275,223498.3721259137,0.7527777777777778,266.72409226326386,95143.45974568551,174.02615850147708
276,217192.49620310296,0.75,262.93443811411066,92459.04264538901,171.55356988741454
277,220529.6384365353,0.7472222222222222,264.94671938124856,93879.66712122779,172.8664980738899
278,216807.0818970187,0.7472222222222222,262.7010421800412,92294.97142568599,171.40128893869587
279,219235.46836584684,0.7527777777777778,264.1681604262383,93328.73774821541,172.35852137423115
280,211910.31115076985,0.75,259.7174368878093,90210.41167722794,169.4546130194493
281,219628.1163006244,0.7472222222222222,264.4046155089054,93495.88833021467,172.5127982876721
282,232650.14931831363,0.7583333333333333,272.13019411699673,99039.37959791618,177.55341068964555
283,230403.5023501813,0.7916666666666666,270.8130584174865,98082.97994568586,176.6940355051021
284,203834.1115823809,0.8166666666666667,254.72026393312672,86772.36619517744,166.1941695953415
285,200259.3274410708,0.7555555555555555,252.47677858569432,85250.57734359406,164.7303905517797
286,212066.61433711543,0.8166666666666667,259.8132018836399,90276.9500854353,169.5170956178599
287,219548.8194295632,0.7333333333333333,264.356879472447,93462.13158027505,172.48165254835604
288,204543.42486106913,0.7944444444444444,255.1630739099403,87074.32150132139,166.48308432575487
289,198532.3915512174,0.7555555555555555,251.3858050058988,84515.41916880842,164.01857655887264
290,199263.59932805356,0.7444444444444445,251.84831471082987,84826.69498267409,164.32034452642228
291,201309.2229283921,0.7611111111111111,253.1377408409971,85697.5188048896,165.16164039212512
292,210647.06633898092,0.7444444444444445,258.94216286906703,89672.64721498088,168.94877960139215
293,205771.68877847455,0.7555555555555555,255.92804229885132,87597.1945650988,166.98219375740626
294,212870.10615981492,0.7472222222222222,260.3049351504157,90618.99728319264,169.83793072014944
295,219431.8008673763,0.7638888888888888,264.2864195512111,93412.31667220646,172.43568043793678
296,217670.16626054293,0.7916666666666666,263.2234143232707,92662.38722212783,171.74211460848457
297,196078.1918137784,0.9277777777777778,249.8271941149868,83470.66411441656,163.00164905284046
298,192974.1850377363,0.9361111111111112,247.84186667262577,82149.28561426213,161.70630709392722
299,204963.95004874255,0.7583333333333333,255.425236834177,87253.33945516543,166.654134515557
300,204903.86354384077,0.7666666666666667,255.38779431143325,87227.76057552526,166.62970485739447
301,195887.38463444792,0.7805555555555556,249.70560888340404,83389.43732509755,162.92231984563116
302,205379.1536423365,0.775,255.68381845634147,87430.0920015827,166.82284805763908
303,205630.77424264187,0.7638888888888888,255.84039623378496,87537.20711937359,166.9250084169976
304,193763.8177543544,0.7805555555555556,248.3484221329487,82485.43297798926,162.03681304890085
305,199506.36163853755,0.7916666666666666,252.00168107793465,84930.0391184528,164.42040957672987
306,199379.77251490185,0.7833333333333333,251.92171938236783,84876.15001369418,164.3682379615275
307,201608.1887587447,0.7666666666666667,253.325639479142,85824.78883005767,165.28423628478166
308,198139.58027726985,0.7722222222222223,251.13698900512807,84348.19905317633,163.85623467059247
309,198642.8015956856,0.7777777777777778,251.45569702663727,84562.42082488966,164.06417813830183
310,196284.25986769493,0.7694444444444445,249.9584373814086,83558.38747188977,163.08727971818743
311,195243.58410934955,0.7805555555555556,249.2949318296752,83115.37085758234,162.65437048478157
312,199363.97810697032,0.775,251.9117408545649,84869.42631991088,164.3617273953229
313,199435.19682841716,0.7694444444444445,251.95673200669864,84899.74419423213,164.39108221402697
314,196357.7353551732,0.775,250.0052167299956,83589.66605355767,163.11780125924028
315,196901.4476837211,0.7722222222222223,250.3511082492524,83821.12488501299,163.34348080638478
316,200591.36632002183,0.7638888888888888,252.6860007653317,85391.9265955505,164.86689915093413
317,196729.1306879899,0.7722222222222223,250.2415377157241,83747.76938362431,163.27199068011578
318,198206.1585373493,0.7861111111111111,251.17917860553257,84376.5414788842,163.8837615956063
319,199333.0651098895,0.7722222222222223,251.89220962108985,84856.2666290129,164.34898409379502
320,197157.6417758965,0.7722222222222223,250.51392479051975,83930.18694244149,163.449711694554
321,200274.87356031255,0.775,252.48657827388797,85257.1953406569,164.73678443272377
322,196105.79326305696,0.7722222222222223,249.84477727890496,83482.41407641127,163.01312132159958
323,199910.97229241376,0.775,252.25708877510095,85102.28224082355,164.587052267356
324,196718.25158463893,0.775,250.23461845272473,83743.13813945955,163.26747615445285
325,202471.8789842248,0.7722222222222223,253.86768355757067,86192.4625424837,165.6378970580061
326,197956.130154335,0.7722222222222223,251.0207028490081,84270.10416943839,163.78036288539025
327,199391.9870381026,0.7805555555555556,251.92943595391608,84881.34974730034,164.37327269720492
328,198255.40278518616,0.7722222222222223,251.2103793553805,84397.504799857,163.90411876166627
329,197404.41841477944,0.7805555555555556,250.67065635567687,84035.23998146097,163.55197239387357
330,196438.55562734103,0.7833333333333333,250.05666214649665,83624.07131673025,163.1513672117203
331,195913.09179161303,0.7722222222222223,249.7219933247829,83400.38088522127,162.93300999877093
332,196144.47159228305,0.7777777777777778,249.86941475122435,83498.8794762473,163.0291962274191
333,198495.00098088515,0.7777777777777778,251.3621315359117,84499.50196910162,164.00313062369185
334,195799.50707297455,0.7833333333333333,249.64959205102028,83352.02776746605,162.88577123816026
335,199759.3371863343,0.775,252.1614004639321,85037.73103861982,164.52461970243505
336,200916.16358490332,0.7722222222222223,252.8904924333741,85530.19308582878,165.00032129189265
337,198629.92810342368,0.7777777777777778,251.44754881942143,84556.94056755643,164.05886177865688
338,195382.38540139943,0.7805555555555556,249.3835296474829,83174.45869351234,162.71217680349037
339,196205.55106936969,0.775,249.9083164472903,83524.88106504726,163.0545779342912
340,195792.67269948212,0.7861111111111111,249.6452350087867,83349.11836847097,162.8829284528839
341,196073.33222724812,0.7833333333333333,249.82409824701045,83468.59538402258,162.99962913028085
342,202854.9313952598,0.7638888888888888,254.1077136260248,86355.52830132181,165.7945064980588
343,196986.02022449824,0.7722222222222223,250.40486751949916,83857.12749233618,163.37855645030393
344,195705.871438855,0.7722222222222223,249.5898909475332,83312.16699308602,162.84681880004342
345,196193.13916397365,0.7722222222222223,249.90041175901464,83519.59730566153,163.04942046042714
346,200880.07081734017,0.775,252.86777667085096,85514.828361938,164.98550022021595
347,195970.19535809945,0.7805555555555556,249.7583844035108,83424.68992527224,162.95675363430456
348,195613.87265246912,0.7888888888888889,249.53121956977245,83273.00302627096,162.8085382142926
349,197503.47944565155,0.7833333333333333,250.73354395303392,84077.41035215986,163.59300388410216
350,195623.62246865747,0.7833333333333333,249.53743807865624,83277.15353186625,162.8125955276139
351,193823.7737760465,0.775,248.3868421844566,82510.95631080872,162.06188050312525
352,198776.51065362096,0.7805555555555556,251.5403118431818,84619.34089213803,164.11938571760447
353,198266.5269799188,0.775,251.2174270169835,84402.24037964524,163.9087170619727
354,196202.60606280633,0.775,249.90644090302075,83523.62737308188,163.05335422119666
355,199656.08040514833,0.7833333333333333,252.09622018123264,84993.77453320644,164.4820923322527
356,198030.4536519118,0.7805555555555556,251.06782183877024,84301.74374977445,163.81110602790577
357,200801.09532545847,0.7722222222222223,252.81806462083992,85481.2084234066,164.95306521585903
358,196541.0131165922,0.7777777777777778,250.121865328862,83667.68756284197,163.19390952296345
359,199953.4683476343,0.7805555555555556,252.28389911326025,85120.3728500784,164.60454487598537
360,199473.54773250688,0.775,251.9809561760793,84916.0702088906,164.40688745720703
361,204647.4018722785,0.7777777777777778,255.22792009843565,87118.58460930907,166.52539371363787
362,198182.2659981939,0.775,251.16403909304145,84366.37040329321,163.8738837057687
363,200256.23774818692,0.7694444444444445,252.47483091432997,85249.26205853077,164.7291197788147
364,201198.44233215417,0.7777777777777778,253.06808032445332,85650.35940458385,165.11618985936494
365,203416.36697347433,0.7777777777777778,254.459113845912,86594.53193623669,166.02378023874206
366,200288.70330038312,0.775,252.49529570161096,85263.08267354967,164.74247218460914
367,201814.0364719892,0.7611111111111111,253.45493283755647,85912.41838830692,165.36859471784894
368,205241.95312393695,0.7694444444444445,255.59840128416155,87371.68561644769,166.76711697531204
369,206922.7839103667,0.7694444444444445,256.6428798843676,88087.2168068847,167.44859496587708
370,209859.1654018539,0.7694444444444445,258.4574376056712,89337.23707135397,168.6325169241004
371,209173.4817882327,0.7666666666666667,258.03485652267904,89045.34093506313,168.35680068900328
372,203315.70255957145,0.7555555555555555,254.39614411605103,86551.6790039272,165.98269516053787
373,208251.3297445803,0.7583333333333333,257.46544830058343,88652.77997361141,167.98528597254247
374,211753.3236341536,0.7666666666666667,259.62121705482167,90143.58194900362,169.39183365908332
375,209891.2675895404,0.7666666666666667,258.4772049860455,89350.90300177147,168.64541430146508
376,210550.19516151657,0.7611111111111111,258.88261559602114,89631.40906686406,168.90992753111428
377,205523.9114020043,0.7527777777777778,255.7739096280531,87491.71551118065,166.88162872643744
378,211319.24828168633,0.7555555555555555,259.35498042063466,89958.79567771571,169.2181255463036
379,206202.42413971823,0.7527777777777778,256.19576530211316,87780.55899909318,167.15687166297076
380,211928.00303293223,0.7527777777777778,259.72827825358314,90217.94312751248,169.46168655083721
381,212629.89517600476,0.7638888888888888,260.1580245403655,90516.73924949323,169.74207777753296
382,209255.1763562244,0.7555555555555555,258.0852405104152,89080.118386761,168.38967410422913
383,218935.34610027773,0.7527777777777778,263.98728207773235,93200.97542752669,172.24050592283538
384,221094.40770078404,0.7416666666666667,265.2857624357349,94120.08990931135,173.0877092882133
385,217432.41080543457,0.7333333333333333,263.07961900562555,92561.17450922415,171.64829426204363
386,208216.6275356647,0.8722222222222222,257.4439958757053,88638.00721179825,167.97128917510133
387,209856.23542697137,0.8527777777777777,258.4556333565164,89335.98977838874,168.63133972804462
388,219603.11887057588,0.7861111111111111,264.38956820059764,93485.24690156826,172.50298055715376
389,216103.00735864908,0.7611111111111111,262.27413840542204,91995.24625604764,171.1227523306364
390,216234.31374698988,0.7472222222222222,262.353806524385,92051.14350467018,171.17473239955524
391,207203.74179355372,0.7361111111111112,256.81705447100205,88206.82083260966,167.56223649695653
392,205805.92449467749,0.7527777777777778,255.94933170815392,87611.76874054105,166.99608419409782
393,204990.0756807752,0.7527777777777778,255.4415151433967,87264.46116041986,166.66475542196395
394,213754.22927952308,0.7361111111111112,260.8449432004939,90995.36929722589,170.19026307122266
395,205778.5929564931,0.7638888888888888,255.9323357902278,87600.13367994397,166.98499507844355
396,209919.1500577958,0.7555555555555555,258.4943727872912,89362.77259379953,168.65661556369585
397,219285.1723036323,0.7527777777777778,264.1981041524752,93349.8967596163,172.378058385695
398,214830.60609007304,0.7305555555555555,261.5008714580621,91453.58388184063,170.61822844153681
399,219240.3545950374,0.7638888888888888,264.17110424503335,93330.81782041406,172.36044209114834
400,210570.29649874425,0.7888888888888889,258.8949731304228,89639.96622435548,168.91799029823147
401,215308.5994354139,0.7944444444444444,261.791626643554,91657.06608253212,170.80793386921752
402,206589.178443666,0.7638888888888888,256.4359137819938,87945.20065710219,167.31355836145747
403,209349.97583865217,0.7833333333333333,258.1436944451301,89120.47461242155,168.42781281761427
404,210795.9827395844,0.7722222222222223,259.0336759454983,89736.04106179738,169.00848800271748
405,209390.5051276815,0.7555555555555555,258.1686810113859,89137.72796752478,168.4441154924223
406,214644.33709196103,0.7694444444444445,261.387479634617,91374.28900038282,170.54424508565705
407,212817.22410875544,0.7666666666666667,260.2726001407144,90596.48534608819,169.8168334976388
408,216010.77002802023,0.7666666666666667,262.2181603590646,91955.98074073199,171.08622902940274
409,214990.8565607267,0.7638888888888888,261.5983850913468,91521.80265255847,170.68185195172694
410,216601.03981650365,0.7611111111111111,262.57618386152615,92207.25912511336,171.31982418107404
411,215260.38973833487,0.7555555555555555,261.76231615243586,91636.54317075535,170.7888100168133
412,212742.31325199056,0.75,260.22678862430257,90564.59572641297,169.78694342603475
413,216921.024747044,0.7555555555555555,262.7700643111822,92343.47700029744,171.4463229520545
414,214085.9118139675,0.7555555555555555,261.0472413626642,91136.56685300263,170.32225404262562
415,214145.42380819656,0.7472222222222222,261.08352203685064,91161.90116292829,170.3459256438782
416,221529.97145510017,0.7611111111111111,265.5469450025199,94305.50979461643,173.2581198363549
417,219280.47492652212,0.7666666666666667,264.1952744016986,93347.89708191958,172.3762120933223
418,217976.19614096064,0.7555555555555555,263.4083867009644,92792.66441981631,171.86280124029867
419,217629.6866607833,0.7527777777777778,263.19893767112353,92645.15501979178,171.7261446310071
420,222326.8958665476,0.7527777777777778,266.02415100677655,94644.76123944657,173.56947651594817
421,216842.88314097936,0.7555555555555555,262.7227311299313,92310.21204771475,171.41544005867635
422,223286.72849168236,0.7583333333333333,266.5977740577336,95053.36285861477,173.94374122949125
423,218543.87409319732,0.75,263.75116244060484,93034.32543901476,172.0864478733829
424,218639.03199015732,0.7555555555555555,263.80857716935805,93074.83424206679,172.12390854895045
425,222838.53317477912,0.7611111111111111,266.3300736534025,94862.56570565849,173.76907806877068
426,224090.4904584076,0.75,267.07717707188226,95395.52505692892,174.25653136486446
427,218279.0588301714,0.7472222222222222,263.5913169520893,92921.59334133506,171.98215547113264
428,224798.0000664885,0.7638888888888888,267.4984594638027,95696.71253885924,174.53140025911443
429,224745.70047403724,0.7611111111111111,267.46734069449883,95674.44855491264,174.51109658188267
430,223797.66683757465,0.7555555555555555,266.9026224286046,95270.86977592486,174.14264186294344
431,227660.06514312452,0.7444444444444445,269.19593129225103,96915.09623811519,175.63892863783235
432,223418.42725501757,0.7555555555555555,266.67638468920745,95109.42714162834,173.99503133267123
433,224063.5471327126,0.7611111111111111,267.06112069290464,95384.05525874071,174.2460552585285
434,226285.8851068625,0.7666666666666667,268.38225413272716,96330.10655018242,175.10803879908252
435,223405.02393471415,0.7527777777777778,266.66838534319345,95103.72133601725,173.98981209864732
436,220483.8910685505,0.75,264.9192372618297,93860.19242517998,172.84856715647874
437,222812.64484009056,0.7583333333333333,266.3146027152071,94851.5450180987,173.7589839377167
438,224203.40572613064,0.7555555555555555,267.1444563503104,95443.5931888222,174.3004282407419
439,227555.08517095627,0.7583333333333333,269.13385751575345,96870.40616873757,175.5984281312006
440,232384.99727136808,0.75,271.97507612329053,98926.50413101641,177.45220277726656
441,227917.8160658978,0.7583333333333333,269.34827656993474,97024.82103974138,175.73832747059683
442,225065.9399935482,0.7583333333333333,267.6578295944174,95810.77480885245,174.6353825104942
443,222941.45554587903,0.7472222222222222,266.3915714516084,94906.37985239491,173.80920277399417
444,229096.72392198836,0.7555555555555555,270.04398181905003,97526.68318344699,176.19224564096348
445,228463.4943703119,0.7638888888888888,269.67051913430413,97257.11678890625,175.9485770776234
446,225424.61502142303,0.7611111111111111,267.87102036333454,95963.46309356696,174.77448044584682
447,223392.79719131772,0.7472222222222222,266.6610879904434,95098.51640026271,173.98505088545676
448,226986.7622403577,0.7555555555555555,268.7975640774213,96628.4705816654,175.37901092480732
449,227807.60709755085,0.7555555555555555,269.2831474248307,96977.90498194734,175.6958334655268
450,224265.7863461989,0.7527777777777778,267.1816178684022,95470.14867536968,174.32467455528635
451,226586.11936259392,0.7527777777777778,268.5602388015286,96457.91654518482,175.22416624719136
452,228630.0342816148,0.7583333333333333,269.76879024523384,97328.01298021349,176.01269480985246
453,223617.55467880785,0.7444444444444445,266.7951993168335,95194.19586656107,174.07255283829934
454,230963.35586077,0.7583333333333333,271.14188078691944,98321.31009297735,176.9085781558848
455,229512.43613291148,0.7555555555555555,270.28887772757423,97703.65224872265,176.3520298353029
456,229976.32027389912,0.7527777777777778,270.5618900202906,97901.12814832274,176.53015877791907
457,229904.35458144548,0.7583333333333333,270.5195537109615,97870.49228776632,176.50253613155382
458,226666.13216243833,0.75,268.60765203237565,96491.97806665687,175.2551013695361
459,229734.14359047823,0.7444444444444445,270.41939482739724,97798.03331451598,176.4371867077407
460,226898.36067696105,0.7555555555555555,268.7452164455624,96590.83795593985,175.344856315069
461,224774.4746419075,0.7555555555555555,267.4844620539423,95686.69774427559,174.52226754280707
462,229554.79939943997,0.7555555555555555,270.31382145532,97721.68632971084,176.36830455979992
463,227888.1798544588,0.7527777777777778,269.33076428827064,97012.20487764929,175.72690144950238
464,228064.61707371176,0.75,269.4350057124779,97087.31436192855,175.79491455794556
465,231546.97032562067,0.7555555555555555,271.4842348471636,98569.75530005133,177.13194966104626
466,232140.84320321583,0.7555555555555555,271.8321639884155,98822.56752273587,177.35895867012758
467,230271.97280004944,0.75,270.73574838447297,98026.98769688644,176.64359398725944
468,231244.66217176663,0.7527777777777778,271.3069518027582,98441.06244473692,177.01627999310017
469,226593.08452506553,0.7472222222222222,268.5643664844755,96460.88162116696,175.22685938526024
470,231320.6347011708,0.7555555555555555,271.3515153886042,98473.4040194177,177.04535584293444
471,227020.2411292367,0.7527777777777778,268.81738618486725,96642.72257502934,175.39194400926527
472,226979.6284762655,0.7527777777777778,268.7933401450251,96625.43373182043,175.37625498805468
473,231526.23233428743,0.7583333333333333,271.47207713296945,98560.92711832968,177.12401726814014
474,230641.51774056308,0.7555555555555555,270.95290229347125,98184.30331327122,176.78527770343928
475,228425.71924045004,0.7527777777777778,269.6482239750119,97241.03588185886,175.9340304317172
476,227463.84717567184,0.7583333333333333,269.0798976241356,96831.5660713845,175.5632215903451
477,227210.19153398304,0.7527777777777778,268.92982394479685,96723.58463463074,175.4653048791628
478,232240.51995536333,0.7583333333333333,271.8905174408553,98865.0000065402,177.3970318230896
479,229159.5971098244,0.7472222222222222,270.08103464321874,97553.44835654002,176.21642103733282
480,227030.92188092275,0.7527777777777778,268.8237097134804,96647.26938071042,175.39606984350615
481,231818.1238166679,0.7555555555555555,271.6431493843043,98685.185587149,177.23563465700587
482,231695.33587524545,0.7527777777777778,271.5711987523061,98632.91464910653,177.18868992103486
483,231846.75981175073,0.7611111111111111,271.6599266136966,98697.37595623099,177.24658108766633
484,232078.17300818185,0.7527777777777778,271.79546875541627,98795.88876386281,177.335016586831
485,228428.76570057904,0.7527777777777778,269.6500220865096,97242.33276269917,175.935203623212
486,231829.21437198296,0.75,271.6496472311781,98689.90684660667,177.239874226519
487,231476.8435408848,0.7555555555555555,271.4431206011347,98539.90226417841,177.10512435915706
488,232077.73781598345,0.7555555555555555,271.7952139203288,98795.70350214919,177.3348503177439
489,232557.5787728629,0.7555555555555555,272.07604898330897,98999.9722327486,177.5180832861955
490,228963.6625186132,0.75,269.96554846225035,97470.03882333238,176.14107120199023
491,226843.20924002305,0.7472222222222222,268.71255295344423,96567.35993920839,175.3235447717122
492,226732.56429172985,0.75,268.6470113994561,96520.25828435576,175.28078168733543
493,232109.63680902836,0.7527777777777778,271.813892350709,98809.28293242346,177.34703720141954
494,231872.0616341535,0.7555555555555555,271.6747495590422,98708.14696497872,177.25625243086702
495,229925.974192356,0.7527777777777778,270.5322728915462,97879.69577574173,176.51083485746815
496,225200.91240241783,0.75,267.738074982434,95868.2326857395,174.68773922298868
497,227803.61773613148,0.7444444444444445,269.2807895744585,96976.20670717243,175.69429506815473
498,229262.5554784116,0.7583333333333333,270.14169974392735,97597.27782743944,176.2560024427538
499,231017.17888013148,0.75,271.17347199870983,98344.2226011415,176.92919008180286
500,226862.85315663263,0.7472222222222222,268.72418753736656,96575.72237232776,175.3311358443018
501,228065.21241306447,0.75,269.4353573785085,97087.56779843102,175.79514400511647
502,232070.9726351862,0.7527777777777778,271.79125240902755,98792.82355854721,177.3322655996265
503,231507.1422183782,0.7555555555555555,271.4608850097314,98552.80043867079,177.11671488238238
504,231782.9869119908,0.7527777777777778,271.62256199236253,98670.22777495584,177.22220225686985
505,227920.2231342837,0.7527777777777778,269.3496988764941,97025.84573093666,175.73925546530714
506,228140.37939304527,0.7583333333333333,269.4797547099356,97119.56644999157,175.82411138099323
507,231014.9348002008,0.75,271.17215491825067,98343.26729427945,176.9283307426603
508,227757.85919344507,0.7444444444444445,269.25374321878854,96956.72725404402,175.6766484681091
509,232635.7641642163,0.7555555555555555,272.1217808507633,99033.2558247684,177.5479213902327
510,228027.88496945184,0.7444444444444445,269.41330722768083,97071.67747182603,175.78075721684266
511,228047.71044617312,0.7555555555555555,269.42501880225495,97080.11719524964,175.7883985225674
512,227109.20839247573,0.7555555555555555,268.8700546262074,96680.59601969093,175.42630793358464
513,230976.50419405015,0.75,271.14959848972296,98326.90735038134,176.9136136296583
514,224557.52632706024,0.7527777777777778,267.3553452745617,95594.34264985488,174.43802432007072
515,229387.39620542867,0.7472222222222222,270.2152400923125,97650.42263817156,176.30398440124785
516,229335.0564073403,0.7527777777777778,270.1844105476364,97628.14153864878,176.28386943081975
517,227585.76148048608,0.7527777777777778,269.15199764056155,96883.46510153038,175.61026379331986
518,231251.7983933651,0.7583333333333333,271.31113804337076,98444.10034074455,177.0190113375625
519,228530.127967884,0.75,269.70984228059655,97285.48277183493,175.97423376289467
520,231345.82303720617,0.7527777777777778,271.3662886212443,98484.12671691588,177.05499475070312
521,229091.27097397603,0.7527777777777778,270.0407680136951,97524.36185853186,176.19014876926605
522,227855.26117448296,0.75,269.31131103395484,96998.19136572357,175.71420902606883
523,228434.738836485,0.7583333333333333,269.6535475744117,97244.87553207246,175.93750385455309
524,231404.44337335095,0.7555555555555555,271.4006669715364,98509.08144718627,177.0774251662917
525,231685.8493176764,0.7555555555555555,271.5656390759045,98628.87621294429,177.1850624679673
526,227395.0847303968,0.7611111111111111,269.0392230498855,96802.29383605764,175.53668315564516
527,231729.0666777667,0.7555555555555555,271.59096604945455,98647.27388233649,177.20158724409822
528,228694.5616097204,0.7555555555555555,269.80685661569464,97355.48232231972,176.0375315021931
529,228550.58541361807,0.7555555555555555,269.721913885853,97294.19152504053,175.9821099733708
530,230201.5269100345,0.7583333333333333,270.69433283699885,97996.99881760679,176.61657209895532
531,225584.11453128912,0.7527777777777778,267.9657698687014,96031.36217959633,174.83630047979648
532,226287.70936375653,0.7472222222222222,268.3833359438846,96330.88313799696,175.10874463498345
533,225018.14404093788,0.7527777777777778,267.6294076123899,95790.42802847132,174.6168383725902
534,218172.619132039,0.7527777777777778,263.5270414290322,92876.28186529041,171.9402184182463
535,220561.6520074425,0.7583333333333333,264.9659494104815,93893.29532740197,172.8790448524238
536,218107.02327767224,0.7583333333333333,263.48742238558793,92848.35765058557,171.9143686726324
537,214659.0220323755,0.75,261.3964209231819,91380.54039283773,170.55007889724786
538,216735.43068051356,0.7583333333333333,262.657629380738,92264.46943782612,171.37296392827622
539,212339.4196906286,0.7555555555555555,259.98026177780525,90393.08357188308,169.62609511383553
540,214118.2164795108,0.7611111111111111,261.0669360862638,91150.31897842744,170.3351040145262
541,212172.85203127423,0.75,259.8782722379175,90322.17556820516,169.55955126440898
542,215354.259509387,0.7555555555555555,261.81938399138346,91676.50361743996,170.8260443614942
543,216610.59358885864,0.7638888888888888,262.58197461263967,92211.32617467095,171.32360240059134
544,215314.9827774363,0.7638888888888888,261.7955073364526,91659.78347702128,170.81046585675463
545,213914.13853232804,0.7555555555555555,260.942493835958,91063.442811196,170.25391072376553
546,213938.28506458495,0.7555555555555555,260.9572209563541,91073.72201188069,170.2635195452506
547,216423.17297189575,0.7611111111111111,262.46835153255904,92131.5410480237,171.2494681595644
548,212343.35941314057,0.7611111111111111,259.982673589377,90394.76071533009,169.62766871860177
549,214622.24536176943,0.7583333333333333,261.37402796302166,91364.88453080121,170.53546844042302
550,217027.74778694933,0.7583333333333333,262.8346965238575,92388.90909519185,171.48849272978958
551,215121.60577998785,0.7638888888888888,261.67792006874066,91577.46271379839,170.73374515141845
552,214022.838345222,0.7555555555555555,261.0087839793892,91109.71642014477,170.29716223100644
553,213561.9890019258,0.7583333333333333,260.7276211151917,90913.53243667474,170.11371538616248
554,214474.7557006112,0.7666666666666667,261.2842036487431,91302.09804826071,170.47686188478235
555,213470.24945336103,0.7638888888888888,260.6716148857116,90874.47882763529,170.07717369663655
556,214712.63982797015,0.7666666666666667,261.42906484525093,91403.3655370582,170.57137767197756
557,213562.1662828617,0.7555555555555555,260.7277293320783,90913.60790532996,170.11378599309154
558,213864.5053522114,0.7638888888888888,260.91221963989176,91042.3139213989,170.2341580947532
559,215019.67784514892,0.7638888888888888,261.6159192063142,91534.07189948032,170.69329221812583
560,213536.7326754535,0.7638888888888888,260.71220353865704,90902.78079558589,170.10365607132908
561,213122.17981157603,0.7638888888888888,260.45901174477365,90726.30526539919,169.93845916361917
562,213604.7891074689,0.7694444444444445,260.7537461075316,90931.75248042772,170.13076083571005
563,212013.16116964415,0.7611111111111111,259.780455772514,90254.19502355628,169.4957301691044
564,213052.14504855327,0.7666666666666667,260.41621309284386,90696.49140325302,169.91053485831483
565,214589.17652748508,0.7611111111111111,261.3538910304133,91350.80709805018,170.5223299458982
566,213873.15135289,0.7694444444444445,260.91749359693586,91045.99453173044,170.23759912805733
567,212954.59779217275,0.7638888888888888,260.3565896718219,90654.96544772833,169.87163310471198
568,213444.09768332265,0.7555555555555555,260.6556472439842,90863.3459954081,170.066755487593
569,212729.19126302708,0.7583333333333333,260.2187630800362,90559.00968380847,169.78170709876218
570,209914.95779177357,0.7638888888888888,258.491791596899,89360.98794235113,168.65493144643258
571,210616.02233684645,0.7583333333333333,258.92308143254496,89659.43175511273,168.93632977330032
572,209128.74989697817,0.7555555555555555,258.0072645827353,89026.29852838053,168.3387981183571
573,211504.80800057607,0.7666666666666667,259.46882541451464,90037.78861836523,169.29240457667333
574,211599.8815723369,0.7555555555555555,259.5271358062469,90078.26152410348,169.3304496343499
575,211278.15428243764,0.7666666666666667,259.329761583132,89941.30192495986,169.20167132435753
576,211859.40643485743,0.7722222222222223,259.6862405851433,90188.7414934892,169.43425875498693
577,209144.14522079972,0.7638888888888888,258.0167612021338,89032.85233169621,168.34499425976543
578,205584.37660281977,0.7555555555555555,255.81153124440877,87517.45560201479,166.9061752355864
579,211481.72081740331,0.7583333333333333,259.4546636376765,90027.96038354658,169.28316461788376
580,210717.6227344462,0.7694444444444445,258.98552567570357,89702.68313653099,168.977071993717
581,208588.55776153007,0.7638888888888888,257.6738249809508,88796.3382463209,168.12124291928066
582,209980.4455281213,0.7611111111111111,258.5321096438079,89388.8661311172,168.68123726216263
583,207730.69960010008,0.7638888888888888,257.1434139669672,88431.14724885118,167.77517222725135
584,210128.68799865688,0.7638888888888888,258.62335308475474,89451.9730852925,168.7407697377695
585,217330.73382945935,0.7694444444444445,263.0181004218054,92517.890528322,171.60815599508834
586,205891.55278550723,0.7638888888888888,256.0025717319237,87648.22078161928,167.03082105171185
587,207383.8453632261,0.7611111111111111,256.9286442067629,88283.49108558818,167.63504406704843
588,205440.248696251,0.7611111111111111,255.7218453321368,87456.1002214524,166.84765898138548
589,209802.84270473136,0.7666666666666667,258.42275244718445,89313.26044809952,168.60988632917648
590,209918.64778527545,0.7555555555555555,258.4940635379975,89362.558775932,168.6564137916469
591,210423.0655759975,0.7722222222222223,258.8044475157645,89577.28988699144,168.85892617383502
592,207196.66937357569,0.7611111111111111,256.812671505834,88203.81009700974,167.5593767980648
593,207062.7574132779,0.7583333333333333,256.7296686110165,88146.80365404164,167.50522092932786
594,207147.1637194118,0.7666666666666667,256.78198945179355,88182.73549512641,167.53935805902145
595,208716.97052298277,0.7638888888888888,257.753128267721,88851.0036753524,168.17298495066618
596,207872.36084850444,0.7638888888888888,257.2310780649246,88491.45257079549,167.83236933335664
597,205062.37517987224,0.7666666666666667,255.48655797141836,87295.23912276715,166.6941439569933
598,208640.74153266227,0.7583333333333333,257.7060548193686,88818.55292502692,168.1422715219891
599,210465.9955743944,0.7638888888888888,258.83084649408323,89595.56522625008,168.87615038761413
600,205158.47338652637,0.7666666666666667,255.54641518382812,87336.14821650891,166.73319824956164
601,204739.6685535377,0.7666666666666667,255.2854492417921,87157.86261921468,166.56292903988177
602,208452.97263970456,0.7638888888888888,257.5900657937281,88738.61953697275,168.06659360182348
603,206146.9896910706,0.7638888888888888,256.1613257806411,87756.96050402022,167.1344013357815
604,206958.290725106,0.7666666666666667,256.66489819509866,88102.33209012685,167.4629609798382
605,210379.76845218244,0.7611111111111111,258.7778200530069,89558.85826210926,168.84155288364957
606,208118.3494587264,0.7694444444444445,257.3832320275848,88596.1701452992,167.93164334118194
607,209509.78610116657,0.7666666666666667,258.242204467536,89188.50598613518,168.49208642944933
608,206657.2263668111,0.7638888888888888,256.47814371575123,87974.16871971021,167.34111160227354
609,209063.0220578916,0.7666666666666667,257.96671637342445,88998.31812766074,168.3123421314209
610,209273.5014436175,0.7694444444444445,258.09654090243293,89087.91939308663,168.39704713077398
611,210905.67061705416,0.7638888888888888,259.10106138267855,89782.73529073232,169.0524541426785
612,208621.49585775536,0.7694444444444445,257.6941687387867,88810.3600237616,168.134516358495
613,211608.90272632983,0.7638888888888888,259.53266796743503,90082.10183754122,169.3340591349076
614,214108.74287360333,0.7611111111111111,261.06116060235996,91146.28605579928,170.33133575621574
615,211205.79422122595,0.7611111111111111,259.2853492195723,89910.49818126543,169.1726941406518
616,212213.41047109483,0.7694444444444445,259.90310989622316,90339.44133282667,169.5757567830947
617,211970.03898673275,0.7583333333333333,259.75403554948014,90235.83787117548,169.47849209404967
618,211098.80757161783,0.7527777777777778,259.21967018661144,89864.95386748142,169.12984135707575
619,214599.65667174748,0.7666666666666667,261.3602729763353,91355.26850496905,170.52649389495562
620,213308.62901905944,0.7638888888888888,260.57291767387727,90805.67686214988,170.01277795163807
621,216049.4317432441,0.7722222222222223,262.2416252776524,91972.43906797218,171.1015388936401
622,210982.76749007893,0.7555555555555555,259.1484144395026,89815.55549951227,169.08335000402516
623,213743.90644041752,0.7555555555555555,260.8386446282991,90990.97485525497,170.18615351998636
624,214199.11312330695,0.7583333333333333,261.11624866895727,91184.75675307147,170.3672783833997
625,214584.01279620128,0.7527777777777778,261.35074648835405,91348.60889295873,170.52027826556375
626,216061.1283309408,0.7583333333333333,262.2487238629831,91977.41831596446,171.10617041951923
627,217291.4229394732,0.7555555555555555,262.99431192437913,92501.15584679664,171.59263500938178
628,216073.35893046623,0.7555555555555555,262.2561463312272,91982.62489327662,171.11101326526352
629,216470.0540389685,0.7527777777777778,262.4967776246845,92151.4983608016,171.268014979133
630,216315.41897266515,0.7583333333333333,262.4030037804218,92085.67007280936,171.20683152267625
631,214701.47145744067,0.7527777777777778,261.4222655840744,91398.61115159314,170.5669414424148
632,218502.97787700783,0.7583333333333333,263.72648334751995,93016.9158826866,172.070345811779
633,218001.75710015115,0.75,263.42383052870423,92803.54574332963,171.87287768293012
634,223372.38987587352,0.7527777777777778,266.64890773822907,95089.82898756697,173.9771037874483
635,218410.65467228784,0.7527777777777778,263.67076180354763,92977.61381069245,172.03398986747345
636,219340.81656229077,0.7555555555555555,264.231622549994,93373.58457100119,172.39992771856936
637,220244.96999959892,0.7555555555555555,264.77566227492423,93758.48350940594,172.75489056650125
638,220502.6743293258,0.7611111111111111,264.93052139945894,93868.18847633,172.85592957772442
639,220639.01146473296,0.7527777777777778,265.0124122131702,93926.227318542,172.9093598607026
640,221022.75391925135,0.7527777777777778,265.2427711438427,94089.58682951693,173.05965929350327
641,216840.34150734567,0.7472222222222222,262.7211914278281,92309.13007197142,171.4144354683524
642,222035.8470011468,0.7527777777777778,265.849967439638,94520.86147343983,173.45582912547067
643,217938.51903093848,0.7527777777777778,263.3856206929337,92776.62523990359,171.84794738555917
644,216894.2069437732,0.75,262.7538207642203,92332.06063711907,171.4357247265465
645,220548.06036470455,0.75,264.95778530314016,93887.50935275968,172.87371811862124
646,226379.49790969936,0.7472222222222222,268.43776227271024,96369.9576052647,175.14425550633553
647,223599.1282236854,0.7555555555555555,266.78420690827284,95186.3517079011,174.06538075789877
648,223323.44327256677,0.7583333333333333,266.6196913400489,95068.99237414064,173.95804132669568
649,222836.70565876135,0.7444444444444445,266.3289815544136,94861.78773043201,173.76836552049605
650,224850.62644834563,0.7611111111111111,267.52976902230324,95719.11563735236,174.55182841820567
651,223987.5857065659,0.75,267.0158476810675,95351.71841072671,174.21651653832157
652,223720.19708807,0.7555555555555555,266.8564229545895,95237.8908332892,174.1124986654564
653,223832.17549061007,0.7527777777777778,266.9231992627961,95285.56014082427,174.15606737459512
654,224211.47882780727,0.75,267.14926596713445,95447.02991552891,174.303566311745
655,225787.7883116233,0.7527777777777778,268.0867120898808,96118.06629263371,174.91521014998747
656,224617.40136442348,0.7527777777777778,267.3909861293168,95619.83150757206,174.4612784662789
657,231066.937072225,0.75,271.20267410240825,98365.40470865055,176.94824321601234
658,227291.515552613,0.7611111111111111,268.97794788066466,96758.20434312918,175.49670370639276
659,227580.93015377835,0.7555555555555555,269.14914076558074,96881.40840136848,175.6083998035542
660,226271.723081938,0.7444444444444445,268.37385569541215,96324.07776332591,175.10255917491006
661,230946.1145445846,0.75,271.1317602850603,98313.97044903791,176.9019749576296
662,226129.830093776,0.7527777777777778,268.2896950684274,96263.67378955656,175.04764793503313
663,228167.14675136493,0.7555555555555555,269.4955630679422,97130.96133870848,175.83442566416412
664,227962.5417215492,0.7583333333333333,269.37470317302245,97043.86079192208,175.75556970836612
665,231059.50742076748,0.75,271.19831398588605,98362.24189928577,176.94539842489303
666,228889.8739807407,0.75,269.9220438116008,97438.62697582769,176.1126862624625
667,228026.2093586972,0.7583333333333333,269.41231736483047,97070.96416280785,175.78011137331262
668,229067.46770754148,0.7527777777777778,270.02673862859706,97514.22878641912,176.1809951904722
669,228693.47946235657,0.7555555555555555,269.8062182727407,97355.02165120534,176.03711501048764
670,227493.64872485877,0.7472222222222222,269.09752401897913,96844.25261790586,175.57472206544963
671,229975.81594346053,0.7583333333333333,270.56159335350486,97900.91345439755,176.52996521542292
672,228293.4863331351,0.7472222222222222,269.5701646161923,97184.7442132686,175.8831000105648
673,227654.00987173303,0.7444444444444445,269.1923512500957,96912.51850359119,175.63659281215467
674,232672.9793867699,0.7472222222222222,272.1435459213505,99049.0983787668,177.56212217573977
675,225748.08850648903,0.7527777777777778,268.0631424845811,96101.16604957702,174.89983198211033
676,226268.3187864791,0.7527777777777778,268.3718368233184,96322.62855166108,175.10124194648876
677,224823.23472222988,0.7444444444444445,267.51347303622794,95707.45495469829,174.54119597840014
678,228306.8753039457,0.7527777777777778,269.5780693843174,97190.44391028759,175.88825753652725
679,227824.8748354685,0.75,269.2933530162123,96985.25587364218,175.70249218108674
680,230483.45685014295,0.7583333333333333,270.86004304292584,98117.01664884495,176.72469098059537
681,230876.11668590887,0.75,271.09066827326836,98284.17229710575,176.87516416263705
682,234467.02381388764,0.75,273.1907239714605,99812.82471873889,178.2453614428842
683,227521.79863087225,0.7472222222222222,269.11417247429443,96856.23605843012,175.58558447648616
684,226369.73396152764,0.75,268.43197323111275,96365.80108367128,175.14047840220493
685,230816.79859466015,0.7472222222222222,271.0558409073179,98258.92053185472,176.852440783374
686,232444.1885076025,0.7583333333333333,272.00971156916165,98951.70189397279,177.4748009368171
687,234749.96942590937,0.7472222222222222,273.35551219905835,99933.27492243184,178.35287877276534
688,231696.3493832622,0.75,271.57179272042595,98633.3461003886,177.18907746004302
689,227608.49694897648,0.7555555555555555,269.16544124068446,96893.1436110897,175.61903517226042
690,227716.02543430973,0.75,269.2290142949313,96938.91858483339,175.66051389403955
691,226230.33844085585,0.7472222222222222,268.3493120550699,96306.46028407793,175.08654549047623
692,227113.02173302256,0.7527777777777778,268.87231188557735,96682.21936222073,175.42778069959374
693,230692.6757120922,0.7583333333333333,270.98295029272634,98206.08130815571,176.8048827486253
694,233560.58785293633,0.7472222222222222,272.6621428370418,99426.95410794883,177.90048466966627
695,227295.08566477423,0.75,268.9800603169113,96759.72414311461,175.49808198145584
696,231503.39800940565,0.7555555555555555,271.45868980663465,98551.20652551486,177.11528260545975
697,228148.3809285823,0.7555555555555555,269.4844803813258,97122.97271092776,175.82719468116082
698,232894.77536606553,0.7472222222222222,272.27322571191576,99143.5171283404,177.64673273939698
699,226165.4414003071,0.7444444444444445,268.3108195933189,96278.83355504929,175.06143079163914
700,229451.57109146423,0.75,270.25303602145885,97677.74194536888,176.32864464210016
701,226191.32374756623,0.7472222222222222,268.3261718838637,96289.85169375494,175.0714475101329
702,229364.6198946652,0.7527777777777778,270.20182466678364,97640.72674201953,176.295231405035
703,228468.22157096857,0.7472222222222222,269.67330903311154,97259.12916251375,175.95039736827636
704,226714.81330280067,0.7388888888888889,268.63649494920423,96512.70167226698,175.27392014954606
705,229108.98154940977,0.7444444444444445,270.05120596041934,97531.90126655897,176.19695908683298
706,221061.05482628863,0.7388888888888889,265.2657520326072,94105.89156038481,173.07465334880854
707,231992.31398460976,0.7416666666666667,271.7451877401978,98759.33849964687,177.3022103568059
708,227649.05139641208,0.7472222222222222,269.18941962833503,96910.4076761493,175.63468005328514
709,229409.68465340705,0.7277777777777777,270.2283675180778,97659.91085069344,176.3125494898289
710,230574.81068775212,0.7361111111111112,270.91371642437645,98155.90606038073,176.75971058571756
711,232112.473206937,0.7305555555555555,271.81555313914305,98810.49038958602,177.34812079543914
712,227844.21468393417,0.7333333333333333,269.30478280876906,96993.48886467687,175.70994963599549
713,227771.5709761704,0.7277777777777777,269.2618480834743,96962.56437238792,175.68193654859135
714,229534.56707499537,0.725,270.30190883692893,97713.07341084236,176.36053208151083
715,225113.89236419823,0.7277777777777777,267.6863415582462,95831.18817653497,174.65398535770743
716,224805.388935521,0.7305555555555555,267.50285562133445,95699.85798710871,174.53426856546398
717,227386.82501354537,0.725,269.03433682293263,96798.77766710173,175.53349509978207
718,226344.8193024891,0.7277777777777777,268.4172007723536,96355.1948907189,175.13083999936077
719,229651.77917861636,0.7305555555555555,270.3709150264695,97762.97070967499,176.40555569365128
720,222981.67498108948,0.7194444444444444,266.4155993636664,94923.50130244638,173.82487996759443
721,228671.00552940383,0.725,269.79296088593105,97345.45447756162,176.0284651278367
722,232397.55713871864,0.7277777777777777,271.9824258333919,98931.8508779404,177.45699815140838
723,230603.885394075,0.7222222222222222,270.9307965391309,98168.28318923556,176.77085463623155
724,223433.0113562432,0.7194444444444444,266.6850884742291,95115.63560674909,174.00071018327256
725,224923.68807904565,0.725,267.5732302613239,95750.21803981434,174.58018503348666
726,227820.1004976934,0.7194444444444444,269.2905313222144,96983.22343372059,175.70065114542047
727,222379.92789418116,0.7166666666666667,266.0558767205799,94667.33702171466,173.59017619872546
728,228535.25812483288,0.725,269.7128695533433,97287.66668430154,175.97620892997605
729,226229.95183690096,0.725,268.3490827645371,96306.29570642364,175.08639588812775
730,230210.52472286447,0.7194444444444444,270.69962305634215,98000.82919469028,176.62002374271998
731,228239.43460284313,0.725,269.5382504415352,97161.73434265387,175.86227736507297
732,224377.4179704941,0.7138888888888889,267.24810640377007,95517.67035909135,174.36805550485215
733,226517.7126066934,0.725,268.51969633240907,96428.79572714734,175.19771400548657
734,229604.28101808552,0.7194444444444444,270.34295359446287,97742.75069965221,176.3873120451041
735,218385.74432477355,0.7166666666666667,263.65572517997987,92967.00945315986,172.02417910829482
736,230873.90526893796,0.725,271.08936996673793,98283.2308948953,176.87431707268678
737,232243.9347141204,0.725,271.8925163106322,98866.45367244056,177.39833600084745
738,230839.20696127907,0.725,271.06899803297546,98268.45979385063,176.86102524987524
739,229019.3056917957,0.7277777777777777,269.99835023319355,97493.72617262916,176.16247296641598
740,224009.82087851304,0.7222222222222222,267.0291006386585,95361.18394359376,174.22516353109518
741,232881.5956568607,0.7305555555555555,272.2655215186728,99137.90651417682,177.6417060800388
742,225488.3252622512,0.7305555555555555,267.9088709804152,95990.58460087802,174.79917636825698
743,227849.00101253815,0.7361111111111112,269.30761143976497,96995.52640910518,175.7117951977588
744,223706.35455441213,0.7166666666666667,266.84816704786573,95231.99805415471,174.10711203645002
745,228024.8838717158,0.7333333333333333,269.41153433414456,97070.39990179754,175.7796004789982
746,224897.9054553303,0.7388888888888889,267.5578940873528,95739.24235351173,174.57017883037372
747,228376.82782801375,0.7416666666666667,269.6193651668037,97220.22276323613,175.91520128325598
748,228373.3264433496,0.7333333333333333,269.61729830928186,97218.73222060855,175.9138527463779
749,224836.09568509256,0.7305555555555555,267.5211244510042,95712.9298782549,174.54618820204712
750,227998.22675598325,0.7333333333333333,269.3957861749198,97059.05194344997,175.76932547297943
751,229370.779275624,0.7416666666666667,270.2054526561432,97643.34879608077,176.29759851423003
752,227389.0908958694,0.7388888888888889,269.0356772669748,96799.7422552624,175.5343696826717
753,226814.08055349565,0.7333333333333333,268.6952998581559,96554.95983093152,175.3122878587359
754,224825.71837740007,0.7416666666666667,267.5149506623867,95708.51224895712,174.54216006680298
755,223770.3292066468,0.7333333333333333,266.8863204082913,95259.23212164135,174.1320054860535
756,228892.98229694663,0.7361111111111112,269.92387657117234,97439.95018885606,176.11388206035605
757,224794.93891293692,0.7388888888888889,267.49663814722817,95695.40940301561,174.5302119272911
758,231589.50139428477,0.7444444444444445,271.5091671199623,98587.86081456086,177.14821691167614
759,228992.10835196587,0.7361111111111112,269.9823178404477,97482.14824039336,176.15201251007898
760,226727.48066520147,0.7361111111111112,268.6439996822521,96518.09417993136,175.27881666958598
761,220291.9955314048,0.7333333333333333,264.80392751015154,93778.50232095178,172.7733324337657
762,225234.2819899251,0.7361111111111112,267.7579105552269,95882.43814941034,174.7006810930145
763,226166.88231658185,0.7361111111111112,268.311674305711,96279.44695441448,175.06198845522684
764,225805.46518934108,0.7305555555555555,268.09720611020373,96125.59135551257,174.92205705319947
765,232053.42904746105,0.7388888888888889,271.7809790781093,98785.35523733913,177.32556268689166
766,229431.4992526828,0.7388888888888889,270.24121523945587,97669.1973453928,176.32093208315956
767,228081.3778222608,0.7444444444444445,269.4449060851698,97094.44942778928,175.80137413125476
768,230822.8960625106,0.75,271.0594211132878,98261.51622944957,176.85477671593375
769,226839.6032150376,0.75,268.71041714335314,96565.82485110112,175.32215124620691
770,228358.12620366365,0.7444444444444445,269.60832546683696,97212.26146478635,175.90799834721855
771,221704.74648885144,0.7361111111111112,265.6516753594309,94379.91168501989,173.32645195265175
772,220066.1182218519,0.7333333333333333,264.668133790425,93682.34614538554,172.6847327906209
773,229742.3937534831,0.7444444444444445,270.42425040528974,97801.54541639074,176.44035476639175
774,230811.17126111395,0.7472222222222222,271.0525367047366,98256.52497085964,176.85028493132012
775,230674.63417382675,0.75,270.97235384695307,98198.40100895092,176.79796901715076
776,232241.03385442388,0.7416666666666667,271.8908182587407,98865.21877383642,177.3972280940022
777,231064.195074102,0.7416666666666667,271.20106495953627,98364.23743756236,176.9471933185317
778,231421.43445622348,0.7472222222222222,271.4106307097238,98516.31456657742,177.0839260828994
779,233037.93888783455,0.7444444444444445,272.3568978452571,99204.46196941874,177.7013252578885
780,232309.63402018917,0.7472222222222222,271.9309713224378,98894.42192662878,177.42342626518345
781,232285.1319139365,0.75,271.9166304250476,98883.99135777156,177.41406943783008
782,230922.88492751835,0.7555555555555555,271.11812410554734,98304.0815799816,176.89307792880427
783,230503.71166275183,0.75,270.87194432851817,98125.63914094535,176.73245606471392
784,223686.57191718856,0.75,266.8363679257432,95223.57656754414,174.09941360966283
785,226496.03240003664,0.75,268.50684589845343,96419.56644350779,175.1893296423141
786,229183.36012175796,0.7444444444444445,270.0950374878729,97563.56429227517,176.2255572996126
787,222945.41542564996,0.7555555555555555,266.3939372608479,94908.06557680533,173.81074636418958
788,217679.4317863313,0.7472222222222222,263.2290165548991,92666.33156486053,171.74576982703292
789,221325.69258618605,0.7444444444444445,265.4244827001788,94218.5480948217,173.17821837767215
790,219227.96866681715,0.7527777777777778,264.16364199987515,93325.54511953561,172.35557329265453
791,219028.68566154965,0.7555555555555555,264.0435494457555,93240.71016342692,172.27721799418586
792,221610.53131832785,0.7638888888888888,265.5952239801505,94339.80420146698,173.28961982175977
793,221211.62112239387,0.7555555555555555,265.356073874334,94169.98776921302,173.13358452000915
794,218357.85816581573,0.7583333333333333,263.6388912510768,92955.13828999644,172.0131956836082
795,217108.07573608708,0.7638888888888888,262.88333320531314,92423.10477600394,171.52022610177022
796,215467.58492580644,0.7583333333333333,261.88826326131857,91724.74635000534,170.87098516397472
797,215804.75989481376,0.7555555555555555,262.09309140081973,91868.2820401576,171.0046268382904
798,215819.35137817505,0.7583333333333333,262.10195186882225,91874.4936478602,171.01040791789185
799,213746.38331490103,0.7555555555555555,260.8401559291879,90992.02926296933,170.18713957972244
800,214095.021734209,0.7666666666666667,261.0527954279215,91140.4449543129,170.32587783465954
801,213070.3129482037,0.7583333333333333,260.4273162778578,90704.22549461402,169.9177792156532
802,213998.2538375553,0.7638888888888888,260.99379268971546,91099.25077293086,170.28738105027108
803,213444.71022070848,0.7583333333333333,260.65602125576515,90863.60675312889,170.06699951441834
804,209932.5034689344,0.7611111111111111,258.50259434960174,89368.45715303389,168.66197978442915
805,209502.43218445196,0.7583333333333333,258.2376722011338,89185.37541711915,168.48912931783417
806,213904.62698303795,0.7722222222222223,260.93669245462013,91059.39373603545,170.2501255684777
807,214076.6523587058,0.7583333333333333,261.04159600896287,91132.62509449862,170.3185706887535
808,213388.9200850661,0.7611111111111111,260.62195392015497,90839.8568417796,170.04477202271966
809,212969.5784499504,0.7666666666666667,260.36574712702435,90661.34272733299,169.87760795586627
810,210162.5992135696,0.7555555555555555,258.6442209595276,89466.40912024115,168.7543851410576
811,212553.01302283577,0.7583333333333333,260.11098666400204,90484.01044715066,169.71138755807007
812,213225.6139733199,0.7638888888888888,260.5222081038704,90770.33728187697,169.97969210778845
813,214085.17734690773,0.7611111111111111,261.046793573357,91136.25418970906,170.3219618790933
814,213679.716645038,0.7666666666666667,260.79947523924716,90963.6492011364,170.16059715479372
815,211580.4299349812,0.7638888888888888,259.5152068209518,90069.9809444369,169.32266647735003
816,210851.9552843803,0.7638888888888888,259.0680641997404,89759.86862488877,169.03092488021338
817,212250.142913358,0.7611111111111111,259.92560249664575,90355.0783668175,169.59043225096505
818,212779.8068016265,0.7666666666666667,260.2497187034689,90580.55676450276,169.801904330232
819,212166.8692495157,0.7611111111111111,259.8746082301704,90319.62869258366,169.55716065474363
820,211477.9194780163,0.7638888888888888,259.4523318057331,90026.3421499214,169.28164319643307
821,212536.93020863293,0.7638888888888888,260.10114583477366,90477.16397855605,169.70496683434558
822,211265.99607924523,0.7666666666666667,259.3222997863657,89936.12616683234,169.19680281842042
823,210348.5059584838,0.7666666666666667,258.7585921096638,89545.54979018406,168.82900746607035
824,216799.98055395563,0.7583333333333333,262.69673986324545,92291.94837750253,171.3984818594468
825,213022.41129222597,0.775,260.39804049382764,90683.83371621348,169.89867800815202
826,212488.7563880686,0.7666666666666667,260.07166677902717,90456.65633944415,169.68573300067018
827,215277.8493289857,0.7666666666666667,261.7729315987439,91643.97573433272,170.79573614533098
828,218157.5999759176,0.7666666666666667,263.51797057973727,92869.88819690591,171.93430007377378
829,209671.53037288613,0.7666666666666667,258.3418684011064,89257.36066932176,168.55711291938218
830,209752.9532669638,0.7583333333333333,258.39202518870667,89292.02246918798,168.58983809615486
831,208390.56074616333,0.7666666666666667,257.5515010107446,88712.05073727945,168.04143171644927
832,212125.607896973,0.7694444444444445,259.8493373213657,90302.06369737875,169.5406724584813
833,208852.71254531416,0.7722222222222223,257.8369313334979,88908.78917738823,168.22766289701906
834,206682.5390600943,0.7611111111111111,256.49385077306533,87984.9443562016,167.3513597910387
835,208260.0461254482,0.775,257.4708363656405,88656.49054485337,167.98880145648576
836,209766.268611522,0.7694444444444445,258.4002265613017,89297.69082344454,168.595189143955
837,212834.1816583808,0.7638888888888888,260.282969361615,90603.70419034561,169.82359897452045
838,209451.60279815047,0.7805555555555556,258.20634354657483,89163.73730126412,168.4686886993746
839,215173.27408721653,0.7694444444444445,261.70934332670566,91599.4579590531,170.7542474945883
840,208644.5856833446,0.7694444444444445,257.7084288915083,88820.18938345935,168.14382050337645
841,210581.8849251512,0.7722222222222223,258.9020969843485,89644.89942798858,168.9226383107972
842,207224.94591796916,0.775,256.83019477777714,88215.84744760723,167.57080998985026
843,209336.7420896077,0.775,258.13553523029054,89114.8409934492,168.42248927596165
844,218285.16149450297,0.7722222222222223,263.5950016804674,92924.19125107664,171.98455960013098
845,205955.2946286757,0.7722222222222223,256.0421965071438,87675.35574207528,167.0566745370664
846,214553.52333048216,0.7777777777777778,261.3321786379493,91335.62949974561,170.50816353063243
847,209167.078745687,0.7722222222222223,258.0309071195457,89042.61515404333,168.35422387095196
848,206404.0706107065,0.7638888888888888,256.32100230758516,87866.40008470307,167.23858349777197
849,215965.83005850425,0.775,262.19088234625997,91936.84975494473,171.06843128290126
850,207107.9133178746,0.7777777777777778,256.7576606763176,88166.02656358863,167.52348456480053
851,205994.3018887952,0.775,256.0664421370591,87691.96116809099,167.07249378233521
852,217770.24039894133,0.7833333333333333,263.2839160214762,92704.98887361963,171.7815894007022
853,208796.41990257308,0.7666666666666667,257.8021812451768,88884.82534831122,168.20498993813192
854,212206.17561709703,0.7777777777777778,259.8986795044862,90336.36144891719,169.57286614037812
855,209093.9275328487,0.7777777777777778,257.98578308639964,89011.47461638381,168.3247823530228
856,208838.2901816312,0.7694444444444445,257.82802869070014,88902.6495640861,168.22185430015233
857,209212.25740208637,0.7694444444444445,258.0587720692944,89061.84774905337,168.3724045689176
858,209623.61430176804,0.775,258.312347381674,89236.96275438291,168.53785170618139
859,215048.0425798443,0.775,261.6331744210531,91546.14679276932,170.70455051395376
860,208400.24159409857,0.7722222222222223,257.55748325857667,88716.17188302682,168.04533487945412
861,211566.50253142384,0.7638888888888888,259.5066653114717,90064.05203610922,169.3170935046575
862,208792.49815544195,0.7611111111111111,257.79976013155647,88883.15585700015,168.20341026417344
863,208288.27239671355,0.7666666666666667,257.48828377232286,88668.5064941346,168.00018514940595
864,210317.0170577993,0.7694444444444445,258.73922347062586,89532.14493659961,168.81637025051708
865,210170.63839476855,0.7583333333333333,258.6491677670999,89469.83140696975,168.7576127232057
866,211240.87992237337,0.7611111111111111,259.3068846857994,89925.43419606955,169.18674511905138
867,210300.46613767944,0.7611111111111111,258.7290425149115,89525.09919489152,168.8097276086852
868,211931.4576394231,0.7638888888888888,259.73039514074907,90219.41375662926,169.4630677299363
869,214024.0857601843,0.7611111111111111,261.00954461267145,91110.24744582573,170.29765851196484
870,212576.00827830425,0.7583333333333333,260.1250564641391,90493.7995482622,169.7205675059629
871,213266.2744370367,0.7583333333333333,260.5470466977015,90787.64647816366,169.99589823686483
872,215175.12683068684,0.7638888888888888,261.710470044778,91600.24667362901,170.75498263034666
873,213743.3906668906,0.7611111111111111,260.83832992049975,90990.75528999671,170.18594818649396
874,215189.9171878357,0.7583333333333333,261.7194644040816,91606.54294208337,170.76085106834378
875,215771.43831145775,0.7611111111111111,262.072856226342,91854.0970118975,170.99142424511226
876,218579.09614137112,0.7583333333333333,263.77241556864067,93049.31949687169,172.10031463808656
877,216635.78992597476,0.8,262.5972460531005,92222.05227823647,171.33356636783418
878,217390.5290608812,0.75,263.0542806395728,92543.34541257755,171.63176205278785
879,218323.96479838723,0.7555555555555555,263.6184295267851,92940.70985273801,171.99984527628433
880,218677.5577450575,0.7527777777777778,263.8318186208376,93091.23469087387,172.13907261037687
881,214949.81472809796,0.7472222222222222,261.57341428617656,91504.33110718004,170.6655595603588
882,215769.20520650444,0.7416666666666667,262.07150007440606,91853.14637709326,170.99053941348808
883,219388.14478938337,0.7472222222222222,264.2601282789018,93393.73224020516,172.41852649776106
884,216091.542312824,0.7416666666666667,262.2671810175165,91990.36557564016,171.11821293008907
885,218063.37223847877,0.7472222222222222,263.4610544237682,92829.77536360578,171.89716469580353
886,221619.77491049745,0.7472222222222222,265.60076304076716,94343.73920703828,173.29323382390203
887,218590.50655327865,0.7416666666666667,263.7793002906621,93054.17691957092,172.10480662722625
888,225194.05686710117,0.7444444444444445,267.7339997285236,95865.31427813665,174.68508029264262
889,220918.53886644408,0.7472222222222222,265.18023109286855,94045.22238700512,173.01885456255016
890,223216.38133804468,0.75,266.55577453521926,95023.41601150048,173.91633832223962
891,226542.12751390276,0.7444444444444445,268.5341669597822,96439.18917529272,175.20715547615197
892,225513.20856643328,0.7388888888888889,267.9236528411085,96001.17744603957,174.80882090546444
893,225228.79483973945,0.7416666666666667,267.7546489806476,95880.102264599,174.69855305392403
894,222243.21488379725,0.75,265.97408226137605,94609.13816918411,173.53680878297698
895,222779.14999372172,0.7527777777777778,266.29458477149547,94837.28623161685,173.7459230784007
896,224251.4806428705,0.7416666666666667,267.17309610059664,95464.05872448631,174.3191144631992
897,223296.53415293287,0.7472222222222222,266.60362782875814,95057.53713750366,173.94756056682783
898,230073.0483219361,0.7472222222222222,270.6187832086185,97942.30536611249,176.5672791704775
899,223346.9887142825,0.7472222222222222,266.63374609590517,95079.0156900367,173.9672114588333
900,229001.44430829567,0.75,269.98782134329184,97486.12256547145,176.15560331228264
901,224452.64197175583,0.7472222222222222,267.29290099005755,95549.69328466292,174.39728207267783
902,228834.1344675039,0.7444444444444445,269.88917595434873,97414.89861448239,176.09124137952287
903,225262.72424302073,0.75,267.77481605865506,95894.54604235264,174.71171121704333
904,225572.64103160717,0.7555555555555555,267.95895523932006,96026.4779003743,174.83185422313184
905,226092.3515860738,0.7472222222222222,268.2674611286071,96247.7191548316,175.03314123223606
906,229756.3818923692,0.7472222222222222,270.4324828310379,97807.50017980296,176.44572607505734
907,225223.43543971356,0.7472222222222222,267.75146330270087,95877.82076314656,174.6964745341676
908,226142.2394180309,0.7444444444444445,268.2970564327923,96268.95645014817,175.05245091308765
909,231802.74519358744,0.75,271.63413894365533,98678.63889335394,177.22975572661286
910,222546.12637284628,0.75,266.1552782801502,94738.0878648383,173.65503150075045
911,229381.63031830464,0.7472222222222222,270.21184400257494,97647.96809479271,176.30176859672136
912,228150.9889788201,0.75,269.4860206663186,97124.0829602797,175.82819965179553
913,227879.6326479129,0.7527777777777778,269.3257134618995,97008.56632406966,175.72360599949945
914,227011.17549072535,0.7444444444444445,268.81201876571913,96638.86332449177,175.388441995902
915,229976.30499344823,0.7527777777777778,270.56188103173963,97901.12164342092,176.53015291327074
916,222450.20849943903,0.75,266.09791534135877,94697.25553912332,173.61760461593656
917,230760.89320712903,0.7472222222222222,271.02301314174616,98235.12155767185,176.83102205855556
918,228683.52688697507,0.7527777777777778,269.8003473227951,97350.78483083763,176.03328446463362
919,229727.51755175603,0.75,270.4154950537861,97795.21260382156,176.43464227084783
920,231524.2437437924,0.75,271.47091128678,98560.08057355213,177.12325660294476
921,224375.63621447937,0.7472222222222222,267.2470453079819,95516.91186393968,174.3673631848512
922,230222.32329907527,0.7472222222222222,270.70655981393674,98005.8518592855,176.62454968286434
923,228554.12177115373,0.7555555555555555,269.7240005780208,97295.69695565123,175.98347145151425
924,230217.0253067525,0.7555555555555555,270.7034449780114,98003.59649914797,176.62251738452247
925,231590.8735690336,0.75,271.50997146875426,98588.44495059612,177.14874171515066
926,225816.9604580876,0.7416666666666667,268.10403014834264,96130.48490184514,174.9265094486794
927,229094.3873935506,0.75,270.0426047433744,97525.6885211716,176.19134715748658
928,226575.0384838461,0.75,268.5536719389274,96453.19940505059,175.219881647843
929,226853.81432938992,0.75,268.71883413625267,96571.87453537156,175.32764297711137
930,226131.55383602428,0.7527777777777778,268.2907176256917,96264.40758819524,175.04831511028166
931,230308.11387141404,0.7444444444444445,270.7569934712921,98042.37298374933,176.65745550541024
932,232650.46196297536,0.7416666666666667,272.13037696670506,99039.51269103227,177.55352999132563
933,232417.9459596337,0.7444444444444445,271.99435642211665,98940.5304174983,177.46478235457806
934,231376.87736254145,0.7361111111111112,271.3845012133734,98497.34657137998,177.066877694676
935,223655.8853937864,0.7416666666666667,266.81806427607387,95210.51328669659,174.08747125450665
936,231602.2755175055,0.75,271.51665503221733,98593.29877040313,177.15310245686211
937,230937.99211194308,0.7388888888888889,271.1269923572084,98310.51272209469,176.89886408691282
938,226172.30679327695,0.7416666666666667,268.31489193351416,96281.75615906404,175.06408782090963
939,222078.742800282,0.7333333333333333,265.8756463924387,94539.12225404175,173.47258355313528
940,227828.42443633455,0.7472222222222222,269.29545085604775,96986.76694195063,175.70386093261055
941,231675.07066043737,0.7555555555555555,271.55932201555055,98624.2877287805,177.18094085399122
942,228523.94714980145,0.75,269.70619497431625,97282.85159197066,175.9718540502281
943,223929.42393614832,0.7305555555555555,266.9811780750044,95326.95889230235,174.19389609069447
944,222961.85264811225,0.7333333333333333,266.40375736792396,94915.06291731747,173.8171535675885
945,232121.96797249943,0.7333333333333333,271.82111250983394,98814.53231989848,177.35174804904347
946,233919.8273182031,0.7277777777777777,272.8717530448859,99579.88267417309,178.03724644076942
947,223234.42235534487,0.7138888888888889,266.5665462360836,95031.09608892987,173.92336640022853
948,231516.43137324805,0.7194444444444444,271.4663310985286,98556.75484032492,177.12026822435533
949,224599.13382782575,0.725,267.3801128089245,95612.05500067223,174.45418408585763
950,221139.9125336025,0.7138888888888889,265.31306109813823,94139.46135791886,173.1055205077022
951,223874.29151446075,0.7138888888888889,266.94831007415047,95303.48897038026,174.17245111406078
952,230948.50088459704,0.7194444444444444,271.1331610683082,98314.98631614582,176.902888909292
953,225976.85636412565,0.6944444444444444,268.19893256580207,96198.55273408447,174.98842925128451
954,224679.36647816544,0.7055555555555556,267.4278661088089,95646.21011269955,174.48534108882706
955,222434.5115943888,0.7055555555555556,266.0885267518255,94690.57335240503,173.61147895943378
956,221930.9400831047,0.7027777777777777,265.78715596979987,94476.20250326999,173.41484730521958
957,222618.46363730077,0.7055555555555556,266.1985308426768,94768.88190393252,173.683251963469
958,224053.08125550492,0.7083333333333334,267.0548834857123,95379.59992531998,174.24198574535384
959,221842.15187865496,0.7055555555555556,265.7339837417523,94438.4052840974,173.38015468143908
960,222536.78552750964,0.6972222222222222,266.14969260355764,94734.11145850556,173.65138708366092
961,219771.1338689229,0.6916666666666667,264.49068907676025,93556.77103876822,172.56895764033945
962,226090.4860350994,0.6888888888888889,268.26635435154816,96246.9249880896,175.03241910714323
963,225424.12746736137,0.6888888888888889,267.87073068406727,95963.25554136066,174.77429144241015
964,221546.44720968144,0.6888888888888889,265.55681952406513,94312.52353828656,173.2645625428872
965,218639.8925780777,0.6888888888888889,263.8090963590227,93075.20059512512,172.12424729818792
966,222188.99861982855,0.7027777777777777,265.9416380749131,94586.05825643396,173.51564032725952
967,221015.60757672883,0.6888888888888889,265.23848305362833,94086.54462502277,173.05686149649523
968,217475.87624593425,0.6861111111111111,263.1059129239848,92579.67778667166,171.66544992865474
969,226291.0267431436,0.6777777777777778,268.3853031874569,96332.29534941117,175.11002817798405
970,227871.8236556159,0.7,269.3210987878817,97005.24202896543,175.72059512040997
971,223304.13958039804,0.6944444444444444,266.6081680185471,95060.77477487436,173.95052284811683
972,224135.4518223619,0.6833333333333333,267.1039688198746,95414.66515034798,174.2740118441983
973,222844.37061651435,0.6972222222222222,266.33356200006256,94865.05070990023,173.77135406702646
974,219242.2127924479,0.6888888888888889,264.172223749293,93331.60885673724,172.36117252019986
975,220608.81052665,0.7,264.99427422093373,93913.37075180531,172.89752558999592
976,224778.0860214119,0.6916666666666667,267.486610838909,95688.23511180644,174.5236695338684
977,220244.02591940857,0.6972222222222222,264.7750947938019,93758.08161361254,172.75452030913564
978,224703.44296094467,0.6916666666666667,267.4421944159227,95656.45949325805,174.49468970155897
979,222457.3269563957,0.6972222222222222,266.10217290401937,94700.2858727068,173.62038249501046
980,218587.69557737836,0.6833333333333333,263.7776042434467,93052.98028458036,172.10370002834713
981,216660.4151537182,0.6861111111111111,262.6121704874183,92232.53526002399,171.3433039282851
982,220504.32538033716,0.6916666666666667,264.93151325361174,93868.89133024319,172.85657672049484
983,214025.5746078875,0.6861111111111111,261.01045246092553,91110.8812496435,170.29825084444903
984,219653.97108594349,0.6972222222222222,264.42017800497814,93506.89473577746,172.5229521563581
985,220576.25290569436,0.6916666666666667,264.9747194682138,93899.51094303202,172.88476694315818
986,218839.4376474183,0.6972222222222222,263.92945362364253,93160.14711214745,172.20277530903167
987,222919.93009978993,0.6944444444444444,266.3787108200704,94897.2164504694,173.80081175733173
988,223090.47673875815,0.6944444444444444,266.4805888979565,94969.81830937821,173.86728288252928
989,222857.75491632175,0.7027777777777777,266.3415600363366,94870.74841846891,173.7765724465006
990,222860.05490123233,0.6916666666666667,266.34293441074163,94871.72752413162,173.77746916751303
991,218848.88563625485,0.7,263.93515089568064,93164.16912956529,172.2064925374167
992,221005.3335526286,0.6861111111111111,265.2323181083857,94082.1709636439,173.05283913117816
993,223660.95669436225,0.7055555555555556,266.82108925109384,95212.67214395183,174.08944492241878
994,220503.04374733297,0.6972222222222222,264.93074332435066,93868.34573791076,172.85607437430448
995,221655.0142758967,0.6916666666666667,265.6218785533812,94358.74063685379,173.3070108003792
996,225194.1925671122,0.7055555555555556,267.7340803956196,95865.37204575443,174.68513292450172
997,220062.26142068428,0.7027777777777777,264.665814540083,93680.70430163004,172.68321957813157
998,220783.1293051287,0.6972222222222222,265.0989489990797,93987.5784139254,172.9658214435057
999,226903.64490644864,0.6972222222222222,268.7483458272049,96593.08745722595,175.34689810387445
1000,225403.3509683208,0.7083333333333334,267.8583860777393,95954.41096687307,174.76623711031272
1001,224260.5226329461,0.7111111111111111,267.17848235741303,95467.90790786334,174.32262876734214
1002,224439.9784557867,0.7083333333333334,267.28536061175123,95544.302414428,174.39236229561845
1003,231107.4383556924,0.6916666666666667,271.2264411874843,98382.64614176066,176.96375023106847
1004,225349.2007490929,0.7138888888888889,267.8262094008948,95931.35916942898,174.7452431932763
1005,220461.82480561084,0.7027777777777777,264.9059802302409,93850.79879703063,172.83991750559434
1006,223399.9004481938,0.7055555555555556,266.6653274895984,95101.54026315811,173.9878169788593
1007,219687.2796465348,0.7027777777777777,264.4402257227805,93521.07422023482,172.53603244200553
1008,227392.9008085612,0.7,269.03793110893326,96801.36413855122,175.53584021896472
1009,220526.21739851104,0.7111111111111111,264.9446643370308,93878.2107822377,172.86515724469172
1010,220172.26994948176,0.7055555555555556,264.73195913687186,93727.53503212605,172.72637612236093
1011,224074.63654798837,0.7055555555555556,267.0677293426977,95388.77603288263,174.2503671222473
1012,230890.66911293255,0.7166666666666667,271.09921174034577,98290.36727849,176.8807384125788
1013,223408.85903533903,0.7083333333333334,266.67067422569977,95105.35394183201,173.9913054974118
1014,229788.5422494689,0.7111111111111111,270.4514091842888,97821.19087299245,176.4580747178918
1015,225393.6822998499,0.7194444444444444,267.852641128309,95950.29500593472,174.7624887744513
1016,225118.6582182689,0.7277777777777777,267.6891751179058,95833.21700493587,174.65583413521475
1017,229732.58894087828,0.7166666666666667,270.4184798390793,97797.37149877108,176.43658971666764
1018,230311.84177065105,0.7194444444444444,270.75918477642665,98043.95995383603,176.65888523907785
1019,221897.14460251245,0.7166666666666667,265.7669182628528,94461.81573652654,173.4016430597126
1020,223290.5576837681,0.7138888888888889,266.60006001918936,95054.99294915907,173.9452327223941
1021,229353.76091670335,0.7166666666666667,270.1954284091798,97636.10406525117,176.29105811821213
1022,227938.42687811717,0.7083333333333334,269.36045499754744,97033.59508119889,175.74627337813013
1023,223791.17241384872,0.7138888888888889,266.8987497535147,95268.10509385375,174.14011510668644
1024,223086.92982536348,0.725,266.4784705033462,94968.30838512875,173.8659007198866
1025,230876.49248459385,0.7222222222222222,271.09088890127583,98284.33227494684,176.87530811305513
1026,221007.17880381184,0.7166666666666667,265.233425364983,94082.9564887464,173.05356156914942
1027,221274.86271833951,0.7166666666666667,265.39400213118716,94196.9097739725,173.1583310990782
1028,221206.06280582215,0.7222222222222222,265.35274009304237,94167.62158880658,173.13140936910116
1029,227385.9854415559,0.7333333333333333,269.03384014969333,96798.42026054426,175.5331710415572
1030,229044.57770518356,0.7416666666666667,270.013246823839,97504.48449165221,176.17219236005153
1031,221261.76773092497,0.7361111111111112,265.386149041835,94191.33522595187,173.15320729132338
1032,231125.38323599903,0.7444444444444445,271.2369709903793,98390.2852935847,176.97062048089123
1033,223081.53112688393,0.7472222222222222,266.4752460974643,94966.01015428895,173.8637969317949
1034,220526.86407212337,0.7444444444444445,264.94505280013414,93878.48607178105,172.865410700392
1035,218775.0708202653,0.7416666666666667,263.8906362352582,93132.74609544233,172.17744860934638
1036,221579.61102170873,0.7472222222222222,265.57669469471284,94326.64140314893,173.27753024883395
1037,220358.3338208022,0.7527777777777778,264.8437957705434,93806.74259092261,172.7993447828687
1038,218878.48779204453,0.7555555555555555,263.953000621637,93176.77079413658,172.2181387266009
1039,218202.673578964,0.7555555555555555,263.5451919347398,92889.07607060828,171.95206085346226
1040,217753.316713253,0.7527777777777778,263.2736854665473,92697.78444527091,171.7749143974863
1041,216691.42147313943,0.7666666666666667,262.63096105775276,92245.73467832692,171.35556397852508
1042,212177.4117255928,0.7527777777777778,259.88106467602586,90324.1166342126,169.56137321184812
1043,221473.75268012597,0.7555555555555555,265.51324827267644,94281.57741111479,173.2361341492017
1044,215828.5278497727,0.7638888888888888,262.107523995547,91878.40008014315,171.0140434942673
1045,216086.3764803865,0.7555555555555555,262.26404615070584,91988.16647608568,171.11616756244402
1046,215325.40263335372,0.7583333333333333,261.8018418665188,91664.219219137,170.81459886897704
1047,213802.34855869113,0.7611111111111111,260.8743016004913,91015.85371801593,170.20941818213876
1048,215658.9693239447,0.7611111111111111,262.0045457239596,91806.21886189442,170.9468545393386
1049,214848.73474515337,0.7611111111111111,261.5119047069582,91461.30126675255,170.62542716852428
1050,209943.49280357733,0.7472222222222222,258.50936017741054,89373.13532275963,168.66639420013738
1051,216166.6896989733,0.7638888888888888,262.3127797016512,92022.35588608886,171.14796413765848
1052,213782.56960113923,0.7666666666666667,260.86223451817807,91007.43379784492,170.20154492269123
1053,214281.63400238045,0.7722222222222223,261.1665417517612,91219.8859661464,170.40009248701253
1054,214710.9630148081,0.7611111111111111,261.42804401910604,91402.6517161741,170.570711626211
1055,214430.7183119007,0.7611111111111111,261.25737796312967,91283.35129194107,170.45935926259006
1056,214635.06082131405,0.7611111111111111,261.3818313905606,91370.34008355405,170.5405598459508
1057,213544.1323174068,0.7666666666666667,260.7167207011666,90905.9308298775,170.10660332829488
1058,213261.9952971786,0.7444444444444445,260.54443277562666,90785.82484444452,169.99419276356676
1059,213722.4695649902,0.7583333333333333,260.8255642419866,90981.84915794052,170.1776191226533
1060,215661.69988254787,0.7527777777777778,262.0062043994696,91807.38126316863,170.94793675476487
1061,212919.48520269617,0.7583333333333333,260.3351246013137,90640.0179865381,169.8576280565335
1062,215000.1066111612,0.7583333333333333,261.60401270795063,91525.740407419,170.68552373289515
1063,213785.9284374591,0.7555555555555555,260.8642837734281,91008.86365751304,170.20288197483347
1064,212315.46452923917,0.7722222222222223,259.96559647261165,90382.88583795026,169.61652662414855
1065,211476.46409538377,0.7638888888888888,259.45143903388185,90025.72259221459,169.28106070066238
1066,213578.02289076947,0.7694444444444445,260.73740843561336,90920.35807769957,170.12010119765986
1067,213133.28854922063,0.7527777777777778,260.4657997128979,90731.03426509105,169.94288802494424
1068,213214.6692037776,0.7583333333333333,260.5155217774346,90765.678083555,169.97532956335448
1069,210804.4958158842,0.7722222222222223,259.0389064796744,89739.66508610029,169.01190070444176
1070,212116.36241277892,0.7527777777777778,259.8436744993639,90298.1278863709,169.53697770728397
1071,210368.11433871885,0.7638888888888888,258.77065237746,89553.89709543656,168.83687627933452
1072,211573.8162678316,0.7611111111111111,259.51115077330246,90067.16550033218,169.32002007827478
1073,210937.0698747024,0.7694444444444445,259.12034791532454,89796.10198319492,169.0650377872931
1074,210621.48071535863,0.7611111111111111,258.9264365690906,89661.75539179657,168.93851885760586
1075,217044.7955680715,0.7694444444444445,262.84501930616256,92396.16635107932,171.4952279074571
1076,209605.1617434892,0.7722222222222223,258.30097788840266,89229.1074835856,168.53043359399913
1077,209166.82816523273,0.7638888888888888,258.03075256003837,89042.50848171666,168.35412302742824
1078,212120.5731210597,0.7638888888888888,259.8462535566079,90299.92038870549,169.53866043275855
1079,210251.18133141837,0.7666666666666667,258.6987236141905,89504.11860816074,168.78994581178154
1080,209264.90016695796,0.7611111111111111,258.09123688030695,89084.25782181058,168.39358648127902
1081,206397.204050714,0.7611111111111111,256.3167386848456,87863.47698388572,167.23580166475352
1082,214907.11694609583,0.775,261.5474334326345,91486.15462265127,170.6486081552639
1083,219432.5447669802,0.7638888888888888,264.2868675318488,93412.63335094263,172.43597272630416
1084,211356.323523607,0.775,259.37773089651273,89974.57864183167,169.23296926697222
1085,210433.83204361808,0.7722222222222223,258.81106840130116,89581.8731820236,168.86324602085764
1086,210986.9771847312,0.7694444444444445,259.150999793429,89817.34757034428,169.08503683781797
1087,206760.1204958624,0.7666666666666667,256.54198569120183,88017.9708437809,167.38276578373325
1088,212230.56115773504,0.7666666666666667,259.91361212302957,90346.74239568651,169.58260904068916
1089,207597.84912830815,0.7694444444444445,257.0611750693432,88374.59268250289,167.72151483428223
1090,207608.38631450673,0.7638888888888888,257.0676989016144,88379.07837222572,167.7257713581651
1091,210338.23038843472,0.775,258.7522718258578,89541.17547069337,168.82488374892853
1092,211029.997627389,0.7916666666666666,259.1774190128064,89835.66141180685,169.1022742580294
1093,207920.4425554627,0.7666666666666667,257.26082563249446,88511.92099706175,167.85177835960926
1094,207445.1983423543,0.7722222222222223,256.9666466172773,88309.60910445532,167.65983902823663
1095,220207.5689311712,0.8361111111111111,264.75317977937556,93742.56184065036,172.7402216916326
1096,214127.17713269335,0.7722222222222223,261.07239873637354,91154.1335366153,170.3386681620532
1097,207240.56250667787,0.775,256.83987202956905,88222.49544358607,167.5771239862347
1098,205981.9267094762,0.7694444444444445,256.05875038125777,87686.69304302956,167.06747523788025
1099,209446.8948783475,0.775,258.2034416313523,89161.7331355335,168.46679532276139
1100,218259.74374157397,0.7666666666666667,263.57965435306977,92913.37089059874,171.97454611988024
1101,210101.6368078214,0.7638888888888888,258.60670544153675,89440.45736881615,168.72990785659206
1102,212050.5993792212,0.7666666666666667,259.80339134353983,90270.13250333282,169.51069465650707
1103,209713.76093695092,0.7694444444444445,258.36788379172737,89275.33825875078,168.5740868584563
1104,209574.28768653405,0.775,258.2819538034929,89215.96436953444,168.5180211854021
1105,205836.4836165215,0.7694444444444445,255.96833333919776,87624.77778642972,167.00848195249964
1106,216408.84824588173,0.7805555555555556,262.45966519507687,92125.44299916581,171.24380069274264
1107,210078.21824575277,0.7722222222222223,258.59229249824733,89430.48806570093,168.72050402234493
1108,208140.1518072471,0.7638888888888888,257.3967133279711,88605.451424841,167.94043931794548
1109,210238.11871195288,0.7611111111111111,258.69068718973244,89498.5578392054,168.78470238564535
1110,208895.32684439688,0.7611111111111111,257.86323451040033,88926.93012316247,168.24482460443693
1111,209353.70465716993,0.7611111111111111,258.1459933866468,89122.06197384691,168.42931277945638
1112,210387.06958688505,0.7583333333333333,258.7823103976441,89561.9663617749,168.84448264309097
1113,209846.6413760974,0.7694444444444445,258.44972534803804,89331.90558222908,168.62748500306964
1114,215032.6947911719,0.75,261.62383799029425,91539.61322520976,170.69845888883924
1115,212237.33517840237,0.7666666666666667,259.91776007919947,90349.6261024292,169.58531540617625
1116,213044.78872404853,0.7611111111111111,260.4117171918376,90693.35980923855,169.90760147357827
1117,213718.05885721173,0.7666666666666667,260.82287282801667,90979.97151563835,170.1758630891801
1118,213419.57374503135,0.7638888888888888,260.64067262837943,90852.90613263224,170.0569851859805
1119,213614.07011069285,0.7638888888888888,260.7594108449222,90935.70341191879,170.13445683661735
1120,211683.49775448992,0.7472222222222222,259.57840834171554,90113.85700869288,169.3639027892881
1121,214845.0787409999,0.7583333333333333,261.50967967017056,91459.7449024681,170.62397542638357
1122,216237.43266814735,0.7638888888888888,262.3556985873817,92052.47123223604,171.1759668904187
1123,216187.6165433902,0.7555555555555555,262.32547649107875,92031.26446273953,171.15624825429236
1124,212776.08848808793,0.75,260.24744476992555,90578.97387505657,169.8004206850319
1125,213401.58082047867,0.7527777777777778,260.62968538216745,90845.24652832908,170.04981647379347
1126,222316.8589524244,0.7416666666666667,266.01814612895123,94640.48851600001,173.56555858783247
1127,217441.88217316385,0.7527777777777778,263.0853488245383,92565.20647905783,171.65203272588406
1128,217719.83027656956,0.75,263.25344137406654,92683.52923879978,171.76170598568936
1129,219600.24119764523,0.7444444444444445,264.38783591828775,93484.0218735914,172.5018503164122
1130,219448.10265726104,0.75,264.2962364092262,93419.25635894749,172.4420855214612
1131,225026.8828907495,0.7472222222222222,267.63460441663307,95794.14816476298,174.62022906696373
1132,220562.1130500934,0.75,264.9662263410784,93893.49159367666,172.87922553789372
1133,216244.57753072196,0.7361111111111112,262.3600328969068,92055.51280671504,171.17879484356683
1134,221399.72449814872,0.75,265.46887031463467,94250.06354689733,173.20717941363725
1135,217156.1338268701,0.7444444444444445,262.9124269458236,92443.56314884296,171.53920853359523
1136,221706.50211677817,0.7444444444444445,265.65272717402695,94380.6590574208,173.3271382170685
1137,218035.81055114555,0.7444444444444445,263.4444040789739,92818.04232830727,171.88630105196208
1138,221590.9928277039,0.7444444444444445,265.5835155018843,94331.48664828532,173.28198053624465
1139,223283.25471434288,0.7416666666666667,266.59570025577835,95051.88406845035,173.94238816166487
1140,228234.8249385143,0.7472222222222222,269.53552854745493,97159.77200436774,175.86050144462044
1141,220045.01759355812,0.7444444444444445,264.655444881672,93673.36358878083,172.67645381579297
1142,218245.67113248145,0.7527777777777778,263.5711568785272,92907.38016814303,171.9690018781169
1143,219481.7311567138,0.7444444444444445,264.31648617503015,93433.57204166838,172.4552976348609
1144,220726.36530913415,0.75,265.0648679461545,93963.41392934082,172.9435850018407
1145,223582.1103696997,0.7527777777777778,266.7740544065536,95179.10719202277,174.05875668109195
1146,220956.3939188801,0.7472222222222222,265.2029498325754,94061.33731716483,173.033677576713
1147,225095.14934719447,0.75,267.67519752347033,95823.20925719499,174.6467143476318
1148,224380.2006698336,0.7472222222222222,267.2497635866323,95518.85495672432,174.36913674638907
1149,228214.1308763695,0.7444444444444445,269.5233088710323,97150.96252334146,175.85252862398804
1150,221603.8662192784,0.7472222222222222,265.5912299646705,94336.96686275581,173.28701389604427
1151,224706.59880531975,0.7527777777777778,267.444072453416,95657.80293907113,174.49591504137626
1152,229413.2612818958,0.7416666666666667,270.230474017444,97661.4334246854,176.3139238913293
1153,222316.12376014976,0.7444444444444445,266.0177062733133,94640.17554398181,173.5652716006829
1154,221966.8448588623,0.75,265.8086550953516,94491.48719887862,173.4288745728697
1155,222286.6506230347,0.7444444444444445,266.0000722932124,94627.62880277733,173.55376617651962
1156,223081.92422716055,0.7472222222222222,266.4754808803401,94966.17749743327,173.86395011766427
1157,222775.83966006667,0.75,266.2926062937051,94835.87701957715,173.7446322055492
1158,215841.5496095851,0.7444444444444445,262.11543085053205,91883.9434551071,171.01920238181734
1159,223972.4519030894,0.75,267.00682701679546,95345.27593685914,174.21063093744812
1160,223226.97768995637,0.7444444444444445,266.5621013228279,95027.92688812106,173.92046628283683
1161,225692.5601513126,0.7416666666666667,268.03017205958855,96077.52757840954,174.87832017806997
1162,219878.31785229157,0.75,264.55517823290904,93602.39935771309,172.61103407975799
1163,227054.9540927908,0.75,268.8379374172144,96657.49991510189,175.4053528167993
1164,222912.9564647211,0.7444444444444445,266.3745442064194,94894.24776769492,173.79809321862945
1165,222487.66559422077,0.7472222222222222,266.12031773728535,94713.20105834861,173.6322212291988
1166,221001.60790254356,0.7444444444444445,265.23008249045466,94080.58495102322,173.05138048529014
1167,223540.17284395557,0.75,266.7490336917163,95161.25434927267,174.0424317257827
1168,217023.4899407552,0.7444444444444445,262.8321182470872,92387.09652620477,171.486810513541
1169,221435.2125363564,0.7472222222222222,265.4901453906173,94265.17083695295,173.22106049844538
1170,229307.30879327943,0.7527777777777778,270.1680650319355,97616.32935417365,176.27320467503404
1171,224348.95280116328,0.75,267.23115393155587,95505.55271068694,174.35699473568238
1172,229696.15461354147,0.7527777777777778,270.39703554567825,97781.86137257483,176.42259822467045
1173,223180.99896919195,0.7444444444444445,266.5346476169059,95008.3537049851,173.90255390402734
1174,226286.46026672205,0.7472222222222222,268.3825952114503,96330.35139625634,175.1082613384843
1175,232460.88810062452,0.7472222222222222,272.01948245207126,98958.81092587019,177.48117602353497
1176,222257.16175106473,0.7472222222222222,265.982427728814,94615.07536323085,173.54225384655112
1177,224498.09871670592,0.7388888888888889,267.3199660537762,95569.04426222124,174.41494087893187
1178,223605.0852480862,0.7416666666666667,266.78776065523533,95188.88761859204,174.0676994270783
1179,221656.43835737236,0.7277777777777777,265.6227318311436,94359.34686962974,173.3075675279319
1180,223785.80526159788,0.7361111111111112,266.89554923671386,95265.82029227211,174.13802690520697
1181,229358.74120986523,0.7444444444444445,270.1983619672216,97638.22418056772,176.292972140423
1182,223449.4288781281,0.7388888888888889,266.69488610400833,95122.62456070755,174.00710272118857
1183,227128.20362970768,0.7388888888888889,268.88129843204246,96688.68230941084,175.4336440400451
1184,223469.52890524536,0.7444444444444445,266.70688088494074,95131.18116048379,174.01492880705138
1185,228204.1144062515,0.7472222222222222,269.5173940274109,97146.69850292645,175.84866943937206
1186,223789.2555532928,0.7388888888888889,266.89760670400153,95267.28908457635,174.1393693153555
1187,227067.78163673935,0.7388888888888889,268.8455313535941,96662.96061219643,175.41030753823017
1188,225217.89349939147,0.7305555555555555,267.7481690812178,95875.46155412444,174.69432519435696
1189,228439.1796653745,0.7194444444444444,269.65616862813255,97246.76599695893,175.93921398094773
1190,230730.1140215704,0.725,271.00493783947763,98222.01883046025,176.81922869039428
1191,225591.47669729596,0.7277777777777777,267.97014250014786,96034.49626034354,174.83915343637312
1192,227922.12912403743,0.7222222222222222,269.3508250966379,97026.65711250372,175.73999027618828
1193,225835.6651851833,0.7222222222222222,268.1151336298202,96138.44752113652,174.93375399944773
1194,223252.67140602457,0.7166666666666667,266.5774417040551,95038.86472635763,173.93047523100594
1195,225814.64853452073,0.7194444444444444,268.1026577146448,96129.50071388562,174.92561399389615
1196,216610.50459913732,0.7138888888888889,262.5819206746056,92211.28829166586,171.32356720831163
1197,221766.69837170813,0.7138888888888889,265.68878884524554,94406.28465774751,173.3506669281724
1198,223133.2678637944,0.7083333333333334,266.50614457745934,94988.03453012127,173.88395687959505
1199,224432.1946579606,0.7055555555555556,267.2807257127865,95540.98884463287,174.38933822060883
1200,225117.1104534609,0.7166666666666667,267.68825489076835,95832.55812005316,174.65523372603417
1201,219662.74025524937,0.7027777777777777,264.4254561298288,93510.62777910534,172.5263959089792
1202,220972.56027187005,0.7055555555555556,265.2126514891018,94068.21934829689,173.04000749615167
1203,218102.939005252,0.7,263.48495534112004,92846.6189721115,171.91275903074384
1204,223970.24733160203,0.7083333333333334,267.0055129331185,95344.33744877724,174.20977355357883
1205,222868.3236702592,0.7,266.34787542132267,94875.24754660683,173.78069296737016
1206,224549.16426163615,0.6944444444444444,267.350367343654,95590.78291101874,174.43477643126622
1207,226044.4259910939,0.6888888888888889,268.23902682067984,96227.31718557615,175.0145890522052
1208,219297.77360898696,0.6944444444444444,264.2056951654058,93355.26114673621,172.38301119969933
1209,216693.10985893375,0.6944444444444444,262.6319842212842,92246.45342569107,171.35623154933722
1210,225166.92505411524,0.6916666666666667,267.7178706891446,95853.76424073771,174.67455677847624
1211,224369.66490989373,0.6861111111111111,267.2434891640272,95514.3698741611,174.3650429517359
1212,224001.82453560675,0.6944444444444444,267.0243346080848,95357.7798931652,174.22205389827195
1213,222787.3346364305,0.6944444444444444,266.2994764007475,94840.77044144213,173.74911465903492
1214,221621.66391322645,0.6916666666666667,265.60189497833295,94344.5433572135,173.2939723651585
1215,224161.14444414995,0.6888888888888889,267.1192774302252,95425.60252274851,174.28400006321786
1216,226086.89504800667,0.6944444444444444,268.2642239106393,96245.3963016269,175.03102908480165
1217,223495.8099690694,0.6833333333333333,266.72256341338766,95142.3690331928,174.025160991771
1218,221148.5673365055,0.6972222222222222,265.31825285605856,94143.1457153653,173.1089079095641
1219,224675.34360669283,0.6888888888888889,267.42547195761,95644.49757266458,174.4837790067051
1220,223498.1244372576,0.6944444444444444,266.7239444667729,95143.35430439992,174.02606207053472
1221,221592.4348320887,0.6972222222222222,265.5843796434406,94332.10051085995,173.28254435196214
1222,222464.94263134224,0.6861111111111111,266.1067277782846,94703.5278724396,173.6233543572975
1223,222240.79914412432,0.6916666666666667,265.9726367146833,94608.10978661408,173.5358656250652
1224,221344.5335976233,0.6916666666666667,265.43577998616485,94226.5687304809,173.185589377663
1225,221908.7795209277,0.6888888888888889,265.7738857609799,94466.76873184975,173.40618905675072
1226,214322.06604132365,0.6805555555555556,261.1911798822629,91237.09792179974,170.41616782226808
1227,226006.2932967707,0.6833333333333333,268.21640049802227,96211.08406301322,174.99982633624768
1228,221549.9304077705,0.6861111111111111,265.5589070848955,94314.00633887263,173.26592458779612
1229,221396.09245484337,0.6888888888888889,265.4666928087913,94248.51738276768,173.20575868342192
1230,221418.76010487543,0.6916666666666667,265.48028237128824,94258.16702194777,173.2146252966213
1231,226699.51317409516,0.6805555555555556,268.6274301637251,96506.18839359855,175.26800576145612
1232,222643.76398516263,0.6888888888888889,266.21365700062773,94779.65228496684,173.6931211400355
1233,224213.1829133488,0.6888888888888889,267.150281179065,95447.75534628969,174.3042286944748
1234,222330.56686675287,0.6888888888888889,266.026347256308,94646.32398756387,173.57090947562506
1235,223611.07209185208,0.6861111111111111,266.7913321436678,95191.43622341375,174.07002967181455
1236,222251.4997172724,0.6916666666666667,265.9790397365585,94612.66503030952,173.54004332528828
1237,221571.07267483624,0.7,265.57157778035577,94323.0066211403,173.27419167922298
1238,221941.32727089015,0.7055555555555556,265.7933758073675,94480.62433853229,173.41890548545075
1239,223783.7271655027,0.7027777777777777,266.8943100252151,95264.93564487938,174.13721837225864
1240,223913.4407422212,0.6972222222222222,266.9716498763069,95320.15483214949,174.18767934513284
1241,219247.52673308743,0.6944444444444444,264.1754252016767,93333.87100608768,172.36326133210747
1242,222363.899583239,0.6916666666666667,266.04628839306264,94660.51375520756,173.58392022165896
1243,223318.93937591332,0.6916666666666667,266.6170027875788,95067.07506124985,173.95628716022978
1244,217965.4523629133,0.6888888888888889,263.40189508361055,92788.09078375604,171.8585657352831
1245,222256.86848725184,0.6916666666666667,265.9822522495493,94614.9505205597,173.5421393537729
1246,222034.1356654563,0.7027777777777777,265.8489429217046,94520.13295628407,173.45516067096864
1247,217589.47667556407,0.6944444444444444,263.17462179205154,92628.03759261014,171.7102795511428
1248,224871.7640596215,0.6916666666666667,267.5423436089442,95728.11393764606,174.56003280270392
1249,219802.45424146825,0.6972222222222222,264.5095351637056,93570.10414977097,172.5812539128136
1250,223208.94675905447,0.7111111111111111,266.5513354648189,95020.25110448056,173.91344201706323
1251,221813.7995772887,0.7055555555555556,265.7170022739248,94426.3356836879,173.36907499386132
1252,222662.27477122695,0.7027777777777777,266.2247233820578,94787.53234338525,173.7003414845962
1253,225038.40738257024,0.7027777777777777,267.64145762741515,95799.05415138474,174.62470049635613
1254,224024.4835150148,0.7027777777777777,267.03783973445945,95367.4258412528,174.23086542048247
1255,223354.95272552647,0.7055555555555556,266.6384998094766,95082.4059768473,173.9703130553349
1256,223320.9594829966,0.7,266.6182086720402,95067.93502266762,173.9570739486996
1257,225041.86904619363,0.7083333333333334,267.6435161229979,95800.52778472925,174.6260435774236
1258,224494.6242482818,0.6972222222222222,267.3178974429947,95567.56517786146,174.41359119812617
1259,220130.49629368028,0.7111111111111111,264.706843925167,93709.75194895917,172.7099895118532
1260,222730.67727831303,0.7111111111111111,266.265612751813,94816.65135269857,173.72702006425382
1261,222559.51809615543,0.7027777777777777,266.16328611269165,94743.78873359841,173.66025627187364
1262,223874.1667052217,0.7055555555555556,266.94823566270315,95303.43583897398,174.17240256374717
1263,219125.3914608761,0.7027777777777777,264.1018334201602,93281.87790992041,172.3152458156765
1264,221021.33335523543,0.6944444444444444,265.24191875436026,94088.98209412678,173.05910314551562
1265,219551.205225282,0.6944444444444444,264.35831582678384,93463.14721567665,172.4825897086454
1266,226744.8594041624,0.7,268.65429531220707,96525.49232487098,175.28553413149658
1267,223126.12909647945,0.7083333333333334,266.5018813391946,94984.99555039984,173.88117529743013
1268,222946.07121104212,0.7083333333333334,266.3943290543365,94908.34474524163,173.81100199282503
1269,220915.71456382604,0.7027777777777777,265.1785360073893,94044.02007881875,173.0177485911631
1270,222031.9224764732,0.7055555555555556,265.847617955577,94519.19079972642,173.45429618676187
1271,224820.83268625877,0.7,267.5120439608432,95706.43240580654,174.5402635673183
1272,220622.8383025145,0.7111111111111111,265.0026991364772,93919.34238871519,172.9030224900895
1273,221943.65168797065,0.7083333333333334,265.79476764604084,94481.6138449919,173.41981360115759
1274,220220.88129193883,0.7138888888888889,264.7611823121568,93748.22892470457,172.745443004887
1275,224256.7044348094,0.7138888888888889,267.1762078939593,95466.28249745311,174.321144776398
1276,223628.34379689375,0.7055555555555556,266.80163541751176,95198.78880391686,174.07675212103857
1277,220598.26397075516,0.7027777777777777,264.987939908353,93908.88107339428,172.89339271967356
1278,219728.62669932388,0.7055555555555556,264.46510952483396,93538.67569811236,172.55226806752978
1279,223930.02470377425,0.7083333333333334,266.98153620913905,95327.21463962567,174.19412975802896
1280,221454.5986459201,0.7027777777777777,265.50176664169277,94273.42352137904,173.22864287191786
1281,221849.27925210973,0.7111111111111111,265.73825247542936,94441.43941344223,173.38293984912747
1282,224450.85475036057,0.7083333333333334,267.29183681781564,95548.9324628938,174.39658774542124
1283,229577.7290193246,0.7194444444444444,270.32732158343583,97731.44748969481,176.37711282085854
1284,226578.6145937541,0.7305555555555555,268.55579126695227,96454.72175828225,175.2212644194991
1285,225913.12045164383,0.7416666666666667,268.16110765431245,96171.42029832717,174.96375010068232
1286,227412.2572121601,0.7444444444444445,269.0493815454732,96809.60417712115,175.54331114319695
1287,221800.70756118605,0.7416666666666667,265.7091605106707,94420.76240055743,173.3639585759052
1288,226461.93852694376,0.7444444444444445,268.48663631077073,96405.05265080616,175.17614374343458
1289,221091.32672913655,0.7472222222222222,265.28391403810133,94118.77833688632,173.08650328714745
1290,221403.67876520587,0.7527777777777778,265.47124098181564,94251.74688197041,173.20872617343343
1291,220272.40702579197,0.7472222222222222,264.7921539808335,93770.163476344,172.76565070519803
1292,222831.7882714539,0.7444444444444445,266.32604296766965,94859.69439419475,173.76644821727032
1293,218395.13873767125,0.7416666666666667,263.6613960265729,92971.00866325192,172.02787909519765
1294,220963.902433576,0.7472222222222222,265.2074558423232,94064.53369868173,173.0366175569747
1295,220350.835784925,0.7416666666666667,264.8392898706735,93803.55067024835,172.79640487429762
1296,218544.1805926917,0.7527777777777778,263.75134739104084,93034.45591612754,172.08656854569867
1297,217744.73619964195,0.7583333333333333,263.2684982994121,92694.13171284345,171.771529990917
1298,216742.2203619649,0.7555555555555555,262.661743492727,92267.35981137876,171.3756482118706
1299,216587.31599556888,0.7555555555555555,262.56786532895114,92201.41688209277,171.31439669135568
1300,216311.9351421795,0.7583333333333333,262.4008907288668,92084.1870030115,171.2054528461506
1301,215558.14462219644,0.7583333333333333,261.9432924903412,91763.29769490377,170.9068894021365
1302,215371.55493111457,0.7638888888888888,261.829897332885,91683.8662941578,170.83290387095587
1303,215848.78592550327,0.7611111111111111,262.11982466203574,91887.02396135741,171.0220691574831
1304,214196.79115920264,0.7638888888888888,261.11483338718807,91183.76829084606,170.36635497206703
1305,213757.94894899847,0.7638888888888888,260.8472127526691,90996.9527638956,170.19174385776586
1306,212242.39021648603,0.7638888888888888,259.9208554025347,90351.77803672676,169.58733497338062
1307,212608.85694163095,0.7666666666666667,260.1451538175493,90507.78325403687,169.73368017673945
1308,210488.6451025212,0.7611111111111111,258.84477330161377,89605.20715091868,168.88523703889547
1309,212906.20088552672,0.7638888888888888,260.3270031550613,90634.36284066908,169.85232915728227
1310,211478.172516017,0.7638888888888888,259.4524870259089,90026.44986842782,169.28174447101495
1311,211278.53130001103,0.7638888888888888,259.3299929649191,89941.46242168284,169.2018222911608
1312,210905.1658791125,0.7694444444444445,259.10075134309005,89782.52042333272,169.0522518549957
1313,212797.0973824225,0.7666666666666667,260.2602924920356,90587.91738043162,169.80880327884012
1314,208296.3168224265,0.7555555555555555,257.49325602867617,88671.93101345758,168.00342933580438
1315,210376.88741475737,0.7611111111111111,258.7760481356255,89557.63180186407,168.84039678270477
1316,209865.11757981672,0.7666666666666667,258.46110285839785,89339.77091891186,168.6349083460621
1317,219520.93906695323,0.7638888888888888,264.340093684936,93450.26288462216,172.47070053388603
1318,209506.15478946516,0.7666666666666667,258.2399664766054,89186.96013344999,168.49062623527973
1319,209926.9997826417,0.7694444444444445,258.4992058164151,89366.11422878678,168.6597689102317
1320,209597.8898024893,0.7666666666666667,258.2964971643887,89226.01181170568,168.52751011160638
1321,210281.8807241784,0.7694444444444445,258.7176096051961,89517.1873675056,168.80226811996266
1322,208388.63766069448,0.7611111111111111,257.5503126299226,88711.23207805096,168.04065634836184
1323,210710.24566961607,0.7583333333333333,258.9809921921956,89699.54271334119,168.9741140879919
1324,209839.4520956657,0.7694444444444445,258.44529810666,89328.84509902804,168.62459641582862
1325,206908.36790867185,0.7638888888888888,256.633939765346,88081.07990188667,167.44276191736364
1326,209878.3501694544,0.7611111111111111,258.4692510819823,89345.40404432369,168.64022471638688
1327,207650.35734590772,0.7611111111111111,257.09368256104494,88396.94547836436,167.7427245939832
1328,215344.5052254935,0.7722222222222223,261.8134544835914,91672.35120993856,170.82217560912878
1329,207481.96475044716,0.7666666666666667,256.98941726247034,88325.26059773065,167.67469590852784
1330,206132.63520453492,0.7694444444444445,256.1524070757883,87750.84978608125,167.12858225910503
1331,205508.1169896556,0.7666666666666667,255.76408138912393,87484.99181551696,166.87521621734925
1332,207493.07393001812,0.7694444444444445,256.99629714567664,88329.98978555096,167.67918474054588
1333,208851.22577175417,0.7555555555555555,257.83601359149236,88908.15625653512,168.22706410928166
1334,213301.4081266186,0.7666666666666667,260.56850719844533,90802.60292168785,170.00990030346586
1335,210873.5989813301,0.7777777777777778,259.0813603695054,89769.08236631294,169.0396000670979
1336,206720.17203899313,0.7694444444444445,256.5172010482446,88000.96474945507,167.36659485531402
1337,210551.6529158665,0.7777777777777778,258.8835117875576,89632.02963421312,168.91051225808457
1338,205913.02211983432,0.7694444444444445,256.01591871351445,87657.3602967168,167.03952939115777
1339,214746.7454664836,0.7722222222222223,261.4498271328093,91417.88433831003,170.5849241840861
1340,203404.28278576236,0.7694444444444445,254.45155551269792,86589.38768656633,166.01884874686687
1341,204786.857704666,0.7638888888888888,255.31486711100152,87177.9510836545,166.5821229519366
1342,212209.2288941271,0.7666666666666667,259.9005492422815,90337.66123171848,169.57408606499445
1343,205484.31044847655,0.7694444444444445,255.7492668052233,87474.85734934252,166.8655503296368
1344,203962.13039106427,0.7666666666666667,254.8002404052695,86826.86391815772,166.246350851633
1345,211169.2856261644,0.7777777777777778,259.26293848750686,89894.95643923138,169.1580720884125
1346,208249.1711711273,0.7833333333333333,257.46411395250846,88651.86106693446,167.98441536701293
1347,204460.3148169451,0.7638888888888888,255.1112297380964,87038.94148015004,166.44925820232476
1348,203022.97290095035,0.7694444444444445,254.21294104902748,86427.06372272196,165.86316292890007
1349,204108.27832354803,0.7694444444444445,254.89151190719952,86889.07922558443,166.30590163584137
1350,212424.9672551719,0.775,260.0326270866586,90429.50124770796,169.660261257063
1351,209870.033060503,0.7777777777777778,258.4641296909053,89341.86344349876,168.63688322590602
1352,210157.74139069195,0.7805555555555556,258.64123171434534,89464.34114063568,168.7524347853493
1353,216417.416449979,0.7666666666666667,262.4648608830958,92129.09049142209,171.2471906588272
1354,205986.40013305168,0.7666666666666667,256.0615308510055,87688.59738350341,167.06928937647163
1355,206420.85436187623,0.7777777777777778,256.3314234694796,87873.54494280029,167.2453828639493
1356,206291.9613996753,0.7722222222222223,256.25138195483277,87818.67509187467,167.19315917018233
1357,206875.20395098903,0.7666666666666667,256.6133718727218,88066.96197501862,167.42934223970542
1358,204549.386777854,0.7666666666666667,255.1667925577756,87076.85949470467,166.48551058576052
1359,215575.57437195792,0.7722222222222223,261.9538824723604,91770.71755518747,170.91379891628563
1360,206497.09389371483,0.7638888888888888,256.37875585662687,87906.0001806596,167.2762652392085
1361,210397.76314441,0.7666666666666667,258.7888870098971,89566.51861891322,168.84877360367364
1362,211189.12264111525,0.7638888888888888,259.2751156419528,89903.40107448978,169.16601716525847
1363,212847.90952708173,0.7722222222222223,260.29136339114893,90609.54815650392,169.8290757228027
1364,208397.8346207723,0.7611111111111111,257.555995890382,88715.1472322985,168.044364434786
1365,209225.5362920437,0.7694444444444445,258.06696155041425,89067.50058455326,168.37774785803452
1366,209762.7510928996,0.7666666666666667,258.39806002750817,89296.1934125763,168.59377557253686
1367,211211.1644415452,0.7694444444444445,259.2886455557477,89912.78428892657,169.17484486020945
1368,210805.5177072568,0.7638888888888888,259.0395343346494,89740.10010618455,169.01231035318577
1369,213038.637871494,0.7583333333333333,260.4079579690779,90690.74138572675,169.90514874015525
1370,213495.7841454729,0.7638888888888888,260.68720481079356,90885.34896922941,170.0873454615878
1371,216437.99193778523,0.7555555555555555,262.4773372685052,92137.8494952449,171.25533097118654
1372,213733.2110857584,0.7527777777777778,260.8321186019925,90986.421833075,170.1818955645884
1373,214934.44762849383,0.7638888888888888,261.56406397210185,91497.78931893932,170.65945887696947
1374,215759.6509323152,0.7583333333333333,262.0656977387915,91849.07911390437,170.98675363557516
1375,215129.0556073299,0.7611111111111111,261.682451083743,91580.63411205552,170.73670144654827
1376,213254.31381183313,0.7527777777777778,260.5397404574722,90782.55482916521,169.99113122497099
1377,216376.89637131363,0.7583333333333333,262.44028893589245,92111.84105717915,171.23115850536698
1378,213340.38019834063,0.7472222222222222,260.59231020761234,90819.19336797085,170.02543075746783
1379,214676.52957772737,0.75,261.40708042479946,91387.99337077483,170.55703376998662
1380,218472.8928865856,0.75,263.7083268859225,93004.10867497427,172.05849949059754
1381,214006.5466013161,0.7444444444444445,260.99884959756247,91102.78100998605,170.2906804681791
1382,219438.48073918256,0.75,264.29044218138716,93415.1602996936,172.43830503352794
1383,217662.19513734625,0.7527777777777778,263.2185946332111,92658.99390775253,171.73896996512252
1384,218631.0230993721,0.75,263.80374538472125,93071.42484999479,172.12075601438968
1385,217114.6803835736,0.7444444444444445,262.8873317634865,92425.91638042992,171.5228349914005
1386,216323.45344850968,0.7472222222222222,262.40787687506577,92089.09035646432,171.21001101026476
1387,220466.01742045497,0.7444444444444445,264.90849913224497,93852.58359697282,172.841560982326
1388,217266.15690433604,0.7472222222222222,262.9790213606569,92490.40007272034,171.5826585650219
1389,217157.86393574136,0.7472222222222222,262.9134742711011,92444.29965775882,171.539891868922
1390,222334.33973273917,0.75,266.02860443019364,94647.93010003654,173.57238218585928
1391,218152.0346988359,0.7444444444444445,263.514609340258,92867.51905340406,171.93210700756285
1392,217998.96075245796,0.7444444444444445,263.42214103089276,92802.35533558011,171.8717753572593
1393,222874.9394310678,0.7388888888888889,266.3518286093084,94878.0638819841,173.78327225487718
1394,218043.13185161396,0.7416666666666667,263.4488270667465,92821.1590125577,171.88918686390593
1395,218620.98290130528,0.7527777777777778,263.79768798210296,93067.15072857044,172.11680381607414
1396,219314.46771861825,0.75,264.21575134342766,93362.36784434921,172.38957242937863
1397,225240.79666874287,0.75,267.7617828435826,95885.21145409242,174.70320759694383
1398,219901.5708784255,0.7388888888888889,264.56916675597023,93612.29819203074,172.62016099780573
1399,220908.97828101413,0.75,265.1744929920808,94041.15243711535,173.01511069513754
1400,220932.58841844817,0.75,265.1886631697639,94051.20329403738,173.02435613512216
1401,229357.65397166292,0.7444444444444445,270.1977215505365,97637.76134227878,176.29255429569588
1402,224674.7479177257,0.75,267.4251174404961,95644.24398733093,174.48354769932325
1403,224635.12977079896,0.75,267.4015381223976,95627.37850624725,174.46816319425682
1404,220634.5976374971,0.7444444444444445,265.00976144700434,93924.34834828398,172.9076303481977
1405,224393.4551751699,0.7444444444444445,267.2576569103229,95524.49741166893,174.37428680534336
1406,220776.26270261293,0.7527777777777778,265.0948265299634,93984.65529500584,172.96313170724017
1407,226676.52454141912,0.7527777777777778,268.6138096362813,96496.40211181575,175.25911894494214
1408,221593.1633624417,0.75,265.5848162245066,94332.41064689205,173.28282920259238
1409,225751.14584509947,0.75,268.0649576871508,96102.46756139674,174.9010163248048
1410,222526.786691187,0.7472222222222222,266.1437133289389,94729.85494481324,173.64748586055168
1411,224842.6491560806,0.7416666666666667,267.525023244806,95715.71969679905,174.54873199965593
1412,222987.18023696265,0.7472222222222222,266.4188881473534,94925.84489486532,173.82702575947374
1413,222451.60105276428,0.75,266.0987482355139,94697.84835033704,173.61814804404995
1414,222743.4632786286,0.7555555555555555,266.27325521802527,94822.09436463087,173.7320064493423
1415,219119.06765783305,0.7444444444444445,264.0980224970705,93279.18586122878,172.31275934998075
1416,220298.3774848464,0.7388888888888889,264.8077632239569,93781.21912432084,172.77583507435205
1417,226041.2438836031,0.7444444444444445,268.23713876611527,96225.96255953088,175.01335717667374
1418,228479.5908370002,0.7527777777777778,269.68001882721046,97263.9690693763,175.95477522436525
1419,223222.3462030125,0.7472222222222222,266.55933600900124,95025.95525992791,173.91866203284118
1420,223655.8611585838,0.7416666666666667,266.8180498199597,95210.50296974886,174.08746182250525
1421,223662.3396781537,0.75,266.8219141797642,95213.26088140633,174.08998315339116
1422,226500.64954038,0.7472222222222222,268.5095826516309,96421.53196434009,175.19111525769742
1423,220899.84142206225,0.7416666666666667,265.16900908868297,94037.26286797163,173.0115326807414
1424,228054.9294312525,0.7416666666666667,269.4292831726247,97083.19032374615,175.79118084338282
1425,227303.55495408337,0.7444444444444445,268.9850715311266,96763.32952725586,175.50135158620702
1426,225772.47509278625,0.7416666666666667,268.07762094254997,96111.5474414844,174.90927856190734
1427,226286.6068101673,0.7472222222222222,268.3826821139183,96330.41377993391,175.10831803865918
1428,229026.8886488543,0.7388888888888889,270.0028200942437,97496.9542443274,176.16538936118553
1429,226136.41081252208,0.7472222222222222,268.29359885719384,96266.47520749604,175.05019499164453
1430,223806.37453851107,0.7444444444444445,266.9078148098333,95274.57665211211,174.1460296714876
1431,227065.7874452655,0.75,268.84435080160284,96662.11168307712,175.40953727812277
1432,227870.424247684,0.7416666666666667,269.32027180836644,97004.64629973943,175.72005555134828
1433,225764.6505635084,0.7416666666666667,268.0729755592563,96108.21653227332,174.90624764631772
1434,221958.09081615944,0.7472222222222222,265.8034134943778,94487.76059495937,173.42545465052925
1435,226133.62178262073,0.7444444444444445,268.2919443664949,96265.28791493714,175.04911550663
1436,227878.97817507095,0.7444444444444445,269.32532670839805,97008.28771438717,175.7233536592419
1437,223406.50604766235,0.7444444444444445,266.6692699070325,95104.3522728437,173.9903892390382
1438,234458.8153532596,0.7388888888888889,273.18594185990327,99809.33036960378,178.24224131790123
1439,228465.35248340387,0.7444444444444445,269.67161575874445,97257.90778933496,175.94929257856316
1440,224104.2997521171,0.7277777777777777,267.0854060921235,95401.40368578724,174.26190045158123
1441,223308.55481051115,0.7166666666666667,266.6108037300825,95062.65434233849,173.95224253811386
1442,224657.7167336745,0.725,267.41498133763224,95636.99379683162,174.4769343220741
1443,225023.5985415274,0.7333333333333333,267.63265129729706,95792.75001431996,174.61895473942826
1444,223619.79954244336,0.7138888888888889,266.79653847229207,95195.15150704699,174.07342658044286
1445,222921.40067161008,0.7166666666666667,266.3795894503019,94897.84247422717,173.8013850262953
1446,225302.71324854527,0.7222222222222222,267.7985829145548,95911.56939827782,174.72721808257165
1447,224037.16907112903,0.7138888888888889,267.04540023743107,95372.82609399749,174.23579832803244
1448,225805.46991878332,0.7055555555555556,268.0972089178201,96125.59336884042,174.92205888505012
1449,221619.8389765392,0.7083333333333334,265.60080143081683,94343.76648001037,173.29325887178132
1450,223245.8810102989,0.7111111111111111,266.57338759784017,95035.97404873776,173.9278300986343
1451,230812.55175633132,0.7,271.0533472941224,98257.11264892589,176.85081380651744
1452,226518.82734597835,0.7055555555555556,268.52035705134927,96429.27027267209,175.19814509657414
1453,225406.0466506555,0.6972222222222222,267.859987781879,95955.55852128816,174.76728215433602
1454,220732.4866318763,0.7,265.06854339369966,93966.01978198471,172.94598307548912
1455,223820.42641599977,0.6972222222222222,266.9161936977305,95280.55854910528,174.151496540494
1456,223589.5267695574,0.6916666666666667,266.77847892569116,95182.26436016949,174.0616434921865
1457,227077.81655999407,0.6916666666666667,268.8514719023785,96667.23248812847,175.41418349437484
1458,221410.5934797384,0.6916666666666667,265.47538644932996,94254.69048221913,173.2114309151783
1459,223283.40761912835,0.6944444444444444,266.59579153837683,95051.94916015622,173.9424477196891
1460,218849.82219837033,0.6888888888888889,263.93571564929607,93164.56782490738,172.2068610151997
1461,222996.69683661291,0.6805555555555556,266.4245731711389,94929.89611996879,173.83073499639337
1462,222049.5147185861,0.7,265.8581496912199,94526.67983315152,173.46116769762065
1463,221772.0187301619,0.6888888888888889,265.6919758681984,94408.54953916729,173.3527463254883
1464,219746.79506013312,0.7,264.4760430073842,93546.40998578908,172.5594017012076
1465,218492.21913478957,0.6777777777777778,263.71999052942255,93012.33587636522,172.0661095233292
1466,222365.747218957,0.6916666666666667,266.0473936884926,94661.30029540867,173.58464138005172
1467,222022.9041220626,0.7,265.8422188842254,94515.35167807342,173.45077352167817
1468,218321.7042955511,0.6888888888888889,263.6170647848278,92939.74755463022,171.99895484003554
1469,223539.04130678196,0.6944444444444444,266.7483585628887,95160.77265287147,174.04199123285474
1470,223758.71232116828,0.6944444444444444,266.8793927068604,95254.28680295567,174.12748545467187
1471,222777.46016864243,0.6805555555555556,266.2935748203372,94836.56687154778,173.7452641281017
1472,224945.3096165675,0.6833333333333333,267.5860906355694,95759.42234794993,174.5885758822767
1473,222241.51836301212,0.6916666666666667,265.9730670865816,94608.41595874699,173.5361464244769
1474,222945.8466205176,0.6916666666666667,266.39419487467404,94908.24913685162,173.8109144462858
1475,221341.1394951456,0.6916666666666667,265.4337448790005,94225.1238579774,173.1842615565467
1476,223438.3803343496,0.6833333333333333,266.688292606401,95117.9211855991,174.0028007436283
1477,221462.70513944107,0.6861111111111111,265.50662603198793,94276.87446302419,173.23181341799997
1478,223480.79177643577,0.6888888888888889,266.71360181779386,95135.9757749659,174.019313930705
1479,222450.44520813652,0.6916666666666667,266.0980569183764,94697.35630623055,173.61769698893633
1480,222209.9106681447,0.6888888888888889,265.95415276638835,94594.96053437112,173.52380563270228
1481,227383.581804868,0.6833333333333333,269.032418203402,96797.39703022591,175.5322432819065
1482,225476.5585044694,0.6888888888888889,267.9018806852062,95985.57548141688,174.79461549708975
1483,221257.95998512796,0.6861111111111111,265.38386548568434,94189.71426511214,173.15171736778012
1484,217386.1982183318,0.6861111111111111,263.05166034983347,92541.50176897582,171.63005242485872
1485,222867.10319024537,0.6805555555555556,266.3471461281276,94874.72798715786,173.7802171344895
1486,222705.5988800391,0.6861111111111111,266.2506222189878,94805.97545580515,173.71723937733003
1487,222537.49495322295,0.6972222222222222,266.15011683293756,94734.41346167523,173.65166387533986
1488,223875.8156968793,0.6944444444444444,266.94921879222073,95304.13781621838,174.17304401406312
1489,222496.12577122828,0.6944444444444444,266.12537735167996,94716.80256337479,173.63552241301434
1490,220064.79708833728,0.6805555555555556,264.66733934176244,93681.78373764998,172.684214446561
1491,225801.2305511178,0.6972222222222222,268.0946922206521,96123.78866617975,174.92041684688047
1492,226450.21992102297,0.6916666666666667,268.4796896030595,96400.06402963593,175.1716113112611
1493,224623.4326253152,0.6944444444444444,267.3945759980491,95622.39902080453,174.46362070338134
1494,223824.1942909737,0.6944444444444444,266.91844037072167,95282.16253689946,174.15296239933994
1495,222319.48619985604,0.7027777777777777,266.0197179697682,94641.6069376148,173.56658414730416
1496,216955.2008055774,0.6861111111111111,262.7907632992545,92358.02577941564,171.45982816393288
1497,220726.3333704958,0.7027777777777777,265.06484876899077,93963.4003330335,172.94357248955467
1498,221954.02540141548,0.7027777777777777,265.80097923739623,94486.02994421519,173.42386640108498
1499,224054.49071017717,0.6944444444444444,267.0557234678255,95380.19993145244,174.24253379805927
1500,222167.4119163625,0.6944444444444444,265.9287190223062,94576.86877718753,173.50721119332724
1501,225212.33722433937,0.7027777777777777,267.74486629824474,95873.09624279475,174.69217026853724
1502,220932.5853912951,0.7,265.1886613529956,94051.20200537557,173.0243549497579
1503,222406.0454830248,0.7,266.07149983470345,94678.45530297623,173.60036961811883
1504,223234.20929894375,0.7083333333333334,266.56641902962065,95031.00539062665,173.92328340340626
1505,219533.37723052973,0.7027777777777777,264.34758239823776,93455.55782213913,172.47558660172103
1506,223579.054080305,0.7055555555555556,266.7722310462269,95177.80612685515,174.05756701580705
1507,221102.49641087605,0.7,265.2906151138746,94123.53328053466,173.09087545489862
1508,227643.5246967859,0.7055555555555556,269.1861520151266,96908.05495510527,175.63254807424528
1509,220214.40798387644,0.7027777777777777,264.75729100702506,93745.47323159057,172.7429040933178
1510,224044.44656492877,0.7194444444444444,267.0497374763601,95375.92412970932,174.23862819249248
1511,220352.80773036944,0.7083333333333334,264.84047490693825,93804.39012921277,172.7971780602033
1512,225213.11463125676,0.7138888888888889,267.745328409988,95873.42718562466,174.6924717768517
1513,224816.71424554067,0.7083333333333334,267.5095937040611,95704.67918185708,174.53866487868277
1514,219288.72696775032,0.7027777777777777,264.20024550044036,93351.40998335571,172.37945552442827
1515,219866.51339678615,0.7138888888888889,264.5480766419554,93597.3741902968,172.60640059283736
1516,224597.3964120104,0.7111111111111111,267.37907863010287,95611.31538118365,174.4535093280358
1517,224688.11618659392,0.7222222222222222,267.4330732916276,95649.93487151427,174.48873855478095
1518,219731.28115006193,0.7111111111111111,264.4667069668595,93539.80570019936,172.5533103307043
1519,224952.8913521194,0.7083333333333334,267.5906000647402,95762.64989965165,174.59151809356692
1520,223141.73028847223,0.7027777777777777,266.5111982093393,94991.63699198274,173.8872541600735
1521,227595.43834031397,0.7083333333333334,269.15771969990993,96887.58454953683,175.6139971943736
1522,220138.51757959925,0.6972222222222222,264.7116666779737,93713.16661765084,172.71313615352787
1523,222341.75187816803,0.7055555555555556,266.03303880203356,94651.08545706903,173.57527542542425
1524,223504.8472703401,0.7083333333333334,266.7279559703997,95146.21622054132,174.0286794065244
1525,224632.61363802903,0.7138888888888889,267.4000405390554,95626.30738624475,174.46718608463814
1526,223181.20735325856,0.7055555555555556,266.5347720485579,95008.44241427128,173.90263509040315
1527,223218.69438681364,0.7138888888888889,266.55715560524914,95024.40067845955,173.9172394118633
1528,224395.6064451631,0.7138888888888889,267.25893801274924,95525.41320925641,174.37512267034532
1529,223956.12816986063,0.7138888888888889,266.99709674060273,95338.32690881666,174.20428234489086
1530,223396.95032385405,0.7055555555555556,266.6635667491754,95100.28439255066,173.9866681704059
1531,219441.4255450614,0.7,264.29221552905653,93416.41390622739,172.43946206767498
1532,225232.96955982133,0.7138888888888889,267.75713044739615,95881.87944672468,174.7001721057391
1533,220706.2868122631,0.7166666666666667,265.05281178523376,93954.86649500995,172.9357188681386
1534,226303.2450216396,0.7166666666666667,268.3925486407188,96337.49668164992,175.11475552895965
1535,227852.70915266284,0.7222222222222222,269.30980286104045,96997.10496771985,175.71322500720342
1536,223815.23307052383,0.725,266.91309702762254,95278.34773722537,174.14947609457758
1537,218652.5498689896,0.725,263.816732340073,93080.58881534752,172.12922945198324
1538,225644.17841877116,0.75,268.0014416948424,96056.93143098039,174.8595748335205
1539,224614.6245052628,0.7388888888888889,267.3893332978806,95618.64939610852,174.46020006386297
1540,223468.5078408245,0.7444444444444445,266.7062715731941,95130.74649243362,174.01453125697745
1541,220013.02584731433,0.7388888888888889,264.63620541492435,93659.74467338568,172.66390087968097
1542,224832.1052746276,0.7472222222222222,267.5187504464477,95711.23115690034,174.54463926475492
1543,223621.0605050519,0.7444444444444445,266.7972906865091,95195.68829997323,174.07391736831823
1544,231495.26083475607,0.7416666666666667,271.4539189777855,98547.74252288544,177.11216984196534
1545,224138.7548678539,0.7527777777777778,267.1059369451812,95416.07125981005,174.27529596249317
1546,219790.72948422263,0.7472222222222222,264.50248030287963,93565.11290997617,172.57665091531948
1547,225527.8286310227,0.7444444444444445,267.9323374712696,96007.4012207969,174.8144872583316
1548,221705.58054958028,0.7444444444444445,265.6521750542392,94380.26674542871,173.32677798232223
1549,221764.6034318547,0.75,265.6875339152877,94405.39283995162,173.34984813959616
1550,222862.14623967343,0.7361111111111112,266.34418410062153,94872.61780880301,173.77828453716063
1551,222097.9953515715,0.7472222222222222,265.88717084885235,94547.31808258938,173.48010277219598
1552,219914.8879283755,0.7527777777777778,264.5771776752528,93617.96727227414,172.62538778289658
1553,214396.66092184425,0.7527777777777778,261.23662977503176,91268.85303010115,170.4458219497815
1554,216878.91570950008,0.7555555555555555,262.74455841207237,92325.55114481857,171.42968143458398
1555,213598.60341264817,0.7527777777777778,260.7499705489853,90929.11922453158,170.12829744387906
1556,214658.14511927523,0.7638888888888888,261.3958870015749,91380.16709013551,170.5497305360428
1557,213484.50877650495,0.7583333333333333,260.6803208733865,90880.54903443206,170.0828539843757
1558,213280.12252071637,0.7583333333333333,260.5555056505891,90793.54161994746,170.001417344882
1559,211510.6003856919,0.7583333333333333,259.4723783670139,90040.25444196323,169.29472272749928
1560,211198.28024071688,0.7666666666666667,259.2807369351509,89907.2994729469,169.16968482067264
1561,212761.8494478031,0.7555555555555555,260.23873670532413,90572.91230269133,169.79473904218625
1562,210045.0016616712,0.7638888888888888,258.5718479889114,89416.3477357272,168.70716484704963
1563,210438.51495842452,0.7722222222222223,258.81394812703206,89583.8667031045,168.86512491976865
1564,208171.92636285577,0.7722222222222223,257.4163595951529,88618.97788198579,167.95325767408846
1565,210789.62853115425,0.7694444444444445,259.0297717762868,89733.33606950488,169.00594069788178
1566,210246.57085969113,0.7666666666666667,258.69588717426603,89502.15592616437,168.7880951550235
1567,207792.08475424955,0.7666666666666667,257.18140455331866,88457.27896465406,167.79995947367465
1568,212817.69758108127,0.775,260.2728896656937,90596.68690368677,169.81702240040912
1569,210372.2111845501,0.7638888888888888,258.7731720994016,89555.6411264231,168.83852029104065
1570,216785.77306310632,0.7694444444444445,262.68813210722413,92285.9002357606,171.3928656636956
1571,214233.30949327664,0.7666666666666667,261.13709112568,91199.31417878653,170.38087720248805
1572,210119.736477566,0.7777777777777778,258.61784432467556,89448.16241464434,168.73717550544296
1573,204683.19181886571,0.7722222222222223,255.2502370059588,87133.8204220357,166.5399545493424
1574,203755.06662647417,0.7694444444444445,254.6708700798811,86738.71668574758,166.16194220087937
1575,211587.51139220715,0.7694444444444445,259.51954968588586,90072.99552720146,169.32550001253972
1576,211653.7184667476,0.7666666666666667,259.56014916686746,90101.17993888869,169.35198945206665
1577,199778.78813993008,0.7611111111111111,252.1736768870946,85046.01132720918,164.5326295479086
1578,208016.6691673583,0.7777777777777778,257.32034953923306,88552.88475303128,167.8906151843626
1579,204250.6113875689,0.7666666666666667,254.980369565476,86949.67054004608,166.36387748943628
1580,213105.9734858919,0.775,260.44910859010474,90719.40621785496,169.93199777518797
1581,210688.80594130585,0.7694444444444445,258.96781622312807,89690.4158015519,168.96551732696483
1582,212078.10657908165,0.7638888888888888,259.8202416426813,90281.84234326474,169.52168876208003
1583,212223.51921299944,0.7777777777777778,259.9093000379428,90343.74463342494,169.57979558804445
1584,210066.57849664128,0.7694444444444445,258.5851285211201,89425.53301394595,168.71582983109187
1585,206378.83770391997,0.7833333333333333,256.3053342017637,87855.6584133957,167.2283607232038
1586,212075.1274679347,0.775,259.8184167581875,90280.57413294718,169.5204981023407
1587,205419.8450540152,0.7666666666666667,255.7091462952303,87447.41437244482,166.8393733983669
1588,213072.27894884325,0.7694444444444445,260.42851775703673,90705.0624228696,169.91856312986303
1589,207603.61497033367,0.7805555555555556,257.06474486508336,88377.04720668324,167.72384397460854
1590,208640.44501009455,0.7638888888888888,257.70587169193226,88818.42669510086,168.14215203910325
1591,202472.90391640665,0.7833333333333333,253.8683261081086,86192.89885704321,165.63831629498168
1592,212229.6643815256,0.7722222222222223,259.9130629924312,90346.36063724071,169.5822507562622
1593,201441.0321042916,0.7833333333333333,253.22059948168192,85753.63009063195,165.2157021411583
1594,206885.5240552645,0.775,256.6197724554855,88071.35525276989,167.43351834851163
1595,201030.9298641919,0.7694444444444445,252.9627095136604,85579.04919502452,165.0474398740716
1596,208057.5481079795,0.7861111111111111,257.3456322884255,88570.28695513433,167.90711110597576
1597,203681.94412538235,0.7722222222222223,254.6251685365052,86707.58837070457,166.13212388201734
1598,208734.1492687062,0.7833333333333333,257.7637354175181,88858.31668298943,168.17990566606227
1599,204125.36764578288,0.7722222222222223,254.90218230245415,86896.35416556124,166.31286361621628
1600,211796.1008121232,0.775,259.64743931661945,90161.79223246775,169.40894257282696
1601,210545.31109585887,0.775,258.87961296991625,89629.32991568332,168.90796844492144
1602,209898.27762988023,0.7694444444444445,258.4815213173678,89353.88718230283,168.6482305245984
1603,203771.78911315385,0.7722222222222223,254.6813204773279,86745.83546349581,166.16876064201472
1604,213574.75135070964,0.775,260.7354114695121,90918.96538012855,170.1187982619696
1605,206677.2245643848,0.7722222222222223,256.49055309673895,87982.68197055736,167.34920819708935
1606,211410.88964277343,0.7722222222222223,259.41121066793767,89997.80748825686,169.25481339795846
1607,203886.75309210917,0.7722222222222223,254.7531534076309,86794.77573361901,166.2156285826213
1608,212488.23726236733,0.7805555555555556,260.07134909170304,90456.43534716222,169.68552572316423
1609,211429.5946512764,0.7666666666666667,259.4226863813818,90005.77022734357,169.26230081429873
1610,212319.10719736383,0.7666666666666667,259.96782656058986,90384.43652507514,169.61798166197687
1611,205773.6818095628,0.7638888888888888,255.92928170965803,87598.04300024093,166.98300242039454
1612,216706.2616458353,0.7722222222222223,262.639954081249,92252.05215330483,171.36143154496457
1613,209125.81420134145,0.7638888888888888,258.0054536565488,89025.04880008505,168.33761656582132
1614,208587.3175058823,0.7666666666666667,257.6730589228909,88795.81026836662,168.1207430988849
1615,209446.72392477476,0.7666666666666667,258.20333625664654,89161.66036044253,168.4667265702348
1616,210059.18577588923,0.7722222222222223,258.58057838163916,89422.385926016,168.71286105805078
1617,208735.037665581,0.7638888888888888,257.7642839531892,88858.69487434489,168.1802635623244
1618,209621.5453025799,0.7666666666666667,258.3110725983974,89236.08197955176,168.53701996415663
1619,210872.14960343376,0.7694444444444445,259.0804700080658,89768.46536482776,169.03901914401857
1620,210438.26560298487,0.7638888888888888,258.81379478845486,89583.76055226766,168.86502487285006
1621,209630.1269696372,0.7638888888888888,258.3163600246775,89239.73520300235,168.54046978556602
1622,215730.83039588665,0.75,262.0481941736087,91836.8101854041,170.97533330161508
1623,212540.5055583876,0.7638888888888888,260.10333356905613,90478.68600818976,169.70639423818366
1624,212324.0439050667,0.7666666666666667,259.97084884560417,90386.53808602226,169.61995357477437
1625,214473.7166407843,0.7611111111111111,261.283570729854,91301.65571954989,170.47644893204915
1626,216194.2320821359,0.7611111111111111,262.3294901600975,92034.08070358442,171.15886700310844
1627,214356.4616042548,0.7583333333333333,261.21213772719375,91251.74014413917,170.42984192726865
1628,215311.5191677304,0.7527777777777778,261.7934016745635,91658.3090152277,170.80909200167258
1629,212049.5717212197,0.7555555555555555,259.8027618019158,90269.6950283894,169.51028390729607
1630,214880.12395140805,0.7583333333333333,261.53100733590185,91474.6636803278,170.6378908237724
1631,220103.2205475841,0.7527777777777778,264.69044387961435,93698.14063910463,172.69928917765182
1632,217624.7260690751,0.75,263.1959380116379,92643.04329140193,171.72418748040752
1633,216809.22248072745,0.7527777777777778,262.7023390292452,92295.8826741125,171.40213507780243
1634,217346.0202307598,0.7583333333333333,263.0273502169556,92524.39796322165,171.6141910941424
1635,218475.84539617447,0.75,263.7101087974516,93005.36556098443,172.05966211229986
1636,219265.1163090823,0.7444444444444445,264.1860219928746,93341.3589045439,172.3701752889569
1637,218106.0186415376,0.7472222222222222,263.4868155521023,92847.92997607177,171.9139727395187
1638,215723.90332928536,0.7444444444444445,262.0439869866658,91833.8613268685,170.97258829056057
1639,216688.58510249076,0.75,262.62924220524354,92244.52723276896,171.3544425001589
1640,220639.36038315433,0.7416666666666667,265.01262175833483,93926.37585343048,172.90949658003578
1641,215738.9131894668,0.7416666666666667,262.0531032114558,91840.25103796295,170.97853624061926
1642,220923.00930417728,0.75,265.1829141309696,94047.1254564032,173.02060513112414
1643,221289.099147436,0.7416666666666667,265.4025394816974,94202.9702347525,173.16390135821925
1644,217185.22263651225,0.7472222222222222,262.9300353672616,92455.94628149361,171.55069728181488
1645,225817.09181049385,0.75,268.10410812323056,96130.54081868361,174.92656032398688
1646,218528.4876074397,0.7416666666666667,263.74187763462976,93027.77539807091,172.08038993125038
1647,222704.82618567115,0.7555555555555555,266.2501603299834,94805.64651911182,173.7169380143432
1648,221938.99147144787,0.7472222222222222,265.7919771457029,94479.62998659094,173.41799291803147
1649,219205.21854316897,0.75,264.1499350092085,93315.86037126233,172.34663006255448
1650,218533.1592787778,0.7444444444444445,263.7446967379855,93029.76413279714,172.08222927663257
1651,218781.51544519857,0.7472222222222222,263.8945230209949,93135.48957812224,172.17998457220196
1652,219634.19952969864,0.7444444444444445,264.40827720471674,93498.47796634957,172.5151873888974
1653,218607.85590102393,0.7472222222222222,263.78976805542976,93061.56255264339,172.11163639980194
1654,220340.83924838697,0.7444444444444445,264.8332823925176,93799.29513557642,172.79248524957652
1655,224633.3198785804,0.75,267.4004608889782,95626.60803348808,174.46746034513586
1656,221478.024902342,0.7444444444444445,265.51580913172614,94283.39609998741,173.23780500112625
1657,219830.40838810097,0.7444444444444445,264.52635459203805,93582.00425534927,172.59222787649287
1658,220653.32844220323,0.7444444444444445,265.0210102284577,93932.32206883779,172.9149697010381
1659,220128.1433484878,0.75,264.7054292135058,93708.7502980564,172.70906647249183
1660,227012.01481314175,0.7472222222222222,268.8125157010442,96639.22062480576,175.38876622512672
1661,226192.81949174745,0.7527777777777778,268.32705906786373,96290.48843340966,175.0720263600677
1662,221761.3509976985,0.7472222222222222,265.68558560080197,94404.0082757811,173.34857694702174
1663,230410.46185396615,0.7444444444444445,270.8171484383709,98085.94261275991,176.69670407027246
1664,220888.06080294732,0.75,265.1619382444328,94032.2478477284,173.00691925474086
1665,223875.03095157084,0.7416666666666667,266.9487509271904,95303.80374942874,174.17273875197287
1666,223191.00393038423,0.7444444444444445,266.5406217789825,95012.61282603999,173.90645179141964
1667,223648.97263039777,0.75,266.8139408335022,95207.5705170516,174.0847808831028
1668,223126.5246965653,0.75,266.50211759149016,94985.16395771522,173.8813294420336
1669,222594.60240833947,0.75,266.1842642939749,94758.72415711956,173.67394364548164
1670,216678.17702215657,0.7361111111111112,262.6229347685268,92240.0965035297,171.35032716519802
1671,220019.17088959727,0.7416666666666667,264.6399010809211,93662.3606234596,172.6663121450116
1672,217288.456543295,0.7361111111111112,262.9925167592184,92499.8930492528,171.5914637402469
1673,220843.23815867756,0.7472222222222222,265.13503352584024,94013.16680740488,172.98936506688142
1674,220954.92121591093,0.75,265.2020660251067,94060.710386175,173.0331009298217
1675,221326.10794846204,0.7416666666666667,265.4247317613344,94218.72491491935,173.17838087951353
1676,225811.9825525008,0.7527777777777778,268.10107509150845,96128.36580292146,174.92458139941832
1677,221668.90572760455,0.7444444444444445,265.630201883444,94364.65424044653,173.31244142025488
1678,224505.1647088022,0.7472222222222222,267.32417291769934,95572.05226146606,174.41768567922966
1679,227266.87055534992,0.7472222222222222,268.9633649771279,96747.71294543921,175.48718898029225
1680,223724.57134723823,0.7444444444444445,266.8590317790589,95239.75295938493,174.1142008127831
1681,224826.73122719064,0.7444444444444445,267.51555324504176,95708.9434200317,174.54255322643004
1682,224837.77392389695,0.7527777777777778,267.52212287497366,95713.64430603624,174.54683963134428
1683,220489.01389915112,0.7388888888888889,264.9223148755405,93862.3732188135,172.85057516890421
1684,222807.64270716364,0.7444444444444445,266.3116133235574,94849.41560557435,173.7570334864446
1685,223808.4260726199,0.7388888888888889,266.90903812001005,95275.44999204316,174.14682782949765
1686,233161.45226901225,0.7388888888888889,272.42906477502845,99257.04172782305,177.74841111898334
1687,226962.80399818424,0.75,268.7833780363213,96618.27153624003,175.36975513461593
1688,229461.43964930577,0.7416666666666667,270.2588476596821,97681.94299939362,176.33243648957074
1689,221669.91162421985,0.7277777777777777,265.630804575592,94365.08245154809,173.31283465132142
1690,223576.69427681543,0.7361111111111112,266.7708231958684,95176.8015563691,174.05664845315468
1691,224380.06910906313,0.7361111111111112,267.2496852383871,95518.79895118499,174.36908562748178
1692,227225.42901998284,0.7388888888888889,268.9388414666311,96730.07124624251,175.47118842972887
1693,226462.1400449169,0.7361111111111112,268.48675576764515,96405.13843719011,175.176221683979
1694,227047.56544059567,0.7388888888888889,268.8335632202623,96654.35455916029,175.40249883879665
1695,227948.0779765018,0.7416666666666667,269.3661574075595,97037.70356253558,175.74999395882526
1696,228122.30634243807,0.7416666666666667,269.469080541433,97111.87273595433,175.81714693873403
1697,230569.17041294716,0.7305555555555555,270.91040288559657,98153.50499028005,176.75754864219002
1698,226433.92455623616,0.7333333333333333,268.470029525913,96393.12707806492,175.16530852060438
1699,221400.0944822744,0.7111111111111111,265.46909212888283,94250.22104947524,173.20732413802708
1700,224407.6939688651,0.7194444444444444,267.2661361377389,95530.55887906074,174.37981914163043
1701,223231.71242490463,0.7111111111111111,266.564928253107,95029.94246908333,173.92231073495455
1702,221350.99588360763,0.7111111111111111,265.4396547360244,94229.31973148626,173.18811748761922
1703,227848.4561230713,0.7083333333333334,269.3072894217445,96995.29444916487,175.71158509465712
1704,225502.90756323808,0.7083333333333334,267.9175336564746,95996.7922996355,174.80482839700386
1705,227661.84747362608,0.7027777777777777,269.1969850457494,96915.85497782643,175.6396161673006
1706,222884.64305770135,0.7111111111111111,266.35762681742705,94882.194724644,173.78705533977407
1707,224254.7237716827,0.7083333333333334,267.1750280245924,95465.43932736346,174.32037496167402
1708,226402.0473925967,0.7,268.4511313764846,96379.55694058836,175.15297827956806
1709,223402.1925914384,0.7027777777777777,266.6666955151881,95102.51603061649,173.988709557539
1710,218666.730455504,0.6972222222222222,263.82528704328763,93086.62550388969,172.13481103302803
1711,222880.48007640787,0.6944444444444444,266.35513932663287,94880.4225397312,173.7854323575247
1712,225360.5329796468,0.7027777777777777,267.8329434611616,95936.18331025506,174.74963688201063
1713,219343.0375041624,0.7,264.23296028912984,93374.53002797054,172.40080053662234
1714,223516.6818272742,0.6944444444444444,266.7350174848031,95151.2542021631,174.0332867451956
1715,223398.4976468621,0.6944444444444444,266.66449024870656,95100.94308935874,173.98727071468457
1716,223114.0350104097,0.7055555555555556,266.49465865223226,94979.8470869896,173.87646280049952
1717,224438.63123261003,0.6944444444444444,267.28455840713633,95543.72890029964,174.39183889112854
1718,224033.85583334108,0.7083333333333334,267.04342559146926,95371.41564566577,174.2345099552866
1719,224112.4731354808,0.6972222222222222,267.0902765285976,95404.88310249911,174.26507820482664
1720,222024.8869747011,0.6916666666666667,265.8434059796972,94516.19578024025,173.4515480511291
1721,225627.0075081088,0.7027777777777777,267.99124440902057,96049.62175873597,174.85292153698603
1722,225304.28840354385,0.7,267.7995190407406,95912.2399431895,174.72782886520702
1723,225768.59989484787,0.6805555555555556,268.07532026727637,96109.89776620691,174.90777746886235
1724,223913.6756731007,0.6944444444444444,266.97178993013273,95320.254842438,174.18777072431453
1725,222408.9963398411,0.7,266.0732649312703,94679.7114853996,173.6015212687714
1726,221772.81730973363,0.6888888888888889,265.69245423331074,94408.88949521535,173.35305843843676
1727,226174.40050361125,0.6861111111111111,268.316133845864,96282.64745345252,175.0648981160487
1728,221510.4653551182,0.6861111111111111,265.5352538095576,94297.20603016045,173.25049182876748
1729,219291.9353927933,0.6916666666666667,264.2021782573021,93352.77581280682,172.3807165663128
1730,224348.09741245196,0.6972222222222222,267.2306444869442,95505.18857093662,174.35666234467868
1731,228845.9261278569,0.6861111111111111,269.8961294635073,97419.91833499068,176.0957782493523
1732,220302.9637988263,0.6833333333333333,264.81051967917773,93783.17152234225,172.77763354448308
1733,220294.0921169984,0.6861111111111111,264.8051876167143,93779.39483934075,172.7741545998571
1734,221307.98031200477,0.6916666666666667,265.41386177944594,94211.00796363622,173.17128867732444
1735,221034.79183145548,0.7,265.2499942140027,94094.71137966162,173.06437204045415
1736,220446.69086167664,0.6944444444444444,264.89688763323284,93844.3562633701,172.83398497166127
1737,225225.7143922292,0.7027777777777777,267.7528179382122,95878.79091529966,174.69735837638902
1738,227461.2801337629,0.6944444444444444,269.07837927005096,96830.47327931534,175.5622309286979
1739,226684.43558142075,0.6944444444444444,268.61849692372056,96499.76984872042,175.2621772012096
1740,224593.98496513703,0.7055555555555556,267.3770479899439,95609.8631251552,174.452184421451
1741,223247.59478600623,0.7,266.57441078831755,95036.70360461091,173.92849768702754
1742,231578.68821951005,0.6944444444444444,271.50282851149785,98583.25763625081,177.14408123847184
1743,226311.7890325651,0.7027777777777777,268.39761513285816,96341.13387485105,175.11806120021194
1744,226651.41725945368,0.6916666666666667,268.5989330419083,96485.71391910866,175.2494125980263
1745,225709.8882623179,0.7,268.0404612056443,96084.90417098255,174.8850334095113
1746,198066.18162101432,0.8333333333333334,251.09046921108552,84316.95317862964,163.82588247787226
1747,194341.10054844577,0.8277777777777777,248.71810066098604,82731.18278707766,162.27801261047372
1748,194739.48160264015,0.8277777777777777,248.9728945576743,82900.77396321308,162.44425482231904
