frame,time_s,radius_mm,coverage,radius_mm_smoothed
0,0.0,0.14172364672364673,0.9090909090909091,0.1426103988603989
1,0.01,0.13931623931623932,0.9090909090909091,0.14280626780626782
2,0.02,0.14223646723646724,0.9090909090909091,0.14289173789173792
3,0.03,0.14566239316239316,0.9090909090909091,0.142977207977208
4,0.04,0.1460826210826211,0.9090909090909091,0.14289173789173792
5,0.05,0.14594729344729346,0.9090909090909091,0.142977207977208
6,0.06,0.13987179487179488,0.9090909090909091,0.1430306267806268
7,0.07,0.1434116809116809,0.9090909090909091,0.1430840455840456
8,0.08,0.1384900284900285,0.9090909090909091,0.14324786324786326
9,0.09,0.1438817663817664,0.9090909090909091,0.1430840455840456
10,0.1,0.14363960113960114,0.9090909090909091,0.14324786324786326
11,0.11,0.13975071225071223,0.9090909090909091,0.1434116809116809
12,0.12,0.14241452991452994,0.9090909090909091,0.14352564102564103
13,0.13,0.13896723646723647,0.9090909090909091,0.14363960113960114
14,0.14,0.1438105413105413,0.9090909090909091,0.14352564102564103
15,0.15,0.14280626780626782,0.9090909090909091,0.1434116809116809
16,0.16,0.14594017094017095,0.9090909090909091,0.1434116809116809
17,0.17,0.142977207977208,0.9090909090909091,0.1434116809116809
18,0.18,0.14600427350427353,0.9090909090909091,0.143482905982906
19,0.19,0.13982193732193732,0.9090909090909091,0.1434116809116809
20,0.2,0.14534188034188034,0.9090909090909091,0.1430840455840456
21,0.21,0.1430840455840456,0.9090909090909091,0.142977207977208
22,0.22,0.14574074074074075,0.9090909090909091,0.142977207977208
23,0.23,0.1448005698005698,0.9090909090909091,0.14293447293447295
24,0.24,0.14293447293447295,0.9090909090909091,0.142977207977208
25,0.25,0.14716524216524215,0.9090909090909091,0.14293447293447295
26,0.26,0.14465099715099716,0.9090909090909091,0.14280626780626782
27,0.27,0.14429487179487183,0.9090909090909091,0.14280626780626782
28,0.28,0.1466737891737892,0.9090909090909091,0.14280626780626782
29,0.29,0.1407122507122507,0.9090909090909091,0.14293447293447295
30,0.3,0.14155270655270658,0.9090909090909091,0.14280626780626782
31,0.31,0.13853988603988604,0.9090909090909091,0.14203703703703704
32,0.32,0.1412678062678063,0.9090909090909091,0.1419871794871795
33,0.33,0.143482905982906,0.9090909090909091,0.1416880341880342
34,0.34,0.1405769230769231,0.9090909090909091,0.14155270655270658
35,0.35,0.13900997150997155,0.9090909090909091,0.1416880341880342
36,0.36,0.13945868945868947,0.9090909090909091,0.14155270655270658
37,0.37,0.1394729344729345,0.9090909090909091,0.14144586894586897
38,0.38,0.14203703703703704,0.9090909090909091,0.14144586894586897
39,0.39,0.14364672364672365,0.9090909090909091,0.14144586894586897
40,0.4,0.14002849002849005,0.9090909090909091,0.14144586894586897
41,0.41,0.13504985754985757,0.9090909090909091,0.14144586894586897
42,0.42,0.1363960113960114,0.9090909090909091,0.14144586894586897
43,0.43,0.13793447293447295,0.9090909090909091,0.14144586894586897
44,0.44,0.14477920227920227,0.9090909090909091,0.1412678062678063
45,0.45,0.1419871794871795,0.9090909090909091,0.1412678062678063
46,0.46,0.1416880341880342,0.9090909090909091,0.1412678062678063
47,0.47,0.13643162393162392,0.9090909090909091,0.1412678062678063
48,0.48,0.14144586894586897,0.9090909090909091,0.1412678062678063
49,0.49,0.14006410256410257,0.9090909090909091,0.1412678062678063
50,0.5,0.1431054131054131,0.9090909090909091,0.14144586894586897
51,0.51,0.1412678062678063,0.9090909090909091,0.1416880341880342
52,0.52,0.13945868945868947,0.9090909090909091,0.1419871794871795
53,0.53,0.14505698005698006,0.9090909090909091,0.14203703703703704
54,0.54,0.14635327635327638,0.9090909090909091,0.14296296296296296
55,0.55,0.14382478632478632,0.9090909090909091,0.14296296296296296
56,0.56,0.14626068376068377,0.9090909090909091,0.14305555555555557
57,0.57,0.1492735042735043,0.9090909090909091,0.1431054131054131
58,0.58,0.14296296296296296,0.9090909090909091,0.1437037037037037
59,0.59,0.14121794871794874,0.9090909090909091,0.1437037037037037
60,0.6,0.14066239316239318,0.9090909090909091,0.1437037037037037
61,0.61,0.14305555555555557,0.9090909090909091,0.14382478632478632
62,0.62,0.13774928774928777,0.9090909090909091,0.1446011396011396
63,0.63,0.13907407407407407,0.9090909090909091,0.1446011396011396
64,0.64,0.149465811965812,0.9090909090909091,0.14505698005698006
65,0.65,0.1446011396011396,0.9090909090909091,0.14505698005698006
66,0.66,0.14668091168091169,0.9090909090909091,0.14525641025641028
67,0.67,0.14525641025641028,0.9090909090909091,0.14525641025641028
68,0.68,0.1437037037037037,0.9090909090909091,0.14525641025641028
69,0.69,0.1462820512820513,0.9090909090909091,0.14626068376068377
70,0.7,0.14790598290598292,0.9090909090909091,0.14626068376068377
71,0.71,0.15054843304843304,0.9090909090909091,0.14626068376068377
72,0.72,0.14714387464387466,0.9090909090909091,0.1462820512820513
73,0.73,0.1523076923076923,0.9090909090909091,0.1462820512820513
74,0.74,0.14203703703703704,0.9090909090909091,0.1462820512820513
75,0.75,0.15083333333333335,0.9090909090909091,0.14646011396011396
76,0.76,0.1508760683760684,0.9090909090909091,0.14646011396011396
77,0.77,0.14712250712250713,0.9090909090909091,0.14668091168091169
78,0.78,0.14114672364672368,0.9090909090909091,0.14668091168091169
79,0.79,0.14685185185185187,0.9090909090909091,0.14685185185185187
80,0.8,0.1445868945868946,0.9090909090909091,0.14685185185185187
81,0.81,0.14646011396011396,0.9090909090909091,0.1469017094017094
82,0.82,0.14523504273504273,0.9090909090909091,0.1469017094017094
83,0.83,0.1437820512820513,0.9090909090909091,0.14712250712250713
84,0.84,0.1505626780626781,0.9090909090909091,0.14712250712250713
85,0.85,0.1469017094017094,0.9090909090909091,0.14714387464387466
86,0.86,0.14158831908831912,0.9090909090909091,0.14712250712250713
87,0.87,0.1488817663817664,0.9090909090909091,0.1469017094017094
88,0.88,0.14883190883190883,0.9090909090909091,0.1469017094017094
89,0.89,0.1434757834757835,0.9090909090909091,0.1469017094017094
90,0.9,0.14912393162393162,0.9090909090909091,0.1469017094017094
91,0.91,0.14425925925925925,0.9090909090909091,0.14685185185185187
92,0.92,0.14933048433048432,0.9090909090909091,0.14670940170940172
93,0.93,0.14544871794871794,0.9090909090909091,0.1464814814814815
94,0.94,0.14727207977207976,0.9090909090909091,0.1464814814814815
95,0.95,0.15121794871794872,0.9090909090909091,0.1464814814814815
96,0.96,0.1491666666666667,0.9090909090909091,0.1464814814814815
97,0.97,0.14586182336182338,0.9090909090909091,0.14670940170940172
98,0.98,0.15221509971509972,0.9090909090909091,0.14670940170940172
99,0.99,0.14670940170940172,0.9090909090909091,0.1469017094017094
100,1.0,0.14900284900284902,0.9090909090909091,0.1469017094017094
101,1.01,0.143988603988604,0.9090909090909091,0.146965811965812
102,1.02,0.1464814814814815,0.9090909090909091,0.146965811965812
103,1.03,0.14894586894586895,0.9090909090909091,0.14670940170940172
104,1.04,0.14841880341880342,0.9090909090909091,0.14670940170940172
105,1.05,0.1453917378917379,0.9090909090909091,0.14670940170940172
106,1.06,0.1455911680911681,0.9090909090909091,0.14670940170940172
107,1.07,0.14472222222222222,0.9090909090909091,0.146965811965812
108,1.08,0.14425213675213674,0.9090909090909091,0.146965811965812
109,1.09,0.14559829059829063,0.9090909090909091,0.146965811965812
110,1.1,0.14876780626780625,0.9090909090909091,0.146965811965812
111,1.11,0.1439814814814815,0.9090909090909091,0.146965811965812
112,1.12,0.146965811965812,0.9090909090909091,0.146965811965812
113,1.13,0.1464672364672365,0.9090909090909091,0.14704415954415956
114,1.14,0.1491951566951567,0.9090909090909091,0.14704415954415956
115,1.15,0.14754273504273505,0.9090909090909091,0.14704415954415956
116,1.16,0.14841168091168092,0.9090909090909091,0.14704415954415956
117,1.17,0.14643162393162396,0.9090909090909091,0.14722222222222223
118,1.18,0.14507122507122508,0.9090909090909091,0.14740740740740743
119,1.19,0.14740740740740743,0.9090909090909091,0.14740740740740743
120,1.2,0.14543447293447295,0.9090909090909091,0.14740740740740743
121,1.21,0.14722222222222223,0.9090909090909091,0.14744301994301995
122,1.22,0.14932336182336184,0.9090909090909091,0.14754273504273505
123,1.23,0.1505982905982906,0.9090909090909091,0.14841168091168092
124,1.24,0.14380341880341882,0.9090909090909091,0.14876780626780625
125,1.25,0.15123931623931625,0.9090909090909091,0.14897435897435898
126,1.26,0.14704415954415956,0.9090909090909091,0.14897435897435898
127,1.27,0.14744301994301995,0.9090909090909091,0.14897435897435898
128,1.28,0.15026353276353277,0.9090909090909091,0.14897435897435898
129,1.29,0.15298433048433052,0.9090909090909091,0.1491096866096866
130,1.3,0.14615384615384616,0.9090909090909091,0.1491096866096866
131,1.31,0.1497079772079772,0.9090909090909091,0.14923076923076922
132,1.32,0.14923076923076922,0.9090909090909091,0.14932336182336184
133,1.33,0.1491096866096866,0.9090909090909091,0.14966524216524218
134,1.34,0.1497293447293447,0.9090909090909091,0.1497079772079772
135,1.35,0.15524928774928776,0.9090909090909091,0.1497079772079772
136,1.36,0.15131766381766382,0.9090909090909091,0.1497293447293447
137,1.37,0.14966524216524218,0.9090909090909091,0.15026353276353277
138,1.38,0.15135327635327636,0.9090909090909091,0.15026353276353277
139,1.39,0.14897435897435898,0.9090909090909091,0.1497293447293447
140,1.4,0.15084757834757836,0.9090909090909091,0.15007834757834757
141,1.41,0.1410181436497226,0.8636363636363636,0.1497293447293447
142,1.42,0.14283475783475785,0.9090909090909091,0.1497293447293447
143,1.43,0.14693732193732195,0.9090909090909091,0.14983618233618234
144,1.44,0.15467236467236467,0.9090909090909091,0.1497293447293447
145,1.45,0.15096866096866096,0.9090909090909091,0.1497079772079772
146,1.46,0.15222222222222223,0.9090909090909091,0.1497079772079772
147,1.47,0.153096416254311,0.8636363636363636,0.14966524216524218
148,1.48,0.15170227920227922,0.9090909090909091,0.14966524216524218
149,1.49,0.1521011396011396,0.9090909090909091,0.1497293447293447
150,1.5,0.14733843154895784,0.8636363636363636,0.14966524216524218
151,1.51,0.15264957264957263,0.9090909090909091,0.1496011396011396
152,1.52,0.1514957264957265,0.9090909090909091,0.1496011396011396
153,1.53,0.14626780626780628,0.9090909090909091,0.1490811965811966
154,1.54,0.14470797720797723,0.9090909090909091,0.14897435897435898
155,1.55,0.15007834757834757,0.9090909090909091,0.14773504273504273
156,1.56,0.1496011396011396,0.9090909090909091,0.14773504273504273
157,1.57,0.14517918728445045,0.8636363636363636,0.1490811965811966
158,1.58,0.14983618233618234,0.9090909090909091,0.1496011396011396
159,1.59,0.14205840455840457,0.9090909090909091,0.14983618233618234
160,1.6,0.1490811965811966,0.9090909090909091,0.14983618233618234
161,1.61,0.14449430199430202,0.9090909090909091,0.14983618233618234
162,1.62,0.14637464387464388,0.9090909090909091,0.14983618233618234
163,1.63,0.14217236467236466,0.9090909090909091,0.14983618233618234
164,1.64,0.1516809116809117,0.9090909090909091,0.14983618233618234
165,1.65,0.14462250712250713,0.9090909090909091,0.14983618233618234
166,1.66,0.14583333333333334,0.9090909090909091,0.15
167,1.67,0.1533190883190883,0.9090909090909091,0.14983618233618234
168,1.68,0.14773504273504273,0.9090909090909091,0.14983618233618234
169,1.69,0.14588319088319088,0.9090909090909091,0.15
170,1.7,0.145491452991453,0.9090909090909091,0.15007834757834757
171,1.71,0.1507692307692308,0.9090909090909091,0.15040598290598292
172,1.72,0.1542094017094017,0.9090909090909091,0.1507692307692308
173,1.73,0.15,0.9090909090909091,0.1507692307692308
174,1.74,0.15304131054131054,0.9090909090909091,0.15105413105413107
175,1.75,0.15386752136752138,0.9090909090909091,0.15136752136752135
176,1.76,0.15105413105413107,0.9090909090909091,0.1514957264957265
177,1.77,0.15400997150997153,0.9090909090909091,0.1514957264957265
178,1.78,0.15462962962962964,0.9090909090909091,0.1515099715099715
179,1.79,0.1536965811965812,0.9090909090909091,0.15153846153846154
180,1.8,0.15040598290598292,0.9090909090909091,0.15153846153846154
181,1.81,0.15136752136752135,0.9090909090909091,0.15253561253561254
182,1.82,0.14765669515669516,0.9090909090909091,0.15253561253561254
183,1.83,0.1514957264957265,0.9090909090909091,0.15153846153846154
184,1.84,0.1583974358974359,0.9090909090909091,0.15153846153846154
185,1.85,0.15293447293447293,0.9090909090909091,0.15153846153846154
186,1.86,0.15366096866096868,0.9090909090909091,0.15253561253561254
187,1.87,0.1514957264957265,0.9090909090909091,0.15267094017094018
188,1.88,0.14915954415954416,0.9090909090909091,0.15253561253561254
189,1.89,0.15267094017094018,0.9090909090909091,0.15253561253561254
190,1.9,0.15492165242165243,0.9090909090909091,0.1518874643874644
191,1.91,0.15253561253561254,0.9090909090909091,0.15153846153846154
192,1.92,0.1515099715099715,0.9090909090909091,0.1518874643874644
193,1.93,0.15153846153846154,0.9090909090909091,0.1518874643874644
194,1.94,0.15375356125356127,0.9090909090909091,0.1518874643874644
195,1.95,0.1539814814814815,0.9090909090909091,0.1518874643874644
196,1.96,0.15574074074074074,0.9090909090909091,0.15217948717948718
197,1.97,0.14082621082621083,0.9090909090909091,0.1524002849002849
198,1.98,0.14784900284900285,0.9090909090909091,0.15253561253561254
199,1.99,0.15138888888888888,0.9090909090909091,0.15267094017094018
200,2.0,0.150982905982906,0.9090909090909091,0.15267094017094018
201,2.01,0.15284900284900285,0.9090909090909091,0.15253561253561254
202,2.02,0.155491452991453,0.9090909090909091,0.15253561253561254
203,2.03,0.1511752136752137,0.9090909090909091,0.15253561253561254
204,2.04,0.1518874643874644,0.9090909090909091,0.15267094017094018
205,2.05,0.15054131054131054,0.9090909090909091,0.15253561253561254
206,2.06,0.15066951566951567,0.9090909090909091,0.15253561253561254
207,2.07,0.15217948717948718,0.9090909090909091,0.1524002849002849
208,2.08,0.1528774928774929,0.9090909090909091,0.1524002849002849
209,2.09,0.1565954415954416,0.9090909090909091,0.1524002849002849
210,2.1,0.1546652421652422,0.9090909090909091,0.15217948717948718
211,2.11,0.1524002849002849,0.9090909090909091,0.15215811965811968
212,2.12,0.15495726495726495,0.9090909090909091,0.15201566951566955
213,2.13,0.15673789173789174,0.9090909090909091,0.15215811965811968
214,2.14,0.15440883190883192,0.9090909090909091,0.15215811965811968
215,2.15,0.15582621082621084,0.9090909090909091,0.15217948717948718
216,2.16,0.15215811965811968,0.9090909090909091,0.15227920227920227
217,2.17,0.15304131054131054,0.9090909090909091,0.15227920227920227
218,2.18,0.15081196581196582,0.9090909090909091,0.15217948717948718
219,2.19,0.15467236467236467,0.9090909090909091,0.15217948717948718
220,2.2,0.15141737891737891,0.9090909090909091,0.15227920227920227
221,2.21,0.15616809116809116,0.9090909090909091,0.15227920227920227
222,2.22,0.15014245014245015,0.9090909090909091,0.15227920227920227
223,2.23,0.14858262108262107,0.9090909090909091,0.15227920227920227
224,2.24,0.15201566951566955,0.9090909090909091,0.15215811965811968
225,2.25,0.14994301994301995,0.9090909090909091,0.15201566951566955
226,2.26,0.14490740740740743,0.9090909090909091,0.15141737891737891
227,2.27,0.14886752136752135,0.9090909090909091,0.15139601139601142
228,2.28,0.15227920227920227,0.9090909090909091,0.15095441595441597
229,2.29,0.15139601139601142,0.9090909090909091,0.15081196581196582
230,2.3,0.15286324786324787,0.9090909090909091,0.15081196581196582
231,2.31,0.15320512820512822,0.9090909090909091,0.15081196581196582
232,2.32,0.156025641025641,0.9090909090909091,0.15081196581196582
233,2.33,0.14972222222222223,0.9090909090909091,0.15081196581196582
234,2.34,0.14765669515669516,0.9090909090909091,0.15095441595441597
235,2.35,0.15606837606837606,0.9090909090909091,0.15095441595441597
236,2.36,0.15064814814814814,0.9090909090909091,0.15064814814814814
237,2.37,0.15095441595441597,0.9090909090909091,0.15064814814814814
238,2.38,0.14631766381766384,0.9090909090909091,0.15095441595441597
239,2.39,0.15037749287749289,0.9090909090909091,0.15095441595441597
240,2.4,0.14653846153846153,0.9090909090909091,0.1508760683760684
241,2.41,0.1469017094017094,0.9090909090909091,0.15095441595441597
242,2.42,0.15030626780626785,0.9090909090909091,0.15095441595441597
243,2.43,0.14689458689458693,0.9090909090909091,0.1512820512820513
244,2.44,0.14811253561253562,0.9090909090909091,0.1512820512820513
245,2.45,0.15298433048433052,0.9090909090909091,0.15095441595441597
246,2.46,0.15337606837606838,0.9090909090909091,0.1508760683760684
247,2.47,0.15267806267806266,0.9090909090909091,0.1508760683760684
248,2.48,0.15410256410256412,0.9090909090909091,0.1508760683760684
249,2.49,0.15227920227920227,0.9090909090909091,0.15095441595441597
250,2.5,0.15175925925925926,0.9090909090909091,0.15095441595441597
251,2.51,0.14921652421652423,0.9090909090909091,0.15095441595441597
252,2.52,0.1512820512820513,0.9090909090909091,0.1512820512820513
253,2.53,0.1540883190883191,0.9090909090909091,0.15175925925925926
254,2.54,0.14982905982905984,0.9090909090909091,0.15227920227920227
255,2.55,0.1508760683760684,0.9090909090909091,0.1523860398860399
256,2.56,0.15410256410256412,0.9090909090909091,0.1523860398860399
257,2.57,0.14990740740740738,0.9090909090909091,0.15267806267806266
258,2.58,0.15386039886039884,0.9090909090909091,0.15292735042735042
259,2.59,0.15296296296296297,0.9090909090909091,0.15296296296296297
260,2.6,0.14850427350427353,0.9090909090909091,0.15298433048433052
261,2.61,0.14995726495726497,0.9090909090909091,0.15296296296296297
262,2.62,0.15455840455840456,0.9090909090909091,0.15292735042735042
263,2.63,0.15344729344729346,0.9090909090909091,0.15292735042735042
264,2.64,0.15380341880341883,0.9090909090909091,0.15292735042735042
265,2.65,0.1467948717948718,0.9090909090909091,0.15292735042735042
266,2.66,0.1523860398860399,0.9090909090909091,0.15296296296296297
267,2.67,0.15320512820512822,0.9090909090909091,0.15296296296296297
268,2.68,0.15334757834757834,0.9090909090909091,0.15296296296296297
269,2.69,0.1544729344729345,0.9090909090909091,0.15292735042735042
270,2.7,0.15546296296296297,0.9090909090909091,0.15292735042735042
271,2.71,0.151965811965812,0.9090909090909091,0.15292735042735042
272,2.72,0.15292735042735042,0.9090909090909091,0.1527065527065527
273,2.73,0.15376780626780628,0.9090909090909091,0.1527065527065527
274,2.74,0.15745726495726495,0.9090909090909091,0.1527065527065527
275,2.75,0.15663105413105413,0.9090909090909091,0.15246438746438748
276,2.76,0.14841168091168092,0.9090909090909091,0.15246438746438748
277,2.77,0.15024928774928775,0.9090909090909091,0.15252849002849003
278,2.78,0.15246438746438748,0.9090909090909091,0.15246438746438748
279,2.79,0.15375356125356127,0.9090909090909091,0.1523860398860399
280,2.8,0.14724358974358975,0.9090909090909091,0.151965811965812
281,2.81,0.15341168091168092,0.9090909090909091,0.151965811965812
282,2.82,0.1446296296296296,0.9090909090909091,0.151965811965812
283,2.83,0.1527065527065527,0.9090909090909091,0.15170227920227922
284,2.84,0.1446011396011396,0.9090909090909091,0.1514814814814815
285,2.85,0.1473005698005698,0.9090909090909091,0.15066951566951567
286,2.86,0.15170227920227922,0.9090909090909091,0.15066951566951567
287,2.87,0.14692307692307693,0.9090909090909091,0.15024928774928775
288,2.88,0.14678062678062678,0.9090909090909091,0.15024928774928775
289,2.89,0.15478632478632476,0.9090909090909091,0.15024928774928775
290,2.9,0.1514814814814815,0.9090909090909091,0.14989316239316242
291,2.91,0.14989316239316242,0.9090909090909091,0.14959401709401712
292,2.92,0.15252849002849003,0.9090909090909091,0.14959401709401712
293,2.93,0.14804131054131053,0.9090909090909091,0.14959401709401712
294,2.94,0.15066951566951567,0.9090909090909091,0.14959401709401712
295,2.95,0.14117521367521368,0.9090909090909091,0.14925925925925926
296,2.96,0.14959401709401712,0.9090909090909091,0.14959401709401712
297,2.97,0.15396011396011397,0.9090909090909091,0.14925925925925926
298,2.98,0.14833333333333334,0.9090909090909091,0.14925925925925926
299,2.99,0.14783475783475783,0.9090909090909091,0.14925925925925926
300,3.0,0.14671652421652423,0.9090909090909091,0.14925925925925926
301,3.01,0.15172364672364672,0.9090909090909091,0.14925925925925926
302,3.02,0.14918803418803417,0.9090909090909091,0.14925925925925926
303,3.03,0.15302706552706552,0.9090909090909091,0.14959401709401712
304,3.04,0.15231481481481485,0.9090909090909091,0.1497863247863248
305,3.05,0.14732905982905983,0.9090909090909091,0.14959401709401712
306,3.06,0.14923789173789176,0.9090909090909091,0.14959401709401712
307,3.07,0.14507834757834762,0.9090909090909091,0.14925925925925926
308,3.08,0.15274216524216525,0.9090909090909091,0.14925925925925926
309,3.09,0.1538960113960114,0.9090909090909091,0.14959401709401712
310,3.1,0.14925925925925926,0.9090909090909091,0.14959401709401712
311,3.11,0.14993589743589744,0.9090909090909091,0.14959401709401712
312,3.12,0.14665954415954416,0.9090909090909091,0.14925925925925926
313,3.13,0.14699430199430202,0.9090909090909091,0.14923789173789176
314,3.14,0.1497863247863248,0.9090909090909091,0.14925925925925926
315,3.15,0.14752849002849003,0.9090909090909091,0.1497863247863248
316,3.16,0.1456837606837607,0.9090909090909091,0.1498860398860399
317,3.17,0.15455128205128207,0.9090909090909091,0.1498860398860399
318,3.18,0.1522934472934473,0.9090909090909091,0.14993589743589744
319,3.19,0.15283475783475786,0.9090909090909091,0.1498860398860399
320,3.2,0.14915954415954416,0.9090909090909091,0.1497863247863248
321,3.21,0.1498860398860399,0.9090909090909091,0.1498860398860399
322,3.22,0.14705128205128204,0.9090909090909091,0.1498860398860399
323,3.23,0.15144586894586898,0.9090909090909091,0.1498860398860399
324,3.24,0.1535042735042735,0.9090909090909091,0.1497863247863248
325,3.25,0.15252849002849003,0.9090909090909091,0.1497863247863248
326,3.26,0.14882478632478635,0.9090909090909091,0.1497863247863248
327,3.27,0.14772792022792022,0.9090909090909091,0.1497863247863248
328,3.28,0.14413817663817666,0.9090909090909091,0.1498860398860399
329,3.29,0.15353276353276354,0.9090909090909091,0.1498860398860399
330,3.3,0.15019943019943022,0.9090909090909091,0.15019943019943022
331,3.31,0.15333333333333335,0.9090909090909091,0.15019943019943022
332,3.32,0.15471509971509972,0.9090909090909091,0.15024928774928775
333,3.33,0.15336182336182336,0.9090909090909091,0.15024928774928775
334,3.34,0.14843304843304844,0.9090909090909091,0.15019943019943022
335,3.35,0.1489957264957265,0.9090909090909091,0.1498860398860399
336,3.36,0.15702279202279204,0.9090909090909091,0.1498860398860399
337,3.37,0.14811253561253562,0.9090909090909091,0.14974358974358976
338,3.38,0.1451566951566952,0.9090909090909091,0.14974358974358976
339,3.39,0.14878917378917378,0.9090909090909091,0.14930199430199428
340,3.4,0.15024928774928775,0.9090909090909091,0.1489957264957265
341,3.41,0.1488960113960114,0.9090909090909091,0.14892450142450145
342,3.42,0.15114672364672363,0.9090909090909091,0.1489957264957265
343,3.43,0.1524002849002849,0.9090909090909091,0.1489957264957265
344,3.44,0.14892450142450145,0.9090909090909091,0.1489957264957265
345,3.45,0.15123219373219376,0.9090909090909091,0.14892450142450145
346,3.46,0.14729344729344732,0.9090909090909091,0.14892450142450145
347,3.47,0.15180199430199431,0.9090909090909091,0.14892450142450145
348,3.48,0.15172364672364672,0.9090909090909091,0.14892450142450145
349,3.49,0.14974358974358976,0.9090909090909091,0.14892450142450145
350,3.5,0.1478988603988604,0.9090909090909091,0.1489957264957265
351,3.51,0.14930199430199428,0.9090909090909091,0.14892450142450145
352,3.52,0.1486111111111111,0.9090909090909091,0.14892450142450145
353,3.53,0.14729344729344732,0.9090909090909091,0.14930199430199428
354,3.54,0.1444729344729345,0.9090909090909091,0.14933048433048432
355,3.55,0.14742877492877493,0.9090909090909091,0.14974358974358976
356,3.56,0.14400284900284901,0.9090909090909091,0.14974358974358976
357,3.57,0.15047720797720796,0.9090909090909091,0.1502920227920228
358,3.58,0.14606125356125355,0.9090909090909091,0.1502920227920228
359,3.59,0.1472863247863248,0.9090909090909091,0.15024216524216527
360,3.6,0.14705840455840455,0.9090909090909091,0.15024216524216527
361,3.61,0.15225071225071224,0.9090909090909091,0.15024216524216527
362,3.62,0.14933048433048432,0.9090909090909091,0.15024216524216527
363,3.63,0.1547833258359574,0.8636363636363636,0.14974358974358976
364,3.64,0.15050569800569802,0.9090909090909091,0.14933048433048432
365,3.65,0.15693732193732193,0.9090909090909091,0.14930199430199428
366,3.66,0.14181623931623932,0.9090909090909091,0.14930199430199428
367,3.67,0.15428774928774927,0.9090909090909091,0.14903133903133906
368,3.68,0.15131766381766382,0.9090909090909091,0.14903133903133906
369,3.69,0.1502920227920228,0.9090909090909091,0.14903133903133906
370,3.7,0.15101851851851852,0.9090909090909091,0.14903133903133906
371,3.71,0.15606837606837606,0.9090909090909091,0.14903133903133906
372,3.72,0.153482905982906,0.9090909090909091,0.14903133903133906
373,3.73,0.15083333333333335,0.9090909090909091,0.1480840455840456
374,3.74,0.15024216524216527,0.9090909090909091,0.14903133903133906
375,3.75,0.14752136752136752,0.9090909090909091,0.14903133903133906
376,3.76,0.1509045584045584,0.9090909090909091,0.14903133903133906
377,3.77,0.14606125356125355,0.9090909090909091,0.1480840455840456
378,3.78,0.14661680911680913,0.9090909090909091,0.1478917378917379
379,3.79,0.14903133903133906,0.9090909090909091,0.14753561253561256
380,3.8,0.14259971509971509,0.9090909090909091,0.14752136752136752
381,3.81,0.1421866096866097,0.9090909090909091,0.1472008547008547
382,3.82,0.13877492877492878,0.9090909090909091,0.1472008547008547
383,3.83,0.1428917378917379,0.9090909090909091,0.14661680911680913
384,3.84,0.14753561253561256,0.9090909090909091,0.14621082621082623
385,3.85,0.14106837606837608,0.9090909090909091,0.14606125356125355
386,3.86,0.1480840455840456,0.9090909090909091,0.14595441595441597
387,3.87,0.1446866096866097,0.9090909090909091,0.14532763532763535
388,3.88,0.1472008547008547,0.9090909090909091,0.14532763532763535
389,3.89,0.14982905982905984,0.9090909090909091,0.14472222222222222
390,3.9,0.14532763532763535,0.9090909090909091,0.1446866096866097
391,3.91,0.1478917378917379,0.9090909090909091,0.14450854700854704
392,3.92,0.14621082621082623,0.9090909090909091,0.14443732193732195
393,3.93,0.14595441595441597,0.9090909090909091,0.14443732193732195
394,3.94,0.14472222222222222,0.9090909090909091,0.14443732193732195
395,3.95,0.1420726495726496,0.9090909090909091,0.14408119658119659
396,3.96,0.14408119658119659,0.9090909090909091,0.14408119658119659
397,3.97,0.14051282051282052,0.9090909090909091,0.14443732193732195
398,3.98,0.1409116809116809,0.9090909090909091,0.14443732193732195
399,3.99,0.13877492877492878,0.9090909090909091,0.14443732193732195
400,4.0,0.14311965811965813,0.9090909090909091,0.14443732193732195
401,4.01,0.1400997150997151,0.9090909090909091,0.14443732193732195
402,4.02,0.14314102564102565,0.9090909090909091,0.14408119658119659
403,4.03,0.14668091168091169,0.9090909090909091,0.14408119658119659
404,4.04,0.14443732193732195,0.9090909090909091,0.14408119658119659
405,4.05,0.14343304843304844,0.9090909090909091,0.14408119658119659
406,4.06,0.14450854700854704,0.9090909090909091,0.14408119658119659
407,4.07,0.13564814814814816,0.9090909090909091,0.14408119658119659
408,4.08,0.14546296296296296,0.9090909090909091,0.14408119658119659
409,4.09,0.14489316239316238,0.9090909090909091,0.14408119658119659
410,4.1,0.14304131054131053,0.9090909090909091,0.14408119658119659
411,4.11,0.14137464387464388,0.9090909090909091,0.14408119658119659
412,4.12,0.14579772079772083,0.9090909090909091,0.14432336182336183
413,4.13,0.14084045584045585,0.9090909090909091,0.14432336182336183
414,4.14,0.14394586894586897,0.9090909090909091,0.14432336182336183
415,4.15,0.14534188034188034,0.9090909090909091,0.14443732193732195
416,4.16,0.14061253561253562,0.9090909090909091,0.14450854700854704
417,4.17,0.14163105413105412,0.9090909090909091,0.14466524216524218
418,4.18,0.14759259259259258,0.9090909090909091,0.14466524216524218
419,4.19,0.14477920227920227,0.9090909090909091,0.1445940170940171
420,4.2,0.14581196581196582,0.9090909090909091,0.1445940170940171
421,4.21,0.14432336182336183,0.9090909090909091,0.1445940170940171
422,4.22,0.14793447293447295,0.9090909090909091,0.14466524216524218
423,4.23,0.14476495726495728,0.9090909090909091,0.14476495726495728
424,4.24,0.14466524216524218,0.9090909090909091,0.14466524216524218
425,4.25,0.14702279202279203,0.9090909090909091,0.14466524216524218
426,4.26,0.14286324786324786,0.9090909090909091,0.14476495726495728
427,4.27,0.14853988603988605,0.9090909090909091,0.14477920227920227
428,4.28,0.1436823361823362,0.9090909090909091,0.14476495726495728
429,4.29,0.14428062678062678,0.9090909090909091,0.14477920227920227
430,4.3,0.14713675213675217,0.9090909090909091,0.14534188034188034
431,4.31,0.14675925925925926,0.9090909090909091,0.14477920227920227
432,4.32,0.14613247863247864,0.9090909090909091,0.14558404558404558
433,4.33,0.1445940170940171,0.9090909090909091,0.14558404558404558
434,4.34,0.1430840455840456,0.9090909090909091,0.14477920227920227
435,4.35,0.1424002849002849,0.9090909090909091,0.14476495726495728
436,4.36,0.1436111111111111,0.9090909090909091,0.14466524216524218
437,4.37,0.14770655270655275,0.9090909090909091,0.14466524216524218
438,4.38,0.14653133903133905,0.9090909090909091,0.1445940170940171
439,4.39,0.14412393162393164,0.9090909090909091,0.14428062678062678
440,4.4,0.14558404558404558,0.9090909090909091,0.14428062678062678
441,4.41,0.14733618233618234,0.9090909090909091,0.14412393162393164
442,4.42,0.14558404558404558,0.9090909090909091,0.14428062678062678
443,4.43,0.1425925925925926,0.9090909090909091,0.14428062678062678
444,4.44,0.14682336182336184,0.9090909090909091,0.1445940170940171
445,4.45,0.14559829059829063,0.9090909090909091,0.1445940170940171
446,4.46,0.1412108262108262,0.9090909090909091,0.14412393162393164
447,4.47,0.1459116809116809,0.9090909090909091,0.14392450142450144
448,4.48,0.13653846153846155,0.9090909090909091,0.14392450142450144
449,4.49,0.13873219373219373,0.9090909090909091,0.1438675213675214
450,4.5,0.13497863247863248,0.9090909090909091,0.14392450142450144
451,4.51,0.13351139601139603,0.9090909090909091,0.14412393162393164
452,4.52,0.13184472934472935,0.9090909090909091,0.14466524216524218
453,4.53,0.13411680911680912,0.9090909090909091,0.14466524216524218
454,4.54,0.1407051282051282,0.9090909090909091,0.14412393162393164
455,4.55,0.14495014245014246,0.9090909090909091,0.14392450142450144
456,4.56,0.1427920227920228,0.9090909090909091,0.1438675213675214
457,4.57,0.14596866096866096,0.9090909090909091,0.14326923076923076
458,4.58,0.14466524216524218,0.9090909090909091,0.14326923076923076
459,4.59,0.14559829059829063,0.9090909090909091,0.14326923076923076
460,4.6,0.1403774928774929,0.9090909090909091,0.14326923076923076
461,4.61,0.14326923076923076,0.9090909090909091,0.14326923076923076
462,4.62,0.14392450142450144,0.9090909090909091,0.1438675213675214
463,4.63,0.14581196581196582,0.9090909090909091,0.1438675213675214
464,4.64,0.1438675213675214,0.9090909090909091,0.14392450142450144
465,4.65,0.14493589743589746,0.9090909090909091,0.1444871794871795
466,4.66,0.14670940170940172,0.9090909090909091,0.1444871794871795
467,4.67,0.14545584045584048,0.9090909090909091,0.14466524216524218
468,4.68,0.14517806267806269,0.9090909090909091,0.14493589743589746
469,4.69,0.14315527065527067,0.9090909090909091,0.14495014245014246
470,4.7,0.13793447293447295,0.9090909090909091,0.14495014245014246
471,4.71,0.13977207977207978,0.9090909090909091,0.14493589743589746
472,4.72,0.14257122507122508,0.9090909090909091,0.14493589743589746
473,4.73,0.14584757834757836,0.9090909090909091,0.14466524216524218
474,4.74,0.14120370370370372,0.9090909090909091,0.1444871794871795
475,4.75,0.14633903133903134,0.9090909090909091,0.1442022792022792
476,4.76,0.1444871794871795,0.9090909090909091,0.1442022792022792
477,4.77,0.14714387464387466,0.9090909090909091,0.1442022792022792
478,4.78,0.1460754985754986,0.9090909090909091,0.1442022792022792
479,4.79,0.1468091168091168,0.9090909090909091,0.1442022792022792
480,4.8,0.14613247863247864,0.9090909090909091,0.1444871794871795
481,4.81,0.14243589743589744,0.9090909090909091,0.1442022792022792
482,4.82,0.14742877492877493,0.9090909090909091,0.1442022792022792
483,4.83,0.14506410256410257,0.9090909090909091,0.1442022792022792
484,4.84,0.1451923076923077,0.9090909090909091,0.1442022792022792
485,4.85,0.14157407407407407,0.9090909090909091,0.1442022792022792
486,4.86,0.14403133903133902,0.9090909090909091,0.1442022792022792
487,4.87,0.13905982905982908,0.9090909090909091,0.1444871794871795
488,4.88,0.14382478632478632,0.9090909090909091,0.14506410256410257
489,4.89,0.1442022792022792,0.9090909090909091,0.14506410256410257
490,4.9,0.13605413105413106,0.9090909090909091,0.14506410256410257
491,4.91,0.14241452991452994,0.9090909090909091,0.14506410256410257
492,4.92,0.14003561253561253,0.9090909090909091,0.14506410256410257
493,4.93,0.13028490028490028,0.9090909090909091,0.1442022792022792
494,4.94,0.14516381766381767,0.9090909090909091,0.14405270655270655
495,4.95,0.14522792022792025,0.9090909090909091,0.14405270655270655
496,4.96,0.1426780626780627,0.9090909090909091,0.14405270655270655
497,4.97,0.14507834757834762,0.9090909090909091,0.1442022792022792
498,4.98,0.14720797720797724,0.9090909090909091,0.1442022792022792
499,4.99,0.14522079772079774,0.9090909090909091,0.14405270655270655
500,5.0,0.14400997150997152,0.9090909090909091,0.14405270655270655
501,5.01,0.14295584045584045,0.9090909090909091,0.14405270655270655
502,5.02,0.14640313390313392,0.9090909090909091,0.1442022792022792
503,5.03,0.1463960113960114,0.9090909090909091,0.1442022792022792
504,5.04,0.14542022792022793,0.9090909090909091,0.1444017094017094
505,5.05,0.1402920227920228,0.9090909090909091,0.1444017094017094
506,5.06,0.14511396011396013,0.9090909090909091,0.1444017094017094
507,5.07,0.1425783475783476,0.9090909090909091,0.1444017094017094
508,5.08,0.14405270655270655,0.9090909090909091,0.1444017094017094
509,5.09,0.1409757834757835,0.9090909090909091,0.1444017094017094
510,5.1,0.14712250712250713,0.9090909090909091,0.14405270655270655
511,5.11,0.1444017094017094,0.9090909090909091,0.14400997150997152
512,5.12,0.1448860398860399,0.9090909090909091,0.14400997150997152
513,5.13,0.14805555555555555,0.9090909090909091,0.14358974358974358
514,5.14,0.14352564102564103,0.9090909090909091,0.14352564102564103
515,5.15,0.14943732193732193,0.9090909090909091,0.14352564102564103
516,5.16,0.14173076923076924,0.9090909090909091,0.14352564102564103
517,5.17,0.1456054131054131,0.9090909090909091,0.14358974358974358
518,5.18,0.14158119658119658,0.9090909090909091,0.14358974358974358
519,5.19,0.14535612535612538,0.9090909090909091,0.14352564102564103
520,5.2,0.14346153846153847,0.9090909090909091,0.14346153846153847
521,5.21,0.14311253561253562,0.9090909090909091,0.14346153846153847
522,5.22,0.14096153846153844,0.9090909090909091,0.14311253561253562
523,5.23,0.14358974358974358,0.9090909090909091,0.14346153846153847
524,5.24,0.13391737891737893,0.9090909090909091,0.14346153846153847
525,5.25,0.1429202279202279,0.9090909090909091,0.14352564102564103
526,5.26,0.14221509971509974,0.9090909090909091,0.14352564102564103
527,5.27,0.14135327635327635,0.9090909090909091,0.14352564102564103
528,5.28,0.13980769230769233,0.9090909090909091,0.14346153846153847
529,5.29,0.1382763532763533,0.9090909090909091,0.14346153846153847
530,5.3,0.14366809116809118,0.9090909090909091,0.14311253561253562
531,5.31,0.1442663817663818,0.9090909090909091,0.14293447293447295
532,5.32,0.14524216524216524,0.9090909090909091,0.14293447293447295
533,5.33,0.14512820512820515,0.9090909090909091,0.1429202279202279
534,5.34,0.14117521367521368,0.9090909090909091,0.1429202279202279
535,5.35,0.14004273504273504,0.9090909090909091,0.1429202279202279
536,5.36,0.14017094017094017,0.9090909090909091,0.1429202279202279
537,5.37,0.14290598290598291,0.9090909090909091,0.1429202279202279
538,5.38,0.14599715099715102,0.9090909090909091,0.14293447293447295
539,5.39,0.14492165242165242,0.9090909090909091,0.1429202279202279
540,5.4,0.1437820512820513,0.9090909090909091,0.1429202279202279
541,5.41,0.14441595441595442,0.9090909090909091,0.14293447293447295
542,5.42,0.1477777777777778,0.9090909090909091,0.14293447293447295
543,5.43,0.14260683760683762,0.9090909090909091,0.14293447293447295
544,5.44,0.1466737891737892,0.9090909090909091,0.14329772079772082
545,5.45,0.14084757834757836,0.9090909090909091,0.14366809116809118
546,5.46,0.14293447293447295,0.9090909090909091,0.1437820512820513
547,5.47,0.14247150997150998,0.9090909090909091,0.1433760683760684
548,5.48,0.14280626780626782,0.9090909090909091,0.1433760683760684
549,5.49,0.1413817663817664,0.9090909090909091,0.1433760683760684
550,5.5,0.14329772079772082,0.9090909090909091,0.1433760683760684
551,5.51,0.1445940170940171,0.9090909090909091,0.1437820512820513
552,5.52,0.14702991452991454,0.9090909090909091,0.1443660968660969
553,5.53,0.1443660968660969,0.9090909090909091,0.1443660968660969
554,5.54,0.1387891737891738,0.9090909090909091,0.1443660968660969
555,5.55,0.14220797720797723,0.9090909090909091,0.1443660968660969
556,5.56,0.14772079772079771,0.9090909090909091,0.14441595441595442
557,5.57,0.14175213675213677,0.9090909090909091,0.1445940170940171
558,5.58,0.14035612535612535,0.9090909090909091,0.1443660968660969
559,5.59,0.1448005698005698,0.9090909090909091,0.1445940170940171
560,5.6,0.1456054131054131,0.9090909090909091,0.1445940170940171
561,5.61,0.1472008547008547,0.9090909090909091,0.1448005698005698
562,5.62,0.1433760683760684,0.9090909090909091,0.14490740740740743
563,5.63,0.1450997150997151,0.9090909090909091,0.14494301994301995
564,5.64,0.14665242165242165,0.9090909090909091,0.1450997150997151
565,5.65,0.14230769230769233,0.9090909090909091,0.1456054131054131
566,5.66,0.14490740740740743,0.9090909090909091,0.14636752136752137
567,5.67,0.14858974358974358,0.9090909090909091,0.14636752136752137
568,5.68,0.14311253561253562,0.9090909090909091,0.14636752136752137
569,5.69,0.14762820512820513,0.9090909090909091,0.14654558404558407
570,5.7,0.14972222222222223,0.9090909090909091,0.14665242165242165
571,5.71,0.14974358974358976,0.9090909090909091,0.1472008547008547
572,5.72,0.14844729344729346,0.9090909090909091,0.1472008547008547
573,5.73,0.1402136752136752,0.9090909090909091,0.1472008547008547
574,5.74,0.15003561253561257,0.9090909090909091,0.14762820512820513
575,5.75,0.14822649572649574,0.9090909090909091,0.14783475783475783
576,5.76,0.14494301994301995,0.9090909090909091,0.14783475783475783
577,5.77,0.15312678062678062,0.9090909090909091,0.1480982905982906
578,5.78,0.14654558404558407,0.9090909090909091,0.14822649572649574
579,5.79,0.14783475783475783,0.9090909090909091,0.14844729344729346
580,5.8,0.14636752136752137,0.9090909090909091,0.14858974358974358
581,5.81,0.1527635327635328,0.9090909090909091,0.1486752136752137
582,5.82,0.14584045584045582,0.9090909090909091,0.1488390313390313
583,5.83,0.14903133903133906,0.9090909090909091,0.14903133903133906
584,5.84,0.15129629629629632,0.9090909090909091,0.14903133903133906
585,5.85,0.1480982905982906,0.9090909090909091,0.14937321937321937
586,5.86,0.1486752136752137,0.9090909090909091,0.14937321937321937
587,5.87,0.1488390313390313,0.9090909090909091,0.14937321937321937
588,5.88,0.14526353276353277,0.9090909090909091,0.14937321937321937
589,5.89,0.1501638176638177,0.9090909090909091,0.14997863247863247
590,5.9,0.14937321937321937,0.9090909090909091,0.14997863247863247
591,5.91,0.14661680911680913,0.9090909090909091,0.1500854700854701
592,5.92,0.150491452991453,0.9090909090909091,0.15010683760683763
593,5.93,0.14997863247863247,0.9090909090909091,0.15010683760683763
594,5.94,0.15341168091168092,0.9090909090909091,0.15014245014245015
595,5.95,0.15195156695156697,0.9090909090909091,0.1501638176638177
596,5.96,0.15201566951566955,0.9090909090909091,0.150491452991453
597,5.97,0.15014245014245015,0.9090909090909091,0.1501638176638177
598,5.98,0.1519017094017094,0.9090909090909091,0.150491452991453
599,5.99,0.14865384615384616,0.9090909090909091,0.15110398860398863
600,6.0,0.15282763532763532,0.9090909090909091,0.15110398860398863
601,6.01,0.1514957264957265,0.9090909090909091,0.15110398860398863
602,6.02,0.1527065527065527,0.9090909090909091,0.15110398860398863
603,6.03,0.14713675213675217,0.9090909090909091,0.15110398860398863
604,6.04,0.1500854700854701,0.9090909090909091,0.15110398860398863
605,6.05,0.15422364672364675,0.9090909090909091,0.15110398860398863
606,6.06,0.15110398860398863,0.9090909090909091,0.15110398860398863
607,6.07,0.15010683760683763,0.9090909090909091,0.15110398860398863
608,6.08,0.15134615384615388,0.9090909090909091,0.15134615384615388
609,6.09,0.1521723646723647,0.9090909090909091,0.15134615384615388
610,6.1,0.15215811965811968,0.9090909090909091,0.15110398860398863
611,6.11,0.1537962962962963,0.9090909090909091,0.1510897435897436
612,6.12,0.14846153846153848,0.9090909090909091,0.1510897435897436
613,6.13,0.15525641025641027,0.9090909090909091,0.15110398860398863
614,6.14,0.15180911680911682,0.9090909090909091,0.1510897435897436
615,6.15,0.15341880341880343,0.9090909090909091,0.1510897435897436
616,6.16,0.14863247863247867,0.9090909090909091,0.1510897435897436
617,6.17,0.14948717948717952,0.9090909090909091,0.1510897435897436
618,6.18,0.15039886039886038,0.9090909090909091,0.1510897435897436
619,6.19,0.1489031339031339,0.9090909090909091,0.15110398860398863
620,6.2,0.1508903133903134,0.9090909090909091,0.15123931623931625
621,6.21,0.15050569800569802,0.9090909090909091,0.15123931623931625
622,6.22,0.1510897435897436,0.9090909090909091,0.15123931623931625
623,6.23,0.15346866096866096,0.9090909090909091,0.15123931623931625
624,6.24,0.14949430199430203,0.9090909090909091,0.1510897435897436
625,6.25,0.15006410256410257,0.9090909090909091,0.1510897435897436
626,6.26,0.14588319088319088,0.9090909090909091,0.1510897435897436
627,6.27,0.15123931623931625,0.9090909090909091,0.15092592592592594
628,6.28,0.15401709401709401,0.9090909090909091,0.1510897435897436
629,6.29,0.14854700854700856,0.9090909090909091,0.1510897435897436
630,6.3,0.1507692307692308,0.9090909090909091,0.15101139601139602
631,6.31,0.15207264957264957,0.9090909090909091,0.15092592592592594
632,6.32,0.15165954415954416,0.9090909090909091,0.15101139601139602
633,6.33,0.15562678062678062,0.9090909090909091,0.15101139601139602
634,6.34,0.15527777777777776,0.9090909090909091,0.15101139601139602
635,6.35,0.1535968660968661,0.9090909090909091,0.15101139601139602
636,6.36,0.15362535612535616,0.9090909090909091,0.15101139601139602
637,6.37,0.14922364672364674,0.9090909090909091,0.15101139601139602
638,6.38,0.14836894586894586,0.9090909090909091,0.15092592592592594
639,6.39,0.15042022792022794,0.9090909090909091,0.1507692307692308
640,6.4,0.15361111111111111,0.9090909090909091,0.1507692307692308
641,6.41,0.15154558404558405,0.9090909090909091,0.1507692307692308
642,6.42,0.15092592592592594,0.9090909090909091,0.1507692307692308
643,6.43,0.1541880341880342,0.9090909090909091,0.15042022792022794
644,6.44,0.15346153846153845,0.9090909090909091,0.15007122507122508
645,6.45,0.15101139601139602,0.9090909090909091,0.15007122507122508
646,6.46,0.14967948717948718,0.9090909090909091,0.14967948717948718
647,6.47,0.15334045584045586,0.9090909090909091,0.14922364672364674
648,6.48,0.14845441595441597,0.9090909090909091,0.14905982905982906
649,6.49,0.15007122507122508,0.9090909090909091,0.14845441595441597
650,6.5,0.14531339031339033,0.9090909090909091,0.14845441595441597
651,6.51,0.1479131054131054,0.9090909090909091,0.14845441595441597
652,6.52,0.14816239316239316,0.9090909090909091,0.14845441595441597
653,6.53,0.14534900284900285,0.9090909090909091,0.14836894586894586
654,6.54,0.14534188034188034,0.9090909090909091,0.14824074074074076
655,6.55,0.14346153846153847,0.9090909090909091,0.14816239316239316
656,6.56,0.14529914529914528,0.9090909090909091,0.147962962962963
657,6.57,0.1412962962962963,0.9090909090909091,0.147962962962963
658,6.58,0.14376780626780628,0.9090909090909091,0.147962962962963
659,6.59,0.1453988603988604,0.9090909090909091,0.147962962962963
660,6.6,0.1461752136752137,0.9090909090909091,0.147962962962963
661,6.61,0.147962962962963,0.9090909090909091,0.147962962962963
662,6.62,0.14905982905982906,0.9090909090909091,0.1479131054131054
663,6.63,0.14544871794871794,0.9090909090909091,0.1479131054131054
664,6.64,0.14546296296296296,0.9090909090909091,0.14654558404558407
665,6.65,0.14859686609686612,0.9090909090909091,0.14654558404558407
666,6.66,0.14849715099715102,0.9090909090909091,0.14725071225071226
667,6.67,0.1538105413105413,0.9090909090909091,0.14725071225071226
668,6.68,0.14824074074074076,0.9090909090909091,0.14725071225071226
669,6.69,0.14654558404558407,0.9090909090909091,0.147962962962963
670,6.7,0.14573361823361825,0.9090909090909091,0.1480840455840456
671,6.71,0.14512820512820515,0.9090909090909091,0.14824074074074076
672,6.72,0.15013532763532766,0.9090909090909091,0.14824074074074076
673,6.73,0.1525997150997151,0.9090909090909091,0.14824074074074076
674,6.74,0.14925213675213675,0.9090909090909091,0.14831196581196582
675,6.75,0.14996438746438748,0.9090909090909091,0.14849715099715102
676,6.76,0.1526851851851852,0.9090909090909091,0.14849715099715102
677,6.77,0.1452849002849003,0.9090909090909091,0.148511396011396
678,6.78,0.1496866096866097,0.9090909090909091,0.14849715099715102
679,6.79,0.14375356125356126,0.9090909090909091,0.148511396011396
680,6.8,0.14725071225071226,0.9090909090909091,0.14859686609686612
681,6.81,0.15185897435897436,0.9090909090909091,0.14925213675213675
682,6.82,0.14945156695156697,0.9090909090909091,0.14925213675213675
683,6.83,0.1480840455840456,0.9090909090909091,0.148511396011396
684,6.84,0.14831196581196582,0.9090909090909091,0.148511396011396
685,6.85,0.14991452991452994,0.9090909090909091,0.14925213675213675
686,6.86,0.15071225071225072,0.9090909090909091,0.14925213675213675
687,6.87,0.1479985754985755,0.9090909090909091,0.14925213675213675
688,6.88,0.1425,0.9090909090909091,0.148511396011396
689,6.89,0.148511396011396,0.9090909090909091,0.14841880341880342
690,6.9,0.1494088319088319,0.9090909090909091,0.14841880341880342
691,6.91,0.14559829059829063,0.9090909090909091,0.14841880341880342
692,6.92,0.1521011396011396,0.9090909090909091,0.14841880341880342
693,6.93,0.14841880341880342,0.9090909090909091,0.14841880341880342
694,6.94,0.15368233618233618,0.9090909090909091,0.14831196581196582
695,6.95,0.15426638176638177,0.9090909090909091,0.14831196581196582
696,6.96,0.14962250712250713,0.9090909090909091,0.14831196581196582
697,6.97,0.14824786324786324,0.9090909090909091,0.14831196581196582
698,6.98,0.14764245014245014,0.9090909090909091,0.14824786324786324
699,6.99,0.1479843304843305,0.9090909090909091,0.14824786324786324
700,7.0,0.15012820512820513,0.9090909090909091,0.14824786324786324
701,7.01,0.14691595441595443,0.9090909090909091,0.1479985754985755
702,7.02,0.1470940170940171,0.9090909090909091,0.1479985754985755
703,7.03,0.1476851851851852,0.9090909090909091,0.1479843304843305
704,7.04,0.14535612535612538,0.9090909090909091,0.14824786324786324
705,7.05,0.15074074074074076,0.9090909090909091,0.1479843304843305
706,7.06,0.15118233618233617,0.9090909090909091,0.1476851851851852
707,7.07,0.1491809116809117,0.9090909090909091,0.1476851851851852
708,7.08,0.14425925925925925,0.9090909090909091,0.1476851851851852
709,7.09,0.14183760683760685,0.9090909090909091,0.14764245014245014
710,7.1,0.14695868945868948,0.9090909090909091,0.14764245014245014
711,7.11,0.1473860398860399,0.9090909090909091,0.14763532763532766
712,7.12,0.14872507122507123,0.9090909090909091,0.14763532763532766
713,7.13,0.1453632478632479,0.9090909090909091,0.14755698005698006
714,7.14,0.14742165242165245,0.9090909090909091,0.14752136752136752
715,7.15,0.1493945868945869,0.9090909090909091,0.14752136752136752
716,7.16,0.1430982905982906,0.9090909090909091,0.14752136752136752
717,7.17,0.14849002849002851,0.9090909090909091,0.14755698005698006
718,7.18,0.14589743589743592,0.9090909090909091,0.14755698005698006
719,7.19,0.14869658119658122,0.9090909090909091,0.14752136752136752
720,7.2,0.14637464387464388,0.9090909090909091,0.14752136752136752
721,7.21,0.14763532763532766,0.9090909090909091,0.14742165242165245
722,7.22,0.14755698005698006,0.9090909090909091,0.1473860398860399
723,7.23,0.14932336182336184,0.9090909090909091,0.1473860398860399
724,7.24,0.14533475783475786,0.9090909090909091,0.14742165242165245
725,7.25,0.15413817663817664,0.9090909090909091,0.14752136752136752
726,7.26,0.14752136752136752,0.9090909090909091,0.14755698005698006
727,7.27,0.14896011396011397,0.9090909090909091,0.14755698005698006
728,7.28,0.14615384615384616,0.9090909090909091,0.14752136752136752
729,7.29,0.1463034188034188,0.9090909090909091,0.14752136752136752
730,7.3,0.1498005698005698,0.9090909090909091,0.14752136752136752
731,7.31,0.15030626780626785,0.9090909090909091,0.14752136752136752
732,7.32,0.15051994301994304,0.9090909090909091,0.14755698005698006
733,7.33,0.14375356125356126,0.9090909090909091,0.14752136752136752
734,7.34,0.14640313390313392,0.9090909090909091,0.14755698005698006
735,7.35,0.14241452991452994,0.9090909090909091,0.14755698005698006
736,7.36,0.1457051282051282,0.9090909090909091,0.14755698005698006
737,7.37,0.1471866096866097,0.9090909090909091,0.14755698005698006
738,7.38,0.1549074074074074,0.9090909090909091,0.14759971509971512
739,7.39,0.1496866096866097,0.9090909090909091,0.14759971509971512
740,7.4,0.14801282051282053,0.9090909090909091,0.14801282051282053
741,7.41,0.14995726495726497,0.9090909090909091,0.14801282051282053
742,7.42,0.14750712250712253,0.9090909090909091,0.14801282051282053
743,7.43,0.13840455840455843,0.9090909090909091,0.1477564102564103
744,7.44,0.14647435897435898,0.9090909090909091,0.1477564102564103
745,7.45,0.14598290598290597,0.9090909090909091,0.14784188034188034
746,7.46,0.15045584045584048,0.9090909090909091,0.14784188034188034
747,7.47,0.14864672364672366,0.9090909090909091,0.14784188034188034
748,7.48,0.14616809116809118,0.9090909090909091,0.14784188034188034
749,7.49,0.1505982905982906,0.9090909090909091,0.14784188034188034
750,7.5,0.15273504273504276,0.9090909090909091,0.14801282051282053
751,7.51,0.1447863247863248,0.9090909090909091,0.14801282051282053
752,7.52,0.1498860398860399,0.9090909090909091,0.14831196581196582
753,7.53,0.14759971509971512,0.9090909090909091,0.14831196581196582
754,7.54,0.15054131054131054,0.9090909090909091,0.14831196581196582
755,7.55,0.15192307692307694,0.9090909090909091,0.14801282051282053
756,7.56,0.14831196581196582,0.9090909090909091,0.14831196581196582
757,7.57,0.1477564102564103,0.9090909090909091,0.14784188034188034
758,7.58,0.14445156695156694,0.9090909090909091,0.14784188034188034
759,7.59,0.1447578347578348,0.9090909090909091,0.14784188034188034
760,7.6,0.14784188034188034,0.9090909090909091,0.14831196581196582
761,7.61,0.14955840455840458,0.9090909090909091,0.14849715099715102
762,7.62,0.15128917378917378,0.9090909090909091,0.14831196581196582
763,7.63,0.14849715099715102,0.9090909090909091,0.14831196581196582
764,7.64,0.14780626780626782,0.9090909090909091,0.14849715099715102
765,7.65,0.15019230769230768,0.9090909090909091,0.14849715099715102
766,7.66,0.1420726495726496,0.9090909090909091,0.14831196581196582
767,7.67,0.1509045584045584,0.9090909090909091,0.14831196581196582
768,7.68,0.14262108262108264,0.9090909090909091,0.14784188034188034
769,7.69,0.15081908831908833,0.9090909090909091,0.14784188034188034
770,7.7,0.14668803418803422,0.9090909090909091,0.14784188034188034
771,7.71,0.1496866096866097,0.9090909090909091,0.14784188034188034
772,7.72,0.14783475783475783,0.9090909090909091,0.14784188034188034
773,7.73,0.13907407407407407,0.9090909090909091,0.14819800569800567
774,7.74,0.14717948717948717,0.9090909090909091,0.14819800569800567
775,7.75,0.14898148148148146,0.9090909090909091,0.14849715099715102
776,7.76,0.149508547008547,0.9090909090909091,0.14849715099715102
777,7.77,0.14735042735042736,0.9090909090909091,0.14819800569800567
778,7.78,0.15147435897435899,0.9090909090909091,0.14783475783475783
779,7.79,0.15233618233618237,0.9090909090909091,0.14783475783475783
780,7.8,0.15444444444444447,0.9090909090909091,0.14783475783475783
781,7.81,0.14401709401709403,0.9090909090909091,0.14783475783475783
782,7.82,0.14705128205128204,0.9090909090909091,0.1479843304843305
783,7.83,0.14668091168091169,0.9090909090909091,0.14783475783475783
784,7.84,0.1477849002849003,0.9090909090909091,0.14783475783475783
785,7.85,0.15019230769230768,0.9090909090909091,0.1477849002849003
786,7.86,0.1505911680911681,0.9090909090909091,0.1477849002849003
787,7.87,0.14819800569800567,0.9090909090909091,0.1477849002849003
788,7.88,0.1505128205128205,0.9090909090909091,0.14735042735042736
789,7.89,0.14346153846153847,0.9090909090909091,0.1477849002849003
790,7.9,0.1535826210826211,0.9090909090909091,0.1477849002849003
791,7.91,0.14699430199430202,0.9090909090909091,0.14735042735042736
792,7.92,0.14006410256410257,0.9090909090909091,0.14735042735042736
793,7.93,0.14717948717948717,0.9090909090909091,0.14767094017094018
794,7.94,0.14949430199430203,0.9090909090909091,0.14767094017094018
795,7.95,0.14574074074074075,0.9090909090909091,0.14767094017094018
796,7.96,0.1479843304843305,0.9090909090909091,0.1473005698005698
797,7.97,0.1510897435897436,0.9090909090909091,0.14767094017094018
798,7.98,0.14665242165242165,0.9090909090909091,0.1477849002849003
799,7.99,0.14660968660968662,0.9090909090909091,0.1477849002849003
800,8.0,0.1473005698005698,0.9090909090909091,0.1479843304843305
801,8.01,0.14684472934472934,0.9090909090909091,0.1479843304843305
802,8.02,0.149465811965812,0.9090909090909091,0.14767094017094018
803,8.03,0.1400854700854701,0.9090909090909091,0.14744301994301995
804,8.04,0.15154558404558405,0.9090909090909091,0.14737891737891737
805,8.05,0.14071937321937325,0.9090909090909091,0.14744301994301995
806,8.06,0.1471082621082621,0.9090909090909091,0.14737891737891737
807,8.07,0.14767094017094018,0.9090909090909091,0.14737891737891737
808,8.08,0.15165242165242165,0.9090909090909091,0.14744301994301995
809,8.09,0.1482977207977208,0.9090909090909091,0.14767094017094018
810,8.1,0.15215099715099714,0.9090909090909091,0.14767094017094018
811,8.11,0.1439957264957265,0.9090909090909091,0.14767094017094018
812,8.12,0.1521652421652422,0.9090909090909091,0.14767094017094018
813,8.13,0.1523076923076923,0.9090909090909091,0.14744301994301995
814,8.14,0.14323361823361824,0.9090909090909091,0.14744301994301995
815,8.15,0.15075498575498578,0.9090909090909091,0.14744301994301995
816,8.16,0.15064102564102566,0.9090909090909091,0.14744301994301995
817,8.17,0.14744301994301995,0.9090909090909091,0.14767094017094018
818,8.18,0.14654558404558407,0.9090909090909091,0.14767094017094018
819,8.19,0.14737891737891737,0.9090909090909091,0.14767094017094018
820,8.2,0.14826210826210826,0.9090909090909091,0.14744301994301995
821,8.21,0.14623219373219373,0.9090909090909091,0.14767094017094018
822,8.22,0.14631766381766384,0.9090909090909091,0.14826210826210826
823,8.23,0.14943019943019945,0.9090909090909091,0.14826210826210826
824,8.24,0.15279202279202278,0.9090909090909091,0.14826210826210826
825,8.25,0.15081908831908833,0.9090909090909091,0.14826210826210826
826,8.26,0.1466737891737892,0.9090909090909091,0.14744301994301995
827,8.27,0.1496011396011396,0.9090909090909091,0.14750000000000002
828,8.28,0.14514957264957265,0.9090909090909091,0.14750000000000002
829,8.29,0.1406766381766382,0.9090909090909091,0.14750000000000002
830,8.3,0.14482905982905983,0.9090909090909091,0.14826210826210826
831,8.31,0.14660256410256411,0.9090909090909091,0.14826210826210826
832,8.32,0.15188034188034188,0.9090909090909091,0.14826210826210826
833,8.33,0.14972222222222223,0.9090909090909091,0.14930911680911682
834,8.34,0.1442022792022792,0.9090909090909091,0.14930911680911682
835,8.35,0.14264245014245014,0.9090909090909091,0.14933760683760683
836,8.36,0.14985042735042736,0.9090909090909091,0.14933760683760683
837,8.37,0.15081908831908833,0.9090909090909091,0.14943019943019945
838,8.38,0.14487891737891737,0.9090909090909091,0.1496011396011396
839,8.39,0.1538960113960114,0.9090909090909091,0.14970085470085473
840,8.4,0.15141737891737891,0.9090909090909091,0.14970085470085473
841,8.41,0.1461111111111111,0.9090909090909091,0.1496011396011396
842,8.42,0.14750000000000002,0.9090909090909091,0.1496011396011396
843,8.43,0.14930911680911682,0.9090909090909091,0.14933760683760683
844,8.44,0.15623219373219374,0.9090909090909091,0.14970085470085473
845,8.45,0.14933760683760683,0.9090909090909091,0.14972222222222223
846,8.46,0.15133190883190883,0.9090909090909091,0.14985042735042736
847,8.47,0.14970085470085473,0.9090909090909091,0.14991452991452994
848,8.48,0.1573717948717949,0.9090909090909091,0.14991452991452994
849,8.49,0.14823361823361822,0.9090909090909091,0.15019943019943022
850,8.5,0.15081908831908833,0.9090909090909091,0.15081908831908833
851,8.51,0.14915242165242165,0.9090909090909091,0.15081908831908833
852,8.52,0.1548076923076923,0.9090909090909091,0.15081908831908833
853,8.53,0.15185897435897436,0.9090909090909091,0.15081908831908833
854,8.54,0.15403846153846154,0.9090909090909091,0.15133190883190883
855,8.55,0.15655270655270656,0.9090909090909091,0.15133190883190883
856,8.56,0.14304131054131053,0.9090909090909091,0.15133190883190883
857,8.57,0.1374145299145299,0.9090909090909091,0.15173789173789173
858,8.58,0.1466737891737892,0.9090909090909091,0.15178774928774927
859,8.59,0.14991452991452994,0.9090909090909091,0.15181623931623933
860,8.6,0.15281339031339033,0.9090909090909091,0.15178774928774927
861,8.61,0.15178774928774927,0.9090909090909091,0.15178774928774927
862,8.62,0.1534757834757835,0.9090909090909091,0.15181623931623933
863,8.63,0.15690170940170942,0.9090909090909091,0.15181623931623933
864,8.64,0.15019943019943022,0.9090909090909091,0.15178774928774927
865,8.65,0.15472222222222226,0.9090909090909091,0.15178774928774927
866,8.66,0.15173789173789173,0.9090909090909091,0.15178774928774927
867,8.67,0.1438105413105413,0.9090909090909091,0.15178774928774927
868,8.68,0.14965811965811965,0.9090909090909091,0.15173789173789173
869,8.69,0.152485754985755,0.9090909090909091,0.15019943019943022
870,8.7,0.1541880341880342,0.9090909090909091,0.14991452991452994
871,8.71,0.15186609686609687,0.9090909090909091,0.1497720797720798
872,8.72,0.15181623931623933,0.9090909090909091,0.1497720797720798
873,8.73,0.15194444444444447,0.9090909090909091,0.1497720797720798
874,8.74,0.15559829059829058,0.9090909090909091,0.1497720797720798
875,8.75,0.14876068376068377,0.9090909090909091,0.14965811965811965
876,8.76,0.1497720797720798,0.9090909090909091,0.14876068376068377
877,8.77,0.15190883190883192,0.9090909090909091,0.14849715099715102
878,8.78,0.14402421652421651,0.9090909090909091,0.14793447293447295
879,8.79,0.14849715099715102,0.9090909090909091,0.1469017094017094
880,8.8,0.14544871794871794,0.9090909090909091,0.14640313390313392
881,8.81,0.14091880341880345,0.9090909090909091,0.1456980056980057
882,8.82,0.1402991452991453,0.9090909090909091,0.14561253561253562
883,8.83,0.1469017094017094,0.9090909090909091,0.14561253561253562
884,8.84,0.14273504273504276,0.9090909090909091,0.14544871794871794
885,8.85,0.1445868945868946,0.9090909090909091,0.14523504273504273
886,8.86,0.14464387464387465,0.9090909090909091,0.14507834757834762
887,8.87,0.145,0.9090909090909091,0.145
888,8.88,0.1456980056980057,0.9090909090909091,0.14464387464387465
889,8.89,0.14640313390313392,0.9090909090909091,0.1445868945868946
890,8.9,0.14292735042735044,0.9090909090909091,0.14402421652421651
891,8.91,0.14561253561253562,0.9090909090909091,0.14402421652421651
892,8.92,0.14793447293447295,0.9090909090909091,0.14366096866096867
893,8.93,0.14523504273504273,0.9090909090909091,0.14366096866096867
894,8.94,0.14193732193732195,0.9090909090909091,0.14366096866096867
895,8.95,0.14025641025641028,0.9090909090909091,0.14366096866096867
896,8.96,0.14507834757834762,0.9090909090909091,0.14366096866096867
897,8.97,0.14031339031339032,0.9090909090909091,0.1445868945868946
898,8.98,0.1410754985754986,0.9090909090909091,0.1445868945868946
899,8.99,0.135982905982906,0.9090909090909091,0.1445868945868946
900,9.0,0.1411111111111111,0.9090909090909091,0.14464387464387465
901,9.01,0.1406695156695157,0.9090909090909091,0.14464387464387465
902,9.02,0.14366096866096867,0.9090909090909091,0.14366096866096867
903,9.03,0.14099715099715102,0.9090909090909091,0.14292735042735044
904,9.04,0.14229344729344728,0.9090909090909091,0.14292735042735044
905,9.05,0.1419871794871795,0.9090909090909091,0.14292735042735044
906,9.06,0.14882478632478635,0.9090909090909091,0.14366096866096867
907,9.07,0.14257122507122508,0.9090909090909091,0.14257122507122508
908,9.08,0.14562678062678064,0.9090909090909091,0.14257122507122508
909,9.09,0.14553418803418805,0.9090909090909091,0.14257122507122508
910,9.1,0.1453988603988604,0.9090909090909091,0.1431766381766382
911,9.11,0.14584757834757836,0.9090909090909091,0.14365384615384616
912,9.12,0.14826210826210826,0.9090909090909091,0.14365384615384616
913,9.13,0.14024928774928777,0.9090909090909091,0.14366096866096867
914,9.14,0.14865384615384616,0.9090909090909091,0.14391737891737894
915,9.15,0.14525641025641028,0.9090909090909091,0.14391737891737894
916,9.16,0.13975071225071223,0.9090909090909091,0.14391737891737894
917,9.17,0.1395797720797721,0.9090909090909091,0.14407407407407408
918,9.18,0.1425,0.9090909090909091,0.14415242165242168
919,9.19,0.14561253561253562,0.9090909090909091,0.14415242165242168
920,9.2,0.14407407407407408,0.9090909090909091,0.14415242165242168
921,9.21,0.14990740740740738,0.9090909090909091,0.14415242165242168
922,9.22,0.1415099715099715,0.9090909090909091,0.14407407407407408
923,9.23,0.1431766381766382,0.9090909090909091,0.14407407407407408
924,9.24,0.14365384615384616,0.9090909090909091,0.14391737891737894
925,9.25,0.14415242165242168,0.9090909090909091,0.14365384615384616
926,9.26,0.1453988603988604,0.9090909090909091,0.14353988603988604
927,9.27,0.14391737891737894,0.9090909090909091,0.14353988603988604
928,9.28,0.1445014245014245,0.9090909090909091,0.14353988603988604
929,9.29,0.14417378917378917,0.9090909090909091,0.14353988603988604
930,9.3,0.1434116809116809,0.9090909090909091,0.1434116809116809
931,9.31,0.14045584045584047,0.9090909090909091,0.1431766381766382
932,9.32,0.14534900284900285,0.9090909090909091,0.1434116809116809
933,9.33,0.14415242165242168,0.9090909090909091,0.1434116809116809
934,9.34,0.14267094017094017,0.9090909090909091,0.1434116809116809
935,9.35,0.14353988603988604,0.9090909090909091,0.14340455840455843
936,9.36,0.14273504273504276,0.9090909090909091,0.14340455840455843
937,9.37,0.14061253561253562,0.9090909090909091,0.14340455840455843
938,9.38,0.14113247863247863,0.9090909090909091,0.1434116809116809
939,9.39,0.14273504273504276,0.9090909090909091,0.14343304843304844
940,9.4,0.1421011396011396,0.9090909090909091,0.14343304843304844
941,9.41,0.14212250712250712,0.9090909090909091,0.14343304843304844
942,9.42,0.14652421652421652,0.9090909090909091,0.1434116809116809
943,9.43,0.14472222222222222,0.9090909090909091,0.1434116809116809
944,9.44,0.14195868945868947,0.9090909090909091,0.14340455840455843
945,9.45,0.14175925925925928,0.9090909090909091,0.14273504273504276
946,9.46,0.1404843304843305,0.9090909090909091,0.14273504273504276
947,9.47,0.14343304843304844,0.9090909090909091,0.14273504273504276
948,9.48,0.14340455840455843,0.9090909090909091,0.14273504273504276
949,9.49,0.14236467236467237,0.9090909090909091,0.14273504273504276
950,9.5,0.13717236467236468,0.9090909090909091,0.1428988603988604
951,9.51,0.14429487179487183,0.9090909090909091,0.14273504273504276
952,9.52,0.1447008547008547,0.9090909090909091,0.1428988603988604
953,9.53,0.1434757834757835,0.9090909090909091,0.1428988603988604
954,9.54,0.148019943019943,0.9090909090909091,0.1428988603988604
955,9.55,0.14384615384615385,0.9090909090909091,0.1428988603988604
956,9.56,0.14948717948717952,0.9090909090909091,0.14340455840455843
957,9.57,0.14051994301994306,0.9090909090909091,0.14340455840455843
958,9.58,0.1456980056980057,0.9090909090909091,0.14340455840455843
959,9.59,0.1399928774928775,0.9090909090909091,0.14340455840455843
960,9.6,0.14155270655270658,0.9090909090909091,0.14343304843304844
961,9.61,0.14266381766381767,0.9090909090909091,0.1434757834757835
962,9.62,0.14363960113960114,0.9090909090909091,0.14359686609686612
963,9.63,0.1428988603988604,0.9090909090909091,0.14359686609686612
964,9.64,0.14383190883190883,0.9090909090909091,0.14359686609686612
965,9.65,0.14359686609686612,0.9090909090909091,0.14363960113960114
966,9.66,0.1393019943019943,0.9090909090909091,0.1437037037037037
967,9.67,0.14340455840455843,0.9090909090909091,0.1437037037037037
968,9.68,0.14058404558404558,0.9090909090909091,0.14363960113960114
969,9.69,0.14165954415954418,0.9090909090909091,0.1437037037037037
970,9.7,0.14272792022792025,0.9090909090909091,0.1437037037037037
971,9.71,0.14504273504273504,0.9090909090909091,0.14363960113960114
972,9.72,0.14420940170940172,0.9090909090909091,0.14359686609686612
973,9.73,0.1463888888888889,0.9090909090909091,0.14359686609686612
974,9.74,0.14542735042735044,0.9090909090909091,0.14359686609686612
975,9.75,0.146011396011396,0.9090909090909091,0.14363960113960114
976,9.76,0.14556267806267809,0.9090909090909091,0.1437037037037037
977,9.77,0.14456552706552708,0.9090909090909091,0.14383190883190883
978,9.78,0.14296296296296296,0.9090909090909091,0.14383190883190883
979,9.79,0.14332621082621083,0.9090909090909091,0.14383190883190883
980,9.8,0.14453703703703705,0.9090909090909091,0.14376068376068377
981,9.81,0.1437037037037037,0.9090909090909091,0.14420940170940172
982,9.82,0.14621082621082623,0.9090909090909091,0.14420940170940172
983,9.83,0.14333333333333334,0.9090909090909091,0.14453703703703705
984,9.84,0.14677350427350427,0.9090909090909091,0.14453703703703705
985,9.85,0.14504985754985755,0.9090909090909091,0.14453703703703705
986,9.86,0.14236467236467237,0.9090909090909091,0.14455840455840457
987,9.87,0.14120370370370372,0.9090909090909091,0.14453703703703705
988,9.88,0.14245014245014245,0.9090909090909091,0.14453703703703705
989,9.89,0.14574786324786326,0.9090909090909091,0.14453703703703705
990,9.9,0.14507834757834762,0.9090909090909091,0.14453703703703705
991,9.91,0.1453988603988604,0.9090909090909091,0.14376068376068377
992,9.92,0.14644586894586895,0.9090909090909091,0.1437037037037037
993,9.93,0.1428846153846154,0.9090909090909091,0.1437037037037037
994,9.94,0.1413888888888889,0.9090909090909091,0.14376068376068377
995,9.95,0.14376068376068377,0.9090909090909091,0.14376068376068377
996,9.96,0.14455840455840457,0.9090909090909091,0.1437037037037037
997,9.97,0.1427920227920228,0.9090909090909091,0.14366809116809118
998,9.98,0.14810541310541314,0.9090909090909091,0.14333333333333334
999,9.99,0.14212250712250712,0.9090909090909091,0.14326923076923076
1000,10.0,0.14366809116809118,0.9090909090909091,0.14326923076923076
1001,10.01,0.14677350427350427,0.9090909090909091,0.14326923076923076
1002,10.02,0.14326923076923076,0.9090909090909091,0.14366809116809118
1003,10.03,0.14168091168091168,0.9090909090909091,0.14366809116809118
1004,10.04,0.14922364672364674,0.9090909090909091,0.14366809116809118
1005,10.05,0.1447863247863248,0.9090909090909091,0.14366809116809118
1006,10.06,0.142485754985755,0.9090909090909091,0.14336182336182335
1007,10.07,0.14085470085470086,0.9090909090909091,0.1432834757834758
1008,10.08,0.1471082621082621,0.9090909090909091,0.1432834757834758
1009,10.09,0.1480840455840456,0.9090909090909091,0.1432834757834758
1010,10.1,0.13745014245014248,0.9090909090909091,0.1432834757834758
1011,10.11,0.13962962962962966,0.9090909090909091,0.1432834757834758
1012,10.12,0.13505698005698008,0.9090909090909091,0.1432834757834758
1013,10.13,0.1423148148148148,0.9090909090909091,0.1432834757834758
1014,10.14,0.13314102564102565,0.9090909090909091,0.1432834757834758
1015,10.15,0.14544871794871794,0.9090909090909091,0.14336182336182335
1016,10.16,0.14711538461538462,0.9090909090909091,0.1432834757834758
1017,10.17,0.1471296296296296,0.9090909090909091,0.1432834757834758
1018,10.18,0.14336182336182335,0.9090909090909091,0.1432834757834758
1019,10.19,0.1432834757834758,0.9090909090909091,0.1432834757834758
1020,10.2,0.14821225071225072,0.9090909090909091,0.1432834757834758
1021,10.21,0.13893874643874646,0.9090909090909091,0.1432834757834758
1022,10.22,0.13826923076923078,0.9090909090909091,0.14336182336182335
1023,10.23,0.15024216524216527,0.9090909090909091,0.14457264957264956
1024,10.24,0.13496438746438746,0.9090909090909091,0.14457264957264956
1025,10.25,0.1427207977207977,0.9090909090909091,0.14457264957264956
1026,10.26,0.14589031339031341,0.9090909090909091,0.14457264957264956
1027,10.27,0.1456766381766382,0.9090909090909091,0.14457264957264956
1028,10.28,0.1395868945868946,0.9090909090909091,0.14457264957264956
1029,10.29,0.14483618233618234,0.9090909090909091,0.14457264957264956
1030,10.3,0.146011396011396,0.9090909090909091,0.14457264957264956
1031,10.31,0.14002849002849005,0.9090909090909091,0.14457264957264956
1032,10.32,0.14592592592592596,0.9090909090909091,0.14457264957264956
1033,10.33,0.14081908831908832,0.9090909090909091,0.14457264957264956
1034,10.34,0.14165954415954418,0.9090909090909091,0.14457264957264956
1035,10.35,0.14457264957264956,0.9090909090909091,0.14457264957264956
1036,10.36,0.14475071225071226,0.9090909090909091,0.14303418803418805
1037,10.37,0.14481481481481484,0.9090909090909091,0.14457264957264956
1038,10.38,0.14876780626780625,0.9090909090909091,0.14475071225071226
1039,10.39,0.1461752136752137,0.9090909090909091,0.14475071225071226
1040,10.4,0.1452849002849003,0.9090909090909091,0.14481481481481484
1041,10.41,0.1416666666666667,0.9090909090909091,0.14483618233618234
1042,10.42,0.1357977207977208,0.9090909090909091,0.14481481481481484
1043,10.43,0.13905270655270655,0.9090909090909091,0.14481481481481484
1044,10.44,0.14303418803418805,0.9090909090909091,0.14481481481481484
1045,10.45,0.14249287749287748,0.9090909090909091,0.14481481481481484
1046,10.46,0.14676638176638176,0.9090909090909091,0.14480769230769233
1047,10.47,0.14633903133903134,0.9090909090909091,0.14481481481481484
1048,10.48,0.14532763532763535,0.9090909090909091,0.14480769230769233
1049,10.49,0.14194444444444446,0.9090909090909091,0.14481481481481484
1050,10.5,0.14245726495726496,0.9090909090909091,0.1452849002849003
1051,10.51,0.14295584045584045,0.9090909090909091,0.14532763532763535
1052,10.52,0.1506837606837607,0.9090909090909091,0.1461752136752137
1053,10.53,0.14987179487179486,0.9090909090909091,0.1461752136752137
1054,10.54,0.1483475783475784,0.9090909090909091,0.14565527065527067
1055,10.55,0.14770655270655275,0.9090909090909091,0.14565527065527067
1056,10.56,0.1483048433048433,0.9090909090909091,0.1462393162393162
1057,10.57,0.14480769230769233,0.9090909090909091,0.14632478632478635
1058,10.58,0.14849715099715102,0.9090909090909091,0.14633903133903134
1059,10.59,0.13613960113960116,0.9090909090909091,0.14646011396011396
1060,10.6,0.14922364672364674,0.9090909090909091,0.14676638176638176
1061,10.61,0.14449430199430202,0.9090909090909091,0.146965811965812
1062,10.62,0.1462393162393162,0.9090909090909091,0.146965811965812
1063,10.63,0.14476495726495728,0.9090909090909091,0.146965811965812
1064,10.64,0.1510754985754986,0.9090909090909091,0.14770655270655275
1065,10.65,0.14854700854700856,0.9090909090909091,0.14790598290598292
1066,10.66,0.147991452991453,0.9090909090909091,0.14790598290598292
1067,10.67,0.14632478632478635,0.9090909090909091,0.147991452991453
1068,10.68,0.14565527065527067,0.9090909090909091,0.14790598290598292
1069,10.69,0.14247863247863252,0.9090909090909091,0.14770655270655275
1070,10.7,0.14646011396011396,0.9090909090909091,0.14715811965811965
1071,10.71,0.1494017094017094,0.9090909090909091,0.14715811965811965
1072,10.72,0.14990740740740738,0.9090909090909091,0.146965811965812
1073,10.73,0.15191595441595446,0.9090909090909091,0.146965811965812
1074,10.74,0.146965811965812,0.9090909090909091,0.146965811965812
1075,10.75,0.15066951566951567,0.9090909090909091,0.1470726495726496
1076,10.76,0.1491666666666667,0.9090909090909091,0.146965811965812
1077,10.77,0.14273504273504276,0.9090909090909091,0.1470726495726496
1078,10.78,0.14102564102564102,0.9090909090909091,0.1470726495726496
1079,10.79,0.14790598290598292,0.9090909090909091,0.14715811965811965
1080,10.8,0.14898148148148146,0.9090909090909091,0.14715811965811965
1081,10.81,0.14715811965811965,0.9090909090909091,0.1470726495726496
1082,10.82,0.1498076923076923,0.9090909090909091,0.1470726495726496
1083,10.83,0.14537037037037037,0.9090909090909091,0.1470726495726496
1084,10.84,0.14665954415954416,0.9090909090909091,0.14715811965811965
1085,10.85,0.14453703703703705,0.9090909090909091,0.14715811965811965
1086,10.86,0.15211538461538462,0.9090909090909091,0.14724358974358975
1087,10.87,0.14455128205128207,0.9090909090909091,0.14724358974358975
1088,10.88,0.14516381766381767,0.9090909090909091,0.14724358974358975
1089,10.89,0.1470726495726496,0.9090909090909091,0.14724358974358975
1090,10.9,0.14925213675213675,0.9090909090909091,0.14790598290598292
1091,10.91,0.1432834757834758,0.9090909090909091,0.14790598290598292
1092,10.92,0.14724358974358975,0.9090909090909091,0.1473005698005698
1093,10.93,0.14551282051282052,0.9090909090909091,0.147514245014245
1094,10.94,0.14893162393162393,0.9090909090909091,0.147514245014245
1095,10.95,0.15022792022792023,0.9090909090909091,0.147514245014245
1096,10.96,0.14175925925925928,0.9090909090909091,0.147514245014245
1097,10.97,0.15032763532763532,0.9090909090909091,0.1479843304843305
1098,10.98,0.1439957264957265,0.9090909090909091,0.147514245014245
1099,10.99,0.1479843304843305,0.9090909090909091,0.147514245014245
1100,11.0,0.14534188034188034,0.9090909090909091,0.1479843304843305
1101,11.01,0.15003561253561257,0.9090909090909091,0.1483831908831909
1102,11.02,0.15158119658119656,0.9090909090909091,0.1483831908831909
1103,11.03,0.1500071225071225,0.9090909090909091,0.1483831908831909
1104,11.04,0.15013532763532766,0.9090909090909091,0.14850427350427353
1105,11.05,0.15118945868945868,0.9090909090909091,0.14850427350427353
1106,11.06,0.15185897435897436,0.9090909090909091,0.14850427350427353
1107,11.07,0.1473005698005698,0.9090909090909091,0.14893162393162393
1108,11.08,0.147514245014245,0.9090909090909091,0.14910256410256412
1109,11.09,0.14648860398860397,0.9090909090909091,0.14910256410256412
1110,11.1,0.1483831908831909,0.9090909090909091,0.14955128205128204
1111,11.11,0.1509900284900285,0.9090909090909091,0.14955128205128204
1112,11.12,0.14955128205128204,0.9090909090909091,0.14955128205128204
1113,11.13,0.14636039886039887,0.9090909090909091,0.14910256410256412
1114,11.14,0.14505698005698006,0.9090909090909091,0.14955128205128204
1115,11.15,0.14850427350427353,0.9090909090909091,0.14955128205128204
1116,11.16,0.14910256410256412,0.9090909090909091,0.14955128205128204
1117,11.17,0.15044159544159544,0.9090909090909091,0.14955128205128204
1118,11.18,0.14574786324786326,0.9090909090909091,0.14955128205128204
1119,11.19,0.15224358974358976,0.9090909090909091,0.14911680911680913
1120,11.2,0.1480769230769231,0.9090909090909091,0.14910256410256412
1121,11.21,0.15195868945868946,0.9090909090909091,0.14896011396011397
1122,11.22,0.15247150997150996,0.9090909090909091,0.14896011396011397
1123,11.23,0.15292735042735042,0.9090909090909091,0.14910256410256412
1124,11.24,0.14733618233618234,0.9090909090909091,0.14911680911680913
1125,11.25,0.15184472934472937,0.9090909090909091,0.1492735042735043
1126,11.26,0.15554131054131057,0.9090909090909091,0.14955128205128204
1127,11.27,0.14810541310541314,0.9090909090909091,0.14955128205128204
1128,11.28,0.1467948717948718,0.9090909090909091,0.1492735042735043
1129,11.29,0.14984330484330488,0.9090909090909091,0.14935897435897436
1130,11.3,0.14911680911680913,0.9090909090909091,0.14955840455840458
1131,11.31,0.1479985754985755,0.9090909090909091,0.14955840455840458
1132,11.32,0.1524002849002849,0.9090909090909091,0.14984330484330488
1133,11.33,0.15133903133903134,0.9090909090909091,0.14955840455840458
1134,11.34,0.1471296296296296,0.9090909090909091,0.14955840455840458
1135,11.35,0.14757122507122508,0.9090909090909091,0.14935897435897436
1136,11.36,0.14896011396011397,0.9090909090909091,0.14955840455840458
1137,11.37,0.1492735042735043,0.9090909090909091,0.14955840455840458
1138,11.38,0.15,0.9090909090909091,0.14955840455840458
1139,11.39,0.1527065527065527,0.9090909090909091,0.14935897435897436
1140,11.4,0.15242165242165243,0.9090909090909091,0.14935897435897436
1141,11.41,0.14955840455840458,0.9090909090909091,0.1492735042735043
1142,11.42,0.1501851851851852,0.9090909090909091,0.1492735042735043
1143,11.43,0.1460826210826211,0.9090909090909091,0.1492735042735043
1144,11.44,0.14935897435897436,0.9090909090909091,0.1492735042735043
1145,11.45,0.15023504273504276,0.9090909090909091,0.14911680911680913
1146,11.46,0.14813390313390315,0.9090909090909091,0.1492735042735043
1147,11.47,0.15012108262108262,0.9090909090909091,0.14930199430199428
1148,11.48,0.143511396011396,0.9090909090909091,0.1492735042735043
1149,11.49,0.1489957264957265,0.9090909090909091,0.14901709401709404
1150,11.5,0.14537749287749288,0.9090909090909091,0.1492735042735043
1151,11.51,0.15218660968660966,0.9090909090909091,0.14930199430199428
1152,11.52,0.15060541310541312,0.9090909090909091,0.14930199430199428
1153,11.53,0.15188034188034188,0.9090909090909091,0.14930199430199428
1154,11.54,0.14845441595441597,0.9090909090909091,0.14901709401709404
1155,11.55,0.14813390313390315,0.9090909090909091,0.14901709401709404
1156,11.56,0.1473575498575499,0.9090909090909091,0.14901709401709404
1157,11.57,0.14930199430199428,0.9090909090909091,0.1489957264957265
1158,11.58,0.14858974358974358,0.9090909090909091,0.14873931623931624
1159,11.59,0.14772079772079771,0.9090909090909091,0.1489957264957265
1160,11.6,0.14702991452991454,0.9090909090909091,0.14873931623931624
1161,11.61,0.15073361823361825,0.9090909090909091,0.14873931623931624
1162,11.62,0.14937321937321937,0.9090909090909091,0.14873931623931624
1163,11.63,0.14901709401709404,0.9090909090909091,0.14873931623931624
1164,11.64,0.14784900284900285,0.9090909090909091,0.1489957264957265
1165,11.65,0.151731893837157,0.8636363636363636,0.14901709401709404
1166,11.66,0.1505128205128205,0.9090909090909091,0.14930199430199428
1167,11.67,0.14873931623931624,0.9090909090909091,0.14930199430199428
1168,11.68,0.14659619133303345,0.8636363636363636,0.14930199430199428
1169,11.69,0.14542735042735044,0.9090909090909091,0.14930199430199428
1170,11.7,0.15155982905982907,0.9090909090909091,0.14937321937321937
1171,11.71,0.15002136752136755,0.9090909090909091,0.14937321937321937
1172,11.72,0.14820512820512824,0.9090909090909091,0.14937321937321937
1173,11.73,0.14517806267806269,0.9090909090909091,0.14937321937321937
1174,11.74,0.15034188034188037,0.9090909090909091,0.1495014245014245
1175,11.75,0.1477849002849003,0.9090909090909091,0.1495014245014245
1176,11.76,0.15183048433048432,0.9090909090909091,0.14962962962962964
1177,11.77,0.14793822162243217,0.8636363636363636,0.14962962962962964
1178,11.78,0.1524074074074074,0.9090909090909091,0.14962962962962964
1179,11.79,0.14962962962962964,0.9090909090909091,0.1498005698005698
1180,11.8,0.15155982905982907,0.9090909090909091,0.1498005698005698
1181,11.81,0.1495014245014245,0.9090909090909091,0.14962962962962964
1182,11.82,0.1498005698005698,0.9090909090909091,0.149508547008547
1183,11.83,0.15399572649572651,0.9090909090909091,0.149508547008547
1184,11.84,0.1508831908831909,0.9090909090909091,0.149508547008547
1185,11.85,0.15331196581196582,0.9090909090909091,0.149508547008547
1186,11.86,0.14366096866096867,0.9090909090909091,0.1495014245014245
1187,11.87,0.1483831908831909,0.9090909090909091,0.1495014245014245
1188,11.88,0.1412678062678063,0.9090909090909091,0.1495014245014245
1189,11.89,0.1524786324786325,0.9090909090909091,0.1495014245014245
1190,11.9,0.148373069425701,0.8636363636363636,0.1495014245014245
1191,11.91,0.15070512820512824,0.9090909090909091,0.149508547008547
1192,11.92,0.15112535612535616,0.9090909090909091,0.1495014245014245
1193,11.93,0.149508547008547,0.9090909090909091,0.149508547008547
1194,11.94,0.15152196731144102,0.8636363636363636,0.1495014245014245
1195,11.95,0.1464672364672365,0.9090909090909091,0.14907407407407408
1196,11.96,0.14153133903133902,0.9090909090909091,0.14907407407407408
1197,11.97,0.14294159544159546,0.9090909090909091,0.14907407407407408
1198,11.98,0.14428774928774932,0.9090909090909091,0.14907407407407408
1199,11.99,0.14860398860398863,0.9090909090909091,0.14907407407407408
1200,12.0,0.14905270655270655,0.9090909090909091,0.14907407407407408
1201,12.01,0.14506410256410257,0.9090909090909091,0.14905270655270655
1202,12.02,0.15254985754985756,0.9090909090909091,0.14907407407407408
1203,12.03,0.1486752136752137,0.9090909090909091,0.149508547008547
1204,12.04,0.14631766381766384,0.9090909090909091,0.15048433048433052
1205,12.05,0.15475783475783478,0.9090909090909091,0.149508547008547
1206,12.06,0.15412393162393165,0.9090909090909091,0.149508547008547
1207,12.07,0.14907407407407408,0.9090909090909091,0.149508547008547
1208,12.08,0.15277065527065528,0.9090909090909091,0.14907407407407408
1209,12.09,0.1439957264957265,0.9090909090909091,0.14907407407407408
1210,12.1,0.1466381766381767,0.9090909090909091,0.14905270655270655
1211,12.11,0.15095441595441597,0.9090909090909091,0.14907407407407408
1212,12.12,0.15344729344729346,0.9090909090909091,0.1498789173789174
1213,12.13,0.15264245014245015,0.9090909090909091,0.1498789173789174
1214,12.14,0.152046783625731,0.8636363636363636,0.15048433048433052
1215,12.15,0.15074074074074076,0.9090909090909091,0.15074074074074076
1216,12.16,0.14745014245014243,0.9090909090909091,0.15095441595441597
1217,12.17,0.15048433048433052,0.9090909090909091,0.15154558404558405
1218,12.18,0.15170227920227922,0.9090909090909091,0.15095441595441597
1219,12.19,0.15410256410256412,0.9090909090909091,0.15154558404558405
1220,12.2,0.1488390313390313,0.9090909090909091,0.15170227920227922
1221,12.21,0.14573361823361825,0.9090909090909091,0.15170227920227922
1222,12.22,0.15284900284900285,0.9090909090909091,0.15154558404558405
1223,12.23,0.1486752136752137,0.9090909090909091,0.15170227920227922
1224,12.24,0.1498789173789174,0.9090909090909091,0.15154558404558405
1225,12.25,0.1465669515669516,0.9090909090909091,0.15154558404558405
1226,12.26,0.15154558404558405,0.9090909090909091,0.15170227920227922
1227,12.27,0.15201566951566955,0.9090909090909091,0.15183048433048432
1228,12.28,0.1480840455840456,0.9090909090909091,0.15170227920227922
1229,12.29,0.15183048433048432,0.9090909090909091,0.15170227920227922
1230,12.3,0.1562037037037037,0.9090909090909091,0.15165242165242165
1231,12.31,0.15452991452991452,0.9090909090909091,0.15170227920227922
1232,12.32,0.15246438746438748,0.9090909090909091,0.15170227920227922
1233,12.33,0.15081908831908833,0.9090909090909091,0.15170227920227922
1234,12.34,0.15308404558404562,0.9090909090909091,0.15183048433048432
1235,12.35,0.1545014245014245,0.9090909090909091,0.15183048433048432
1236,12.36,0.1528846153846154,0.9090909090909091,0.15201566951566955
1237,12.37,0.14510683760683762,0.9090909090909091,0.15201566951566955
1238,12.38,0.15574074074074074,0.9090909090909091,0.15201566951566955
1239,12.39,0.149985754985755,0.9090909090909091,0.15201566951566955
1240,12.4,0.15137464387464392,0.9090909090909091,0.1520868945868946
1241,12.41,0.156025641025641,0.9090909090909091,0.1521723646723647
1242,12.42,0.1534757834757835,0.9090909090909091,0.15219373219373222
1243,12.43,0.15,0.9090909090909091,0.15219373219373222
1244,12.44,0.1520868945868946,0.9090909090909091,0.15219373219373222
1245,12.45,0.15165242165242165,0.9090909090909091,0.15246438746438748
1246,12.46,0.15581196581196582,0.9090909090909091,0.15219373219373222
1247,12.47,0.14513532763532766,0.9090909090909091,0.1521723646723647
1248,12.48,0.14678774928774932,0.9090909090909091,0.1520868945868946
1249,12.49,0.1538960113960114,0.9090909090909091,0.1520868945868946
1250,12.5,0.155477207977208,0.9090909090909091,0.1518945868945869
1251,12.51,0.15375356125356127,0.9090909090909091,0.15165242165242165
1252,12.52,0.15115384615384617,0.9090909090909091,0.15165242165242165
1253,12.53,0.1521723646723647,0.9090909090909091,0.15165242165242165
1254,12.54,0.1515954415954416,0.9090909090909091,0.1515954415954416
1255,12.55,0.15271367521367524,0.9090909090909091,0.1515954415954416
1256,12.56,0.1525925925925926,0.9090909090909091,0.1515954415954416
1257,12.57,0.15219373219373222,0.9090909090909091,0.15158119658119656
1258,12.58,0.1518945868945869,0.9090909090909091,0.15135327635327636
1259,12.59,0.1493945868945869,0.9090909090909091,0.15135327635327636
1260,12.6,0.15465811965811968,0.9090909090909091,0.15135327635327636
1261,12.61,0.15113960113960115,0.9090909090909091,0.15135327635327636
1262,12.62,0.15135327635327636,0.9090909090909091,0.15115384615384617
1263,12.63,0.14913817663817663,0.9090909090909091,0.15115384615384617
1264,12.64,0.14326923076923076,0.9090909090909091,0.15135327635327636
1265,12.65,0.14994301994301995,0.9090909090909091,0.15135327635327636
1266,12.66,0.14792022792022794,0.9090909090909091,0.15115384615384617
1267,12.67,0.15704415954415957,0.9090909090909091,0.15113960113960115
1268,12.68,0.15158119658119656,0.9090909090909091,0.1506980056980057
1269,12.69,0.15025641025641026,0.9090909090909091,0.1506980056980057
1270,12.7,0.13992877492877495,0.9090909090909091,0.1506980056980057
1271,12.71,0.14879629629629632,0.9090909090909091,0.1503561253561254
1272,12.72,0.14193019943019944,0.9090909090909091,0.1503561253561254
1273,12.73,0.14689458689458693,0.9090909090909091,0.1503561253561254
1274,12.74,0.14472934472934473,0.8636363636363636,0.1503561253561254
1275,12.75,0.15285612535612533,0.9090909090909091,0.1503561253561254
1276,12.76,0.15180199430199431,0.9090909090909091,0.1503561253561254
1277,12.77,0.14997750787224473,0.8636363636363636,0.15025641025641026
1278,12.78,0.1483475783475784,0.9090909090909091,0.15025641025641026
1279,12.79,0.1537820512820513,0.9090909090909091,0.1503561253561254
1280,12.8,0.1535754985754986,0.9090909090909091,0.15051994301994304
1281,12.81,0.1506980056980057,0.9090909090909091,0.15051994301994304
1282,12.82,0.1459116809116809,0.9090909090909091,0.15051994301994304
1283,12.83,0.14898148148148146,0.9090909090909091,0.15051994301994304
1284,12.84,0.15443019943019942,0.9090909090909091,0.1503561253561254
1285,12.85,0.1541951566951567,0.9090909090909091,0.1503561253561254
1286,12.86,0.1503561253561254,0.9090909090909091,0.15051994301994304
1287,12.87,0.15433760683760683,0.9090909090909091,0.15054843304843304
1288,12.88,0.15051994301994304,0.9090909090909091,0.15054843304843304
1289,12.89,0.15116809116809118,0.9090909090909091,0.15054843304843304
1290,12.9,0.14283475783475785,0.9090909090909091,0.15060541310541312
1291,12.91,0.15169515669515674,0.9090909090909091,0.15060541310541312
1292,12.92,0.14487891737891737,0.9090909090909091,0.15054843304843304
1293,12.93,0.15296296296296297,0.9090909090909091,0.15054843304843304
1294,12.94,0.15144586894586898,0.9090909090909091,0.15054843304843304
1295,12.95,0.15258547008547013,0.9090909090909091,0.15051994301994304
1296,12.96,0.1503561253561254,0.9090909090909091,0.15051994301994304
1297,12.97,0.14787749287749288,0.9090909090909091,0.15051994301994304
1298,12.98,0.15497150997151,0.9090909090909091,0.15054843304843304
1299,12.99,0.1495868945868946,0.9090909090909091,0.15054843304843304
1300,13.0,0.14467948717948717,0.9090909090909091,0.15054843304843304
1301,13.01,0.15054843304843304,0.9090909090909091,0.15054843304843304
1302,13.02,0.15060541310541312,0.9090909090909091,0.15060541310541312
1303,13.03,0.14732193732193732,0.9090909090909091,0.15060541310541312
1304,13.04,0.14902421652421655,0.9090909090909091,0.15062678062678067
1305,13.05,0.15255698005698007,0.9090909090909091,0.15062678062678067
1306,13.06,0.1540883190883191,0.9090909090909091,0.15086894586894586
1307,13.07,0.1481766381766382,0.9090909090909091,0.15086894586894586
1308,13.08,0.14504985754985755,0.9090909090909091,0.15086894586894586
1309,13.09,0.15046296296296297,0.9090909090909091,0.15062678062678067
1310,13.1,0.14873931623931624,0.9090909090909091,0.15062678062678067
1311,13.11,0.15086894586894586,0.9090909090909091,0.15060541310541312
1312,13.12,0.15531339031339034,0.9090909090909091,0.15060541310541312
1313,13.13,0.15211538461538462,0.9090909090909091,0.15062678062678067
1314,13.14,0.14982193732193733,0.9090909090909091,0.15062678062678067
1315,13.15,0.15062678062678067,0.9090909090909091,0.15086894586894586
1316,13.16,0.1548076923076923,0.9090909090909091,0.15086894586894586
1317,13.17,0.1544159544159544,0.9090909090909091,0.15086894586894586
1318,13.18,0.15262820512820513,0.9090909090909091,0.15086894586894586
1319,13.19,0.15222222222222223,0.9090909090909091,0.15086894586894586
1320,13.2,0.15102564102564106,0.9090909090909091,0.15086894586894586
1321,13.21,0.15314102564102564,0.9090909090909091,0.15084757834757836
1322,13.22,0.1552136752136752,0.9090909090909091,0.15084757834757836
1323,13.23,0.1447934472934473,0.9090909090909091,0.15084757834757836
1324,13.24,0.1496011396011396,0.9090909090909091,0.15084757834757836
1325,13.25,0.1510042735042735,0.9090909090909091,0.15084757834757836
1326,13.26,0.1498076923076923,0.9090909090909091,0.15084757834757836
1327,13.27,0.14803418803418805,0.9090909090909091,0.15062678062678067
1328,13.28,0.15116096866096868,0.9090909090909091,0.15052706552706552
1329,13.29,0.15401709401709401,0.9090909090909091,0.15052706552706552
1330,13.3,0.1549786324786325,0.9090909090909091,0.15062678062678067
1331,13.31,0.14957977207977208,0.9090909090909091,0.15084757834757836
1332,13.32,0.14797008547008547,0.9090909090909091,0.15084757834757836
1333,13.33,0.1486823361823362,0.9090909090909091,0.15052706552706552
1334,13.34,0.1503205128205128,0.9090909090909091,0.15052706552706552
1335,13.35,0.1497863247863248,0.9090909090909091,0.15050569800569802
1336,13.36,0.15084757834757836,0.9090909090909091,0.1503205128205128
1337,13.37,0.15743589743589745,0.9090909090909091,0.15017806267806266
1338,13.38,0.15052706552706552,0.9090909090909091,0.15017806267806266
1339,13.39,0.14432336182336183,0.9090909090909091,0.1503205128205128
1340,13.4,0.14339031339031338,0.9090909090909091,0.15050569800569802
1341,13.41,0.15050569800569802,0.9090909090909091,0.1503205128205128
1342,13.42,0.14623219373219373,0.9090909090909091,0.15050569800569802
1343,13.43,0.13936609686609688,0.9090909090909091,0.15052706552706552
1344,13.44,0.15385327635327636,0.9090909090909091,0.15050569800569802
1345,13.45,0.15264957264957263,0.9090909090909091,0.1503205128205128
1346,13.46,0.1520014245014245,0.9090909090909091,0.15017806267806266
1347,13.47,0.15322649572649574,0.9090909090909091,0.1503205128205128
1348,13.48,0.14469373219373222,0.9090909090909091,0.1503205128205128
1349,13.49,0.15081908831908833,0.9090909090909091,0.1503205128205128
1350,13.5,0.14524216524216524,0.9090909090909091,0.15050569800569802
1351,13.51,0.14757834757834756,0.9090909090909091,0.15052706552706552
1352,13.52,0.15017806267806266,0.9090909090909091,0.15050569800569802
1353,13.53,0.1532193732193732,0.9090909090909091,0.15017806267806266
1354,13.54,0.1516168091168091,0.9090909090909091,0.15007122507122508
1355,13.55,0.1527065527065527,0.9090909090909091,0.15017806267806266
1356,13.56,0.1478917378917379,0.9090909090909091,0.15050569800569802
1357,13.57,0.15204415954415954,0.9090909090909091,0.15070512820512824
1358,13.58,0.15070512820512824,0.9090909090909091,0.15070512820512824
1359,13.59,0.14925213675213675,0.9090909090909091,0.15070512820512824
1360,13.6,0.14925213675213675,0.9090909090909091,0.15017806267806266
1361,13.61,0.14934472934472937,0.9090909090909091,0.15017806267806266
1362,13.62,0.15193732193732193,0.9090909090909091,0.15017806267806266
1363,13.63,0.14747150997150998,0.9090909090909091,0.15007122507122508
1364,13.64,0.1470868945868946,0.9090909090909091,0.15007122507122508
1365,13.65,0.1532834757834758,0.9090909090909091,0.14934472934472937
1366,13.66,0.15376068376068378,0.9090909090909091,0.15007122507122508
1367,13.67,0.14765669515669516,0.9090909090909091,0.15007122507122508
1368,13.68,0.15007122507122508,0.9090909090909091,0.15007122507122508
1369,13.69,0.14841168091168092,0.9090909090909091,0.15004273504273505
1370,13.7,0.15193019943019942,0.9090909090909091,0.15004273504273505
1371,13.71,0.15197293447293447,0.9090909090909091,0.14934472934472937
1372,13.72,0.1522863247863248,0.9090909090909091,0.14934472934472937
1373,13.73,0.14900284900284902,0.9090909090909091,0.14925213675213675
1374,13.74,0.14702279202279203,0.9090909090909091,0.14925213675213675
1375,13.75,0.14740740740740743,0.9090909090909091,0.14900284900284902
1376,13.76,0.15186609686609687,0.9090909090909091,0.14841168091168092
1377,13.77,0.1506837606837607,0.9090909090909091,0.14825498575498577
1378,13.78,0.1431766381766382,0.9090909090909091,0.14765669515669516
1379,13.79,0.14464387464387465,0.9090909090909091,0.1476923076923077
1380,13.8,0.14356125356125354,0.9090909090909091,0.1476923076923077
1381,13.81,0.15222222222222223,0.9090909090909091,0.1476923076923077
1382,13.82,0.14724358974358975,0.9090909090909091,0.1476923076923077
1383,13.83,0.15044159544159544,0.9090909090909091,0.14825498575498577
1384,13.84,0.15004273504273505,0.9090909090909091,0.1476923076923077
1385,13.85,0.15007122507122508,0.9090909090909091,0.14761396011396014
1386,13.86,0.14755698005698006,0.9090909090909091,0.14760683760683763
1387,13.87,0.14760683760683763,0.9090909090909091,0.14759971509971512
1388,13.88,0.1460826210826211,0.9090909090909091,0.14755698005698006
1389,13.89,0.1446011396011396,0.9090909090909091,0.14740740740740743
1390,13.9,0.1454843304843305,0.9090909090909091,0.14740740740740743
1391,13.91,0.14825498575498577,0.9090909090909091,0.14742877492877493
1392,13.92,0.14405270655270655,0.9090909090909091,0.14724358974358975
1393,13.93,0.14761396011396014,0.9090909090909091,0.14689458689458693
1394,13.94,0.1476923076923077,0.9090909090909091,0.14724358974358975
1395,13.95,0.14759971509971512,0.9090909090909091,0.14742877492877493
1396,13.96,0.14870370370370373,0.9090909090909091,0.14742877492877493
1397,13.97,0.15185897435897436,0.9090909090909091,0.14724358974358975
1398,13.98,0.1497934472934473,0.9090909090909091,0.14689458689458693
1399,13.99,0.1454843304843305,0.9090909090909091,0.14689458689458693
1400,14.0,0.14625356125356126,0.9090909090909091,0.14689458689458693
1401,14.01,0.14205128205128206,0.9090909090909091,0.1468091168091168
1402,14.02,0.14563390313390315,0.9090909090909091,0.1467948717948718
1403,14.03,0.14645299145299145,0.9090909090909091,0.14645299145299145
1404,14.04,0.14522079772079774,0.9090909090909091,0.14645299145299145
1405,14.05,0.1447934472934473,0.9090909090909091,0.14645299145299145
1406,14.06,0.14742877492877493,0.9090909090909091,0.14645299145299145
1407,14.07,0.14689458689458693,0.9090909090909091,0.14645299145299145
1408,14.08,0.14643874643874644,0.9090909090909091,0.14645299145299145
1409,14.09,0.1500569800569801,0.9090909090909091,0.14643874643874644
1410,14.1,0.14834045584045583,0.9090909090909091,0.14643874643874644
1411,14.11,0.14638176638176637,0.9090909090909091,0.14638176638176637
1412,14.12,0.1467948717948718,0.9090909090909091,0.14625356125356126
1413,14.13,0.1468091168091168,0.9090909090909091,0.14563390313390315
1414,14.14,0.14736467236467238,0.9090909090909091,0.14554843304843307
1415,14.15,0.14713675213675217,0.9090909090909091,0.14554843304843307
1416,14.16,0.14361823361823364,0.9090909090909091,0.14543447293447295
1417,14.17,0.14460826210826214,0.9090909090909091,0.14554843304843307
1418,14.18,0.14106837606837608,0.9090909090909091,0.14552706552706554
1419,14.19,0.14137464387464388,0.9090909090909091,0.14543447293447295
1420,14.2,0.14408119658119659,0.9090909090909091,0.14543447293447295
1421,14.21,0.13903846153846156,0.9090909090909091,0.14552706552706554
1422,14.22,0.14645299145299145,0.9090909090909091,0.14543447293447295
1423,14.23,0.14554843304843307,0.9090909090909091,0.14543447293447295
1424,14.24,0.14254985754985755,0.9090909090909091,0.14543447293447295
1425,14.25,0.14645299145299145,0.9090909090909091,0.14496438746438747
1426,14.26,0.1447863247863248,0.9090909090909091,0.1447863247863248
1427,14.27,0.14122507122507122,0.9090909090909091,0.1447863247863248
1428,14.28,0.14543447293447295,0.9090909090909091,0.1447863247863248
1429,14.29,0.14388888888888893,0.9090909090909091,0.1447863247863248
1430,14.3,0.1445868945868946,0.9090909090909091,0.1447863247863248
1431,14.31,0.14270655270655272,0.9090909090909091,0.14465099715099716
1432,14.32,0.14581908831908832,0.9090909090909091,0.14465099715099716
1433,14.33,0.14552706552706554,0.9090909090909091,0.14465099715099716
1434,14.34,0.1447863247863248,0.9090909090909091,0.14465099715099716
1435,14.35,0.14496438746438747,0.9090909090909091,0.14465099715099716
1436,14.36,0.14662393162393164,0.9090909090909091,0.14465099715099716
1437,14.37,0.14465099715099716,0.9090909090909091,0.14465099715099716
1438,14.38,0.14772079772079771,0.9090909090909091,0.1445868945868946
1439,14.39,0.1456837606837607,0.9090909090909091,0.14443732193732195
1440,14.4,0.14405270655270655,0.9090909090909091,0.1445868945868946
1441,14.41,0.1410968660968661,0.9090909090909091,0.14443732193732195
1442,14.42,0.1448860398860399,0.9090909090909091,0.14405270655270655
1443,14.43,0.1460968660968661,0.9090909090909091,0.14405270655270655
1444,14.44,0.1465669515669516,0.9090909090909091,0.14388888888888893
1445,14.45,0.14247150997150998,0.9090909090909091,0.14365384615384616
1446,14.46,0.14144586894586897,0.9090909090909091,0.14363247863247863
1447,14.47,0.14365384615384616,0.9090909090909091,0.14363247863247863
1448,14.48,0.1393874643874644,0.9090909090909091,0.14363247863247863
1449,14.49,0.1416880341880342,0.9090909090909091,0.14363247863247863
1450,14.5,0.1390669515669516,0.9090909090909091,0.14342592592592593
1451,14.51,0.14342592592592593,0.9090909090909091,0.14261396011396013
1452,14.52,0.14242165242165242,0.9090909090909091,0.14261396011396013
1453,14.53,0.14443732193732195,0.9090909090909091,0.14247150997150998
1454,14.54,0.1404700854700855,0.9090909090909091,0.14247150997150998
1455,14.55,0.1450997150997151,0.9090909090909091,0.14247150997150998
1456,14.56,0.14261396011396013,0.9090909090909091,0.14247150997150998
1457,14.57,0.1371794871794872,0.9090909090909091,0.14247150997150998
1458,14.58,0.14363247863247863,0.9090909090909091,0.14247150997150998
1459,14.59,0.1370156695156695,0.9090909090909091,0.14242165242165242
1460,14.6,0.13872507122507124,0.9090909090909091,0.1423148148148148
1461,14.61,0.14094729344729348,0.9090909090909091,0.1423148148148148
1462,14.62,0.1360897435897436,0.9090909090909091,0.14242165242165242
1463,14.63,0.14668803418803422,0.9090909090909091,0.1423148148148148
1464,14.64,0.14581908831908832,0.9090909090909091,0.1423148148148148
1465,14.65,0.13877492877492878,0.9090909090909091,0.14242165242165242
1466,14.66,0.1423148148148148,0.9090909090909091,0.14242165242165242
1467,14.67,0.14843304843304844,0.9090909090909091,0.14242165242165242
1468,14.68,0.14173076923076924,0.9090909090909091,0.1423148148148148
1469,14.69,0.14324786324786326,0.9090909090909091,0.14173076923076924
1470,14.7,0.14464387464387465,0.9090909090909091,0.14173076923076924
1471,14.71,0.1438960113960114,0.9090909090909091,0.14165242165242165
1472,14.72,0.14165242165242165,0.9090909090909091,0.14165242165242165
1473,14.73,0.14428774928774932,0.9090909090909091,0.14173076923076924
1474,14.74,0.14003561253561253,0.9090909090909091,0.14173076923076924
1475,14.75,0.1406908831908832,0.9090909090909091,0.1423148148148148
1476,14.76,0.14437321937321937,0.9090909090909091,0.1425925925925926
1477,14.77,0.14323361823361824,0.9090909090909091,0.14279914529914534
1478,14.78,0.1404700854700855,0.9090909090909091,0.14286324786324786
1479,14.79,0.13842592592592592,0.9090909090909091,0.14286324786324786
1480,14.8,0.1425925925925926,0.9090909090909091,0.14286324786324786
1481,14.81,0.1392022792022792,0.9090909090909091,0.14323361823361824
1482,14.82,0.14279914529914534,0.9090909090909091,0.14324786324786326
1483,14.83,0.14096866096866098,0.9090909090909091,0.14323361823361824
1484,14.84,0.1388960113960114,0.9090909090909091,0.14324786324786326
1485,14.85,0.14126068376068376,0.9090909090909091,0.14343304843304844
1486,14.86,0.13922364672364673,0.9090909090909091,0.14323361823361824
1487,14.87,0.14286324786324786,0.9090909090909091,0.14322649572649573
1488,14.88,0.1448860398860399,0.9090909090909091,0.14323361823361824
1489,14.89,0.14622507122507125,0.9090909090909091,0.14322649572649573
1490,14.9,0.1459116809116809,0.9090909090909091,0.14322649572649573
1491,14.91,0.14710113960113963,0.9090909090909091,0.14322649572649573
1492,14.92,0.14658831908831907,0.9090909090909091,0.14286324786324786
1493,14.93,0.1467948717948718,0.9090909090909091,0.14279914529914534
1494,14.94,0.1472008547008547,0.9090909090909091,0.14279914529914534
1495,14.95,0.14343304843304844,0.9090909090909091,0.14279914529914534
1496,14.96,0.1465669515669516,0.9090909090909091,0.14286324786324786
1497,14.97,0.14566951566951566,0.9090909090909091,0.14286324786324786
1498,14.98,0.14267094017094017,0.9090909090909091,0.14313390313390315
1499,14.99,0.14750000000000002,0.9090909090909091,0.14313390313390315
1500,15.0,0.14875356125356126,0.9090909090909091,0.14322649572649573
1501,15.01,0.14094729344729348,0.9090909090909091,0.14322649572649573
1502,15.02,0.14322649572649573,0.9090909090909091,0.14343304843304844
1503,15.03,0.14631766381766384,0.9090909090909091,0.14343304843304844
1504,15.04,0.1407051282051282,0.9090909090909091,0.14322649572649573
1505,15.05,0.1384116809116809,0.9090909090909091,0.14313390313390315
1506,15.06,0.1390954415954416,0.9090909090909091,0.14313390313390315
1507,15.07,0.13943019943019944,0.9090909090909091,0.14311965811965813
1508,15.08,0.13936609686609688,0.9090909090909091,0.14311965811965813
1509,15.09,0.14145299145299145,0.9090909090909091,0.14267094017094017
1510,15.1,0.14044159544159543,0.9090909090909091,0.1420726495726496
1511,15.11,0.14511396011396013,0.9090909090909091,0.1420726495726496
1512,15.12,0.1410897435897436,0.9090909090909091,0.1420726495726496
1513,15.13,0.14313390313390315,0.9090909090909091,0.1420726495726496
1514,15.14,0.1384757834757835,0.9090909090909091,0.1420726495726496
1515,15.15,0.1439814814814815,0.9090909090909091,0.1420726495726496
1516,15.16,0.14311965811965813,0.9090909090909091,0.1420726495726496
1517,15.17,0.14428062678062678,0.9090909090909091,0.14295584045584045
1518,15.18,0.13965099715099716,0.9090909090909091,0.14295584045584045
1519,15.19,0.1416880341880342,0.9090909090909091,0.14295584045584045
1520,15.2,0.1420726495726496,0.9090909090909091,0.14295584045584045
1521,15.21,0.14786324786324787,0.9090909090909091,0.14295584045584045
1522,15.22,0.14096866096866098,0.9090909090909091,0.1431054131054131
1523,15.23,0.14316239316239315,0.9090909090909091,0.14311965811965813
1524,15.24,0.13842592592592592,0.9090909090909091,0.14311965811965813
1525,15.25,0.14063390313390314,0.9090909090909091,0.14311965811965813
1526,15.26,0.1431054131054131,0.9090909090909091,0.14313390313390315
1527,15.27,0.14767094017094018,0.9090909090909091,0.14313390313390315
1528,15.28,0.1439102564102564,0.9090909090909091,0.14316239316239315
1529,15.29,0.14440883190883194,0.9090909090909091,0.14316239316239315
1530,15.3,0.14873219373219373,0.9090909090909091,0.14324786324786326
1531,15.31,0.15026353276353277,0.9090909090909091,0.14324786324786326
1532,15.32,0.14295584045584045,0.9090909090909091,0.14331908831908835
1533,15.33,0.14455840455840457,0.9090909090909091,0.14331908831908835
1534,15.34,0.14331908831908835,0.9090909090909091,0.14352564102564103
1535,15.35,0.1399002849002849,0.9090909090909091,0.14352564102564103
1536,15.36,0.13907407407407407,0.9090909090909091,0.14352564102564103
1537,15.37,0.14464387464387465,0.9090909090909091,0.14352564102564103
1538,15.38,0.14512108262108261,0.9090909090909091,0.1439102564102564
1539,15.39,0.13976495726495727,0.9090909090909091,0.1439102564102564
1540,15.4,0.14111823361823364,0.9090909090909091,0.1439102564102564
1541,15.41,0.14562678062678064,0.9090909090909091,0.14417378917378917
1542,15.42,0.14453703703703705,0.9090909090909091,0.14417378917378917
1543,15.43,0.14324786324786326,0.9090909090909091,0.14417378917378917
1544,15.44,0.14224358974358975,0.9090909090909091,0.14433048433048434
1545,15.45,0.14352564102564103,0.9090909090909091,0.14433048433048434
1546,15.46,0.14735042735042736,0.9090909090909091,0.14433048433048434
1547,15.47,0.15019943019943022,0.9090909090909091,0.14433048433048434
1548,15.48,0.14433048433048434,0.9090909090909091,0.1444017094017094
1549,15.49,0.14703703703703708,0.9090909090909091,0.1444017094017094
1550,15.5,0.1413817663817664,0.9090909090909091,0.14453703703703705
1551,15.51,0.14260683760683762,0.9090909090909091,0.14453703703703705
1552,15.52,0.1478988603988604,0.9090909090909091,0.14464387464387465
1553,15.53,0.1444017094017094,0.9090909090909091,0.14512108262108261
1554,15.54,0.13972222222222222,0.9090909090909091,0.14562678062678064
1555,15.55,0.1387891737891738,0.9090909090909091,0.14604700854700856
1556,15.56,0.14417378917378917,0.9090909090909091,0.14645299145299145
1557,15.57,0.14314814814814816,0.9090909090909091,0.14681623931623936
1558,15.58,0.14733618233618234,0.9090909090909091,0.14693732193732195
1559,15.59,0.14949430199430203,0.9090909090909091,0.14703703703703708
1560,15.6,0.14681623931623936,0.9090909090909091,0.14707977207977208
1561,15.61,0.14948005698005698,0.9090909090909091,0.14733618233618234
1562,15.62,0.15242877492877493,0.9090909090909091,0.14733618233618234
1563,15.63,0.1482763532763533,0.9090909090909091,0.14707977207977208
1564,15.64,0.14604700854700856,0.9090909090909091,0.14733618233618234
1565,15.65,0.14693732193732195,0.9090909090909091,0.14733618233618234
1566,15.66,0.14306980056980056,0.9090909090909091,0.14754273504273505
1567,15.67,0.14849715099715102,0.9090909090909091,0.14754273504273505
1568,15.68,0.14707977207977208,0.9090909090909091,0.14754273504273505
1569,15.69,0.1476994301994302,0.9090909090909091,0.1476994301994302
1570,15.7,0.14645299145299145,0.9090909090909091,0.1476994301994302
1571,15.71,0.1517948717948718,0.9090909090909091,0.14786324786324787
1572,15.72,0.1506623931623932,0.9090909090909091,0.14786324786324787
1573,15.73,0.14754273504273505,0.9090909090909091,0.1482763532763533
1574,15.74,0.14973646723646727,0.9090909090909091,0.14849715099715102
1575,15.75,0.1493945868945869,0.9090909090909091,0.1482763532763533
1576,15.76,0.14858262108262107,0.9090909090909091,0.1482763532763533
1577,15.77,0.14786324786324787,0.9090909090909091,0.14786324786324787
1578,15.78,0.14497150997150998,0.9090909090909091,0.1476994301994302
1579,15.79,0.1510968660968661,0.9090909090909091,0.1476994301994302
1580,15.8,0.14272792022792025,0.9090909090909091,0.14786324786324787
1581,15.81,0.149508547008547,0.9090909090909091,0.14849715099715102
1582,15.82,0.14124643874643875,0.9090909090909091,0.14858262108262107
1583,15.83,0.15046296296296297,0.9090909090909091,0.14881054131054133
1584,15.84,0.1500569800569801,0.9090909090909091,0.14883190883190883
1585,15.85,0.14705840455840455,0.9090909090909091,0.14935185185185187
1586,15.86,0.14997863247863247,0.9090909090909091,0.14937321937321937
1587,15.87,0.14359686609686612,0.9090909090909091,0.14935185185185187
1588,15.88,0.15006410256410257,0.9090909090909091,0.14935185185185187
1589,15.89,0.14935185185185187,0.9090909090909091,0.14935185185185187
1590,15.9,0.1471937321937322,0.9090909090909091,0.14883190883190883
1591,15.91,0.1459188034188034,0.9090909090909091,0.14883190883190883
1592,15.92,0.1476923076923077,0.9090909090909091,0.14883190883190883
1593,15.93,0.14711538461538462,0.9090909090909091,0.14935185185185187
1594,15.94,0.15128917378917378,0.9090909090909091,0.14937321937321937
1595,15.95,0.14881054131054133,0.9090909090909091,0.14937321937321937
1596,15.96,0.15292735042735042,0.9090909090909091,0.149508547008547
1597,15.97,0.14883190883190883,0.9090909090909091,0.14937321937321937
1598,15.98,0.14937321937321937,0.9090909090909091,0.14984330484330488
1599,15.99,0.15014245014245015,0.9090909090909091,0.14937321937321937
1600,16.0,0.15227920227920227,0.9090909090909091,0.14935185185185187
1601,16.01,0.15155270655270658,0.9090909090909091,0.14935185185185187
1602,16.02,0.14493589743589746,0.9090909090909091,0.14883190883190883
1603,16.03,0.15266381766381767,0.9090909090909091,0.14883190883190883
1604,16.04,0.14626780626780628,0.9090909090909091,0.14883190883190883
1605,16.05,0.14821225071225072,0.9090909090909091,0.14883190883190883
1606,16.06,0.15060541310541312,0.9090909090909091,0.14923789173789176
1607,16.07,0.14599002849002848,0.9090909090909091,0.14937321937321937
1608,16.08,0.1515883190883191,0.9090909090909091,0.14984330484330488
1609,16.09,0.15123931623931625,0.9090909090909091,0.14989316239316242
1610,16.1,0.14984330484330488,0.9090909090909091,0.14989316239316242
1611,16.11,0.1529202279202279,0.9090909090909091,0.14989316239316242
1612,16.12,0.14666666666666667,0.9090909090909091,0.14989316239316242
1613,16.13,0.15205128205128207,0.9090909090909091,0.14989316239316242
1614,16.14,0.14843304843304844,0.9090909090909091,0.14989316239316242
1615,16.15,0.14674501424501427,0.9090909090909091,0.14984330484330488
1616,16.16,0.14132478632478634,0.9090909090909091,0.1494088319088319
1617,16.17,0.14820512820512824,0.9090909090909091,0.14923789173789176
1618,16.18,0.14853988603988605,0.9090909090909091,0.14923789173789176
1619,16.19,0.1506766381766382,0.9090909090909091,0.14923789173789176
1620,16.2,0.14923789173789176,0.9090909090909091,0.14923789173789176
1621,16.21,0.15380341880341883,0.9090909090909091,0.14923789173789176
1622,16.22,0.15295584045584049,0.9090909090909091,0.14910256410256412
1623,16.23,0.15074074074074076,0.9090909090909091,0.14910256410256412
1624,16.24,0.14989316239316242,0.9090909090909091,0.14910256410256412
1625,16.25,0.1538960113960114,0.9090909090909091,0.14910256410256412
1626,16.26,0.1494088319088319,0.9090909090909091,0.1488034188034188
1627,16.27,0.15129629629629632,0.9090909090909091,0.1488034188034188
1628,16.28,0.14866809116809118,0.9090909090909091,0.14910256410256412
1629,16.29,0.14731481481481484,0.9090909090909091,0.14910256410256412
1630,16.3,0.14678062678062678,0.9090909090909091,0.14910256410256412
1631,16.31,0.14836182336182338,0.9090909090909091,0.14910256410256412
1632,16.32,0.14702279202279203,0.9090909090909091,0.14923789173789176
1633,16.33,0.14765669515669516,0.9090909090909091,0.14923789173789176
1634,16.34,0.15155270655270658,0.9090909090909091,0.14924501424501427
1635,16.35,0.14573361823361825,0.9090909090909091,0.14924501424501427
1636,16.36,0.14910256410256412,0.9090909090909091,0.1492948717948718
1637,16.37,0.1473076923076923,0.9090909090909091,0.14924501424501427
1638,16.38,0.14623219373219373,0.9090909090909091,0.14910256410256412
1639,16.39,0.15222222222222223,0.9090909090909091,0.1488034188034188
1640,16.4,0.150982905982906,0.9090909090909091,0.14866809116809118
1641,16.41,0.1488034188034188,0.9090909090909091,0.148511396011396
1642,16.42,0.1492948717948718,0.9090909090909091,0.148511396011396
1643,16.43,0.14924501424501427,0.9090909090909091,0.148511396011396
1644,16.44,0.15054843304843304,0.9090909090909091,0.14836182336182338
1645,16.45,0.1443945868945869,0.9090909090909091,0.148511396011396
1646,16.46,0.148511396011396,0.9090909090909091,0.14873931623931624
1647,16.47,0.15074074074074076,0.9090909090909091,0.14873931623931624
1648,16.48,0.1482763532763533,0.9090909090909091,0.14873931623931624
1649,16.49,0.15061253561253563,0.9090909090909091,0.14873931623931624
1650,16.5,0.1528774928774929,0.9090909090909091,0.14869545659019345
1651,16.51,0.15123931623931625,0.9090909090909091,0.14873931623931624
1652,16.52,0.144489428699955,0.8636363636363636,0.14872507122507123
1653,16.53,0.148019943019943,0.9090909090909091,0.14872507122507123
1654,16.54,0.14811253561253562,0.9090909090909091,0.14873931623931624
1655,16.55,0.14563390313390315,0.9090909090909091,0.14873931623931624
1656,16.56,0.14166291797870748,0.8636363636363636,0.14873931623931624
1657,16.57,0.15164529914529915,0.9090909090909091,0.14873931623931624
1658,16.58,0.15043447293447296,0.9090909090909091,0.14872507122507123
1659,16.59,0.143511396011396,0.9090909090909091,0.14872507122507123
1660,16.6,0.14873931623931624,0.9090909090909091,0.14869545659019345
1661,16.61,0.14920940170940172,0.9090909090909091,0.14869545659019345
1662,16.62,0.1472863247863248,0.9090909090909091,0.14872507122507123
1663,16.63,0.14732193732193732,0.9090909090909091,0.14872507122507123
1664,16.64,0.14595441595441597,0.9090909090909091,0.14873931623931624
1665,16.65,0.14869545659019345,0.8636363636363636,0.14872507122507123
1666,16.66,0.15246438746438748,0.9090909090909091,0.14869545659019345
1667,16.67,0.14872507122507123,0.9090909090909091,0.14869545659019345
1668,16.68,0.1441025641025641,0.9090909090909091,0.14872507122507123
1669,16.69,0.14935185185185187,0.9090909090909091,0.14873931623931624
1670,16.7,0.15024928774928775,0.9090909090909091,0.14873931623931624
1671,16.71,0.15115384615384617,0.9090909090909091,0.14873931623931624
1672,16.72,0.14902421652421655,0.9090909090909091,0.14902421652421655
1673,16.73,0.1447578347578348,0.9090909090909091,0.14873931623931624
1674,16.74,0.15185897435897436,0.9090909090909091,0.14872507122507123
1675,16.75,0.14513532763532766,0.9090909090909091,0.14872507122507123
1676,16.76,0.14414529914529917,0.9090909090909091,0.14872507122507123
1677,16.77,0.15071225071225072,0.8636363636363636,0.14872507122507123
1678,16.78,0.15120370370370373,0.9090909090909091,0.14872507122507123
1679,16.79,0.150014245014245,0.9090909090909091,0.14902421652421655
1680,16.8,0.14281339031339033,0.9090909090909091,0.14902421652421655
1681,16.81,0.14365384615384616,0.9090909090909091,0.14902421652421655
1682,16.82,0.15130341880341883,0.9090909090909091,0.14884615384615388
1683,16.83,0.14962962962962964,0.9090909090909091,0.14886752136752135
1684,16.84,0.15047720797720796,0.9090909090909091,0.14886752136752135
1685,16.85,0.1483831908831909,0.9090909090909091,0.14886752136752135
1686,16.86,0.1455769230769231,0.9090909090909091,0.14886752136752135
1687,16.87,0.15019230769230768,0.9090909090909091,0.14886752136752135
1688,16.88,0.14136752136752137,0.9090909090909091,0.14886752136752135
1689,16.89,0.14727207977207976,0.9090909090909091,0.14886752136752135
1690,16.9,0.14534188034188034,0.9090909090909091,0.14886752136752135
1691,16.91,0.1498076923076923,0.9090909090909091,0.14922364672364674
1692,16.92,0.15145299145299146,0.9090909090909091,0.14922364672364674
1693,16.93,0.1473076923076923,0.9090909090909091,0.14922364672364674
1694,16.94,0.15157407407407408,0.9090909090909091,0.14922364672364674
1695,16.95,0.1475854700854701,0.9090909090909091,0.14922364672364674
1696,16.96,0.14884615384615388,0.9090909090909091,0.14962962962962964
1697,16.97,0.14658831908831907,0.9090909090909091,0.14962962962962964
1698,16.98,0.14886752136752135,0.9090909090909091,0.14962962962962964
1699,16.99,0.14589743589743592,0.9090909090909091,0.14967948717948718
1700,17.0,0.1522079772079772,0.9090909090909091,0.14967948717948718
1701,17.01,0.14967948717948718,0.9090909090909091,0.1498076923076923
1702,17.02,0.15372507122507126,0.9090909090909091,0.1498076923076923
1703,17.03,0.15097578347578347,0.9090909090909091,0.1498076923076923
1704,17.04,0.14854700854700856,0.9090909090909091,0.1501851851851852
1705,17.05,0.14922364672364674,0.9090909090909091,0.1503561253561254
1706,17.06,0.1516096866096866,0.9090909090909091,0.15054131054131054
1707,17.07,0.1475641025641026,0.9090909090909091,0.15054131054131054
1708,17.08,0.15085470085470087,0.8636363636363636,0.15054131054131054
1709,17.09,0.1501851851851852,0.9090909090909091,0.15055555555555558
1710,17.1,0.15443019943019942,0.9090909090909091,0.15055555555555558
1711,17.11,0.15178774928774927,0.9090909090909091,0.15074074074074076
1712,17.12,0.14877492877492882,0.9090909090909091,0.15085470085470087
1713,17.13,0.15074074074074076,0.9090909090909091,0.15097578347578347
1714,17.14,0.1544159544159544,0.9090909090909091,0.15097578347578347
1715,17.15,0.15242165242165243,0.8636363636363636,0.15097578347578347
1716,17.16,0.1512749287749288,0.9090909090909091,0.15097578347578347
1717,17.17,0.14496438746438747,0.9090909090909091,0.15097578347578347
1718,17.18,0.15054131054131054,0.9090909090909091,0.15097578347578347
1719,17.19,0.15054131054131054,0.9090909090909091,0.1510897435897436
1720,17.2,0.1503561253561254,0.9090909090909091,0.1510897435897436
1721,17.21,0.15462962962962964,0.9090909090909091,0.1512749287749288
1722,17.22,0.15321225071225072,0.9090909090909091,0.1510897435897436
1723,17.23,0.15055555555555558,0.9090909090909091,0.1510897435897436
1724,17.24,0.1540883190883191,0.9090909090909091,0.1512749287749288
1725,17.25,0.1553846153846154,0.9090909090909091,0.1512749287749288
1726,17.26,0.15135327635327636,0.9090909090909091,0.1512749287749288
1727,17.27,0.15242877492877493,0.9090909090909091,0.15125356125356126
1728,17.28,0.15183760683760686,0.9090909090909091,0.1512749287749288
1729,17.29,0.1497934472934473,0.9090909090909091,0.1512749287749288
1730,17.3,0.14881766381766381,0.9090909090909091,0.15125356125356126
1731,17.31,0.1510897435897436,0.9090909090909091,0.1510897435897436
1732,17.32,0.14816239316239316,0.9090909090909091,0.1510897435897436
1733,17.33,0.15274216524216525,0.9090909090909091,0.1510897435897436
1734,17.34,0.1521011396011396,0.9090909090909091,0.15125356125356126
1735,17.35,0.14375356125356126,0.9090909090909091,0.15125356125356126
1736,17.36,0.15391025641025644,0.9090909090909091,0.15125356125356126
1737,17.37,0.1504985754985755,0.9090909090909091,0.1510897435897436
1738,17.38,0.1508903133903134,0.9090909090909091,0.1510897435897436
1739,17.39,0.15262108262108265,0.9090909090909091,0.1510897435897436
1740,17.4,0.15125356125356126,0.9090909090909091,0.1510897435897436
1741,17.41,0.15383903133903135,0.9090909090909091,0.1508903133903134
1742,17.42,0.14792022792022794,0.9090909090909091,0.1508903133903134
1743,17.43,0.15201566951566955,0.9090909090909091,0.1507905982905983
1744,17.44,0.15021367521367524,0.9090909090909091,0.1504985754985755
1745,17.45,0.1488390313390313,0.9090909090909091,0.1504985754985755
1746,17.46,0.14318376068376068,0.9090909090909091,0.1504985754985755
1747,17.47,0.15202279202279204,0.9090909090909091,0.1504985754985755
1748,17.48,0.146011396011396,0.9090909090909091,0.1504985754985755
1749,17.49,0.15301282051282053,0.9090909090909091,0.15021367521367524
1750,17.5,0.14581196581196582,0.9090909090909091,0.15021367521367524
1751,17.51,0.14359686609686612,0.9090909090909091,0.15021367521367524
1752,17.52,0.14733618233618234,0.9090909090909091,0.15021367521367524
1753,17.53,0.15284188034188037,0.9090909090909091,0.1501851851851852
1754,17.54,0.14678062678062678,0.9090909090909091,0.1501851851851852
1755,17.55,0.15346866096866096,0.9090909090909091,0.1501851851851852
1756,17.56,0.1507905982905983,0.9090909090909091,0.14995726495726497
1757,17.57,0.15096153846153848,0.9090909090909091,0.14963675213675218
1758,17.58,0.14766381766381767,0.9090909090909091,0.14963675213675218
1759,17.59,0.1501851851851852,0.9090909090909091,0.14963675213675218
1760,17.6,0.14738341580446843,0.8636363636363636,0.14963675213675218
1761,17.61,0.14403208876893087,0.8636363636363636,0.14964387464387466
1762,17.62,0.15093304843304844,0.9090909090909091,0.14995726495726497
1763,17.63,0.14757834757834756,0.9090909090909091,0.14964387464387466
1764,17.64,0.1427920227920228,0.9090909090909091,0.14964387464387466
1765,17.65,0.15138701454490927,0.8636363636363636,0.14963675213675218
1766,17.66,0.14626068376068377,0.9090909090909091,0.14964387464387466
1767,17.67,0.15416666666666667,0.9090909090909091,0.14995726495726497
1768,17.68,0.14663105413105412,0.9090909090909091,0.14995726495726497
1769,17.69,0.15180911680911682,0.9090909090909091,0.14964387464387466
1770,17.7,0.15091880341880343,0.9090909090909091,0.14964387464387466
1771,17.71,0.14995726495726497,0.9090909090909091,0.14964387464387466
1772,17.72,0.14963675213675218,0.9090909090909091,0.14964387464387466
1773,17.73,0.14400284900284901,0.9090909090909091,0.14964387464387466
1774,17.74,0.15183760683760686,0.9090909090909091,0.14995726495726497
1775,17.75,0.151488603988604,0.9090909090909091,0.14964387464387466
1776,17.76,0.14964387464387466,0.9090909090909091,0.14995726495726497
1777,17.77,0.1580596791123107,0.8636363636363636,0.14995726495726497
1778,17.78,0.14754086069875544,0.8636363636363636,0.14964387464387466
1779,17.79,0.14316239316239315,0.9090909090909091,0.14964387464387466
1780,17.8,0.14846153846153848,0.9090909090909091,0.14964387464387466
1781,17.81,0.15511396011396014,0.9090909090909091,0.14963675213675218
1782,17.82,0.15182336182336184,0.9090909090909091,0.14963675213675218
1783,17.83,0.1461313540260909,0.8636363636363636,0.1496251312040786
1784,17.84,0.14709101814364972,0.8636363636363636,0.1496251312040786
1785,17.85,0.14085470085470086,0.9090909090909091,0.1493927125506073
1786,17.86,0.15129629629629632,0.9090909090909091,0.1493402309191783
1787,17.87,0.1500569800569801,0.9090909090909091,0.1488888888888889
1788,17.88,0.15321637426900586,0.8636363636363636,0.14846153846153848
1789,17.89,0.15082621082621084,0.9090909090909091,0.14846153846153848
1790,17.9,0.1496251312040786,0.8636363636363636,0.147743289848553
1791,17.91,0.15108262108262108,0.9090909090909091,0.14754086069875544
1792,17.92,0.1493927125506073,0.8636363636363636,0.14745838956365273
1793,17.93,0.1401184585395112,0.8636363636363636,0.14709101814364972
1794,17.94,0.14284750337381916,0.8636363636363636,0.1461313540260909
1795,17.95,0.1493402309191783,0.8636363636363636,0.1461313540260909
1796,17.96,0.13867146498725447,0.8636363636363636,0.14437321937321937
1797,17.97,0.1488888888888889,0.9090909090909091,0.14437321937321937
1798,17.98,0.14089031339031338,0.9090909090909091,0.14418803418803422
1799,17.99,0.14437321937321937,0.9090909090909091,0.14418803418803422
1800,18.0,0.140477207977208,0.9090909090909091,0.14285612535612538
1801,18.01,0.1420868945868946,0.9090909090909091,0.14418803418803422
1802,18.02,0.14745838956365273,0.8636363636363636,0.14285612535612538
1803,18.03,0.14255510571300045,0.8636363636363636,0.14285612535612538
1804,18.04,0.14285612535612538,0.9090909090909091,0.14284750337381916
1805,18.05,0.147743289848553,0.8636363636363636,0.1427207977207977
1806,18.06,0.1378703703703704,0.9090909090909091,0.1427207977207977
1807,18.07,0.1426780626780627,0.9090909090909091,0.1426780626780627
1808,18.08,0.14154558404558407,0.9090909090909091,0.1426780626780627
1809,18.09,0.1359045584045584,0.9090909090909091,0.1426780626780627
1810,18.1,0.1427207977207977,0.9090909090909091,0.1426780626780627
1811,18.11,0.14215811965811967,0.9090909090909091,0.14262108262108264
1812,18.12,0.14968511021142603,0.8636363636363636,0.1426780626780627
1813,18.13,0.14418803418803422,0.9090909090909091,0.1426780626780627
1814,18.14,0.14642375168690958,0.8636363636363636,0.1426780626780627
1815,18.15,0.1414672364672365,0.9090909090909091,0.1426780626780627
1816,18.16,0.14690358374568901,0.8636363636363636,0.1426923076923077
1817,18.17,0.14262108262108264,0.9090909090909091,0.1427207977207977
1818,18.18,0.14737179487179486,0.9090909090909091,0.1426923076923077
1819,18.19,0.14072649572649573,0.9090909090909091,0.1427207977207977
1820,18.2,0.14061965811965813,0.9090909090909091,0.1426923076923077
1821,18.21,0.15051731893837159,0.8636363636363636,0.1426780626780627
1822,18.22,0.14214387464387465,0.9090909090909091,0.1426923076923077
1823,18.23,0.14454191033138403,0.8636363636363636,0.1427207977207977
1824,18.24,0.13404558404558406,0.8636363636363636,0.14276503223871645
1825,18.25,0.1426923076923077,0.9090909090909091,0.14276503223871645
1826,18.26,0.13657219973009446,0.8636363636363636,0.14276503223871645
1827,18.27,0.14561253561253562,0.9090909090909091,0.14276503223871645
1828,18.28,0.14465437097016048,0.8636363636363636,0.1426923076923077
1829,18.29,0.1403774928774929,0.9090909090909091,0.1426923076923077
1830,18.3,0.14391962813015444,0.8636363636363636,0.1426923076923077
1831,18.31,0.14598140650772232,0.8636363636363636,0.14276503223871645
1832,18.32,0.1477133003448793,0.8636363636363636,0.1426923076923077
1833,18.33,0.1350925925925926,0.9090909090909091,0.1427207977207977
1834,18.34,0.1486823361823362,0.9090909090909091,0.1427207977207977
1835,18.35,0.13871794871794874,0.9090909090909091,0.14276503223871645
1836,18.36,0.14199280251911833,0.8636363636363636,0.14358974358974358
1837,18.37,0.14276503223871645,0.8636363636363636,0.1433760683760684
1838,18.38,0.14833333333333334,0.9090909090909091,0.14358974358974358
1839,18.39,0.15091880341880343,0.9090909090909091,0.14358974358974358
1840,18.4,0.14104063577747789,0.8636363636363636,0.14358974358974358
1841,18.41,0.14155795471584945,0.8636363636363636,0.14385215174688862
1842,18.42,0.13302706552706553,0.9090909090909091,0.14385215174688862
1843,18.43,0.14172364672364673,0.9090909090909091,0.14385215174688862
1844,18.44,0.14483430799220273,0.8636363636363636,0.14358974358974358
1845,18.45,0.1438821412505623,0.8636363636363636,0.14364672364672365
1846,18.46,0.149370220422852,0.8636363636363636,0.14364672364672365
1847,18.47,0.1413817663817664,0.9090909090909091,0.14364672364672365
1848,18.48,0.1427207977207977,0.9090909090909091,0.14358974358974358
1849,18.49,0.14358974358974358,0.9090909090909091,0.14358974358974358
1850,18.5,0.14643124906282803,0.8636363636363636,0.1433760683760684
1851,18.51,0.14765669515669516,0.9090909090909091,0.1433760683760684
1852,18.52,0.1433760683760684,0.9090909090909091,0.1433760683760684
1853,18.53,0.1510897435897436,0.9090909090909091,0.14358974358974358
1854,18.54,0.1467948717948718,0.9090909090909091,0.1433760683760684
1855,18.55,0.13885889938521517,0.8636363636363636,0.1427207977207977
1856,18.56,0.14385215174688862,0.8636363636363636,0.1433760683760684
1857,18.57,0.13845441595441596,0.9090909090909091,0.14358974358974358
1858,18.58,0.14981481481481485,0.9090909090909091,0.14364672364672365
1859,18.59,0.1396794871794872,0.9090909090909091,0.14385215174688862
1860,18.6,0.14364672364672365,0.9090909090909091,0.14385215174688862
1861,18.61,0.14586182336182338,0.9090909090909091,0.14364672364672365
1862,18.62,0.1483475783475784,0.9090909090909091,0.14364672364672365
1863,18.63,0.14205840455840457,0.9090909090909091,0.14364672364672365
1864,18.64,0.13910968660968662,0.9090909090909091,0.14385215174688862
1865,18.65,0.1413817663817664,0.9090909090909091,0.14412393162393164
1866,18.66,0.13603276353276353,0.9090909090909091,0.14412393162393164
1867,18.67,0.1378917378917379,0.9090909090909091,0.14412393162393164
1868,18.68,0.1443945868945869,0.9090909090909091,0.14415242165242168
1869,18.69,0.13882478632478631,0.9090909090909091,0.14415242165242168
1870,18.7,0.14125356125356126,0.9090909090909091,0.14412393162393164
1871,18.71,0.14725071225071226,0.9090909090909091,0.14412393162393164
1872,18.72,0.14661680911680913,0.9090909090909091,0.14412393162393164
1873,18.73,0.1446296296296296,0.9090909090909091,0.14415242165242168
1874,18.74,0.14412393162393164,0.9090909090909091,0.14415242165242168
1875,18.75,0.14913817663817663,0.9090909090909091,0.14415242165242168
1876,18.76,0.13962250712250712,0.9090909090909091,0.14415242165242168
1877,18.77,0.14415242165242168,0.9090909090909091,0.14415242165242168
1878,18.78,0.14234330484330485,0.9090909090909091,0.14415242165242168
1879,18.79,0.14480769230769233,0.9090909090909091,0.1443945868945869
1880,18.8,0.14714387464387466,0.9090909090909091,0.1443945868945869
1881,18.81,0.14583333333333334,0.9090909090909091,0.1446296296296296
1882,18.82,0.14482905982905983,0.9090909090909091,0.1446296296296296
1883,18.83,0.15009971509971512,0.9090909090909091,0.1446723646723647
1884,18.84,0.14589031339031341,0.9090909090909091,0.1446723646723647
1885,18.85,0.1423005698005698,0.9090909090909091,0.1446723646723647
1886,18.86,0.1437962962962963,0.9090909090909091,0.14467948717948717
1887,18.87,0.1418945868945869,0.9090909090909091,0.1446723646723647
1888,18.88,0.14812678062678064,0.9090909090909091,0.1446723646723647
1889,18.89,0.14863247863247867,0.9090909090909091,0.1446723646723647
1890,18.9,0.14185897435897438,0.9090909090909091,0.1446723646723647
1891,18.91,0.14257122507122508,0.9090909090909091,0.14445156695156694
1892,18.92,0.14477207977207976,0.9090909090909091,0.14445156695156694
1893,18.93,0.1446723646723647,0.9090909090909091,0.14445156695156694
1894,18.94,0.14507122507122508,0.9090909090909091,0.14445156695156694
1895,18.95,0.1411894586894587,0.9090909090909091,0.1437962962962963
1896,18.96,0.14863960113960115,0.9090909090909091,0.1437962962962963
1897,18.97,0.14052706552706554,0.9090909090909091,0.14271367521367523
1898,18.98,0.14467948717948717,0.9090909090909091,0.14271367521367523
1899,18.99,0.14445156695156694,0.9090909090909091,0.14271367521367523
1900,19.0,0.14133190883190883,0.9090909090909091,0.14271367521367523
1901,19.01,0.14485042735042736,0.9090909090909091,0.1437037037037037
1902,19.02,0.13408831908831909,0.9090909090909091,0.14271367521367523
1903,19.03,0.14575498575498577,0.9090909090909091,0.14271367521367523
1904,19.04,0.13756410256410256,0.9090909090909091,0.14257122507122508
1905,19.05,0.1395868945868946,0.9090909090909091,0.14257122507122508
1906,19.06,0.13264245014245016,0.9090909090909091,0.14271367521367523
1907,19.07,0.14247150997150998,0.9090909090909091,0.1433048433048433
1908,19.08,0.140982905982906,0.9090909090909091,0.1433048433048433
1909,19.09,0.14271367521367523,0.9090909090909091,0.14271367521367523
1910,19.1,0.14154558404558407,0.9090909090909091,0.14271367521367523
1911,19.11,0.14531339031339033,0.9090909090909091,0.14271367521367523
1912,19.12,0.13992877492877495,0.9090909090909091,0.14271367521367523
1913,19.13,0.14694444444444446,0.9090909090909091,0.1433048433048433
1914,19.14,0.14408119658119659,0.9090909090909091,0.14271367521367523
1915,19.15,0.1437037037037037,0.9090909090909091,0.14271367521367523
1916,19.16,0.14422364672364674,0.9090909090909091,0.14296296296296296
1917,19.17,0.13591880341880344,0.9090909090909091,0.14296296296296296
1918,19.18,0.14153133903133902,0.9090909090909091,0.1433048433048433
1919,19.19,0.14163105413105412,0.9090909090909091,0.1433048433048433
1920,19.2,0.1433048433048433,0.9090909090909091,0.14346153846153847
1921,19.21,0.1441096866096866,0.9090909090909091,0.1437037037037037
1922,19.22,0.14788461538461542,0.9090909090909091,0.14408119658119659
1923,19.23,0.14346153846153847,0.9090909090909091,0.1441096866096866
1924,19.24,0.14147435897435898,0.9090909090909091,0.14422364672364674
1925,19.25,0.1461823361823362,0.9090909090909091,0.14422364672364674
1926,19.26,0.14064814814814816,0.9090909090909091,0.14422364672364674
1927,19.27,0.1480982905982906,0.9090909090909091,0.1441096866096866
1928,19.28,0.14582621082621086,0.9090909090909091,0.1441096866096866
1929,19.29,0.14143874643874646,0.9090909090909091,0.14408119658119659
1930,19.3,0.1457763532763533,0.9090909090909091,0.14405982905982906
1931,19.31,0.14296296296296296,0.9090909090909091,0.14405982905982906
1932,19.32,0.14705128205128204,0.9090909090909091,0.14346153846153847
1933,19.33,0.14664529914529917,0.9090909090909091,0.14346153846153847
1934,19.34,0.14893874643874644,0.9090909090909091,0.1436111111111111
1935,19.35,0.14450854700854704,0.9090909090909091,0.1437962962962963
1936,19.36,0.14687321937321937,0.9090909090909091,0.1437962962962963
1937,19.37,0.14583333333333334,0.9090909090909091,0.1436111111111111
1938,19.38,0.14859686609686612,0.9090909090909091,0.14346153846153847
1939,19.39,0.1460683760683761,0.9090909090909091,0.142991452991453
1940,19.4,0.14030626780626781,0.9090909090909091,0.142991452991453
1941,19.41,0.13896011396011398,0.9090909090909091,0.142991452991453
1942,19.42,0.142991452991453,0.9090909090909091,0.14356837606837608
1943,19.43,0.14292735042735044,0.9090909090909091,0.1430840455840456
1944,19.44,0.1423789173789174,0.9090909090909091,0.142991452991453
1945,19.45,0.14405982905982906,0.9090909090909091,0.142991452991453
1946,19.46,0.13212250712250714,0.9090909090909091,0.142991452991453
1947,19.47,0.14022792022792024,0.9090909090909091,0.1430840455840456
1948,19.48,0.13952991452991456,0.9090909090909091,0.142991452991453
1949,19.49,0.1436111111111111,0.9090909090909091,0.14292735042735044
1950,19.5,0.1437962962962963,0.9090909090909091,0.14281339031339033
1951,19.51,0.1426851851851852,0.9090909090909091,0.14281339031339033
1952,19.52,0.14281339031339033,0.9090909090909091,0.14281339031339033
1953,19.53,0.14092592592592593,0.9090909090909091,0.1426851851851852
1954,19.54,0.14162393162393164,0.9090909090909091,0.1426851851851852
1955,19.55,0.1368945868945869,0.9090909090909091,0.1426851851851852
1956,19.56,0.14356837606837608,0.9090909090909091,0.1426851851851852
1957,19.57,0.14530626780626782,0.9090909090909091,0.14281339031339033
1958,19.58,0.1430840455840456,0.9090909090909091,0.1426851851851852
1959,19.59,0.14163105413105412,0.9090909090909091,0.1426851851851852
1960,19.6,0.1416666666666667,0.9090909090909091,0.1426851851851852
1961,19.61,0.14324786324786326,0.9090909090909091,0.1426851851851852
1962,19.62,0.14425213675213674,0.9090909090909091,0.14281339031339033
1963,19.63,0.1426851851851852,0.9090909090909091,0.14290598290598291
1964,19.64,0.14254985754985755,0.9090909090909091,0.1430840455840456
1965,19.65,0.14204415954415955,0.9090909090909091,0.1430840455840456
1966,19.66,0.14510683760683762,0.9090909090909091,0.1430840455840456
1967,19.67,0.14334757834757836,0.9090909090909091,0.14312678062678064
1968,19.68,0.1426851851851852,0.9090909090909091,0.14312678062678064
1969,19.69,0.14465811965811967,0.9090909090909091,0.14312678062678064
1970,19.7,0.14574786324786326,0.9090909090909091,0.14312678062678064
1971,19.71,0.14007122507122508,0.9090909090909091,0.14312678062678064
1972,19.72,0.1439957264957265,0.9090909090909091,0.1430982905982906
1973,19.73,0.14237179487179488,0.9090909090909091,0.1430840455840456
1974,19.74,0.14072649572649573,0.9090909090909091,0.14290598290598291
1975,19.75,0.14290598290598291,0.9090909090909091,0.14290598290598291
1976,19.76,0.1448005698005698,0.9090909090909091,0.14290598290598291
1977,19.77,0.14316239316239315,0.9090909090909091,0.14273504273504276
1978,19.78,0.14462250712250713,0.9090909090909091,0.1426851851851852
1979,19.79,0.14571225071225072,0.9090909090909091,0.1426851851851852
1980,19.8,0.14465099715099716,0.9090909090909091,0.1426851851851852
1981,19.81,0.14383903133903136,0.9090909090909091,0.1426851851851852
1982,19.82,0.14312678062678064,0.9090909090909091,0.14262108262108264
1983,19.83,0.1430982905982906,0.9090909090909091,0.14237179487179488
1984,19.84,0.14273504273504276,0.9090909090909091,0.14237179487179488
1985,19.85,0.14262108262108264,0.9090909090909091,0.14207977207977207
1986,19.86,0.13994301994301994,0.9090909090909091,0.1412962962962963
1987,19.87,0.13675213675213674,0.9090909090909091,0.1412962962962963
1988,19.88,0.1390669515669516,0.9090909090909091,0.1412962962962963
1989,19.89,0.13862535612535612,0.9090909090909091,0.1412962962962963
1990,19.9,0.13987891737891742,0.9090909090909091,0.14207977207977207
1991,19.91,0.13801282051282052,0.9090909090909091,0.14207977207977207
1992,19.92,0.13903846153846156,0.9090909090909091,0.14207977207977207
1993,19.93,0.13933048433048437,0.9090909090909091,0.14207977207977207
1994,19.94,0.1412962962962963,0.9090909090909091,0.14207977207977207
1995,19.95,0.13932336182336183,0.9090909090909091,0.14153846153846156
1996,19.96,0.14207977207977207,0.9090909090909091,0.14153846153846156
1997,19.97,0.14111823361823364,0.9090909090909091,0.1412962962962963
1998,19.98,0.1385042735042735,0.9090909090909091,0.1412962962962963
1999,19.99,0.14583333333333334,0.9090909090909091,0.14111823361823364
2000,20.0,0.1410968660968661,0.9090909090909091,0.1410968660968661
2001,20.01,0.13892450142450144,0.9090909090909091,0.1407051282051282
2002,20.02,0.1407051282051282,0.9090909090909091,0.1410968660968661
2003,20.03,0.1428846153846154,0.9090909090909091,0.14111823361823364
2004,20.04,0.14417378917378917,0.9090909090909091,0.14111823361823364
2005,20.05,0.142485754985755,0.9090909090909091,0.14111823361823364
2006,20.06,0.14262820512820515,0.9090909090909091,0.1412962962962963
2007,20.07,0.14386039886039886,0.9090909090909091,0.14153846153846156
2008,20.08,0.1449145299145299,0.9090909090909091,0.14207977207977207
2009,20.09,0.14259971509971509,0.9090909090909091,0.142485754985755
2010,20.1,0.14153846153846156,0.9090909090909091,0.142485754985755
2011,20.11,0.14374643874643878,0.9090909090909091,0.14259971509971509
2012,20.12,0.13897435897435897,0.9090909090909091,0.14259971509971509
2013,20.13,0.142977207977208,0.9090909090909091,0.14262820512820515
2014,20.14,0.14030626780626781,0.9090909090909091,0.1428846153846154
2015,20.15,0.13965811965811967,0.9090909090909091,0.1428846153846154
2016,20.16,0.13584757834757835,0.9090909090909091,0.142977207977208
2017,20.17,0.14415954415954416,0.9090909090909091,0.142977207977208
2018,20.18,0.1432051282051282,0.9090909090909091,0.1432051282051282
2019,20.19,0.13975783475783476,0.9090909090909091,0.14374643874643878
2020,20.2,0.1378988603988604,0.9090909090909091,0.14374643874643878
2021,20.21,0.1476780626780627,0.9090909090909091,0.14386039886039886
2022,20.22,0.14678062678062678,0.9090909090909091,0.14407407407407408
2023,20.23,0.1483831908831909,0.9090909090909091,0.14407407407407408
2024,20.24,0.1458760683760684,0.9090909090909091,0.14386039886039886
2025,20.25,0.14052706552706554,0.9090909090909091,0.14386039886039886
2026,20.26,0.15007122507122508,0.9090909090909091,0.14407407407407408
2027,20.27,0.1417022792022792,0.9090909090909091,0.14407407407407408
2028,20.28,0.1480840455840456,0.9090909090909091,0.14411680911680913
2029,20.29,0.14673789173789176,0.9090909090909091,0.14415954415954416
2030,20.3,0.14407407407407408,0.9090909090909091,0.1453205128205128
2031,20.31,0.1457051282051282,0.9090909090909091,0.1453205128205128
2032,20.32,0.1420868945868946,0.9090909090909091,0.1453205128205128
2033,20.33,0.14411680911680913,0.9090909090909091,0.14553418803418805
2034,20.34,0.1453205128205128,0.9090909090909091,0.14553418803418805
2035,20.35,0.1489672364672365,0.9090909090909091,0.14553418803418805
2036,20.36,0.14653846153846153,0.9090909090909091,0.1457051282051282
2037,20.37,0.14689458689458693,0.9090909090909091,0.1457051282051282
2038,20.38,0.13966524216524218,0.9090909090909091,0.14553418803418805
2039,20.39,0.14386039886039886,0.9090909090909091,0.14553418803418805
2040,20.4,0.1438105413105413,0.9090909090909091,0.14553418803418805
2041,20.41,0.14553418803418805,0.9090909090909091,0.1457051282051282
2042,20.42,0.14230769230769233,0.9090909090909091,0.1457051282051282
2043,20.43,0.14616809116809118,0.9090909090909091,0.14616809116809118
2044,20.44,0.14750712250712253,0.9090909090909091,0.14616809116809118
2045,20.45,0.14804843304843304,0.9090909090909091,0.14616809116809118
2046,20.46,0.14373931623931624,0.9090909090909091,0.1461752136752137
2047,20.47,0.14319800569800573,0.9090909090909091,0.14644586894586895
2048,20.48,0.1461752136752137,0.9090909090909091,0.14646011396011396
2049,20.49,0.14213675213675214,0.9090909090909091,0.14649928774928775
2050,20.5,0.14452279202279203,0.9090909090909091,0.14653846153846153
2051,20.51,0.14644586894586895,0.9090909090909091,0.14649928774928775
2052,20.52,0.15106125356125358,0.9090909090909091,0.14646011396011396
2053,20.53,0.14283475783475785,0.9090909090909091,0.14645299145299145
2054,20.54,0.14779914529914528,0.9090909090909091,0.14646011396011396
2055,20.55,0.14646011396011396,0.9090909090909091,0.14688034188034188
2056,20.56,0.1473005698005698,0.9090909090909091,0.1473005698005698
2057,20.57,0.14937321937321937,0.9090909090909091,0.14740384615384616
2058,20.58,0.14995726495726497,0.9090909090909091,0.14750712250712253
2059,20.59,0.14825498575498577,0.9090909090909091,0.14754629629629631
2060,20.6,0.14765669515669516,0.9090909090909091,0.1475854700854701
2061,20.61,0.1475854700854701,0.9090909090909091,0.14744301994301995
2062,20.62,0.15257834757834757,0.9090909090909091,0.1475854700854701
2063,20.63,0.14853988603988605,0.9090909090909091,0.14762108262108264
